"lugar";"nombre";"rio";"año";"caudal_medio_anual";"codigo_de_estacion";"sistema";"cuenca"
"ARRAYANAL";"ARRAYANAL";"CANDELARIA";"1970";"4.88";"4";"Sistema Río Paraguay";"Cuencadel Río San Francisco"
"ARRAYANAL";"ARRAYANAL";"CANDELARIA";"1971";"8.25";"4";"Sistema Río Paraguay";"Cuencadel Río San Francisco"
"ARRAYANAL";"ARRAYANAL";"CANDELARIA";"1972";"4.57";"4";"Sistema Río Paraguay";"Cuencadel Río San Francisco"
"ARRAYANAL";"ARRAYANAL";"CANDELARIA";"1973";"7.33";"4";"Sistema Río Paraguay";"Cuencadel Río San Francisco"
"ARRAYANAL";"ARRAYANAL";"CANDELARIA";"1974";"9.00";"4";"Sistema Río Paraguay";"Cuencadel Río San Francisco"
"ARRAYANAL";"ARRAYANAL";"CANDELARIA";"1975";"6.18";"4";"Sistema Río Paraguay";"Cuencadel Río San Francisco"
"ARRAYANAL";"ARRAYANAL";"CANDELARIA";"1976";"9.55";"4";"Sistema Río Paraguay";"Cuencadel Río San Francisco"
"ARRAYANAL";"ARRAYANAL";"CANDELARIA";"1977";"8.14";"4";"Sistema Río Paraguay";"Cuencadel Río San Francisco"
"ARRAYANAL";"ARRAYANAL";"CANDELARIA";"1978";"7.74";"4";"Sistema Río Paraguay";"Cuencadel Río San Francisco"
"ARRAYANAL";"ARRAYANAL";"CANDELARIA";"1979";"11.16";"4";"Sistema Río Paraguay";"Cuencadel Río San Francisco"
"ARRAYANAL";"ARRAYANAL";"CANDELARIA";"1980";"8.35";"4";"Sistema Río Paraguay";"Cuencadel Río San Francisco"
"ARRAYANAL";"ARRAYANAL";"CANDELARIA";"1981";"13.73";"4";"Sistema Río Paraguay";"Cuencadel Río San Francisco"
"ARRAYANAL";"ARRAYANAL";"CANDELARIA";"1982";"14.73";"4";"Sistema Río Paraguay";"Cuencadel Río San Francisco"
"ARRAYANAL";"ARRAYANAL";"CANDELARIA";"1983";"7.00";"4";"Sistema Río Paraguay";"Cuencadel Río San Francisco"
"ARRAYANAL";"ARRAYANAL";"CANDELARIA";"1984";"14.21";"4";"Sistema Río Paraguay";"Cuencadel Río San Francisco"
"ARRAYANAL";"ARRAYANAL";"CANDELARIA";"1985";"12.45";"4";"Sistema Río Paraguay";"Cuencadel Río San Francisco"
"ARRAYANAL";"ARRAYANAL";"CANDELARIA";"1986";"7.73";"4";"Sistema Río Paraguay";"Cuencadel Río San Francisco"
"ARRAYANAL";"ARRAYANAL";"CANDELARIA";"1987";"8.2";"4";"Sistema Río Paraguay";"Cuencadel Río San Francisco"
"ARRAYANAL";"ARRAYANAL";"CANDELARIA";"1988";"6.97";"4";"Sistema Río Paraguay";"Cuencadel Río San Francisco"
"ARRAYANAL";"ARRAYANAL";"CANDELARIA";"1989";"5.62";"4";"Sistema Río Paraguay";"Cuencadel Río San Francisco"
"ARRAYANAL";"ARRAYANAL";"CANDELARIA";"1990";"7.15";"4";"Sistema Río Paraguay";"Cuencadel Río San Francisco"
"ARRAYANAL";"ARRAYANAL";"CANDELARIA";"1991";"15.04";"4";"Sistema Río Paraguay";"Cuencadel Río San Francisco"
"BAJADA DEL PINTO";"BAJADA DEL PINTO";"LAVAYEN";"1970";"11.44";"9";"Sistema Río Paraguay";"Cuencadel Río San Francisco"
"BAJADA DEL PINTO";"BAJADA DEL PINTO";"LAVAYEN";"1971";"9.43";"9";"Sistema Río Paraguay";"Cuencadel Río San Francisco"
"BAJADA DEL PINTO";"BAJADA DEL PINTO";"LAVAYEN";"1972";"7.5";"9";"Sistema Río Paraguay";"Cuencadel Río San Francisco"
"BAJADA DEL PINTO";"BAJADA DEL PINTO";"LAVAYEN";"1973";"18.15";"9";"Sistema Río Paraguay";"Cuencadel Río San Francisco"
"BAJADA DEL PINTO";"BAJADA DEL PINTO";"LAVAYEN";"1974";"25.75";"9";"Sistema Río Paraguay";"Cuencadel Río San Francisco"
"BAJADA DEL PINTO";"BAJADA DEL PINTO";"LAVAYEN";"1975";"13.22";"9";"Sistema Río Paraguay";"Cuencadel Río San Francisco"
"BAJADA DEL PINTO";"BAJADA DEL PINTO";"LAVAYEN";"1976";"22.16";"9";"Sistema Río Paraguay";"Cuencadel Río San Francisco"
"BAJADA DEL PINTO";"BAJADA DEL PINTO";"LAVAYEN";"1977";"20.74";"9";"Sistema Río Paraguay";"Cuencadel Río San Francisco"
"BAJADA DEL PINTO";"BAJADA DEL PINTO";"LAVAYEN";"1978";"23.68";"9";"Sistema Río Paraguay";"Cuencadel Río San Francisco"
"BAJADA DEL PINTO";"BAJADA DEL PINTO";"LAVAYEN";"1979";"25.67";"9";"Sistema Río Paraguay";"Cuencadel Río San Francisco"
"BAJADA DEL PINTO";"BAJADA DEL PINTO";"LAVAYEN";"1980";"31.05";"9";"Sistema Río Paraguay";"Cuencadel Río San Francisco"
"EL TIPAL";"EL TIPAL";"PERICO";"1970";"9.71";"13";"Sistema Río Paraguay";"Cuencadel Río Bermejo Medio e Inferior"
"EL TIPAL";"EL TIPAL";"PERICO";"1971";"18.45";"13";"Sistema Río Paraguay";"Cuencadel Río Bermejo Medio e Inferior"
"EL TIPAL";"EL TIPAL";"PERICO";"1972";"2.5";"13";"Sistema Río Paraguay";"Cuencadel Río Bermejo Medio e Inferior"
"CAIMANCITO";"CAIMANCITO";"SAN FRANCISCO";"1970";"54.00";"16";"Sistema Río Paraguay";"Cuencadel Río San Francisco"
"CAIMANCITO";"CAIMANCITO";"SAN FRANCISCO";"1971";"75.51";"16";"Sistema Río Paraguay";"Cuencadel Río San Francisco"
"CAIMANCITO";"CAIMANCITO";"SAN FRANCISCO";"1972";"45.07";"16";"Sistema Río Paraguay";"Cuencadel Río San Francisco"
"CAIMANCITO";"CAIMANCITO";"SAN FRANCISCO";"1973";"98.68";"16";"Sistema Río Paraguay";"Cuencadel Río San Francisco"
"CAIMANCITO";"CAIMANCITO";"SAN FRANCISCO";"1974";"139.08";"16";"Sistema Río Paraguay";"Cuencadel Río San Francisco"
"CAIMANCITO";"CAIMANCITO";"SAN FRANCISCO";"1975";"176.27";"16";"Sistema Río Paraguay";"Cuencadel Río San Francisco"
"CAIMANCITO";"CAIMANCITO";"SAN FRANCISCO";"1976";"30.43";"16";"Sistema Río Paraguay";"Cuencadel Río San Francisco"
"CAIMANCITO";"CAIMANCITO";"SAN FRANCISCO";"1977";"159.8";"16";"Sistema Río Paraguay";"Cuencadel Río San Francisco"
"CAIMANCITO";"CAIMANCITO";"SAN FRANCISCO";"1978";"90.12";"16";"Sistema Río Paraguay";"Cuencadel Río San Francisco"
"CAIMANCITO";"CAIMANCITO";"SAN FRANCISCO";"1979";"174.11";"16";"Sistema Río Paraguay";"Cuencadel Río San Francisco"
"CAIMANCITO";"CAIMANCITO";"SAN FRANCISCO";"1980";"270.2";"16";"Sistema Río Paraguay";"Cuencadel Río San Francisco"
"CAIMANCITO";"CAIMANCITO";"SAN FRANCISCO";"1982";"62.43";"16";"Sistema Río Paraguay";"Cuencadel Río San Francisco"
"CAIMANCITO";"CAIMANCITO";"SAN FRANCISCO";"1983";"73.72";"16";"Sistema Río Paraguay";"Cuencadel Río San Francisco"
"CAIMANCITO";"CAIMANCITO";"SAN FRANCISCO";"1984";"256.3";"16";"Sistema Río Paraguay";"Cuencadel Río San Francisco"
"CAIMANCITO";"CAIMANCITO";"SAN FRANCISCO";"1985";"179.58";"16";"Sistema Río Paraguay";"Cuencadel Río San Francisco"
"CAIMANCITO";"CAIMANCITO";"SAN FRANCISCO";"1986";"104.11";"16";"Sistema Río Paraguay";"Cuencadel Río San Francisco"
"CAIMANCITO";"CAIMANCITO";"SAN FRANCISCO";"1987";"122.05";"16";"Sistema Río Paraguay";"Cuencadel Río San Francisco"
"CAIMANCITO";"CAIMANCITO";"SAN FRANCISCO";"1988";"140.14";"16";"Sistema Río Paraguay";"Cuencadel Río San Francisco"
"CAIMANCITO";"CAIMANCITO";"SAN FRANCISCO";"1989";"60.44";"16";"Sistema Río Paraguay";"Cuencadel Río San Francisco"
"CAIMANCITO";"CAIMANCITO";"SAN FRANCISCO";"1990";"114.58";"16";"Sistema Río Paraguay";"Cuencadel Río San Francisco"
"CAIMANCITO";"CAIMANCITO";"SAN FRANCISCO";"1992";"72.61";"16";"Sistema Río Paraguay";"Cuencadel Río San Francisco"
"CAIMANCITO";"CAIMANCITO";"SAN FRANCISCO";"1993";"94.98";"16";"Sistema Río Paraguay";"Cuencadel Río San Francisco"
"CAIMANCITO";"CAIMANCITO";"SAN FRANCISCO";"1994";"79.29";"16";"Sistema Río Paraguay";"Cuencadel Río San Francisco"
"CAIMANCITO";"CAIMANCITO";"SAN FRANCISCO";"1995";"90.56";"16";"Sistema Río Paraguay";"Cuencadel Río San Francisco"
"CAIMANCITO";"CAIMANCITO";"SAN FRANCISCO";"1996";"79.37";"16";"Sistema Río Paraguay";"Cuencadel Río San Francisco"
"CAIMANCITO";"CAIMANCITO";"SAN FRANCISCO";"1997";"136.59";"16";"Sistema Río Paraguay";"Cuencadel Río San Francisco"
"CAIMANCITO";"CAIMANCITO";"SAN FRANCISCO";"1998";"69.12";"16";"Sistema Río Paraguay";"Cuencadel Río San Francisco"
"CAIMANCITO";"CAIMANCITO";"SAN FRANCISCO";"1999";"137.8";"16";"Sistema Río Paraguay";"Cuencadel Río San Francisco"
"CAIMANCITO";"CAIMANCITO";"SAN FRANCISCO";"2000";"124.53";"16";"Sistema Río Paraguay";"Cuencadel Río San Francisco"
"CAIMANCITO";"CAIMANCITO";"SAN FRANCISCO";"2001";"118.33";"16";"Sistema Río Paraguay";"Cuencadel Río San Francisco"
"CAIMANCITO";"CAIMANCITO";"SAN FRANCISCO";"2002";"96.11";"16";"Sistema Río Paraguay";"Cuencadel Río San Francisco"
"CAIMANCITO";"CAIMANCITO";"SAN FRANCISCO";"2003";"87.21";"16";"Sistema Río Paraguay";"Cuencadel Río San Francisco"
"CAIMANCITO";"CAIMANCITO";"SAN FRANCISCO";"2004";"82.39";"16";"Sistema Río Paraguay";"Cuencadel Río San Francisco"
"CAIMANCITO";"CAIMANCITO";"SAN FRANCISCO";"2005";"68.54";"16";"Sistema Río Paraguay";"Cuencadel Río San Francisco"
"CAIMANCITO";"CAIMANCITO";"SAN FRANCISCO";"2006";"147.05";"16";"Sistema Río Paraguay";"Cuencadel Río San Francisco"
"CAIMANCITO";"CAIMANCITO";"SAN FRANCISCO";"2007";"122.96";"16";"Sistema Río Paraguay";"Cuencadel Río San Francisco"
"CAIMANCITO";"CAIMANCITO";"SAN FRANCISCO";"2008";"164.29";"16";"Sistema Río Paraguay";"Cuencadel Río San Francisco"
"CAIMANCITO";"CAIMANCITO";"SAN FRANCISCO";"2009";"111.55";"16";"Sistema Río Paraguay";"Cuencadel Río San Francisco"
"CAIMANCITO";"CAIMANCITO";"SAN FRANCISCO";"2010";"102.4";"16";"Sistema Río Paraguay";"Cuencadel Río San Francisco"
"CAIMANCITO";"CAIMANCITO";"SAN FRANCISCO";"2011";"149.18";"16";"Sistema Río Paraguay";"Cuencadel Río San Francisco"
"CAIMANCITO";"CAIMANCITO";"SAN FRANCISCO";"2012";"119.00";"16";"Sistema Río Paraguay";"Cuencadel Río San Francisco"
"CAIMANCITO";"CAIMANCITO";"SAN FRANCISCO";"2013";"59.43";"16";"Sistema Río Paraguay";"Cuencadel Río San Francisco"
"CAIMANCITO";"CAIMANCITO";"SAN FRANCISCO";"2014";"79.86";"16";"Sistema Río Paraguay";"Cuencadel Río San Francisco"
"CAIMANCITO";"CAIMANCITO";"SAN FRANCISCO";"2015";"151.45";"16";"Sistema Río Paraguay";"Cuencadel Río San Francisco"
"CAIMANCITO";"CAIMANCITO";"SAN FRANCISCO";"2016";"144.66";"16";"Sistema Río Paraguay";"Cuencadel Río San Francisco"
"CAIMANCITO";"CAIMANCITO";"SAN FRANCISCO";"2017";"103.73";"16";"Sistema Río Paraguay";"Cuencadel Río San Francisco"
"CAIMANCITO";"CAIMANCITO";"SAN FRANCISCO";"2018";"153.91";"16";"Sistema Río Paraguay";"Cuencadel Río San Francisco"
"CAIMANCITO";"CAIMANCITO";"SAN FRANCISCO";"2019";"141.37";"16";"Sistema Río Paraguay";"Cuencadel Río San Francisco"
"CAIMANCITO";"CAIMANCITO";"SAN FRANCISCO";"2020";"105.11";"16";"Sistema Río Paraguay";"Cuencadel Río San Francisco"
"PEÑA ALTA";"PEÑA ALTA";"VALLE GRANDE";"1970";"9.74";"17";"Sistema Río Paraguay";"Cuencadel Río San Francisco"
"PEÑA ALTA";"PEÑA ALTA";"VALLE GRANDE";"1971";"13.88";"17";"Sistema Río Paraguay";"Cuencadel Río San Francisco"
"PEÑA ALTA";"PEÑA ALTA";"VALLE GRANDE";"1972";"10.58";"17";"Sistema Río Paraguay";"Cuencadel Río San Francisco"
"PEÑA ALTA";"PEÑA ALTA";"VALLE GRANDE";"1973";"12.88";"17";"Sistema Río Paraguay";"Cuencadel Río San Francisco"
"PEÑA ALTA";"PEÑA ALTA";"VALLE GRANDE";"1974";"20.45";"17";"Sistema Río Paraguay";"Cuencadel Río San Francisco"
"PEÑA ALTA";"PEÑA ALTA";"VALLE GRANDE";"1975";"12.59";"17";"Sistema Río Paraguay";"Cuencadel Río San Francisco"
"PEÑA ALTA";"PEÑA ALTA";"VALLE GRANDE";"1976";"18.99";"17";"Sistema Río Paraguay";"Cuencadel Río San Francisco"
"PEÑA ALTA";"PEÑA ALTA";"VALLE GRANDE";"1977";"19.98";"17";"Sistema Río Paraguay";"Cuencadel Río San Francisco"
"PEÑA ALTA";"PEÑA ALTA";"VALLE GRANDE";"1978";"17.2";"17";"Sistema Río Paraguay";"Cuencadel Río San Francisco"
"PEÑA ALTA";"PEÑA ALTA";"VALLE GRANDE";"1979";"21.02";"17";"Sistema Río Paraguay";"Cuencadel Río San Francisco"
"PEÑA ALTA";"PEÑA ALTA";"VALLE GRANDE";"1980";"15.91";"17";"Sistema Río Paraguay";"Cuencadel Río San Francisco"
"PEÑA ALTA";"PEÑA ALTA";"VALLE GRANDE";"1981";"23.02";"17";"Sistema Río Paraguay";"Cuencadel Río San Francisco"
"PEÑA ALTA";"PEÑA ALTA";"VALLE GRANDE";"1982";"21.43";"17";"Sistema Río Paraguay";"Cuencadel Río San Francisco"
"PEÑA ALTA";"PEÑA ALTA";"VALLE GRANDE";"1983";"9.74";"17";"Sistema Río Paraguay";"Cuencadel Río San Francisco"
"PEÑA ALTA";"PEÑA ALTA";"VALLE GRANDE";"1984";"33.43";"17";"Sistema Río Paraguay";"Cuencadel Río San Francisco"
"PEÑA ALTA";"PEÑA ALTA";"VALLE GRANDE";"1985";"22.06";"17";"Sistema Río Paraguay";"Cuencadel Río San Francisco"
"PEÑA ALTA";"PEÑA ALTA";"VALLE GRANDE";"1986";"15.77";"17";"Sistema Río Paraguay";"Cuencadel Río San Francisco"
"PEÑA ALTA";"PEÑA ALTA";"VALLE GRANDE";"1987";"16.12";"17";"Sistema Río Paraguay";"Cuencadel Río San Francisco"
"PEÑA ALTA";"PEÑA ALTA";"VALLE GRANDE";"1988";"15.33";"17";"Sistema Río Paraguay";"Cuencadel Río San Francisco"
"PEÑA ALTA";"PEÑA ALTA";"VALLE GRANDE";"1989";"15.76";"17";"Sistema Río Paraguay";"Cuencadel Río San Francisco"
"PEÑA ALTA";"PEÑA ALTA";"VALLE GRANDE";"1990";"14.05";"17";"Sistema Río Paraguay";"Cuencadel Río San Francisco"
"PEÑA ALTA";"PEÑA ALTA";"VALLE GRANDE";"1991";"36.81";"17";"Sistema Río Paraguay";"Cuencadel Río San Francisco"
"TINOGASTA";"TINOGASTA";"TINOGASTA";"2016";"0.61";"201";"Sistema Var ias Cerradas";"Cuencadel Río Abaucán"
"TINOGASTA";"TINOGASTA";"TINOGASTA";"2017";"0.53";"201";"Sistema Var ias Cerradas";"Cuencadel Río Abaucán"
"TINOGASTA";"TINOGASTA";"TINOGASTA";"2018";"1.32";"201";"Sistema Var ias Cerradas";"Cuencadel Río Abaucán"
"TINOGASTA";"TINOGASTA";"TINOGASTA";"2019";"1.61";"201";"Sistema Var ias Cerradas";"Cuencadel Río Abaucán"
"TINOGASTA";"TINOGASTA";"TINOGASTA";"2020";"1.71";"201";"Sistema Var ias Cerradas";"Cuencadel Río Abaucán"
"PLAYA LARGA";"PLAYA LARGA";"BELEN";"1970";"1.45";"205";"Sistema Var ias Cerradas";"Cuencadel Salar de Pipanaco"
"PLAYA LARGA";"PLAYA LARGA";"BELEN";"1971";"1.17";"205";"Sistema Var ias Cerradas";"Cuencadel Salar de Pipanaco"
"PLAYA LARGA";"PLAYA LARGA";"BELEN";"1972";"1.2";"205";"Sistema Var ias Cerradas";"Cuencadel Salar de Pipanaco"
"PLAYA LARGA";"PLAYA LARGA";"BELEN";"1973";"1.89";"205";"Sistema Var ias Cerradas";"Cuencadel Salar de Pipanaco"
"PLAYA LARGA";"PLAYA LARGA";"BELEN";"1974";"1.94";"205";"Sistema Var ias Cerradas";"Cuencadel Salar de Pipanaco"
"PLAYA LARGA";"PLAYA LARGA";"BELEN";"1975";"4.85";"205";"Sistema Var ias Cerradas";"Cuencadel Salar de Pipanaco"
"PLAYA LARGA";"PLAYA LARGA";"BELEN";"1976";"5.14";"205";"Sistema Var ias Cerradas";"Cuencadel Salar de Pipanaco"
"PLAYA LARGA";"PLAYA LARGA";"BELEN";"1977";"3.56";"205";"Sistema Var ias Cerradas";"Cuencadel Salar de Pipanaco"
"PLAYA LARGA";"PLAYA LARGA";"BELEN";"1978";"3.08";"205";"Sistema Var ias Cerradas";"Cuencadel Salar de Pipanaco"
"PLAYA LARGA";"PLAYA LARGA";"BELEN";"1979";"5.66";"205";"Sistema Var ias Cerradas";"Cuencadel Salar de Pipanaco"
"PLAYA LARGA";"PLAYA LARGA";"BELEN";"1980";"2.9";"205";"Sistema Var ias Cerradas";"Cuencadel Salar de Pipanaco"
"PLAYA LARGA";"PLAYA LARGA";"BELEN";"1981";"4.89";"205";"Sistema Var ias Cerradas";"Cuencadel Salar de Pipanaco"
"PLAYA LARGA";"PLAYA LARGA";"BELEN";"1982";"2.1";"205";"Sistema Var ias Cerradas";"Cuencadel Salar de Pipanaco"
"PLAYA LARGA";"PLAYA LARGA";"BELEN";"1983";"1.21";"205";"Sistema Var ias Cerradas";"Cuencadel Salar de Pipanaco"
"PLAYA LARGA";"PLAYA LARGA";"BELEN";"1984";"13.18";"205";"Sistema Var ias Cerradas";"Cuencadel Salar de Pipanaco"
"PIE DE MEDANO";"PIE DE MEDANO";"SANTA MARIA";"1970";"0.28";"210";"Sistema Río Salado";"Alta Cuenca del Río Juramento"
"PIE DE MEDANO";"PIE DE MEDANO";"SANTA MARIA";"1971";"2.65";"210";"Sistema Río Salado";"Alta Cuenca del Río Juramento"
"PIE DE MEDANO";"PIE DE MEDANO";"SANTA MARIA";"1972";"3.63";"210";"Sistema Río Salado";"Alta Cuenca del Río Juramento"
"PIE DE MEDANO";"PIE DE MEDANO";"SANTA MARIA";"1973";"1.66";"210";"Sistema Río Salado";"Alta Cuenca del Río Juramento"
"PIE DE MEDANO";"PIE DE MEDANO";"SANTA MARIA";"1974";"1.78";"210";"Sistema Río Salado";"Alta Cuenca del Río Juramento"
"PIE DE MEDANO";"PIE DE MEDANO";"SANTA MARIA";"1975";"2.27";"210";"Sistema Río Salado";"Alta Cuenca del Río Juramento"
"PIE DE MEDANO";"PIE DE MEDANO";"SANTA MARIA";"1976";"3.79";"210";"Sistema Río Salado";"Alta Cuenca del Río Juramento"
"PIE DE MEDANO";"PIE DE MEDANO";"SANTA MARIA";"1977";"2.19";"210";"Sistema Río Salado";"Alta Cuenca del Río Juramento"
"PIE DE MEDANO";"PIE DE MEDANO";"SANTA MARIA";"1978";"2.19";"210";"Sistema Río Salado";"Alta Cuenca del Río Juramento"
"PIE DE MEDANO";"PIE DE MEDANO";"SANTA MARIA";"1979";"4.97";"210";"Sistema Río Salado";"Alta Cuenca del Río Juramento"
"PIE DE MEDANO";"PIE DE MEDANO";"SANTA MARIA";"1980";"3.16";"210";"Sistema Río Salado";"Alta Cuenca del Río Juramento"
"PIE DE MEDANO";"PIE DE MEDANO";"SANTA MARIA";"1981";"1.86";"210";"Sistema Río Salado";"Alta Cuenca del Río Juramento"
"PIE DE MEDANO";"PIE DE MEDANO";"SANTA MARIA";"1982";"1.65";"210";"Sistema Río Salado";"Alta Cuenca del Río Juramento"
"PIE DE MEDANO";"PIE DE MEDANO";"SANTA MARIA";"1983";"0.76";"210";"Sistema Río Salado";"Alta Cuenca del Río Juramento"
"PIE DE MEDANO";"PIE DE MEDANO";"SANTA MARIA";"1984";"0.69";"210";"Sistema Río Salado";"Alta Cuenca del Río Juramento"
"PIE DE MEDANO";"PIE DE MEDANO";"SANTA MARIA";"1985";"3.44";"210";"Sistema Río Salado";"Alta Cuenca del Río Juramento"
"PIE DE MEDANO";"PIE DE MEDANO";"SANTA MARIA";"2016";"0.32";"210";"Sistema Río Salado";"Alta Cuenca del Río Juramento"
"PIE DE MEDANO";"PIE DE MEDANO";"SANTA MARIA";"2017";"0.71";"210";"Sistema Río Salado";"Alta Cuenca del Río Juramento"
"PIE DE MEDANO";"PIE DE MEDANO";"SANTA MARIA";"2018";"1.66";"210";"Sistema Río Salado";"Alta Cuenca del Río Juramento"
"PIE DE MEDANO";"PIE DE MEDANO";"SANTA MARIA";"2019";"0.78";"210";"Sistema Río Salado";"Alta Cuenca del Río Juramento"
"PIE DE MEDANO";"PIE DE MEDANO";"SANTA MARIA";"2020";"1.11";"210";"Sistema Río Salado";"Alta Cuenca del Río Juramento"
"LOS HORNITOS";"LOS HORNITOS";"COCHUNA";"1970";"3.33";"404";"Sistema Lag una Mar Chiquita";"Cuencadel Río Salí-Dulce"
"LOS HORNITOS";"LOS HORNITOS";"COCHUNA";"1971";"3.85";"404";"Sistema Lag una Mar Chiquita";"Cuencadel Río Salí-Dulce"
"LOS HORNITOS";"LOS HORNITOS";"COCHUNA";"1972";"2.82";"404";"Sistema Lag una Mar Chiquita";"Cuencadel Río Salí-Dulce"
"LOS HORNITOS";"LOS HORNITOS";"COCHUNA";"1973";"3.51";"404";"Sistema Lag una Mar Chiquita";"Cuencadel Río Salí-Dulce"
"LOS HORNITOS";"LOS HORNITOS";"COCHUNA";"1974";"4.84";"404";"Sistema Lag una Mar Chiquita";"Cuencadel Río Salí-Dulce"
"LOS HORNITOS";"LOS HORNITOS";"COCHUNA";"1975";"4.02";"404";"Sistema Lag una Mar Chiquita";"Cuencadel Río Salí-Dulce"
"LOS HORNITOS";"LOS HORNITOS";"COCHUNA";"1976";"4.82";"404";"Sistema Lag una Mar Chiquita";"Cuencadel Río Salí-Dulce"
"LOS HORNITOS";"LOS HORNITOS";"COCHUNA";"1977";"5.29";"404";"Sistema Lag una Mar Chiquita";"Cuencadel Río Salí-Dulce"
"LOS HORNITOS";"LOS HORNITOS";"COCHUNA";"1978";"5.44";"404";"Sistema Lag una Mar Chiquita";"Cuencadel Río Salí-Dulce"
"LOS HORNITOS";"LOS HORNITOS";"COCHUNA";"1979";"6.65";"404";"Sistema Lag una Mar Chiquita";"Cuencadel Río Salí-Dulce"
"LOS HORNITOS";"LOS HORNITOS";"COCHUNA";"1980";"4.77";"404";"Sistema Lag una Mar Chiquita";"Cuencadel Río Salí-Dulce"
"LOS HORNITOS";"LOS HORNITOS";"COCHUNA";"1981";"6.89";"404";"Sistema Lag una Mar Chiquita";"Cuencadel Río Salí-Dulce"
"LOS HORNITOS";"LOS HORNITOS";"COCHUNA";"1982";"4.62";"404";"Sistema Lag una Mar Chiquita";"Cuencadel Río Salí-Dulce"
"LOS HORNITOS";"LOS HORNITOS";"COCHUNA";"1983";"5.39";"404";"Sistema Lag una Mar Chiquita";"Cuencadel Río Salí-Dulce"
"LOS HORNITOS";"LOS HORNITOS";"COCHUNA";"1984";"3.97";"404";"Sistema Lag una Mar Chiquita";"Cuencadel Río Salí-Dulce"
"LOS HORNITOS";"LOS HORNITOS";"COCHUNA";"1985";"7.08";"404";"Sistema Lag una Mar Chiquita";"Cuencadel Río Salí-Dulce"
"POTRERO DEL CLAVILLO";"POTRERO DEL CLAVILLO";"LAS CAÑAS";"1970";"4.08";"409";"Sistema Lag una Mar Chiquita";"Cuencadel Río Salí-Dulce"
"POTRERO DEL CLAVILLO";"POTRERO DEL CLAVILLO";"LAS CAÑAS";"1971";"2.25";"409";"Sistema Lag una Mar Chiquita";"Cuencadel Río Salí-Dulce"
"POTRERO DEL CLAVILLO";"POTRERO DEL CLAVILLO";"LAS CAÑAS";"1972";"1.85";"409";"Sistema Lag una Mar Chiquita";"Cuencadel Río Salí-Dulce"
"POTRERO DEL CLAVILLO";"POTRERO DEL CLAVILLO";"LAS CAÑAS";"1973";"3.54";"409";"Sistema Lag una Mar Chiquita";"Cuencadel Río Salí-Dulce"
"POTRERO DEL CLAVILLO";"POTRERO DEL CLAVILLO";"LAS CAÑAS";"1974";"3.66";"409";"Sistema Lag una Mar Chiquita";"Cuencadel Río Salí-Dulce"
"POTRERO DEL CLAVILLO";"POTRERO DEL CLAVILLO";"LAS CAÑAS";"1975";"4.69";"409";"Sistema Lag una Mar Chiquita";"Cuencadel Río Salí-Dulce"
"POTRERO DEL CLAVILLO";"POTRERO DEL CLAVILLO";"LAS CAÑAS";"1976";"4.01";"409";"Sistema Lag una Mar Chiquita";"Cuencadel Río Salí-Dulce"
"POTRERO DEL CLAVILLO";"POTRERO DEL CLAVILLO";"LAS CAÑAS";"1977";"4.46";"409";"Sistema Lag una Mar Chiquita";"Cuencadel Río Salí-Dulce"
"POTRERO DEL CLAVILLO";"POTRERO DEL CLAVILLO";"LAS CAÑAS";"1978";"4.98";"409";"Sistema Lag una Mar Chiquita";"Cuencadel Río Salí-Dulce"
"POTRERO DEL CLAVILLO";"POTRERO DEL CLAVILLO";"LAS CAÑAS";"1979";"6.26";"409";"Sistema Lag una Mar Chiquita";"Cuencadel Río Salí-Dulce"
"POTRERO DEL CLAVILLO";"POTRERO DEL CLAVILLO";"LAS CAÑAS";"1980";"3.84";"409";"Sistema Lag una Mar Chiquita";"Cuencadel Río Salí-Dulce"
"POTRERO DEL CLAVILLO";"POTRERO DEL CLAVILLO";"LAS CAÑAS";"1981";"5.2";"409";"Sistema Lag una Mar Chiquita";"Cuencadel Río Salí-Dulce"
"POTRERO DEL CLAVILLO";"POTRERO DEL CLAVILLO";"LAS CAÑAS";"1982";"3.5";"409";"Sistema Lag una Mar Chiquita";"Cuencadel Río Salí-Dulce"
"POTRERO DEL CLAVILLO";"POTRERO DEL CLAVILLO";"LAS CAÑAS";"1983";"2.97";"409";"Sistema Lag una Mar Chiquita";"Cuencadel Río Salí-Dulce"
"POTRERO DEL CLAVILLO";"POTRERO DEL CLAVILLO";"LAS CAÑAS";"1984";"6.06";"409";"Sistema Lag una Mar Chiquita";"Cuencadel Río Salí-Dulce"
"POTRERO DEL CLAVILLO";"POTRERO DEL CLAVILLO";"LAS CAÑAS";"1985";"6.45";"409";"Sistema Lag una Mar Chiquita";"Cuencadel Río Salí-Dulce"
"POTRERO DEL CLAVILLO";"POTRERO DEL CLAVILLO";"LAS CAÑAS";"1986";"5.04";"409";"Sistema Lag una Mar Chiquita";"Cuencadel Río Salí-Dulce"
"POTRERO DEL CLAVILLO";"POTRERO DEL CLAVILLO";"LAS CAÑAS";"1987";"3.98";"409";"Sistema Lag una Mar Chiquita";"Cuencadel Río Salí-Dulce"
"POTRERO DEL CLAVILLO";"POTRERO DEL CLAVILLO";"LAS CAÑAS";"1988";"3.41";"409";"Sistema Lag una Mar Chiquita";"Cuencadel Río Salí-Dulce"
"POTRERO DEL CLAVILLO";"POTRERO DEL CLAVILLO";"LAS CAÑAS";"1989";"2.16";"409";"Sistema Lag una Mar Chiquita";"Cuencadel Río Salí-Dulce"
"POTRERO DEL CLAVILLO";"POTRERO DEL CLAVILLO";"LAS CAÑAS";"1990";"3.27";"409";"Sistema Lag una Mar Chiquita";"Cuencadel Río Salí-Dulce"
"POTRERO DEL CLAVILLO";"POTRERO DEL CLAVILLO";"LAS CAÑAS";"1991";"3.01";"409";"Sistema Lag una Mar Chiquita";"Cuencadel Río Salí-Dulce"
"POTRERO DEL CLAVILLO";"POTRERO DEL CLAVILLO";"LAS CAÑAS";"1992";"5.34";"409";"Sistema Lag una Mar Chiquita";"Cuencadel Río Salí-Dulce"
"POTRERO DEL CLAVILLO";"POTRERO DEL CLAVILLO";"LAS CAÑAS";"1993";"3.67";"409";"Sistema Lag una Mar Chiquita";"Cuencadel Río Salí-Dulce"
"POTRERO DEL CLAVILLO";"POTRERO DEL CLAVILLO";"LAS CAÑAS";"1994";"3.88";"409";"Sistema Lag una Mar Chiquita";"Cuencadel Río Salí-Dulce"
"POTRERO DEL CLAVILLO";"POTRERO DEL CLAVILLO";"LAS CAÑAS";"1995";"2.73";"409";"Sistema Lag una Mar Chiquita";"Cuencadel Río Salí-Dulce"
"POTRERO DEL CLAVILLO";"POTRERO DEL CLAVILLO";"LAS CAÑAS";"1996";"3.1";"409";"Sistema Lag una Mar Chiquita";"Cuencadel Río Salí-Dulce"
"POTRERO DEL CLAVILLO";"POTRERO DEL CLAVILLO";"LAS CAÑAS";"1997";"3.53";"409";"Sistema Lag una Mar Chiquita";"Cuencadel Río Salí-Dulce"
"POTRERO DEL CLAVILLO";"POTRERO DEL CLAVILLO";"LAS CAÑAS";"1998";"3.58";"409";"Sistema Lag una Mar Chiquita";"Cuencadel Río Salí-Dulce"
"POTRERO DEL CLAVILLO";"POTRERO DEL CLAVILLO";"LAS CAÑAS";"1999";"4.3";"409";"Sistema Lag una Mar Chiquita";"Cuencadel Río Salí-Dulce"
"POTRERO DEL CLAVILLO";"POTRERO DEL CLAVILLO";"LAS CAÑAS";"2000";"6.21";"409";"Sistema Lag una Mar Chiquita";"Cuencadel Río Salí-Dulce"
"POTRERO DEL CLAVILLO";"POTRERO DEL CLAVILLO";"LAS CAÑAS";"2001";"5.45";"409";"Sistema Lag una Mar Chiquita";"Cuencadel Río Salí-Dulce"
"POTRERO DEL CLAVILLO";"POTRERO DEL CLAVILLO";"LAS CAÑAS";"2002";"2.8";"409";"Sistema Lag una Mar Chiquita";"Cuencadel Río Salí-Dulce"
"POTRERO DEL CLAVILLO";"POTRERO DEL CLAVILLO";"LAS CAÑAS";"2003";"2.49";"409";"Sistema Lag una Mar Chiquita";"Cuencadel Río Salí-Dulce"
"POTRERO DEL CLAVILLO";"POTRERO DEL CLAVILLO";"LAS CAÑAS";"2004";"2.95";"409";"Sistema Lag una Mar Chiquita";"Cuencadel Río Salí-Dulce"
"POTRERO DEL CLAVILLO";"POTRERO DEL CLAVILLO";"LAS CAÑAS";"2005";"3.15";"409";"Sistema Lag una Mar Chiquita";"Cuencadel Río Salí-Dulce"
"POTRERO DEL CLAVILLO";"POTRERO DEL CLAVILLO";"LAS CAÑAS";"2006";"3.23";"409";"Sistema Lag una Mar Chiquita";"Cuencadel Río Salí-Dulce"
"POTRERO DEL CLAVILLO";"POTRERO DEL CLAVILLO";"LAS CAÑAS";"2007";"3.00";"409";"Sistema Lag una Mar Chiquita";"Cuencadel Río Salí-Dulce"
"POTRERO DEL CLAVILLO";"POTRERO DEL CLAVILLO";"LAS CAÑAS";"2008";"5.34";"409";"Sistema Lag una Mar Chiquita";"Cuencadel Río Salí-Dulce"
"POTRERO DEL CLAVILLO";"POTRERO DEL CLAVILLO";"LAS CAÑAS";"2009";"3.05";"409";"Sistema Lag una Mar Chiquita";"Cuencadel Río Salí-Dulce"
"POTRERO DEL CLAVILLO";"POTRERO DEL CLAVILLO";"LAS CAÑAS";"2010";"2.24";"409";"Sistema Lag una Mar Chiquita";"Cuencadel Río Salí-Dulce"
"POTRERO DEL CLAVILLO";"POTRERO DEL CLAVILLO";"LAS CAÑAS";"2011";"4.47";"409";"Sistema Lag una Mar Chiquita";"Cuencadel Río Salí-Dulce"
"POTRERO DEL CLAVILLO";"POTRERO DEL CLAVILLO";"LAS CAÑAS";"2012";"2.99";"409";"Sistema Lag una Mar Chiquita";"Cuencadel Río Salí-Dulce"
"POTRERO DEL CLAVILLO";"POTRERO DEL CLAVILLO";"LAS CAÑAS";"2013";"2.2";"409";"Sistema Lag una Mar Chiquita";"Cuencadel Río Salí-Dulce"
"POTRERO DEL CLAVILLO";"POTRERO DEL CLAVILLO";"LAS CAÑAS";"2014";"4.07";"409";"Sistema Lag una Mar Chiquita";"Cuencadel Río Salí-Dulce"
"POTRERO DEL CLAVILLO";"POTRERO DEL CLAVILLO";"LAS CAÑAS";"2015";"4.13";"409";"Sistema Lag una Mar Chiquita";"Cuencadel Río Salí-Dulce"
"POTRERO DEL CLAVILLO";"POTRERO DEL CLAVILLO";"LAS CAÑAS";"2016";"4.44";"409";"Sistema Lag una Mar Chiquita";"Cuencadel Río Salí-Dulce"
"POTRERO DEL CLAVILLO";"POTRERO DEL CLAVILLO";"LAS CAÑAS";"2017";"3.2";"409";"Sistema Lag una Mar Chiquita";"Cuencadel Río Salí-Dulce"
"POTRERO DEL CLAVILLO";"POTRERO DEL CLAVILLO";"LAS CAÑAS";"2018";"3.27";"409";"Sistema Lag una Mar Chiquita";"Cuencadel Río Salí-Dulce"
"POTRERO DEL CLAVILLO";"POTRERO DEL CLAVILLO";"LAS CAÑAS";"2019";"2.63";"409";"Sistema Lag una Mar Chiquita";"Cuencadel Río Salí-Dulce"
"POTRERO DEL CLAVILLO";"POTRERO DEL CLAVILLO";"LAS CAÑAS";"2020";"2.46";"409";"Sistema Lag una Mar Chiquita";"Cuencadel Río Salí-Dulce"
"POT. DE LAS TABLAS";"POT. DE LAS TABLAS";"LULES";"1972";"1.87";"411";"Sistema Lag una Mar Chiquita";"Cuencadel Río Salí-Dulce"
"POT. DE LAS TABLAS";"POT. DE LAS TABLAS";"LULES";"1973";"4.22";"411";"Sistema Lag una Mar Chiquita";"Cuencadel Río Salí-Dulce"
"POT. DE LAS TABLAS";"POT. DE LAS TABLAS";"LULES";"1974";"5.77";"411";"Sistema Lag una Mar Chiquita";"Cuencadel Río Salí-Dulce"
"POT. DE LAS TABLAS";"POT. DE LAS TABLAS";"LULES";"1975";"20.4";"411";"Sistema Lag una Mar Chiquita";"Cuencadel Río Salí-Dulce"
"POT. DE LAS TABLAS";"POT. DE LAS TABLAS";"LULES";"1976";"2.6";"411";"Sistema Lag una Mar Chiquita";"Cuencadel Río Salí-Dulce"
"POT. DE LAS TABLAS";"POT. DE LAS TABLAS";"LULES";"1977";"6.72";"411";"Sistema Lag una Mar Chiquita";"Cuencadel Río Salí-Dulce"
"POT. DE LAS TABLAS";"POT. DE LAS TABLAS";"LULES";"1978";"8.48";"411";"Sistema Lag una Mar Chiquita";"Cuencadel Río Salí-Dulce"
"POT. DE LAS TABLAS";"POT. DE LAS TABLAS";"LULES";"1979";"10.81";"411";"Sistema Lag una Mar Chiquita";"Cuencadel Río Salí-Dulce"
"POT. DE LAS TABLAS";"POT. DE LAS TABLAS";"LULES";"1980";"6.83";"411";"Sistema Lag una Mar Chiquita";"Cuencadel Río Salí-Dulce"
"POT. DE LAS TABLAS";"POT. DE LAS TABLAS";"LULES";"1981";"8.34";"411";"Sistema Lag una Mar Chiquita";"Cuencadel Río Salí-Dulce"
"POT. DE LAS TABLAS";"POT. DE LAS TABLAS";"LULES";"1982";"8.23";"411";"Sistema Lag una Mar Chiquita";"Cuencadel Río Salí-Dulce"
"POT. DE LAS TABLAS";"POT. DE LAS TABLAS";"LULES";"1983";"7.48";"411";"Sistema Lag una Mar Chiquita";"Cuencadel Río Salí-Dulce"
"POT. DE LAS TABLAS";"POT. DE LAS TABLAS";"LULES";"1984";"13.03";"411";"Sistema Lag una Mar Chiquita";"Cuencadel Río Salí-Dulce"
"POT. DE LAS TABLAS";"POT. DE LAS TABLAS";"LULES";"1985";"14.28";"411";"Sistema Lag una Mar Chiquita";"Cuencadel Río Salí-Dulce"
"POT. DE LAS TABLAS";"POT. DE LAS TABLAS";"LULES";"1986";"8.28";"411";"Sistema Lag una Mar Chiquita";"Cuencadel Río Salí-Dulce"
"POT. DE LAS TABLAS";"POT. DE LAS TABLAS";"LULES";"1987";"9.37";"411";"Sistema Lag una Mar Chiquita";"Cuencadel Río Salí-Dulce"
"POT. DE LAS TABLAS";"POT. DE LAS TABLAS";"LULES";"1988";"6.84";"411";"Sistema Lag una Mar Chiquita";"Cuencadel Río Salí-Dulce"
"POT. DE LAS TABLAS";"POT. DE LAS TABLAS";"LULES";"1989";"3.24";"411";"Sistema Lag una Mar Chiquita";"Cuencadel Río Salí-Dulce"
"POT. DE LAS TABLAS";"POT. DE LAS TABLAS";"LULES";"1990";"3.36";"411";"Sistema Lag una Mar Chiquita";"Cuencadel Río Salí-Dulce"
"POT. DE LAS TABLAS";"POT. DE LAS TABLAS";"LULES";"1991";"6.44";"411";"Sistema Lag una Mar Chiquita";"Cuencadel Río Salí-Dulce"
"POT. DE LAS TABLAS";"POT. DE LAS TABLAS";"LULES";"1992";"7.9";"411";"Sistema Lag una Mar Chiquita";"Cuencadel Río Salí-Dulce"
"POT. DE LAS TABLAS";"POT. DE LAS TABLAS";"LULES";"1993";"5.54";"411";"Sistema Lag una Mar Chiquita";"Cuencadel Río Salí-Dulce"
"POT. DE LAS TABLAS";"POT. DE LAS TABLAS";"LULES";"1994";"5.73";"411";"Sistema Lag una Mar Chiquita";"Cuencadel Río Salí-Dulce"
"POT. DE LAS TABLAS";"POT. DE LAS TABLAS";"LULES";"1995";"4.02";"411";"Sistema Lag una Mar Chiquita";"Cuencadel Río Salí-Dulce"
"POT. DE LAS TABLAS";"POT. DE LAS TABLAS";"LULES";"1996";"6.44";"411";"Sistema Lag una Mar Chiquita";"Cuencadel Río Salí-Dulce"
"POT. DE LAS TABLAS";"POT. DE LAS TABLAS";"LULES";"1997";"8.18";"411";"Sistema Lag una Mar Chiquita";"Cuencadel Río Salí-Dulce"
"POT. DE LAS TABLAS";"POT. DE LAS TABLAS";"LULES";"1998";"7.99";"411";"Sistema Lag una Mar Chiquita";"Cuencadel Río Salí-Dulce"
"POT. DE LAS TABLAS";"POT. DE LAS TABLAS";"LULES";"1999";"11.39";"411";"Sistema Lag una Mar Chiquita";"Cuencadel Río Salí-Dulce"
"POT. DE LAS TABLAS";"POT. DE LAS TABLAS";"LULES";"2000";"11.78";"411";"Sistema Lag una Mar Chiquita";"Cuencadel Río Salí-Dulce"
"POT. DE LAS TABLAS";"POT. DE LAS TABLAS";"LULES";"2001";"11.65";"411";"Sistema Lag una Mar Chiquita";"Cuencadel Río Salí-Dulce"
"POT. DE LAS TABLAS";"POT. DE LAS TABLAS";"LULES";"2002";"8.28";"411";"Sistema Lag una Mar Chiquita";"Cuencadel Río Salí-Dulce"
"POT. DE LAS TABLAS";"POT. DE LAS TABLAS";"LULES";"2003";"4.55";"411";"Sistema Lag una Mar Chiquita";"Cuencadel Río Salí-Dulce"
"POT. DE LAS TABLAS";"POT. DE LAS TABLAS";"LULES";"2004";"9.06";"411";"Sistema Lag una Mar Chiquita";"Cuencadel Río Salí-Dulce"
"POT. DE LAS TABLAS";"POT. DE LAS TABLAS";"LULES";"2005";"6.66";"411";"Sistema Lag una Mar Chiquita";"Cuencadel Río Salí-Dulce"
"POT. DE LAS TABLAS";"POT. DE LAS TABLAS";"LULES";"2006";"8.49";"411";"Sistema Lag una Mar Chiquita";"Cuencadel Río Salí-Dulce"
"POT. DE LAS TABLAS";"POT. DE LAS TABLAS";"LULES";"2007";"6.81";"411";"Sistema Lag una Mar Chiquita";"Cuencadel Río Salí-Dulce"
"POT. DE LAS TABLAS";"POT. DE LAS TABLAS";"LULES";"2008";"14.07";"411";"Sistema Lag una Mar Chiquita";"Cuencadel Río Salí-Dulce"
"POT. DE LAS TABLAS";"POT. DE LAS TABLAS";"LULES";"2009";"5.94";"411";"Sistema Lag una Mar Chiquita";"Cuencadel Río Salí-Dulce"
"POT. DE LAS TABLAS";"POT. DE LAS TABLAS";"LULES";"2010";"3.31";"411";"Sistema Lag una Mar Chiquita";"Cuencadel Río Salí-Dulce"
"POT. DE LAS TABLAS";"POT. DE LAS TABLAS";"LULES";"2011";"7.19";"411";"Sistema Lag una Mar Chiquita";"Cuencadel Río Salí-Dulce"
"POT. DE LAS TABLAS";"POT. DE LAS TABLAS";"LULES";"2012";"5.42";"411";"Sistema Lag una Mar Chiquita";"Cuencadel Río Salí-Dulce"
"POT. DE LAS TABLAS";"POT. DE LAS TABLAS";"LULES";"2013";"4.57";"411";"Sistema Lag una Mar Chiquita";"Cuencadel Río Salí-Dulce"
"POT. DE LAS TABLAS";"POT. DE LAS TABLAS";"LULES";"2014";"2.65";"411";"Sistema Lag una Mar Chiquita";"Cuencadel Río Salí-Dulce"
"POT. DE LAS TABLAS";"POT. DE LAS TABLAS";"LULES";"2015";"7.68";"411";"Sistema Lag una Mar Chiquita";"Cuencadel Río Salí-Dulce"
"POT. DE LAS TABLAS";"POT. DE LAS TABLAS";"LULES";"2016";"9.81";"411";"Sistema Lag una Mar Chiquita";"Cuencadel Río Salí-Dulce"
"POT. DE LAS TABLAS";"POT. DE LAS TABLAS";"LULES";"2017";"7.55";"411";"Sistema Lag una Mar Chiquita";"Cuencadel Río Salí-Dulce"
"POT. DE LAS TABLAS";"POT. DE LAS TABLAS";"LULES";"2018";"8.61";"411";"Sistema Lag una Mar Chiquita";"Cuencadel Río Salí-Dulce"
"POT. DE LAS TABLAS";"POT. DE LAS TABLAS";"LULES";"2019";"8.86";"411";"Sistema Lag una Mar Chiquita";"Cuencadel Río Salí-Dulce"
"POT. DE LAS TABLAS";"POT. DE LAS TABLAS";"LULES";"2020";"8.93";"411";"Sistema Lag una Mar Chiquita";"Cuencadel Río Salí-Dulce"
"EMBALSE ESCABA";"EMBALSE ESCABA";"MARAPA";"1970";"6.52";"412";"Sistema Lag una Mar Chiquita";"Cuencadel Río Salí-Dulce"
"EMBALSE ESCABA";"EMBALSE ESCABA";"MARAPA";"1971";"4.97";"412";"Sistema Lag una Mar Chiquita";"Cuencadel Río Salí-Dulce"
"EMBALSE ESCABA";"EMBALSE ESCABA";"MARAPA";"1972";"1.37";"412";"Sistema Lag una Mar Chiquita";"Cuencadel Río Salí-Dulce"
"EMBALSE ESCABA";"EMBALSE ESCABA";"MARAPA";"1973";"8.74";"412";"Sistema Lag una Mar Chiquita";"Cuencadel Río Salí-Dulce"
"EMBALSE ESCABA";"EMBALSE ESCABA";"MARAPA";"1974";"10.05";"412";"Sistema Lag una Mar Chiquita";"Cuencadel Río Salí-Dulce"
"EMBALSE ESCABA";"EMBALSE ESCABA";"MARAPA";"1975";"12.3";"412";"Sistema Lag una Mar Chiquita";"Cuencadel Río Salí-Dulce"
"EMBALSE ESCABA";"EMBALSE ESCABA";"MARAPA";"1976";"15.74";"412";"Sistema Lag una Mar Chiquita";"Cuencadel Río Salí-Dulce"
"LAS HIGUERAS";"LAS HIGUERAS";"SOLCO";"1970";"4.21";"418";"Sistema Lag una Mar Chiquita";"Cuencadel Río Salí-Dulce"
"LAS HIGUERAS";"LAS HIGUERAS";"SOLCO";"1971";"5.33";"418";"Sistema Lag una Mar Chiquita";"Cuencadel Río Salí-Dulce"
"LAS HIGUERAS";"LAS HIGUERAS";"SOLCO";"1972";"2.92";"418";"Sistema Lag una Mar Chiquita";"Cuencadel Río Salí-Dulce"
"LAS HIGUERAS";"LAS HIGUERAS";"SOLCO";"1973";"6.06";"418";"Sistema Lag una Mar Chiquita";"Cuencadel Río Salí-Dulce"
"LAS HIGUERAS";"LAS HIGUERAS";"SOLCO";"1974";"7.92";"418";"Sistema Lag una Mar Chiquita";"Cuencadel Río Salí-Dulce"
"LAS HIGUERAS";"LAS HIGUERAS";"SOLCO";"1975";"7.72";"418";"Sistema Lag una Mar Chiquita";"Cuencadel Río Salí-Dulce"
"LAS HIGUERAS";"LAS HIGUERAS";"SOLCO";"1976";"4.01";"418";"Sistema Lag una Mar Chiquita";"Cuencadel Río Salí-Dulce"
"LAS HIGUERAS";"LAS HIGUERAS";"SOLCO";"1977";"6.55";"418";"Sistema Lag una Mar Chiquita";"Cuencadel Río Salí-Dulce"
"LAS HIGUERAS";"LAS HIGUERAS";"SOLCO";"1978";"6.95";"418";"Sistema Lag una Mar Chiquita";"Cuencadel Río Salí-Dulce"
"LAS HIGUERAS";"LAS HIGUERAS";"SOLCO";"1979";"9.78";"418";"Sistema Lag una Mar Chiquita";"Cuencadel Río Salí-Dulce"
"LAS HIGUERAS";"LAS HIGUERAS";"SOLCO";"1980";"6.58";"418";"Sistema Lag una Mar Chiquita";"Cuencadel Río Salí-Dulce"
"LAS HIGUERAS";"LAS HIGUERAS";"SOLCO";"1981";"7.02";"418";"Sistema Lag una Mar Chiquita";"Cuencadel Río Salí-Dulce"
"LAS HIGUERAS";"LAS HIGUERAS";"SOLCO";"1982";"7.53";"418";"Sistema Lag una Mar Chiquita";"Cuencadel Río Salí-Dulce"
"LAS HIGUERAS";"LAS HIGUERAS";"SOLCO";"1983";"7.7";"418";"Sistema Lag una Mar Chiquita";"Cuencadel Río Salí-Dulce"
"LAS HIGUERAS";"LAS HIGUERAS";"SOLCO";"1984";"6.65";"418";"Sistema Lag una Mar Chiquita";"Cuencadel Río Salí-Dulce"
"LAS HIGUERAS";"LAS HIGUERAS";"SOLCO";"1985";"9.17";"418";"Sistema Lag una Mar Chiquita";"Cuencadel Río Salí-Dulce"
"LAS HIGUERAS";"LAS HIGUERAS";"SOLCO";"1986";"7.85";"418";"Sistema Lag una Mar Chiquita";"Cuencadel Río Salí-Dulce"
"LAS HIGUERAS";"LAS HIGUERAS";"Aº MEMBRILLO";"1970";"0.73";"422";"Sistema Lag una Mar Chiquita";"Cuencadel Río Salí-Dulce"
"LAS HIGUERAS";"LAS HIGUERAS";"Aº MEMBRILLO";"1971";"1.29";"422";"Sistema Lag una Mar Chiquita";"Cuencadel Río Salí-Dulce"
"LAS HIGUERAS";"LAS HIGUERAS";"Aº MEMBRILLO";"1972";"0.43";"422";"Sistema Lag una Mar Chiquita";"Cuencadel Río Salí-Dulce"
"LAS HIGUERAS";"LAS HIGUERAS";"Aº MEMBRILLO";"1977";"1.61";"422";"Sistema Lag una Mar Chiquita";"Cuencadel Río Salí-Dulce"
"LAS HIGUERAS";"LAS HIGUERAS";"Aº MEMBRILLO";"1978";"1.14";"422";"Sistema Lag una Mar Chiquita";"Cuencadel Río Salí-Dulce"
"LAS HIGUERAS";"LAS HIGUERAS";"Aº MEMBRILLO";"1979";"1.74";"422";"Sistema Lag una Mar Chiquita";"Cuencadel Río Salí-Dulce"
"LAS HIGUERAS";"LAS HIGUERAS";"Aº MEMBRILLO";"1980";"0.92";"422";"Sistema Lag una Mar Chiquita";"Cuencadel Río Salí-Dulce"
"LAS HIGUERAS";"LAS HIGUERAS";"Aº MEMBRILLO";"1981";"1.69";"422";"Sistema Lag una Mar Chiquita";"Cuencadel Río Salí-Dulce"
"LAS HIGUERAS";"LAS HIGUERAS";"Aº MEMBRILLO";"1982";"1.69";"422";"Sistema Lag una Mar Chiquita";"Cuencadel Río Salí-Dulce"
"LAS HIGUERAS";"LAS HIGUERAS";"Aº MEMBRILLO";"1983";"1.48";"422";"Sistema Lag una Mar Chiquita";"Cuencadel Río Salí-Dulce"
"LAS HIGUERAS";"LAS HIGUERAS";"Aº MEMBRILLO";"1984";"1.19";"422";"Sistema Lag una Mar Chiquita";"Cuencadel Río Salí-Dulce"
"LAS HIGUERAS";"LAS HIGUERAS";"Aº MEMBRILLO";"1985";"1.62";"422";"Sistema Lag una Mar Chiquita";"Cuencadel Río Salí-Dulce"
"LAS HIGUERAS";"LAS HIGUERAS";"Aº MEMBRILLO";"1986";"1.08";"422";"Sistema Lag una Mar Chiquita";"Cuencadel Río Salí-Dulce"
"AGUAS BLANCAS";"AGUAS BLANCAS";"BERMEJO";"1970";"57.61";"604";"Sistema Río Paraguay";"Cuencadel Río Bermejo Superior"
"AGUAS BLANCAS";"AGUAS BLANCAS";"BERMEJO";"1971";"67.35";"604";"Sistema Río Paraguay";"Cuencadel Río Bermejo Superior"
"AGUAS BLANCAS";"AGUAS BLANCAS";"BERMEJO";"1972";"57.45";"604";"Sistema Río Paraguay";"Cuencadel Río Bermejo Superior"
"AGUAS BLANCAS";"AGUAS BLANCAS";"BERMEJO";"1973";"93.57";"604";"Sistema Río Paraguay";"Cuencadel Río Bermejo Superior"
"AGUAS BLANCAS";"AGUAS BLANCAS";"BERMEJO";"1974";"129.06";"604";"Sistema Río Paraguay";"Cuencadel Río Bermejo Superior"
"AGUAS BLANCAS";"AGUAS BLANCAS";"BERMEJO";"1975";"84.58";"604";"Sistema Río Paraguay";"Cuencadel Río Bermejo Superior"
"AGUAS BLANCAS";"AGUAS BLANCAS";"BERMEJO";"1976";"102.09";"604";"Sistema Río Paraguay";"Cuencadel Río Bermejo Superior"
"AGUAS BLANCAS";"AGUAS BLANCAS";"BERMEJO";"1977";"94.98";"604";"Sistema Río Paraguay";"Cuencadel Río Bermejo Superior"
"AGUAS BLANCAS";"AGUAS BLANCAS";"BERMEJO";"1978";"89.18";"604";"Sistema Río Paraguay";"Cuencadel Río Bermejo Superior"
"AGUAS BLANCAS";"AGUAS BLANCAS";"BERMEJO";"1979";"119.47";"604";"Sistema Río Paraguay";"Cuencadel Río Bermejo Superior"
"AGUAS BLANCAS";"AGUAS BLANCAS";"BERMEJO";"1980";"98.44";"604";"Sistema Río Paraguay";"Cuencadel Río Bermejo Superior"
"AGUAS BLANCAS";"AGUAS BLANCAS";"BERMEJO";"1981";"140.33";"604";"Sistema Río Paraguay";"Cuencadel Río Bermejo Superior"
"AGUAS BLANCAS";"AGUAS BLANCAS";"BERMEJO";"1982";"124.72";"604";"Sistema Río Paraguay";"Cuencadel Río Bermejo Superior"
"AGUAS BLANCAS";"AGUAS BLANCAS";"BERMEJO";"1983";"57.00";"604";"Sistema Río Paraguay";"Cuencadel Río Bermejo Superior"
"AGUAS BLANCAS";"AGUAS BLANCAS";"BERMEJO";"1984";"144.39";"604";"Sistema Río Paraguay";"Cuencadel Río Bermejo Superior"
"AGUAS BLANCAS";"AGUAS BLANCAS";"BERMEJO";"1985";"140.92";"604";"Sistema Río Paraguay";"Cuencadel Río Bermejo Superior"
"AGUAS BLANCAS";"AGUAS BLANCAS";"BERMEJO";"1986";"100.83";"604";"Sistema Río Paraguay";"Cuencadel Río Bermejo Superior"
"AGUAS BLANCAS";"AGUAS BLANCAS";"BERMEJO";"1987";"101.2";"604";"Sistema Río Paraguay";"Cuencadel Río Bermejo Superior"
"AGUAS BLANCAS";"AGUAS BLANCAS";"BERMEJO";"1988";"99.75";"604";"Sistema Río Paraguay";"Cuencadel Río Bermejo Superior"
"AGUAS BLANCAS";"AGUAS BLANCAS";"BERMEJO";"1989";"69.33";"604";"Sistema Río Paraguay";"Cuencadel Río Bermejo Superior"
"AGUAS BLANCAS";"AGUAS BLANCAS";"BERMEJO";"1990";"95.48";"604";"Sistema Río Paraguay";"Cuencadel Río Bermejo Superior"
"AGUAS BLANCAS";"AGUAS BLANCAS";"BERMEJO";"1991";"126.92";"604";"Sistema Río Paraguay";"Cuencadel Río Bermejo Superior"
"AGUAS BLANCAS";"AGUAS BLANCAS";"BERMEJO";"1992";"96.32";"604";"Sistema Río Paraguay";"Cuencadel Río Bermejo Superior"
"AGUAS BLANCAS";"AGUAS BLANCAS";"BERMEJO";"1993";"79.54";"604";"Sistema Río Paraguay";"Cuencadel Río Bermejo Superior"
"AGUAS BLANCAS";"AGUAS BLANCAS";"BERMEJO";"1994";"87.2";"604";"Sistema Río Paraguay";"Cuencadel Río Bermejo Superior"
"AGUAS BLANCAS";"AGUAS BLANCAS";"BERMEJO";"1995";"81.87";"604";"Sistema Río Paraguay";"Cuencadel Río Bermejo Superior"
"AGUAS BLANCAS";"AGUAS BLANCAS";"BERMEJO";"1996";"93.74";"604";"Sistema Río Paraguay";"Cuencadel Río Bermejo Superior"
"AGUAS BLANCAS";"AGUAS BLANCAS";"BERMEJO";"1997";"88.29";"604";"Sistema Río Paraguay";"Cuencadel Río Bermejo Superior"
"AGUAS BLANCAS";"AGUAS BLANCAS";"BERMEJO";"1998";"77.63";"604";"Sistema Río Paraguay";"Cuencadel Río Bermejo Superior"
"AGUAS BLANCAS";"AGUAS BLANCAS";"BERMEJO";"1999";"113.21";"604";"Sistema Río Paraguay";"Cuencadel Río Bermejo Superior"
"AGUAS BLANCAS";"AGUAS BLANCAS";"BERMEJO";"2000";"121.32";"604";"Sistema Río Paraguay";"Cuencadel Río Bermejo Superior"
"AGUAS BLANCAS";"AGUAS BLANCAS";"BERMEJO";"2001";"79.82";"604";"Sistema Río Paraguay";"Cuencadel Río Bermejo Superior"
"AGUAS BLANCAS";"AGUAS BLANCAS";"BERMEJO";"2002";"101.99";"604";"Sistema Río Paraguay";"Cuencadel Río Bermejo Superior"
"AGUAS BLANCAS";"AGUAS BLANCAS";"BERMEJO";"2003";"96.57";"604";"Sistema Río Paraguay";"Cuencadel Río Bermejo Superior"
"AGUAS BLANCAS";"AGUAS BLANCAS";"BERMEJO";"2004";"91.74";"604";"Sistema Río Paraguay";"Cuencadel Río Bermejo Superior"
"AGUAS BLANCAS";"AGUAS BLANCAS";"BERMEJO";"2005";"87.08";"604";"Sistema Río Paraguay";"Cuencadel Río Bermejo Superior"
"AGUAS BLANCAS";"AGUAS BLANCAS";"BERMEJO";"2006";"143.04";"604";"Sistema Río Paraguay";"Cuencadel Río Bermejo Superior"
"AGUAS BLANCAS";"AGUAS BLANCAS";"BERMEJO";"2007";"108.5";"604";"Sistema Río Paraguay";"Cuencadel Río Bermejo Superior"
"AGUAS BLANCAS";"AGUAS BLANCAS";"BERMEJO";"2008";"140.63";"604";"Sistema Río Paraguay";"Cuencadel Río Bermejo Superior"
"AGUAS BLANCAS";"AGUAS BLANCAS";"BERMEJO";"2009";"119.72";"604";"Sistema Río Paraguay";"Cuencadel Río Bermejo Superior"
"AGUAS BLANCAS";"AGUAS BLANCAS";"BERMEJO";"2010";"76.99";"604";"Sistema Río Paraguay";"Cuencadel Río Bermejo Superior"
"AGUAS BLANCAS";"AGUAS BLANCAS";"BERMEJO";"2011";"122.21";"604";"Sistema Río Paraguay";"Cuencadel Río Bermejo Superior"
"AGUAS BLANCAS";"AGUAS BLANCAS";"BERMEJO";"2012";"99.65";"604";"Sistema Río Paraguay";"Cuencadel Río Bermejo Superior"
"AGUAS BLANCAS";"AGUAS BLANCAS";"BERMEJO";"2013";"137.1";"604";"Sistema Río Paraguay";"Cuencadel Río Bermejo Superior"
"AGUAS BLANCAS";"AGUAS BLANCAS";"BERMEJO";"2014";"82.9";"604";"Sistema Río Paraguay";"Cuencadel Río Bermejo Superior"
"AGUAS BLANCAS";"AGUAS BLANCAS";"BERMEJO";"2015";"128.65";"604";"Sistema Río Paraguay";"Cuencadel Río Bermejo Superior"
"AGUAS BLANCAS";"AGUAS BLANCAS";"BERMEJO";"2016";"84.46";"604";"Sistema Río Paraguay";"Cuencadel Río Bermejo Superior"
"AGUAS BLANCAS";"AGUAS BLANCAS";"BERMEJO";"2017";"86.56";"604";"Sistema Río Paraguay";"Cuencadel Río Bermejo Superior"
"AGUAS BLANCAS";"AGUAS BLANCAS";"BERMEJO";"2018";"133.32";"604";"Sistema Río Paraguay";"Cuencadel Río Bermejo Superior"
"AGUAS BLANCAS";"AGUAS BLANCAS";"BERMEJO";"2019";"94.08";"604";"Sistema Río Paraguay";"Cuencadel Río Bermejo Superior"
"AGUAS BLANCAS";"AGUAS BLANCAS";"BERMEJO";"2020";"100.23";"604";"Sistema Río Paraguay";"Cuencadel Río Bermejo Superior"
"BALAPUCA";"BALAPUCA";"BERMEJO";"1971";"24.17";"605";"Sistema Río Paraguay";"Cuencadel Río Bermejo Superior"
"BALAPUCA";"BALAPUCA";"BERMEJO";"1972";"49.66";"605";"Sistema Río Paraguay";"Cuencadel Río Bermejo Superior"
"BALAPUCA";"BALAPUCA";"BERMEJO";"1973";"74.18";"605";"Sistema Río Paraguay";"Cuencadel Río Bermejo Superior"
"BALAPUCA";"BALAPUCA";"BERMEJO";"1974";"97.53";"605";"Sistema Río Paraguay";"Cuencadel Río Bermejo Superior"
"BALAPUCA";"BALAPUCA";"BERMEJO";"1975";"76.67";"605";"Sistema Río Paraguay";"Cuencadel Río Bermejo Superior"
"BALAPUCA";"BALAPUCA";"BERMEJO";"1976";"81.77";"605";"Sistema Río Paraguay";"Cuencadel Río Bermejo Superior"
"BALAPUCA";"BALAPUCA";"BERMEJO";"1977";"80.99";"605";"Sistema Río Paraguay";"Cuencadel Río Bermejo Superior"
"BALAPUCA";"BALAPUCA";"BERMEJO";"1978";"79.46";"605";"Sistema Río Paraguay";"Cuencadel Río Bermejo Superior"
"BALAPUCA";"BALAPUCA";"BERMEJO";"1979";"103.9";"605";"Sistema Río Paraguay";"Cuencadel Río Bermejo Superior"
"BALAPUCA";"BALAPUCA";"BERMEJO";"1980";"78.48";"605";"Sistema Río Paraguay";"Cuencadel Río Bermejo Superior"
"BALAPUCA";"BALAPUCA";"BERMEJO";"1981";"108.74";"605";"Sistema Río Paraguay";"Cuencadel Río Bermejo Superior"
"BALAPUCA";"BALAPUCA";"BERMEJO";"1982";"104.9";"605";"Sistema Río Paraguay";"Cuencadel Río Bermejo Superior"
"BALAPUCA";"BALAPUCA";"BERMEJO";"1983";"46.69";"605";"Sistema Río Paraguay";"Cuencadel Río Bermejo Superior"
"BALAPUCA";"BALAPUCA";"BERMEJO";"1984";"122.51";"605";"Sistema Río Paraguay";"Cuencadel Río Bermejo Superior"
"BALAPUCA";"BALAPUCA";"BERMEJO";"1985";"112.75";"605";"Sistema Río Paraguay";"Cuencadel Río Bermejo Superior"
"BALAPUCA";"BALAPUCA";"BERMEJO";"1986";"85.29";"605";"Sistema Río Paraguay";"Cuencadel Río Bermejo Superior"
"BALAPUCA";"BALAPUCA";"BERMEJO";"1987";"77.73";"605";"Sistema Río Paraguay";"Cuencadel Río Bermejo Superior"
"BALAPUCA";"BALAPUCA";"BERMEJO";"1988";"85.4";"605";"Sistema Río Paraguay";"Cuencadel Río Bermejo Superior"
"BALAPUCA";"BALAPUCA";"BERMEJO";"1989";"56.51";"605";"Sistema Río Paraguay";"Cuencadel Río Bermejo Superior"
"BALAPUCA";"BALAPUCA";"BERMEJO";"1990";"78.05";"605";"Sistema Río Paraguay";"Cuencadel Río Bermejo Superior"
"BALAPUCA";"BALAPUCA";"BERMEJO";"1991";"101.99";"605";"Sistema Río Paraguay";"Cuencadel Río Bermejo Superior"
"BALAPUCA";"BALAPUCA";"BERMEJO";"1992";"70.45";"605";"Sistema Río Paraguay";"Cuencadel Río Bermejo Superior"
"BALAPUCA";"BALAPUCA";"BERMEJO";"1993";"67.11";"605";"Sistema Río Paraguay";"Cuencadel Río Bermejo Superior"
"BALAPUCA";"BALAPUCA";"BERMEJO";"1994";"80.04";"605";"Sistema Río Paraguay";"Cuencadel Río Bermejo Superior"
"BALAPUCA";"BALAPUCA";"BERMEJO";"1995";"77.15";"605";"Sistema Río Paraguay";"Cuencadel Río Bermejo Superior"
"BALAPUCA";"BALAPUCA";"BERMEJO";"1996";"96.83";"605";"Sistema Río Paraguay";"Cuencadel Río Bermejo Superior"
"BALAPUCA";"BALAPUCA";"BERMEJO";"1997";"83.54";"605";"Sistema Río Paraguay";"Cuencadel Río Bermejo Superior"
"BALAPUCA";"BALAPUCA";"BERMEJO";"1998";"77.37";"605";"Sistema Río Paraguay";"Cuencadel Río Bermejo Superior"
"BALAPUCA";"BALAPUCA";"BERMEJO";"1999";"106.01";"605";"Sistema Río Paraguay";"Cuencadel Río Bermejo Superior"
"BALAPUCA";"BALAPUCA";"BERMEJO";"2000";"116.43";"605";"Sistema Río Paraguay";"Cuencadel Río Bermejo Superior"
"BALAPUCA";"BALAPUCA";"BERMEJO";"2001";"72.61";"605";"Sistema Río Paraguay";"Cuencadel Río Bermejo Superior"
"BALAPUCA";"BALAPUCA";"BERMEJO";"2002";"102.17";"605";"Sistema Río Paraguay";"Cuencadel Río Bermejo Superior"
"BALAPUCA";"BALAPUCA";"BERMEJO";"2003";"87.11";"605";"Sistema Río Paraguay";"Cuencadel Río Bermejo Superior"
"BALAPUCA";"BALAPUCA";"BERMEJO";"2004";"87.73";"605";"Sistema Río Paraguay";"Cuencadel Río Bermejo Superior"
"BALAPUCA";"BALAPUCA";"BERMEJO";"2005";"81.54";"605";"Sistema Río Paraguay";"Cuencadel Río Bermejo Superior"
"BALAPUCA";"BALAPUCA";"BERMEJO";"2006";"126.48";"605";"Sistema Río Paraguay";"Cuencadel Río Bermejo Superior"
"BALAPUCA";"BALAPUCA";"BERMEJO";"2007";"92.53";"605";"Sistema Río Paraguay";"Cuencadel Río Bermejo Superior"
"BALAPUCA";"BALAPUCA";"BERMEJO";"2008";"128.53";"605";"Sistema Río Paraguay";"Cuencadel Río Bermejo Superior"
"BALAPUCA";"BALAPUCA";"BERMEJO";"2009";"126.77";"605";"Sistema Río Paraguay";"Cuencadel Río Bermejo Superior"
"BALAPUCA";"BALAPUCA";"BERMEJO";"2010";"133.45";"605";"Sistema Río Paraguay";"Cuencadel Río Bermejo Superior"
"BALAPUCA";"BALAPUCA";"BERMEJO";"2011";"158.61";"605";"Sistema Río Paraguay";"Cuencadel Río Bermejo Superior"
"BALAPUCA";"BALAPUCA";"BERMEJO";"2012";"95.4";"605";"Sistema Río Paraguay";"Cuencadel Río Bermejo Superior"
"BALAPUCA";"BALAPUCA";"BERMEJO";"2013";"74.62";"605";"Sistema Río Paraguay";"Cuencadel Río Bermejo Superior"
"BALAPUCA";"BALAPUCA";"BERMEJO";"2014";"79.05";"605";"Sistema Río Paraguay";"Cuencadel Río Bermejo Superior"
"BALAPUCA";"BALAPUCA";"BERMEJO";"2015";"109.63";"605";"Sistema Río Paraguay";"Cuencadel Río Bermejo Superior"
"BALAPUCA";"BALAPUCA";"BERMEJO";"2016";"82.52";"605";"Sistema Río Paraguay";"Cuencadel Río Bermejo Superior"
"BALAPUCA";"BALAPUCA";"BERMEJO";"2017";"75.77";"605";"Sistema Río Paraguay";"Cuencadel Río Bermejo Superior"
"BALAPUCA";"BALAPUCA";"BERMEJO";"2018";"118.99";"605";"Sistema Río Paraguay";"Cuencadel Río Bermejo Superior"
"BALAPUCA";"BALAPUCA";"BERMEJO";"2019";"82.18";"605";"Sistema Río Paraguay";"Cuencadel Río Bermejo Superior"
"BALAPUCA";"BALAPUCA";"BERMEJO";"2020";"93.51";"605";"Sistema Río Paraguay";"Cuencadel Río Bermejo Superior"
"ARRASAYAL";"ARRASAYAL";"BERMEJO";"1970";"94.85";"606";"Sistema Río Paraguay";"Cuencadel Río Bermejo Superior"
"ARRASAYAL";"ARRASAYAL";"BERMEJO";"1971";"26.78";"606";"Sistema Río Paraguay";"Cuencadel Río Bermejo Superior"
"ARRASAYAL";"ARRASAYAL";"BERMEJO";"1972";"58.9";"606";"Sistema Río Paraguay";"Cuencadel Río Bermejo Superior"
"ARRASAYAL";"ARRASAYAL";"BERMEJO";"1973";"91.25";"606";"Sistema Río Paraguay";"Cuencadel Río Bermejo Superior"
"ARRASAYAL";"ARRASAYAL";"BERMEJO";"1974";"113.23";"606";"Sistema Río Paraguay";"Cuencadel Río Bermejo Superior"
"ARRASAYAL";"ARRASAYAL";"BERMEJO";"1975";"88.18";"606";"Sistema Río Paraguay";"Cuencadel Río Bermejo Superior"
"ARRASAYAL";"ARRASAYAL";"BERMEJO";"1976";"94.38";"606";"Sistema Río Paraguay";"Cuencadel Río Bermejo Superior"
"ARRASAYAL";"ARRASAYAL";"BERMEJO";"1977";"96.33";"606";"Sistema Río Paraguay";"Cuencadel Río Bermejo Superior"
"ARRASAYAL";"ARRASAYAL";"BERMEJO";"1978";"77.91";"606";"Sistema Río Paraguay";"Cuencadel Río Bermejo Superior"
"ARRASAYAL";"ARRASAYAL";"BERMEJO";"1979";"125.17";"606";"Sistema Río Paraguay";"Cuencadel Río Bermejo Superior"
"ARRASAYAL";"ARRASAYAL";"BERMEJO";"1980";"70.91";"606";"Sistema Río Paraguay";"Cuencadel Río Bermejo Superior"
"ARRASAYAL";"ARRASAYAL";"BERMEJO";"1981";"127.14";"606";"Sistema Río Paraguay";"Cuencadel Río Bermejo Superior"
"ARRASAYAL";"ARRASAYAL";"BERMEJO";"1982";"120.35";"606";"Sistema Río Paraguay";"Cuencadel Río Bermejo Superior"
"ARRASAYAL";"ARRASAYAL";"BERMEJO";"1983";"50.95";"606";"Sistema Río Paraguay";"Cuencadel Río Bermejo Superior"
"ARRASAYAL";"ARRASAYAL";"BERMEJO";"1984";"132.51";"606";"Sistema Río Paraguay";"Cuencadel Río Bermejo Superior"
"ARRASAYAL";"ARRASAYAL";"BERMEJO";"1985";"129.91";"606";"Sistema Río Paraguay";"Cuencadel Río Bermejo Superior"
"ARRASAYAL";"ARRASAYAL";"BERMEJO";"1986";"110.2";"606";"Sistema Río Paraguay";"Cuencadel Río Bermejo Superior"
"ALARACHE";"ALARACHE";"BERMEJO";"1971";"11.51";"607";"Sistema Río Paraguay";"Cuencadel Río Bermejo Superior"
"ALARACHE";"ALARACHE";"BERMEJO";"1972";"18.73";"607";"Sistema Río Paraguay";"Cuencadel Río Bermejo Superior"
"ALARACHE";"ALARACHE";"BERMEJO";"1973";"22.61";"607";"Sistema Río Paraguay";"Cuencadel Río Bermejo Superior"
"ALARACHE";"ALARACHE";"BERMEJO";"1974";"30.28";"607";"Sistema Río Paraguay";"Cuencadel Río Bermejo Superior"
"ALARACHE";"ALARACHE";"BERMEJO";"1975";"25.22";"607";"Sistema Río Paraguay";"Cuencadel Río Bermejo Superior"
"ALARACHE";"ALARACHE";"BERMEJO";"1976";"22.25";"607";"Sistema Río Paraguay";"Cuencadel Río Bermejo Superior"
"ALARACHE";"ALARACHE";"BERMEJO";"1977";"19.92";"607";"Sistema Río Paraguay";"Cuencadel Río Bermejo Superior"
"ALARACHE";"ALARACHE";"BERMEJO";"1978";"20.46";"607";"Sistema Río Paraguay";"Cuencadel Río Bermejo Superior"
"ALARACHE";"ALARACHE";"BERMEJO";"1979";"30.49";"607";"Sistema Río Paraguay";"Cuencadel Río Bermejo Superior"
"ALARACHE";"ALARACHE";"BERMEJO";"1980";"21.8";"607";"Sistema Río Paraguay";"Cuencadel Río Bermejo Superior"
"ALARACHE";"ALARACHE";"BERMEJO";"1981";"27.44";"607";"Sistema Río Paraguay";"Cuencadel Río Bermejo Superior"
"ALARACHE";"ALARACHE";"BERMEJO";"1982";"27.26";"607";"Sistema Río Paraguay";"Cuencadel Río Bermejo Superior"
"ALARACHE";"ALARACHE";"BERMEJO";"1983";"10.24";"607";"Sistema Río Paraguay";"Cuencadel Río Bermejo Superior"
"ALARACHE";"ALARACHE";"BERMEJO";"1984";"38.64";"607";"Sistema Río Paraguay";"Cuencadel Río Bermejo Superior"
"ALARACHE";"ALARACHE";"BERMEJO";"1985";"34.9";"607";"Sistema Río Paraguay";"Cuencadel Río Bermejo Superior"
"ALARACHE";"ALARACHE";"BERMEJO";"1986";"25.8";"607";"Sistema Río Paraguay";"Cuencadel Río Bermejo Superior"
"ALARACHE";"ALARACHE";"BERMEJO";"1987";"20.66";"607";"Sistema Río Paraguay";"Cuencadel Río Bermejo Superior"
"ALARACHE";"ALARACHE";"BERMEJO";"1988";"27.82";"607";"Sistema Río Paraguay";"Cuencadel Río Bermejo Superior"
"ALARACHE";"ALARACHE";"BERMEJO";"1989";"18.27";"607";"Sistema Río Paraguay";"Cuencadel Río Bermejo Superior"
"ALARACHE";"ALARACHE";"BERMEJO";"1990";"19.56";"607";"Sistema Río Paraguay";"Cuencadel Río Bermejo Superior"
"ALARACHE";"ALARACHE";"BERMEJO";"1991";"26.48";"607";"Sistema Río Paraguay";"Cuencadel Río Bermejo Superior"
"ALARACHE";"ALARACHE";"BERMEJO";"1992";"14.03";"607";"Sistema Río Paraguay";"Cuencadel Río Bermejo Superior"
"ALARACHE";"ALARACHE";"BERMEJO";"1993";"17.89";"607";"Sistema Río Paraguay";"Cuencadel Río Bermejo Superior"
"ALARACHE";"ALARACHE";"BERMEJO";"1994";"14.56";"607";"Sistema Río Paraguay";"Cuencadel Río Bermejo Superior"
"ALARACHE";"ALARACHE";"BERMEJO";"1995";"16.46";"607";"Sistema Río Paraguay";"Cuencadel Río Bermejo Superior"
"ALARACHE";"ALARACHE";"BERMEJO";"1996";"26.59";"607";"Sistema Río Paraguay";"Cuencadel Río Bermejo Superior"
"ALARACHE";"ALARACHE";"BERMEJO";"1997";"24.69";"607";"Sistema Río Paraguay";"Cuencadel Río Bermejo Superior"
"ALARACHE";"ALARACHE";"BERMEJO";"1998";"17.00";"607";"Sistema Río Paraguay";"Cuencadel Río Bermejo Superior"
"ALARACHE";"ALARACHE";"BERMEJO";"1999";"33.64";"607";"Sistema Río Paraguay";"Cuencadel Río Bermejo Superior"
"ALARACHE";"ALARACHE";"BERMEJO";"2011";"14.07";"607";"Sistema Río Paraguay";"Cuencadel Río Bermejo Superior"
"ALARACHE";"ALARACHE";"BERMEJO";"2012";"25.71";"607";"Sistema Río Paraguay";"Cuencadel Río Bermejo Superior"
"ALARACHE";"ALARACHE";"BERMEJO";"2013";"19.24";"607";"Sistema Río Paraguay";"Cuencadel Río Bermejo Superior"
"ALARACHE";"ALARACHE";"BERMEJO";"2014";"16.74";"607";"Sistema Río Paraguay";"Cuencadel Río Bermejo Superior"
"ALARACHE";"ALARACHE";"BERMEJO";"2015";"25.36";"607";"Sistema Río Paraguay";"Cuencadel Río Bermejo Superior"
"ALARACHE";"ALARACHE";"BERMEJO";"2016";"18.6";"607";"Sistema Río Paraguay";"Cuencadel Río Bermejo Superior"
"ALARACHE";"ALARACHE";"BERMEJO";"2017";"13.74";"607";"Sistema Río Paraguay";"Cuencadel Río Bermejo Superior"
"ALARACHE";"ALARACHE";"BERMEJO";"2018";"30.14";"607";"Sistema Río Paraguay";"Cuencadel Río Bermejo Superior"
"ALARACHE";"ALARACHE";"BERMEJO";"2019";"19.84";"607";"Sistema Río Paraguay";"Cuencadel Río Bermejo Superior"
"ALARACHE";"ALARACHE";"BERMEJO";"2020";"29.74";"607";"Sistema Río Paraguay";"Cuencadel Río Bermejo Superior"
"EL CEIBAL";"EL CEIBAL";"DEL VALLE";"1970";"3.86";"617";"Sistema Río Paraguay";"Cuencadel Río Bermejo Medio e Inferior"
"EL CEIBAL";"EL CEIBAL";"DEL VALLE";"1971";"3.86";"617";"Sistema Río Paraguay";"Cuencadel Río Bermejo Medio e Inferior"
"EL CEIBAL";"EL CEIBAL";"DEL VALLE";"1972";"1.43";"617";"Sistema Río Paraguay";"Cuencadel Río Bermejo Medio e Inferior"
"EL CEIBAL";"EL CEIBAL";"DEL VALLE";"1973";"5.06";"617";"Sistema Río Paraguay";"Cuencadel Río Bermejo Medio e Inferior"
"EL CEIBAL";"EL CEIBAL";"DEL VALLE";"1974";"7.07";"617";"Sistema Río Paraguay";"Cuencadel Río Bermejo Medio e Inferior"
"EL CEIBAL";"EL CEIBAL";"DEL VALLE";"1975";"7.25";"617";"Sistema Río Paraguay";"Cuencadel Río Bermejo Medio e Inferior"
"EL CEIBAL";"EL CEIBAL";"DEL VALLE";"1976";"10.57";"617";"Sistema Río Paraguay";"Cuencadel Río Bermejo Medio e Inferior"
"EL CEIBAL";"EL CEIBAL";"DEL VALLE";"1977";"8.97";"617";"Sistema Río Paraguay";"Cuencadel Río Bermejo Medio e Inferior"
"EL CEIBAL";"EL CEIBAL";"DEL VALLE";"1978";"9.76";"617";"Sistema Río Paraguay";"Cuencadel Río Bermejo Medio e Inferior"
"EL CEIBAL";"EL CEIBAL";"DEL VALLE";"1979";"8.53";"617";"Sistema Río Paraguay";"Cuencadel Río Bermejo Medio e Inferior"
"EL CEIBAL";"EL CEIBAL";"DEL VALLE";"1980";"9.09";"617";"Sistema Río Paraguay";"Cuencadel Río Bermejo Medio e Inferior"
"EL CEIBAL";"EL CEIBAL";"DEL VALLE";"1981";"13.88";"617";"Sistema Río Paraguay";"Cuencadel Río Bermejo Medio e Inferior"
"EL CEIBAL";"EL CEIBAL";"DEL VALLE";"1982";"7.04";"617";"Sistema Río Paraguay";"Cuencadel Río Bermejo Medio e Inferior"
"EL CEIBAL";"EL CEIBAL";"DEL VALLE";"1983";"8.14";"617";"Sistema Río Paraguay";"Cuencadel Río Bermejo Medio e Inferior"
"EL CEIBAL";"EL CEIBAL";"DEL VALLE";"1984";"14.07";"617";"Sistema Río Paraguay";"Cuencadel Río Bermejo Medio e Inferior"
"EL CEIBAL";"EL CEIBAL";"DEL VALLE";"1985";"12.06";"617";"Sistema Río Paraguay";"Cuencadel Río Bermejo Medio e Inferior"
"EL CEIBAL";"EL CEIBAL";"DEL VALLE";"1986";"5.84";"617";"Sistema Río Paraguay";"Cuencadel Río Bermejo Medio e Inferior"
"EL PIQUETE";"EL PIQUETE";"DEL VALLE";"1970";"4.53";"618";"Sistema Río Paraguay";"Cuencadel Río Bermejo Medio e Inferior"
"EL PIQUETE";"EL PIQUETE";"DEL VALLE";"1971";"3.68";"618";"Sistema Río Paraguay";"Cuencadel Río Bermejo Medio e Inferior"
"EL PIQUETE";"EL PIQUETE";"DEL VALLE";"1972";"1.66";"618";"Sistema Río Paraguay";"Cuencadel Río Bermejo Medio e Inferior"
"EL PIQUETE";"EL PIQUETE";"DEL VALLE";"1973";"5.39";"618";"Sistema Río Paraguay";"Cuencadel Río Bermejo Medio e Inferior"
"EL ANGOSTO";"EL ANGOSTO";"IRUYA";"1971";"17.01";"621";"Sistema Río Paraguay";"Cuencadel Río Bermejo Superior"
"EL ANGOSTO";"EL ANGOSTO";"IRUYA";"1972";"39.09";"621";"Sistema Río Paraguay";"Cuencadel Río Bermejo Superior"
"EL ANGOSTO";"EL ANGOSTO";"IRUYA";"1973";"62.91";"621";"Sistema Río Paraguay";"Cuencadel Río Bermejo Superior"
"EL ANGOSTO";"EL ANGOSTO";"IRUYA";"1974";"31.38";"621";"Sistema Río Paraguay";"Cuencadel Río Bermejo Superior"
"EL ANGOSTO";"EL ANGOSTO";"IRUYA";"1975";"52.45";"621";"Sistema Río Paraguay";"Cuencadel Río Bermejo Superior"
"EL ANGOSTO";"EL ANGOSTO";"IRUYA";"1976";"31.89";"621";"Sistema Río Paraguay";"Cuencadel Río Bermejo Superior"
"EL ANGOSTO";"EL ANGOSTO";"IRUYA";"1977";"52.8";"621";"Sistema Río Paraguay";"Cuencadel Río Bermejo Superior"
"EL ANGOSTO";"EL ANGOSTO";"IRUYA";"1978";"61.17";"621";"Sistema Río Paraguay";"Cuencadel Río Bermejo Superior"
"EL ANGOSTO";"EL ANGOSTO";"IRUYA";"1979";"71.56";"621";"Sistema Río Paraguay";"Cuencadel Río Bermejo Superior"
"DESEMB. AL PASAJE";"DESEMB. AL PASAJE";"MEDINA";"1970";"2.42";"624";"Sistema Río Paraná";"Cuencadel Río Pasaje o Salado"
"DESEMB. AL PASAJE";"DESEMB. AL PASAJE";"MEDINA";"1971";"2.25";"624";"Sistema Río Paraná";"Cuencadel Río Pasaje o Salado"
"DESEMB. AL PASAJE";"DESEMB. AL PASAJE";"MEDINA";"1972";"1.5";"624";"Sistema Río Paraná";"Cuencadel Río Pasaje o Salado"
"DESEMB. AL PASAJE";"DESEMB. AL PASAJE";"MEDINA";"1973";"2.29";"624";"Sistema Río Paraná";"Cuencadel Río Pasaje o Salado"
"DESEMB. AL PASAJE";"DESEMB. AL PASAJE";"MEDINA";"1974";"5.49";"624";"Sistema Río Paraná";"Cuencadel Río Pasaje o Salado"
"DESEMB. AL PASAJE";"DESEMB. AL PASAJE";"MEDINA";"1975";"4.02";"624";"Sistema Río Paraná";"Cuencadel Río Pasaje o Salado"
"DESEMB. AL PASAJE";"DESEMB. AL PASAJE";"MEDINA";"1976";"5.53";"624";"Sistema Río Paraná";"Cuencadel Río Pasaje o Salado"
"DESEMB. AL PASAJE";"DESEMB. AL PASAJE";"MEDINA";"1977";"5.11";"624";"Sistema Río Paraná";"Cuencadel Río Pasaje o Salado"
"DESEMB. AL PASAJE";"DESEMB. AL PASAJE";"MEDINA";"1978";"9.16";"624";"Sistema Río Paraná";"Cuencadel Río Pasaje o Salado"
"DESEMB. AL PASAJE";"DESEMB. AL PASAJE";"MEDINA";"1979";"5.83";"624";"Sistema Río Paraná";"Cuencadel Río Pasaje o Salado"
"DESEMB. AL PASAJE";"DESEMB. AL PASAJE";"MEDINA";"1980";"3.85";"624";"Sistema Río Paraná";"Cuencadel Río Pasaje o Salado"
"DESEMB. AL PASAJE";"DESEMB. AL PASAJE";"MEDINA";"1981";"10.9";"624";"Sistema Río Paraná";"Cuencadel Río Pasaje o Salado"
"DESEMB. AL PASAJE";"DESEMB. AL PASAJE";"MEDINA";"1982";"7.33";"624";"Sistema Río Paraná";"Cuencadel Río Pasaje o Salado"
"DESEMB. AL PASAJE";"DESEMB. AL PASAJE";"MEDINA";"1983";"6.69";"624";"Sistema Río Paraná";"Cuencadel Río Pasaje o Salado"
"DESEMB. AL PASAJE";"DESEMB. AL PASAJE";"MEDINA";"1984";"10.7";"624";"Sistema Río Paraná";"Cuencadel Río Pasaje o Salado"
"DESEMB. AL PASAJE";"DESEMB. AL PASAJE";"MEDINA";"1985";"9.34";"624";"Sistema Río Paraná";"Cuencadel Río Pasaje o Salado"
"DESEMB. AL PASAJE";"DESEMB. AL PASAJE";"MEDINA";"1986";"4.95";"624";"Sistema Río Paraná";"Cuencadel Río Pasaje o Salado"
"EL ANGOSTO";"EL ANGOSTO";"MOJOTORO";"1970";"10.62";"625";"Sistema Río Paraguay";"Cuencadel Río San Francisco"
"EL ANGOSTO";"EL ANGOSTO";"MOJOTORO";"1971";"10.48";"625";"Sistema Río Paraguay";"Cuencadel Río San Francisco"
"EL ANGOSTO";"EL ANGOSTO";"MOJOTORO";"1972";"8.11";"625";"Sistema Río Paraguay";"Cuencadel Río San Francisco"
"EL ANGOSTO";"EL ANGOSTO";"MOJOTORO";"1973";"13.45";"625";"Sistema Río Paraguay";"Cuencadel Río San Francisco"
"EL ANGOSTO";"EL ANGOSTO";"MOJOTORO";"1974";"23.53";"625";"Sistema Río Paraguay";"Cuencadel Río San Francisco"
"EL ANGOSTO";"EL ANGOSTO";"MOJOTORO";"1975";"7.79";"625";"Sistema Río Paraguay";"Cuencadel Río San Francisco"
"EL ANGOSTO";"EL ANGOSTO";"MOJOTORO";"1976";"4.57";"625";"Sistema Río Paraguay";"Cuencadel Río San Francisco"
"EL ANGOSTO";"EL ANGOSTO";"MOJOTORO";"1977";"13.14";"625";"Sistema Río Paraguay";"Cuencadel Río San Francisco"
"EL ANGOSTO";"EL ANGOSTO";"MOJOTORO";"1978";"4.74";"625";"Sistema Río Paraguay";"Cuencadel Río San Francisco"
"EL ANGOSTO";"EL ANGOSTO";"MOJOTORO";"1979";"16.29";"625";"Sistema Río Paraguay";"Cuencadel Río San Francisco"
"EL ANGOSTO";"EL ANGOSTO";"MOJOTORO";"1980";"15.34";"625";"Sistema Río Paraguay";"Cuencadel Río San Francisco"
"EL ANGOSTO";"EL ANGOSTO";"MOJOTORO";"1981";"7.62";"625";"Sistema Río Paraguay";"Cuencadel Río San Francisco"
"EL ANGOSTO";"EL ANGOSTO";"MOJOTORO";"1982";"15.81";"625";"Sistema Río Paraguay";"Cuencadel Río San Francisco"
"EL ANGOSTO";"EL ANGOSTO";"MOJOTORO";"1983";"9.77";"625";"Sistema Río Paraguay";"Cuencadel Río San Francisco"
"EL ANGOSTO";"EL ANGOSTO";"MOJOTORO";"1984";"20.24";"625";"Sistema Río Paraguay";"Cuencadel Río San Francisco"
"EL ANGOSTO";"EL ANGOSTO";"MOJOTORO";"1985";"19.93";"625";"Sistema Río Paraguay";"Cuencadel Río San Francisco"
"EL ANGOSTO";"EL ANGOSTO";"MOJOTORO";"1986";"14.34";"625";"Sistema Río Paraguay";"Cuencadel Río San Francisco"
"EL TUNAL";"EL TUNAL";"JURAMENTO";"1970";"9.75";"626";"Sistema Río Paraná";"Cuencadel Río Pasaje o Salado"
"EL TUNAL";"EL TUNAL";"JURAMENTO";"1971";"34.33";"626";"Sistema Río Paraná";"Cuencadel Río Pasaje o Salado"
"EL TUNAL";"EL TUNAL";"JURAMENTO";"1972";"24.67";"626";"Sistema Río Paraná";"Cuencadel Río Pasaje o Salado"
"EL TUNAL";"EL TUNAL";"JURAMENTO";"1973";"22.67";"626";"Sistema Río Paraná";"Cuencadel Río Pasaje o Salado"
"EL TUNAL";"EL TUNAL";"JURAMENTO";"1974";"35.92";"626";"Sistema Río Paraná";"Cuencadel Río Pasaje o Salado"
"EL TUNAL";"EL TUNAL";"JURAMENTO";"1975";"30.75";"626";"Sistema Río Paraná";"Cuencadel Río Pasaje o Salado"
"EL TUNAL";"EL TUNAL";"JURAMENTO";"1976";"35.83";"626";"Sistema Río Paraná";"Cuencadel Río Pasaje o Salado"
"EL TUNAL";"EL TUNAL";"JURAMENTO";"1977";"26.25";"626";"Sistema Río Paraná";"Cuencadel Río Pasaje o Salado"
"EL TUNAL";"EL TUNAL";"JURAMENTO";"1978";"49.75";"626";"Sistema Río Paraná";"Cuencadel Río Pasaje o Salado"
"EL TUNAL";"EL TUNAL";"JURAMENTO";"1979";"73.75";"626";"Sistema Río Paraná";"Cuencadel Río Pasaje o Salado"
"EL TUNAL";"EL TUNAL";"JURAMENTO";"1980";"59.83";"626";"Sistema Río Paraná";"Cuencadel Río Pasaje o Salado"
"EL TUNAL";"EL TUNAL";"JURAMENTO";"1981";"77.42";"626";"Sistema Río Paraná";"Cuencadel Río Pasaje o Salado"
"EL TUNAL";"EL TUNAL";"JURAMENTO";"1982";"52.00";"626";"Sistema Río Paraná";"Cuencadel Río Pasaje o Salado"
"EL TUNAL";"EL TUNAL";"JURAMENTO";"1983";"52.67";"626";"Sistema Río Paraná";"Cuencadel Río Pasaje o Salado"
"EL TUNAL";"EL TUNAL";"JURAMENTO";"1984";"104.02";"626";"Sistema Río Paraná";"Cuencadel Río Pasaje o Salado"
"EL TUNAL";"EL TUNAL";"JURAMENTO";"1985";"80.88";"626";"Sistema Río Paraná";"Cuencadel Río Pasaje o Salado"
"EL TUNAL";"EL TUNAL";"JURAMENTO";"1986";"57.92";"626";"Sistema Río Paraná";"Cuencadel Río Pasaje o Salado"
"EL TUNAL";"EL TUNAL";"JURAMENTO";"2008";"64.3";"626";"Sistema Río Paraná";"Cuencadel Río Pasaje o Salado"
"EL TUNAL";"EL TUNAL";"JURAMENTO";"2009";"40.00";"626";"Sistema Río Paraná";"Cuencadel Río Pasaje o Salado"
"EL TUNAL";"EL TUNAL";"JURAMENTO";"2010";"49.44";"626";"Sistema Río Paraná";"Cuencadel Río Pasaje o Salado"
"EL TUNAL";"EL TUNAL";"JURAMENTO";"2011";"70.17";"626";"Sistema Río Paraná";"Cuencadel Río Pasaje o Salado"
"EL TUNAL";"EL TUNAL";"JURAMENTO";"2012";"63.27";"626";"Sistema Río Paraná";"Cuencadel Río Pasaje o Salado"
"EL TUNAL";"EL TUNAL";"JURAMENTO";"2013";"38.06";"626";"Sistema Río Paraná";"Cuencadel Río Pasaje o Salado"
"EL TUNAL";"EL TUNAL";"JURAMENTO";"2014";"30.34";"626";"Sistema Río Paraná";"Cuencadel Río Pasaje o Salado"
"EL TUNAL";"EL TUNAL";"JURAMENTO";"2015";"40.04";"626";"Sistema Río Paraná";"Cuencadel Río Pasaje o Salado"
"EL TUNAL";"EL TUNAL";"JURAMENTO";"2016";"41.88";"626";"Sistema Río Paraná";"Cuencadel Río Pasaje o Salado"
"EL TUNAL";"EL TUNAL";"JURAMENTO";"2017";"38.7";"626";"Sistema Río Paraná";"Cuencadel Río Pasaje o Salado"
"EL TUNAL";"EL TUNAL";"JURAMENTO";"2018";"31.58";"626";"Sistema Río Paraná";"Cuencadel Río Pasaje o Salado"
"EL TUNAL";"EL TUNAL";"JURAMENTO";"2019";"33.50";"626";"Sistema Río Paraná";"Cuencadel Río Pasaje o Salado"
"EL TUNAL";"EL TUNAL";"JURAMENTO";"2020";"35.87";"626";"Sistema Río Paraná";"Cuencadel Río Pasaje o Salado"
"MIRAFLORES";"MIRAFLORES";"JURAMENTO";"1970";"25.5";"627";"Sistema Río Paraná";"Cuencadel Río Pasaje o Salado"
"MIRAFLORES";"MIRAFLORES";"JURAMENTO";"1971";"28.25";"627";"Sistema Río Paraná";"Cuencadel Río Pasaje o Salado"
"MIRAFLORES";"MIRAFLORES";"JURAMENTO";"1972";"23.5";"627";"Sistema Río Paraná";"Cuencadel Río Pasaje o Salado"
"MIRAFLORES";"MIRAFLORES";"JURAMENTO";"1973";"22.00";"627";"Sistema Río Paraná";"Cuencadel Río Pasaje o Salado"
"MIRAFLORES";"MIRAFLORES";"JURAMENTO";"1974";"31.08";"627";"Sistema Río Paraná";"Cuencadel Río Pasaje o Salado"
"MIRAFLORES";"MIRAFLORES";"JURAMENTO";"1975";"34.92";"627";"Sistema Río Paraná";"Cuencadel Río Pasaje o Salado"
"MIRAFLORES";"MIRAFLORES";"JURAMENTO";"1976";"34.34";"627";"Sistema Río Paraná";"Cuencadel Río Pasaje o Salado"
"MIRAFLORES";"MIRAFLORES";"JURAMENTO";"1977";"25.92";"627";"Sistema Río Paraná";"Cuencadel Río Pasaje o Salado"
"MIRAFLORES";"MIRAFLORES";"JURAMENTO";"1978";"37.00";"627";"Sistema Río Paraná";"Cuencadel Río Pasaje o Salado"
"MIRAFLORES";"MIRAFLORES";"JURAMENTO";"1979";"58.42";"627";"Sistema Río Paraná";"Cuencadel Río Pasaje o Salado"
"MIRAFLORES";"MIRAFLORES";"JURAMENTO";"1980";"54.83";"627";"Sistema Río Paraná";"Cuencadel Río Pasaje o Salado"
"MIRAFLORES";"MIRAFLORES";"JURAMENTO";"1981";"65.17";"627";"Sistema Río Paraná";"Cuencadel Río Pasaje o Salado"
"MIRAFLORES";"MIRAFLORES";"JURAMENTO";"1982";"46.08";"627";"Sistema Río Paraná";"Cuencadel Río Pasaje o Salado"
"MIRAFLORES";"MIRAFLORES";"JURAMENTO";"1983";"41.42";"627";"Sistema Río Paraná";"Cuencadel Río Pasaje o Salado"
"MIRAFLORES";"MIRAFLORES";"JURAMENTO";"1984";"88.89";"627";"Sistema Río Paraná";"Cuencadel Río Pasaje o Salado"
"MIRAFLORES";"MIRAFLORES";"JURAMENTO";"1985";"63.7";"627";"Sistema Río Paraná";"Cuencadel Río Pasaje o Salado"
"MIRAFLORES";"MIRAFLORES";"JURAMENTO";"1986";"64.17";"627";"Sistema Río Paraná";"Cuencadel Río Pasaje o Salado"
"COLONIA COLPANA";"COLONIA COLPANA";"PESCADO";"1970";"53.59";"628";"Sistema Río Paraguay";"Cuencadel Río Bermejo Superior"
"COLONIA COLPANA";"COLONIA COLPANA";"PESCADO";"1971";"73.67";"628";"Sistema Río Paraguay";"Cuencadel Río Bermejo Superior"
"COLONIA COLPANA";"COLONIA COLPANA";"PESCADO";"1972";"59.84";"628";"Sistema Río Paraguay";"Cuencadel Río Bermejo Superior"
"COLONIA COLPANA";"COLONIA COLPANA";"PESCADO";"1973";"130.25";"628";"Sistema Río Paraguay";"Cuencadel Río Bermejo Superior"
"CUATRO CEDROS";"CUATRO CEDROS";"PESCADO";"1970";"26.74";"629";"Sistema Río Paraguay";"Cuencadel Río Bermejo Superior"
"CUATRO CEDROS";"CUATRO CEDROS";"PESCADO";"1971";"31.89";"629";"Sistema Río Paraguay";"Cuencadel Río Bermejo Superior"
"CUATRO CEDROS";"CUATRO CEDROS";"PESCADO";"1972";"30.87";"629";"Sistema Río Paraguay";"Cuencadel Río Bermejo Superior"
"CUATRO CEDROS";"CUATRO CEDROS";"PESCADO";"1973";"45.3";"629";"Sistema Río Paraguay";"Cuencadel Río Bermejo Superior"
"CUATRO CEDROS";"CUATRO CEDROS";"PESCADO";"1974";"69.05";"629";"Sistema Río Paraguay";"Cuencadel Río Bermejo Superior"
"CUATRO CEDROS";"CUATRO CEDROS";"PESCADO";"1975";"47.16";"629";"Sistema Río Paraguay";"Cuencadel Río Bermejo Superior"
"CUATRO CEDROS";"CUATRO CEDROS";"PESCADO";"1976";"53.87";"629";"Sistema Río Paraguay";"Cuencadel Río Bermejo Superior"
"CUATRO CEDROS";"CUATRO CEDROS";"PESCADO";"1977";"60.14";"629";"Sistema Río Paraguay";"Cuencadel Río Bermejo Superior"
"CUATRO CEDROS";"CUATRO CEDROS";"PESCADO";"1978";"52.65";"629";"Sistema Río Paraguay";"Cuencadel Río Bermejo Superior"
"CUATRO CEDROS";"CUATRO CEDROS";"PESCADO";"1979";"51.95";"629";"Sistema Río Paraguay";"Cuencadel Río Bermejo Superior"
"CUATRO CEDROS";"CUATRO CEDROS";"PESCADO";"1980";"77.91";"629";"Sistema Río Paraguay";"Cuencadel Río Bermejo Superior"
"CUATRO CEDROS";"CUATRO CEDROS";"PESCADO";"1981";"44.32";"629";"Sistema Río Paraguay";"Cuencadel Río Bermejo Superior"
"CUATRO CEDROS";"CUATRO CEDROS";"PESCADO";"1982";"58.39";"629";"Sistema Río Paraguay";"Cuencadel Río Bermejo Superior"
"CUATRO CEDROS";"CUATRO CEDROS";"PESCADO";"1983";"55.23";"629";"Sistema Río Paraguay";"Cuencadel Río Bermejo Superior"
"CUATRO CEDROS";"CUATRO CEDROS";"PESCADO";"1984";"89.59";"629";"Sistema Río Paraguay";"Cuencadel Río Bermejo Superior"
"CUATRO CEDROS";"CUATRO CEDROS";"PESCADO";"1985";"80.07";"629";"Sistema Río Paraguay";"Cuencadel Río Bermejo Superior"
"CUATRO CEDROS";"CUATRO CEDROS";"PESCADO";"1986";"59.28";"629";"Sistema Río Paraguay";"Cuencadel Río Bermejo Superior"
"CUATRO CEDROS";"CUATRO CEDROS";"PESCADO";"1987";"56.11";"629";"Sistema Río Paraguay";"Cuencadel Río Bermejo Superior"
"CUATRO CEDROS";"CUATRO CEDROS";"PESCADO";"1988";"55.29";"629";"Sistema Río Paraguay";"Cuencadel Río Bermejo Superior"
"CUATRO CEDROS";"CUATRO CEDROS";"PESCADO";"1989";"52.65";"629";"Sistema Río Paraguay";"Cuencadel Río Bermejo Superior"
"CUATRO CEDROS";"CUATRO CEDROS";"PESCADO";"1990";"63.89";"629";"Sistema Río Paraguay";"Cuencadel Río Bermejo Superior"
"CUATRO CEDROS";"CUATRO CEDROS";"PESCADO";"1991";"71.18";"629";"Sistema Río Paraguay";"Cuencadel Río Bermejo Superior"
"CUATRO CEDROS";"CUATRO CEDROS";"PESCADO";"1992";"55.44";"629";"Sistema Río Paraguay";"Cuencadel Río Bermejo Superior"
"CUATRO CEDROS";"CUATRO CEDROS";"PESCADO";"1993";"36.00";"629";"Sistema Río Paraguay";"Cuencadel Río Bermejo Superior"
"CUATRO CEDROS";"CUATRO CEDROS";"PESCADO";"1994";"47.24";"629";"Sistema Río Paraguay";"Cuencadel Río Bermejo Superior"
"CUATRO CEDROS";"CUATRO CEDROS";"PESCADO";"1995";"45.84";"629";"Sistema Río Paraguay";"Cuencadel Río Bermejo Superior"
"CUATRO CEDROS";"CUATRO CEDROS";"PESCADO";"1996";"57.82";"629";"Sistema Río Paraguay";"Cuencadel Río Bermejo Superior"
"CUATRO CEDROS";"CUATRO CEDROS";"PESCADO";"1997";"45.44";"629";"Sistema Río Paraguay";"Cuencadel Río Bermejo Superior"
"CUATRO CEDROS";"CUATRO CEDROS";"PESCADO";"1998";"45.48";"629";"Sistema Río Paraguay";"Cuencadel Río Bermejo Superior"
"CUATRO CEDROS";"CUATRO CEDROS";"PESCADO";"1999";"67.26";"629";"Sistema Río Paraguay";"Cuencadel Río Bermejo Superior"
"CUATRO CEDROS";"CUATRO CEDROS";"PESCADO";"2000";"58.26";"629";"Sistema Río Paraguay";"Cuencadel Río Bermejo Superior"
"CUATRO CEDROS";"CUATRO CEDROS";"PESCADO";"2001";"47.3";"629";"Sistema Río Paraguay";"Cuencadel Río Bermejo Superior"
"CUATRO CEDROS";"CUATRO CEDROS";"PESCADO";"2002";"62.65";"629";"Sistema Río Paraguay";"Cuencadel Río Bermejo Superior"
"CUATRO CEDROS";"CUATRO CEDROS";"PESCADO";"2003";"48.59";"629";"Sistema Río Paraguay";"Cuencadel Río Bermejo Superior"
"CUATRO CEDROS";"CUATRO CEDROS";"PESCADO";"2004";"48.6";"629";"Sistema Río Paraguay";"Cuencadel Río Bermejo Superior"
"CUATRO CEDROS";"CUATRO CEDROS";"PESCADO";"2005";"45.61";"629";"Sistema Río Paraguay";"Cuencadel Río Bermejo Superior"
"CUATRO CEDROS";"CUATRO CEDROS";"PESCADO";"2006";"74.55";"629";"Sistema Río Paraguay";"Cuencadel Río Bermejo Superior"
"CUATRO CEDROS";"CUATRO CEDROS";"PESCADO";"2007";"65.86";"629";"Sistema Río Paraguay";"Cuencadel Río Bermejo Superior"
"CUATRO CEDROS";"CUATRO CEDROS";"PESCADO";"2008";"72.17";"629";"Sistema Río Paraguay";"Cuencadel Río Bermejo Superior"
"CUATRO CEDROS";"CUATRO CEDROS";"PESCADO";"2009";"64.9";"629";"Sistema Río Paraguay";"Cuencadel Río Bermejo Superior"
"CUATRO CEDROS";"CUATRO CEDROS";"PESCADO";"2010";"51.16";"629";"Sistema Río Paraguay";"Cuencadel Río Bermejo Superior"
"CUATRO CEDROS";"CUATRO CEDROS";"PESCADO";"2011";"78.01";"629";"Sistema Río Paraguay";"Cuencadel Río Bermejo Superior"
"CUATRO CEDROS";"CUATRO CEDROS";"PESCADO";"2012";"52.4";"629";"Sistema Río Paraguay";"Cuencadel Río Bermejo Superior"
"CUATRO CEDROS";"CUATRO CEDROS";"PESCADO";"2013";"39.97";"629";"Sistema Río Paraguay";"Cuencadel Río Bermejo Superior"
"CUATRO CEDROS";"CUATRO CEDROS";"PESCADO";"2014";"46.77";"629";"Sistema Río Paraguay";"Cuencadel Río Bermejo Superior"
"CUATRO CEDROS";"CUATRO CEDROS";"PESCADO";"2015";"59.01";"629";"Sistema Río Paraguay";"Cuencadel Río Bermejo Superior"
"CUATRO CEDROS";"CUATRO CEDROS";"PESCADO";"2016";"46.71";"629";"Sistema Río Paraguay";"Cuencadel Río Bermejo Superior"
"CUATRO CEDROS";"CUATRO CEDROS";"PESCADO";"2017";"49.93";"629";"Sistema Río Paraguay";"Cuencadel Río Bermejo Superior"
"CUATRO CEDROS";"CUATRO CEDROS";"PESCADO";"2018";"81.75";"629";"Sistema Río Paraguay";"Cuencadel Río Bermejo Superior"
"CUATRO CEDROS";"CUATRO CEDROS";"PESCADO";"2019";"57.01";"629";"Sistema Río Paraguay";"Cuencadel Río Bermejo Superior"
"CUATRO CEDROS";"CUATRO CEDROS";"PESCADO";"2020";"52.71";"629";"Sistema Río Paraguay";"Cuencadel Río Bermejo Superior"
"LA PAZ";"LA PAZ";"PILCOMAYO";"1970";"177.24";"631";"Sistema Río Paraguay";"ParteArgentina de la Cuenca del Río Pilcomayo"
"LA PAZ";"LA PAZ";"PILCOMAYO";"1971";"192.8";"631";"Sistema Río Paraguay";"ParteArgentina de la Cuenca del Río Pilcomayo"
"LA PAZ";"LA PAZ";"PILCOMAYO";"1972";"146.52";"631";"Sistema Río Paraguay";"ParteArgentina de la Cuenca del Río Pilcomayo"
"LA PAZ";"LA PAZ";"PILCOMAYO";"1973";"164.1";"631";"Sistema Río Paraguay";"ParteArgentina de la Cuenca del Río Pilcomayo"
"LA PAZ";"LA PAZ";"PILCOMAYO";"1974";"278.05";"631";"Sistema Río Paraguay";"ParteArgentina de la Cuenca del Río Pilcomayo"
"LA PAZ";"LA PAZ";"PILCOMAYO";"1975";"240.66";"631";"Sistema Río Paraguay";"ParteArgentina de la Cuenca del Río Pilcomayo"
"LA PAZ";"LA PAZ";"PILCOMAYO";"1976";"178.87";"631";"Sistema Río Paraguay";"ParteArgentina de la Cuenca del Río Pilcomayo"
"LA PAZ";"LA PAZ";"PILCOMAYO";"1977";"194.02";"631";"Sistema Río Paraguay";"ParteArgentina de la Cuenca del Río Pilcomayo"
"LA PAZ";"LA PAZ";"PILCOMAYO";"1978";"251.44";"631";"Sistema Río Paraguay";"ParteArgentina de la Cuenca del Río Pilcomayo"
"LA PAZ";"LA PAZ";"PILCOMAYO";"1979";"356.64";"631";"Sistema Río Paraguay";"ParteArgentina de la Cuenca del Río Pilcomayo"
"LA PAZ";"LA PAZ";"PILCOMAYO";"1980";"180.88";"631";"Sistema Río Paraguay";"ParteArgentina de la Cuenca del Río Pilcomayo"
"LA PAZ";"LA PAZ";"PILCOMAYO";"1981";"299.36";"631";"Sistema Río Paraguay";"ParteArgentina de la Cuenca del Río Pilcomayo"
"LA PAZ";"LA PAZ";"PILCOMAYO";"1982";"290.98";"631";"Sistema Río Paraguay";"ParteArgentina de la Cuenca del Río Pilcomayo"
"LA PAZ";"LA PAZ";"PILCOMAYO";"1983";"77.71";"631";"Sistema Río Paraguay";"ParteArgentina de la Cuenca del Río Pilcomayo"
"LA PAZ";"LA PAZ";"PILCOMAYO";"1984";"508.66";"631";"Sistema Río Paraguay";"ParteArgentina de la Cuenca del Río Pilcomayo"
"LA PAZ";"LA PAZ";"PILCOMAYO";"1985";"346.39";"631";"Sistema Río Paraguay";"ParteArgentina de la Cuenca del Río Pilcomayo"
"LA PAZ";"LA PAZ";"PILCOMAYO";"1986";"368.2";"631";"Sistema Río Paraguay";"ParteArgentina de la Cuenca del Río Pilcomayo"
"LA PAZ";"LA PAZ";"PILCOMAYO";"1987";"229.27";"631";"Sistema Río Paraguay";"ParteArgentina de la Cuenca del Río Pilcomayo"
"LA PAZ";"LA PAZ";"PILCOMAYO";"1988";"249.6";"631";"Sistema Río Paraguay";"ParteArgentina de la Cuenca del Río Pilcomayo"
"LA PAZ";"LA PAZ";"PILCOMAYO";"1989";"140.9";"631";"Sistema Río Paraguay";"ParteArgentina de la Cuenca del Río Pilcomayo"
"LA PAZ";"LA PAZ";"PILCOMAYO";"1990";"137.88";"631";"Sistema Río Paraguay";"ParteArgentina de la Cuenca del Río Pilcomayo"
"LA PAZ";"LA PAZ";"PILCOMAYO";"1991";"206.1";"631";"Sistema Río Paraguay";"ParteArgentina de la Cuenca del Río Pilcomayo"
"LA PAZ";"LA PAZ";"PILCOMAYO";"1992";"168.12";"631";"Sistema Río Paraguay";"ParteArgentina de la Cuenca del Río Pilcomayo"
"LA PAZ";"LA PAZ";"PILCOMAYO";"1993";"151.23";"631";"Sistema Río Paraguay";"ParteArgentina de la Cuenca del Río Pilcomayo"
"LA PAZ";"LA PAZ";"PILCOMAYO";"1994";"145.07";"631";"Sistema Río Paraguay";"ParteArgentina de la Cuenca del Río Pilcomayo"
"LA PAZ";"LA PAZ";"PILCOMAYO";"1995";"166.61";"631";"Sistema Río Paraguay";"ParteArgentina de la Cuenca del Río Pilcomayo"
"LA PAZ";"LA PAZ";"PILCOMAYO";"1996";"143.44";"631";"Sistema Río Paraguay";"ParteArgentina de la Cuenca del Río Pilcomayo"
"LA PAZ";"LA PAZ";"PILCOMAYO";"1997";"290.88";"631";"Sistema Río Paraguay";"ParteArgentina de la Cuenca del Río Pilcomayo"
"LA PAZ";"LA PAZ";"PILCOMAYO";"1998";"112.74";"631";"Sistema Río Paraguay";"ParteArgentina de la Cuenca del Río Pilcomayo"
"LA PAZ";"LA PAZ";"PILCOMAYO";"1999";"228.77";"631";"Sistema Río Paraguay";"ParteArgentina de la Cuenca del Río Pilcomayo"
"LA PAZ";"LA PAZ";"PILCOMAYO";"2000";"201.97";"631";"Sistema Río Paraguay";"ParteArgentina de la Cuenca del Río Pilcomayo"
"LA PAZ";"LA PAZ";"PILCOMAYO";"2001";"299.12";"631";"Sistema Río Paraguay";"ParteArgentina de la Cuenca del Río Pilcomayo"
"LA PAZ";"LA PAZ";"PILCOMAYO";"2002";"159.25";"631";"Sistema Río Paraguay";"ParteArgentina de la Cuenca del Río Pilcomayo"
"LA PAZ";"LA PAZ";"PILCOMAYO";"2003";"189.27";"631";"Sistema Río Paraguay";"ParteArgentina de la Cuenca del Río Pilcomayo"
"LA PAZ";"LA PAZ";"PILCOMAYO";"2004";"222.87";"631";"Sistema Río Paraguay";"ParteArgentina de la Cuenca del Río Pilcomayo"
"LA PAZ";"LA PAZ";"PILCOMAYO";"2005";"191.02";"631";"Sistema Río Paraguay";"ParteArgentina de la Cuenca del Río Pilcomayo"
"LA PAZ";"LA PAZ";"PILCOMAYO";"2006";"334.4";"631";"Sistema Río Paraguay";"ParteArgentina de la Cuenca del Río Pilcomayo"
"LA PAZ";"LA PAZ";"PILCOMAYO";"2007";"255.92";"631";"Sistema Río Paraguay";"ParteArgentina de la Cuenca del Río Pilcomayo"
"LA PAZ";"LA PAZ";"PILCOMAYO";"2008";"329.75";"631";"Sistema Río Paraguay";"ParteArgentina de la Cuenca del Río Pilcomayo"
"LA PAZ";"LA PAZ";"PILCOMAYO";"2009";"251.09";"631";"Sistema Río Paraguay";"ParteArgentina de la Cuenca del Río Pilcomayo"
"LA PAZ";"LA PAZ";"PILCOMAYO";"2010";"155.71";"631";"Sistema Río Paraguay";"ParteArgentina de la Cuenca del Río Pilcomayo"
"LA PAZ";"LA PAZ";"PILCOMAYO";"2011";"227.58";"631";"Sistema Río Paraguay";"ParteArgentina de la Cuenca del Río Pilcomayo"
"LA PAZ";"LA PAZ";"PILCOMAYO";"2012";"312.74";"631";"Sistema Río Paraguay";"ParteArgentina de la Cuenca del Río Pilcomayo"
"LA PAZ";"LA PAZ";"PILCOMAYO";"2013";"191.94";"631";"Sistema Río Paraguay";"ParteArgentina de la Cuenca del Río Pilcomayo"
"LA PAZ";"LA PAZ";"PILCOMAYO";"2014";"239.54";"631";"Sistema Río Paraguay";"ParteArgentina de la Cuenca del Río Pilcomayo"
"LA PAZ";"LA PAZ";"PILCOMAYO";"2015";"251.25";"631";"Sistema Río Paraguay";"ParteArgentina de la Cuenca del Río Pilcomayo"
"LA PAZ";"LA PAZ";"PILCOMAYO";"2016";"124.15";"631";"Sistema Río Paraguay";"ParteArgentina de la Cuenca del Río Pilcomayo"
"LA PAZ";"LA PAZ";"PILCOMAYO";"2017";"129.77";"631";"Sistema Río Paraguay";"ParteArgentina de la Cuenca del Río Pilcomayo"
"LA PAZ";"LA PAZ";"PILCOMAYO";"2018";"455.57";"631";"Sistema Río Paraguay";"ParteArgentina de la Cuenca del Río Pilcomayo"
"LA PAZ";"LA PAZ";"PILCOMAYO";"2019";"289.23";"631";"Sistema Río Paraguay";"ParteArgentina de la Cuenca del Río Pilcomayo"
"LA PAZ";"LA PAZ";"PILCOMAYO";"2020";"185.57";"631";"Sistema Río Paraguay";"ParteArgentina de la Cuenca del Río Pilcomayo"
"ASTILLEROS";"ASTILLEROS";"TARIJA";"1970";"81.67";"638";"Sistema Río Paraguay";"Cuencadel Río Bermejo Superior"
"ASTILLEROS";"ASTILLEROS";"TARIJA";"1971";"112.25";"638";"Sistema Río Paraguay";"Cuencadel Río Bermejo Superior"
"ASTILLEROS";"ASTILLEROS";"TARIJA";"1972";"67.92";"638";"Sistema Río Paraguay";"Cuencadel Río Bermejo Superior"
"ASTILLEROS";"ASTILLEROS";"TARIJA";"1973";"103.83";"638";"Sistema Río Paraguay";"Cuencadel Río Bermejo Superior"
"ASTILLEROS";"ASTILLEROS";"TARIJA";"1974";"123.33";"638";"Sistema Río Paraguay";"Cuencadel Río Bermejo Superior"
"ASTILLEROS";"ASTILLEROS";"TARIJA";"1975";"85.83";"638";"Sistema Río Paraguay";"Cuencadel Río Bermejo Superior"
"ASTILLEROS";"ASTILLEROS";"TARIJA";"1976";"103.74";"638";"Sistema Río Paraguay";"Cuencadel Río Bermejo Superior"
"ASTILLEROS";"ASTILLEROS";"TARIJA";"1977";"93.5";"638";"Sistema Río Paraguay";"Cuencadel Río Bermejo Superior"
"ASTILLEROS";"ASTILLEROS";"TARIJA";"1978";"100.83";"638";"Sistema Río Paraguay";"Cuencadel Río Bermejo Superior"
"ASTILLEROS";"ASTILLEROS";"TARIJA";"1979";"161.83";"638";"Sistema Río Paraguay";"Cuencadel Río Bermejo Superior"
"ASTILLEROS";"ASTILLEROS";"TARIJA";"1980";"123.00";"638";"Sistema Río Paraguay";"Cuencadel Río Bermejo Superior"
"ASTILLEROS";"ASTILLEROS";"TARIJA";"1981";"130.21";"638";"Sistema Río Paraguay";"Cuencadel Río Bermejo Superior"
"ASTILLEROS";"ASTILLEROS";"TARIJA";"1982";"162.67";"638";"Sistema Río Paraguay";"Cuencadel Río Bermejo Superior"
"ASTILLEROS";"ASTILLEROS";"TARIJA";"1983";"50.00";"638";"Sistema Río Paraguay";"Cuencadel Río Bermejo Superior"
"ASTILLEROS";"ASTILLEROS";"TARIJA";"1984";"202.42";"638";"Sistema Río Paraguay";"Cuencadel Río Bermejo Superior"
"ASTILLEROS";"ASTILLEROS";"TARIJA";"1985";"205.25";"638";"Sistema Río Paraguay";"Cuencadel Río Bermejo Superior"
"EL ANGOSTO";"EL ANGOSTO";"ASTILLEROS";"1983";"2.47";"681";"Sistema Río Paraguay";"Cuencadel Río Bermejo Superior"
"EL ANGOSTO";"EL ANGOSTO";"ASTILLEROS";"1984";"12.83";"681";"Sistema Río Paraguay";"Cuencadel Río Bermejo Superior"
"EL ANGOSTO";"EL ANGOSTO";"ASTILLEROS";"1985";"10.17";"681";"Sistema Río Paraguay";"Cuencadel Río Bermejo Superior"
"EL ANGOSTO";"EL ANGOSTO";"ASTILLEROS";"1986";"9.38";"681";"Sistema Río Paraguay";"Cuencadel Río Bermejo Superior"
"EL ANGOSTO";"EL ANGOSTO";"ASTILLEROS";"1987";"9.55";"681";"Sistema Río Paraguay";"Cuencadel Río Bermejo Superior"
"EL ANGOSTO";"EL ANGOSTO";"ASTILLEROS";"1988";"12.64";"681";"Sistema Río Paraguay";"Cuencadel Río Bermejo Superior"
"FINCA AGROPECUARIA";"FINCA AGROPECUARIA";"JURAMENTO";"2001";"44.01";"686";"Sistema Río Paraná";"Cuencadel Río Pasaje o Salado"
"FINCA AGROPECUARIA";"FINCA AGROPECUARIA";"JURAMENTO";"2002";"37.55";"686";"Sistema Río Paraná";"Cuencadel Río Pasaje o Salado"
"FINCA AGROPECUARIA";"FINCA AGROPECUARIA";"JURAMENTO";"2003";"25.94";"686";"Sistema Río Paraná";"Cuencadel Río Pasaje o Salado"
"FINCA AGROPECUARIA";"FINCA AGROPECUARIA";"JURAMENTO";"2004";"29.09";"686";"Sistema Río Paraná";"Cuencadel Río Pasaje o Salado"
"FINCA AGROPECUARIA";"FINCA AGROPECUARIA";"JURAMENTO";"2005";"24.74";"686";"Sistema Río Paraná";"Cuencadel Río Pasaje o Salado"
"FINCA AGROPECUARIA";"FINCA AGROPECUARIA";"JURAMENTO";"2006";"26.04";"686";"Sistema Río Paraná";"Cuencadel Río Pasaje o Salado"
"FINCA AGROPECUARIA";"FINCA AGROPECUARIA";"JURAMENTO";"2007";"27.5";"686";"Sistema Río Paraná";"Cuencadel Río Pasaje o Salado"
"FINCA AGROPECUARIA";"FINCA AGROPECUARIA";"JURAMENTO";"2008";"53.47";"686";"Sistema Río Paraná";"Cuencadel Río Pasaje o Salado"
"FINCA AGROPECUARIA";"FINCA AGROPECUARIA";"JURAMENTO";"2009";"28.44";"686";"Sistema Río Paraná";"Cuencadel Río Pasaje o Salado"
"FINCA AGROPECUARIA";"FINCA AGROPECUARIA";"JURAMENTO";"2010";"44.26";"686";"Sistema Río Paraná";"Cuencadel Río Pasaje o Salado"
"FINCA AGROPECUARIA";"FINCA AGROPECUARIA";"JURAMENTO";"2011";"46.72";"686";"Sistema Río Paraná";"Cuencadel Río Pasaje o Salado"
"FINCA AGROPECUARIA";"FINCA AGROPECUARIA";"JURAMENTO";"2012";"52.6";"686";"Sistema Río Paraná";"Cuencadel Río Pasaje o Salado"
"FINCA AGROPECUARIA";"FINCA AGROPECUARIA";"JURAMENTO";"2013";"32.07";"686";"Sistema Río Paraná";"Cuencadel Río Pasaje o Salado"
"FINCA AGROPECUARIA";"FINCA AGROPECUARIA";"JURAMENTO";"2014";"1.31";"686";"Sistema Río Paraná";"Cuencadel Río Pasaje o Salado"
"FINCA AGROPECUARIA";"FINCA AGROPECUARIA";"JURAMENTO";"2015";"0.84";"686";"Sistema Río Paraná";"Cuencadel Río Pasaje o Salado"
"FINCA AGROPECUARIA";"FINCA AGROPECUARIA";"JURAMENTO";"2016";"1.29";"686";"Sistema Río Paraná";"Cuencadel Río Pasaje o Salado"
"FINCA AGROPECUARIA";"FINCA AGROPECUARIA";"JURAMENTO";"2017";"1.56";"686";"Sistema Río Paraná";"Cuencadel Río Pasaje o Salado"
"FINCA AGROPECUARIA";"FINCA AGROPECUARIA";"JURAMENTO";"2018";"1.22";"686";"Sistema Río Paraná";"Cuencadel Río Pasaje o Salado"
"FINCA AGROPECUARIA";"FINCA AGROPECUARIA";"JURAMENTO";"2019";"32.31";"686";"Sistema Río Paraná";"Cuencadel Río Pasaje o Salado"
"FINCA AGROPECUARIA";"FINCA AGROPECUARIA";"JURAMENTO";"2020";"35.98";"686";"Sistema Río Paraná";"Cuencadel Río Pasaje o Salado"
"POZO SARMIENTO";"POZO SARMIENTO";"BERMEJO";"1970";"230.62";"693";"Sistema Río Paraguay";"Cuencadel Río Bermejo Superior"
"POZO SARMIENTO";"POZO SARMIENTO";"BERMEJO";"1971";"264.37";"693";"Sistema Río Paraguay";"Cuencadel Río Bermejo Superior"
"POZO SARMIENTO";"POZO SARMIENTO";"BERMEJO";"1972";"226.68";"693";"Sistema Río Paraguay";"Cuencadel Río Bermejo Superior"
"POZO SARMIENTO";"POZO SARMIENTO";"BERMEJO";"1973";"324.6";"693";"Sistema Río Paraguay";"Cuencadel Río Bermejo Superior"
"POZO SARMIENTO";"POZO SARMIENTO";"BERMEJO";"1974";"464.82";"693";"Sistema Río Paraguay";"Cuencadel Río Bermejo Superior"
"POZO SARMIENTO";"POZO SARMIENTO";"BERMEJO";"1975";"332.18";"693";"Sistema Río Paraguay";"Cuencadel Río Bermejo Superior"
"POZO SARMIENTO";"POZO SARMIENTO";"BERMEJO";"1976";"408.39";"693";"Sistema Río Paraguay";"Cuencadel Río Bermejo Superior"
"POZO SARMIENTO";"POZO SARMIENTO";"BERMEJO";"1977";"424.33";"693";"Sistema Río Paraguay";"Cuencadel Río Bermejo Superior"
"POZO SARMIENTO";"POZO SARMIENTO";"BERMEJO";"1978";"374.87";"693";"Sistema Río Paraguay";"Cuencadel Río Bermejo Superior"
"POZO SARMIENTO";"POZO SARMIENTO";"BERMEJO";"1979";"505.03";"693";"Sistema Río Paraguay";"Cuencadel Río Bermejo Superior"
"POZO SARMIENTO";"POZO SARMIENTO";"BERMEJO";"1980";"455.35";"693";"Sistema Río Paraguay";"Cuencadel Río Bermejo Superior"
"POZO SARMIENTO";"POZO SARMIENTO";"BERMEJO";"1981";"659.37";"693";"Sistema Río Paraguay";"Cuencadel Río Bermejo Superior"
"POZO SARMIENTO";"POZO SARMIENTO";"BERMEJO";"1982";"574.77";"693";"Sistema Río Paraguay";"Cuencadel Río Bermejo Superior"
"POZO SARMIENTO";"POZO SARMIENTO";"BERMEJO";"1983";"255.65";"693";"Sistema Río Paraguay";"Cuencadel Río Bermejo Superior"
"POZO SARMIENTO";"POZO SARMIENTO";"BERMEJO";"1984";"658.62";"693";"Sistema Río Paraguay";"Cuencadel Río Bermejo Superior"
"POZO SARMIENTO";"POZO SARMIENTO";"BERMEJO";"1985";"520.73";"693";"Sistema Río Paraguay";"Cuencadel Río Bermejo Superior"
"POZO SARMIENTO";"POZO SARMIENTO";"BERMEJO";"1986";"571.71";"693";"Sistema Río Paraguay";"Cuencadel Río Bermejo Superior"
"POZO SARMIENTO";"POZO SARMIENTO";"BERMEJO";"1987";"267.17";"693";"Sistema Río Paraguay";"Cuencadel Río Bermejo Superior"
"POZO SARMIENTO";"POZO SARMIENTO";"BERMEJO";"1988";"413.41";"693";"Sistema Río Paraguay";"Cuencadel Río Bermejo Superior"
"POZO SARMIENTO";"POZO SARMIENTO";"BERMEJO";"1989";"268.43";"693";"Sistema Río Paraguay";"Cuencadel Río Bermejo Superior"
"POZO SARMIENTO";"POZO SARMIENTO";"BERMEJO";"1990";"353.76";"693";"Sistema Río Paraguay";"Cuencadel Río Bermejo Superior"
"POZO SARMIENTO";"POZO SARMIENTO";"BERMEJO";"1991";"568.75";"693";"Sistema Río Paraguay";"Cuencadel Río Bermejo Superior"
"POZO SARMIENTO";"POZO SARMIENTO";"BERMEJO";"1992";"390.13";"693";"Sistema Río Paraguay";"Cuencadel Río Bermejo Superior"
"POZO SARMIENTO";"POZO SARMIENTO";"BERMEJO";"1993";"302.00";"693";"Sistema Río Paraguay";"Cuencadel Río Bermejo Superior"
"POZO SARMIENTO";"POZO SARMIENTO";"BERMEJO";"1994";"351.79";"693";"Sistema Río Paraguay";"Cuencadel Río Bermejo Superior"
"POZO SARMIENTO";"POZO SARMIENTO";"BERMEJO";"1995";"360.61";"693";"Sistema Río Paraguay";"Cuencadel Río Bermejo Superior"
"POZO SARMIENTO";"POZO SARMIENTO";"BERMEJO";"1996";"390.33";"693";"Sistema Río Paraguay";"Cuencadel Río Bermejo Superior"
"POZO SARMIENTO";"POZO SARMIENTO";"BERMEJO";"1997";"389.85";"693";"Sistema Río Paraguay";"Cuencadel Río Bermejo Superior"
"POZO SARMIENTO";"POZO SARMIENTO";"BERMEJO";"1998";"287.77";"693";"Sistema Río Paraguay";"Cuencadel Río Bermejo Superior"
"POZO SARMIENTO";"POZO SARMIENTO";"BERMEJO";"1999";"515.04";"693";"Sistema Río Paraguay";"Cuencadel Río Bermejo Superior"
"POZO SARMIENTO";"POZO SARMIENTO";"BERMEJO";"2000";"529.05";"693";"Sistema Río Paraguay";"Cuencadel Río Bermejo Superior"
"POZO SARMIENTO";"POZO SARMIENTO";"BERMEJO";"2001";"400.67";"693";"Sistema Río Paraguay";"Cuencadel Río Bermejo Superior"
"POZO SARMIENTO";"POZO SARMIENTO";"BERMEJO";"2002";"437.93";"693";"Sistema Río Paraguay";"Cuencadel Río Bermejo Superior"
"POZO SARMIENTO";"POZO SARMIENTO";"BERMEJO";"2003";"435.26";"693";"Sistema Río Paraguay";"Cuencadel Río Bermejo Superior"
"POZO SARMIENTO";"POZO SARMIENTO";"BERMEJO";"2004";"397.73";"693";"Sistema Río Paraguay";"Cuencadel Río Bermejo Superior"
"POZO SARMIENTO";"POZO SARMIENTO";"BERMEJO";"2005";"337.8";"693";"Sistema Río Paraguay";"Cuencadel Río Bermejo Superior"
"POZO SARMIENTO";"POZO SARMIENTO";"BERMEJO";"2006";"653.74";"693";"Sistema Río Paraguay";"Cuencadel Río Bermejo Superior"
"POZO SARMIENTO";"POZO SARMIENTO";"BERMEJO";"2007";"521.2";"693";"Sistema Río Paraguay";"Cuencadel Río Bermejo Superior"
"POZO SARMIENTO";"POZO SARMIENTO";"BERMEJO";"2008";"619.46";"693";"Sistema Río Paraguay";"Cuencadel Río Bermejo Superior"
"POZO SARMIENTO";"POZO SARMIENTO";"BERMEJO";"2009";"495.68";"693";"Sistema Río Paraguay";"Cuencadel Río Bermejo Superior"
"POZO SARMIENTO";"POZO SARMIENTO";"BERMEJO";"2010";"392.39";"693";"Sistema Río Paraguay";"Cuencadel Río Bermejo Superior"
"POZO SARMIENTO";"POZO SARMIENTO";"BERMEJO";"2011";"586.49";"693";"Sistema Río Paraguay";"Cuencadel Río Bermejo Superior"
"POZO SARMIENTO";"POZO SARMIENTO";"BERMEJO";"2012";"439.69";"693";"Sistema Río Paraguay";"Cuencadel Río Bermejo Superior"
"POZO SARMIENTO";"POZO SARMIENTO";"BERMEJO";"2013";"307.15";"693";"Sistema Río Paraguay";"Cuencadel Río Bermejo Superior"
"POZO SARMIENTO";"POZO SARMIENTO";"BERMEJO";"2014";"389.49";"693";"Sistema Río Paraguay";"Cuencadel Río Bermejo Superior"
"POZO SARMIENTO";"POZO SARMIENTO";"BERMEJO";"2015";"548.68";"693";"Sistema Río Paraguay";"Cuencadel Río Bermejo Superior"
"POZO SARMIENTO";"POZO SARMIENTO";"BERMEJO";"2016";"342.24";"693";"Sistema Río Paraguay";"Cuencadel Río Bermejo Superior"
"POZO SARMIENTO";"POZO SARMIENTO";"BERMEJO";"2017";"314.32";"693";"Sistema Río Paraguay";"Cuencadel Río Bermejo Superior"
"POZO SARMIENTO";"POZO SARMIENTO";"BERMEJO";"2018";"590.59";"693";"Sistema Río Paraguay";"Cuencadel Río Bermejo Superior"
"POZO SARMIENTO";"POZO SARMIENTO";"BERMEJO";"2019";"317.11";"693";"Sistema Río Paraguay";"Cuencadel Río Bermejo Superior"
"POZO SARMIENTO";"POZO SARMIENTO";"BERMEJO";"2020";"260.48";"693";"Sistema Río Paraguay";"Cuencadel Río Bermejo Superior"
"EL QUEBRACHAL";"EL QUEBRACHAL";"JURAMENTO";"2001";"42.64";"695";"Sistema Río Paraná";"Cuencadel Río Pasaje o Salado"
"EL QUEBRACHAL";"EL QUEBRACHAL";"JURAMENTO";"2002";"34.82";"695";"Sistema Río Paraná";"Cuencadel Río Pasaje o Salado"
"EL QUEBRACHAL";"EL QUEBRACHAL";"JURAMENTO";"2003";"22.9";"695";"Sistema Río Paraná";"Cuencadel Río Pasaje o Salado"
"EL QUEBRACHAL";"EL QUEBRACHAL";"JURAMENTO";"2004";"23.67";"695";"Sistema Río Paraná";"Cuencadel Río Pasaje o Salado"
"EL QUEBRACHAL";"EL QUEBRACHAL";"JURAMENTO";"2005";"19.49";"695";"Sistema Río Paraná";"Cuencadel Río Pasaje o Salado"
"EL QUEBRACHAL";"EL QUEBRACHAL";"JURAMENTO";"2006";"24.08";"695";"Sistema Río Paraná";"Cuencadel Río Pasaje o Salado"
"EL QUEBRACHAL";"EL QUEBRACHAL";"JURAMENTO";"2007";"25.87";"695";"Sistema Río Paraná";"Cuencadel Río Pasaje o Salado"
"EL QUEBRACHAL";"EL QUEBRACHAL";"JURAMENTO";"2008";"54.37";"695";"Sistema Río Paraná";"Cuencadel Río Pasaje o Salado"
"EL QUEBRACHAL";"EL QUEBRACHAL";"JURAMENTO";"2009";"29.6";"695";"Sistema Río Paraná";"Cuencadel Río Pasaje o Salado"
"EL QUEBRACHAL";"EL QUEBRACHAL";"JURAMENTO";"2010";"38.52";"695";"Sistema Río Paraná";"Cuencadel Río Pasaje o Salado"
"EL QUEBRACHAL";"EL QUEBRACHAL";"JURAMENTO";"2011";"63.3";"695";"Sistema Río Paraná";"Cuencadel Río Pasaje o Salado"
"EL QUEBRACHAL";"EL QUEBRACHAL";"JURAMENTO";"2012";"47.81";"695";"Sistema Río Paraná";"Cuencadel Río Pasaje o Salado"
"EL QUEBRACHAL";"EL QUEBRACHAL";"JURAMENTO";"2013";"25.41";"695";"Sistema Río Paraná";"Cuencadel Río Pasaje o Salado"
"EL QUEBRACHAL";"EL QUEBRACHAL";"JURAMENTO";"2014";"22.53";"695";"Sistema Río Paraná";"Cuencadel Río Pasaje o Salado"
"EL QUEBRACHAL";"EL QUEBRACHAL";"JURAMENTO";"2015";"38.14";"695";"Sistema Río Paraná";"Cuencadel Río Pasaje o Salado"
"EL QUEBRACHAL";"EL QUEBRACHAL";"JURAMENTO";"2016";"37.69";"695";"Sistema Río Paraná";"Cuencadel Río Pasaje o Salado"
"EL QUEBRACHAL";"EL QUEBRACHAL";"JURAMENTO";"2017";"34.03";"695";"Sistema Río Paraná";"Cuencadel Río Pasaje o Salado"
"EL QUEBRACHAL";"EL QUEBRACHAL";"JURAMENTO";"2018";"25.09";"695";"Sistema Río Paraná";"Cuencadel Río Pasaje o Salado"
"EL QUEBRACHAL";"EL QUEBRACHAL";"JURAMENTO";"2019";"30.79";"695";"Sistema Río Paraná";"Cuencadel Río Pasaje o Salado"
"EL QUEBRACHAL";"EL QUEBRACHAL";"JURAMENTO";"2020";"30.05";"695";"Sistema Río Paraná";"Cuencadel Río Pasaje o Salado"
"EL ARENAL";"EL ARENAL";"SALADO";"1970";"9.17";"803";"Sistema Río Paraná";"Cuencadel Río Pasaje o Salado"
"EL ARENAL";"EL ARENAL";"SALADO";"1971";"13.9";"803";"Sistema Río Paraná";"Cuencadel Río Pasaje o Salado"
"EL ARENAL";"EL ARENAL";"SALADO";"1972";"7.71";"803";"Sistema Río Paraná";"Cuencadel Río Pasaje o Salado"
"EL ARENAL";"EL ARENAL";"SALADO";"1973";"5.59";"803";"Sistema Río Paraná";"Cuencadel Río Pasaje o Salado"
"EL ARENAL";"EL ARENAL";"SALADO";"1974";"20.11";"803";"Sistema Río Paraná";"Cuencadel Río Pasaje o Salado"
"EL ARENAL";"EL ARENAL";"SALADO";"1975";"17.02";"803";"Sistema Río Paraná";"Cuencadel Río Pasaje o Salado"
"EL ARENAL";"EL ARENAL";"SALADO";"1976";"24.55";"803";"Sistema Río Paraná";"Cuencadel Río Pasaje o Salado"
"EL ARENAL";"EL ARENAL";"SALADO";"1977";"16.07";"803";"Sistema Río Paraná";"Cuencadel Río Pasaje o Salado"
"EL ARENAL";"EL ARENAL";"SALADO";"1978";"32.47";"803";"Sistema Río Paraná";"Cuencadel Río Pasaje o Salado"
"EL ARENAL";"EL ARENAL";"SALADO";"1979";"48.98";"803";"Sistema Río Paraná";"Cuencadel Río Pasaje o Salado"
"EL ARENAL";"EL ARENAL";"SALADO";"1980";"34.91";"803";"Sistema Río Paraná";"Cuencadel Río Pasaje o Salado"
"EL ARENAL";"EL ARENAL";"SALADO";"1981";"58.47";"803";"Sistema Río Paraná";"Cuencadel Río Pasaje o Salado"
"EL ARENAL";"EL ARENAL";"SALADO";"1982";"36.35";"803";"Sistema Río Paraná";"Cuencadel Río Pasaje o Salado"
"EL ARENAL";"EL ARENAL";"SALADO";"1983";"30.91";"803";"Sistema Río Paraná";"Cuencadel Río Pasaje o Salado"
"EL ARENAL";"EL ARENAL";"SALADO";"1984";"71.58";"803";"Sistema Río Paraná";"Cuencadel Río Pasaje o Salado"
"EL ARENAL";"EL ARENAL";"SALADO";"1985";"62.68";"803";"Sistema Río Paraná";"Cuencadel Río Pasaje o Salado"
"EL ARENAL";"EL ARENAL";"SALADO";"2009";"39.54";"803";"Sistema Río Paraná";"Cuencadel Río Pasaje o Salado"
"EL ARENAL";"EL ARENAL";"SALADO";"2010";"36.83";"803";"Sistema Río Paraná";"Cuencadel Río Pasaje o Salado"
"EL ARENAL";"EL ARENAL";"SALADO";"2011";"60.51";"803";"Sistema Río Paraná";"Cuencadel Río Pasaje o Salado"
"EL ARENAL";"EL ARENAL";"SALADO";"2012";"42.02";"803";"Sistema Río Paraná";"Cuencadel Río Pasaje o Salado"
"EL ARENAL";"EL ARENAL";"SALADO";"2013";"13.21";"803";"Sistema Río Paraná";"Cuencadel Río Pasaje o Salado"
"EL ARENAL";"EL ARENAL";"SALADO";"2014";"14.24";"803";"Sistema Río Paraná";"Cuencadel Río Pasaje o Salado"
"EL ARENAL";"EL ARENAL";"SALADO";"2015";"28.00";"803";"Sistema Río Paraná";"Cuencadel Río Pasaje o Salado"
"EL ARENAL";"EL ARENAL";"SALADO";"2016";"26.49";"803";"Sistema Río Paraná";"Cuencadel Río Pasaje o Salado"
"EL ARENAL";"EL ARENAL";"SALADO";"2017";"22.84";"803";"Sistema Río Paraná";"Cuencadel Río Pasaje o Salado"
"EL ARENAL";"EL ARENAL";"SALADO";"2018";"14.85";"803";"Sistema Río Paraná";"Cuencadel Río Pasaje o Salado"
"EL ARENAL";"EL ARENAL";"SALADO";"2019";"21.48";"803";"Sistema Río Paraná";"Cuencadel Río Pasaje o Salado"
"EL ARENAL";"EL ARENAL";"SALADO";"2020";"18.01";"803";"Sistema Río Paraná";"Cuencadel Río Pasaje o Salado"
"CANAL DE DIOS";"CANAL DE DIOS";"SALADO";"2001";"33.93";"810";"Sistema Río Paraná";"Cuencadel Río Pasaje o Salado"
"CANAL DE DIOS";"CANAL DE DIOS";"SALADO";"2002";"26.03";"810";"Sistema Río Paraná";"Cuencadel Río Pasaje o Salado"
"CANAL DE DIOS";"CANAL DE DIOS";"SALADO";"2003";"13.28";"810";"Sistema Río Paraná";"Cuencadel Río Pasaje o Salado"
"CANAL DE DIOS";"CANAL DE DIOS";"SALADO";"2004";"10.8";"810";"Sistema Río Paraná";"Cuencadel Río Pasaje o Salado"
"CANAL DE DIOS";"CANAL DE DIOS";"SALADO";"2005";"6.77";"810";"Sistema Río Paraná";"Cuencadel Río Pasaje o Salado"
"CANAL DE DIOS";"CANAL DE DIOS";"SALADO";"2006";"9.17";"810";"Sistema Río Paraná";"Cuencadel Río Pasaje o Salado"
"CANAL DE DIOS";"CANAL DE DIOS";"SALADO";"2007";"16.36";"810";"Sistema Río Paraná";"Cuencadel Río Pasaje o Salado"
"CANAL DE DIOS";"CANAL DE DIOS";"SALADO";"2008";"35.14";"810";"Sistema Río Paraná";"Cuencadel Río Pasaje o Salado"
"CANAL DE DIOS";"CANAL DE DIOS";"SALADO";"2009";"15.33";"810";"Sistema Río Paraná";"Cuencadel Río Pasaje o Salado"
"CANAL DE DIOS";"CANAL DE DIOS";"SALADO";"2010";"31.24";"810";"Sistema Río Paraná";"Cuencadel Río Pasaje o Salado"
"CANAL DE DIOS";"CANAL DE DIOS";"SALADO";"2011";"35.42";"810";"Sistema Río Paraná";"Cuencadel Río Pasaje o Salado"
"CANAL DE DIOS";"CANAL DE DIOS";"SALADO";"2012";"41.61";"810";"Sistema Río Paraná";"Cuencadel Río Pasaje o Salado"
"CANAL DE DIOS";"CANAL DE DIOS";"SALADO";"2013";"17.88";"810";"Sistema Río Paraná";"Cuencadel Río Pasaje o Salado"
"CANAL DE DIOS";"CANAL DE DIOS";"SALADO";"2014";"15.06";"810";"Sistema Río Paraná";"Cuencadel Río Pasaje o Salado"
"CANAL DE DIOS";"CANAL DE DIOS";"SALADO";"2015";"33.98";"810";"Sistema Río Paraná";"Cuencadel Río Pasaje o Salado"
"CANAL DE DIOS";"CANAL DE DIOS";"SALADO";"2016";"35.53";"810";"Sistema Río Paraná";"Cuencadel Río Pasaje o Salado"
"CANAL DE DIOS";"CANAL DE DIOS";"SALADO";"2017";"31.36";"810";"Sistema Río Paraná";"Cuencadel Río Pasaje o Salado"
"CANAL DE DIOS";"CANAL DE DIOS";"SALADO";"2018";"19.74";"810";"Sistema Río Paraná";"Cuencadel Río Pasaje o Salado"
"CANAL DE DIOS";"CANAL DE DIOS";"SALADO";"2019";"24.49";"810";"Sistema Río Paraná";"Cuencadel Río Pasaje o Salado"
"CANAL DE DIOS";"CANAL DE DIOS";"SALADO";"2020";"11.39";"810";"Sistema Río Paraná";"Cuencadel Río Pasaje o Salado"
"CANAL DE DIOS";"CANAL DE DIOS";"SALADO";"2014";"2.25";"815";"Sistema Río Paraná";"Cuencadel Río Pasaje o Salado"
"CANAL DE DIOS";"CANAL DE DIOS";"SALADO";"2015";"1.76";"815";"Sistema Río Paraná";"Cuencadel Río Pasaje o Salado"
"CANAL DE DIOS";"CANAL DE DIOS";"SALADO";"2016";"2.01";"815";"Sistema Río Paraná";"Cuencadel Río Pasaje o Salado"
"CANAL DE DIOS";"CANAL DE DIOS";"SALADO";"2017";"1.52";"815";"Sistema Río Paraná";"Cuencadel Río Pasaje o Salado"
"CANAL DE DIOS";"CANAL DE DIOS";"SALADO";"2018";"1.6";"815";"Sistema Río Paraná";"Cuencadel Río Pasaje o Salado"
"CANAL DE DIOS";"CANAL DE DIOS";"SALADO";"2019";"1.22";"815";"Sistema Río Paraná";"Cuencadel Río Pasaje o Salado"
"CANAL DE DIOS";"CANAL DE DIOS";"SALADO";"2020";"2.33";"815";"Sistema Río Paraná";"Cuencadel Río Pasaje o Salado"
"PINTO";"PINTO";"SALADO";"2009";"3.77";"816";"Sistema Río Paraná";"Cuencadel Río Pasaje o Salado"
"PINTO";"PINTO";"SALADO";"2010";"13.02";"816";"Sistema Río Paraná";"Cuencadel Río Pasaje o Salado"
"PINTO";"PINTO";"SALADO";"2011";"19.9";"816";"Sistema Río Paraná";"Cuencadel Río Pasaje o Salado"
"PINTO";"PINTO";"SALADO";"2012";"13.2";"816";"Sistema Río Paraná";"Cuencadel Río Pasaje o Salado"
"PINTO";"PINTO";"SALADO";"2013";"4.69";"816";"Sistema Río Paraná";"Cuencadel Río Pasaje o Salado"
"PINTO";"PINTO";"SALADO";"2014";"4.84";"816";"Sistema Río Paraná";"Cuencadel Río Pasaje o Salado"
"PINTO";"PINTO";"SALADO";"2015";"18.06";"816";"Sistema Río Paraná";"Cuencadel Río Pasaje o Salado"
"PINTO";"PINTO";"SALADO";"2016";"18.86";"816";"Sistema Río Paraná";"Cuencadel Río Pasaje o Salado"
"PINTO";"PINTO";"SALADO";"2017";"23.86";"816";"Sistema Río Paraná";"Cuencadel Río Pasaje o Salado"
"PINTO";"PINTO";"SALADO";"2018";"7.29";"816";"Sistema Río Paraná";"Cuencadel Río Pasaje o Salado"
"PINTO";"PINTO";"SALADO";"2019";"27.95";"816";"Sistema Río Paraná";"Cuencadel Río Pasaje o Salado"
"PINTO";"PINTO";"SALADO";"2020";"8.71";"816";"Sistema Río Paraná";"Cuencadel Río Pasaje o Salado"
"CHAÑARMUYO";"CHAÑARMUYO";"CHAÑARMUYO";"1970";"0.64";"1002";"Sistema Var ias Cerradas";"Cuencadel Río Abaucán"
"CHAÑARMUYO";"CHAÑARMUYO";"CHAÑARMUYO";"1971";"0.22";"1002";"Sistema Var ias Cerradas";"Cuencadel Río Abaucán"
"CHAÑARMUYO";"CHAÑARMUYO";"CHAÑARMUYO";"1972";"0.4";"1002";"Sistema Var ias Cerradas";"Cuencadel Río Abaucán"
"CHAÑARMUYO";"CHAÑARMUYO";"CHAÑARMUYO";"1973";"0.25";"1002";"Sistema Var ias Cerradas";"Cuencadel Río Abaucán"
"CHAÑARMUYO";"CHAÑARMUYO";"CHAÑARMUYO";"1974";"0.35";"1002";"Sistema Var ias Cerradas";"Cuencadel Río Abaucán"
"CHAÑARMUYO";"CHAÑARMUYO";"CHAÑARMUYO";"1975";"0.36";"1002";"Sistema Var ias Cerradas";"Cuencadel Río Abaucán"
"CHAÑARMUYO";"CHAÑARMUYO";"CHAÑARMUYO";"1976";"0.32";"1002";"Sistema Var ias Cerradas";"Cuencadel Río Abaucán"
"CHAÑARMUYO";"CHAÑARMUYO";"CHAÑARMUYO";"1977";"0.45";"1002";"Sistema Var ias Cerradas";"Cuencadel Río Abaucán"
"CHAÑARMUYO";"CHAÑARMUYO";"CHAÑARMUYO";"1978";"0.3";"1002";"Sistema Var ias Cerradas";"Cuencadel Río Abaucán"
"CHAÑARMUYO";"CHAÑARMUYO";"CHAÑARMUYO";"1979";"0.64";"1002";"Sistema Var ias Cerradas";"Cuencadel Río Abaucán"
"CHAÑARMUYO";"CHAÑARMUYO";"CHAÑARMUYO";"1980";"0.51";"1002";"Sistema Var ias Cerradas";"Cuencadel Río Abaucán"
"CHAÑARMUYO";"CHAÑARMUYO";"CHAÑARMUYO";"1981";"0.57";"1002";"Sistema Var ias Cerradas";"Cuencadel Río Abaucán"
"CHILECITO";"CHILECITO";"DURAZNO";"1970";"0.67";"1003";"Sistema Ser rano";"CuencaVarias del Velazco"
"CHILECITO";"CHILECITO";"DURAZNO";"1971";"0.51";"1003";"Sistema Ser rano";"CuencaVarias del Velazco"
"CHILECITO";"CHILECITO";"DURAZNO";"1972";"0.61";"1003";"Sistema Ser rano";"CuencaVarias del Velazco"
"CHILECITO";"CHILECITO";"DURAZNO";"1973";"0.52";"1003";"Sistema Ser rano";"CuencaVarias del Velazco"
"CHILECITO";"CHILECITO";"DURAZNO";"1974";"0.65";"1003";"Sistema Ser rano";"CuencaVarias del Velazco"
"CHILECITO";"CHILECITO";"DURAZNO";"1975";"0.6";"1003";"Sistema Ser rano";"CuencaVarias del Velazco"
"CHILECITO";"CHILECITO";"DURAZNO";"1976";"0.55";"1003";"Sistema Ser rano";"CuencaVarias del Velazco"
"CHILECITO";"CHILECITO";"DURAZNO";"1977";"0.7";"1003";"Sistema Ser rano";"CuencaVarias del Velazco"
"CHILECITO";"CHILECITO";"DURAZNO";"1978";"1.16";"1003";"Sistema Ser rano";"CuencaVarias del Velazco"
"CHILECITO";"CHILECITO";"DURAZNO";"1979";"1.83";"1003";"Sistema Ser rano";"CuencaVarias del Velazco"
"CHILECITO";"CHILECITO";"DURAZNO";"1980";"1.27";"1003";"Sistema Ser rano";"CuencaVarias del Velazco"
"CHILECITO";"CHILECITO";"DURAZNO";"1981";"1.61";"1003";"Sistema Ser rano";"CuencaVarias del Velazco"
"CHILECITO";"CHILECITO";"DURAZNO";"1982";"1.82";"1003";"Sistema Ser rano";"CuencaVarias del Velazco"
"CHILECITO";"CHILECITO";"DURAZNO";"2017";"0.03";"1003";"Sistema Ser rano";"CuencaVarias del Velazco"
"CHILECITO";"CHILECITO";"DURAZNO";"2018";"0.14";"1003";"Sistema Ser rano";"CuencaVarias del Velazco"
"CHILECITO";"CHILECITO";"DURAZNO";"2019";"0.065";"1003";"Sistema Ser rano";"CuencaVarias del Velazco"
"CHILECITO";"CHILECITO";"DURAZNO";"2020";"0.031";"1003";"Sistema Ser rano";"CuencaVarias del Velazco"
"FAMATINA";"FAMATINA";"FAMATINA";"1970";"0.83";"1004";"Sistema Var ias Cerradas";"CuencaVarias del Velazco"
"FAMATINA";"FAMATINA";"FAMATINA";"1971";"0.76";"1004";"Sistema Var ias Cerradas";"CuencaVarias del Velazco"
"FAMATINA";"FAMATINA";"FAMATINA";"1972";"0.84";"1004";"Sistema Var ias Cerradas";"CuencaVarias del Velazco"
"FAMATINA";"FAMATINA";"FAMATINA";"1973";"0.68";"1004";"Sistema Var ias Cerradas";"CuencaVarias del Velazco"
"FAMATINA";"FAMATINA";"FAMATINA";"1974";"0.8";"1004";"Sistema Var ias Cerradas";"CuencaVarias del Velazco"
"FAMATINA";"FAMATINA";"FAMATINA";"1975";"0.77";"1004";"Sistema Var ias Cerradas";"CuencaVarias del Velazco"
"FAMATINA";"FAMATINA";"FAMATINA";"1976";"0.95";"1004";"Sistema Var ias Cerradas";"CuencaVarias del Velazco"
"FAMATINA";"FAMATINA";"FAMATINA";"1977";"0.7";"1004";"Sistema Var ias Cerradas";"CuencaVarias del Velazco"
"FAMATINA";"FAMATINA";"FAMATINA";"1978";"0.81";"1004";"Sistema Var ias Cerradas";"CuencaVarias del Velazco"
"FAMATINA";"FAMATINA";"FAMATINA";"1979";"1.03";"1004";"Sistema Var ias Cerradas";"CuencaVarias del Velazco"
"FAMATINA";"FAMATINA";"FAMATINA";"1980";"0.91";"1004";"Sistema Var ias Cerradas";"CuencaVarias del Velazco"
"FAMATINA";"FAMATINA";"FAMATINA";"1981";"0.81";"1004";"Sistema Var ias Cerradas";"CuencaVarias del Velazco"
"FAMATINA";"FAMATINA";"FAMATINA";"1982";"0.87";"1004";"Sistema Var ias Cerradas";"CuencaVarias del Velazco"
"MIRANDA";"MIRANDA";"MIRANDA";"1970";"0.97";"1005";"Sistema Var ias Cerradas";"CuencaVarias del Velazco"
"MIRANDA";"MIRANDA";"MIRANDA";"1971";"0.34";"1005";"Sistema Var ias Cerradas";"CuencaVarias del Velazco"
"MIRANDA";"MIRANDA";"MIRANDA";"1972";"0.55";"1005";"Sistema Var ias Cerradas";"CuencaVarias del Velazco"
"MIRANDA";"MIRANDA";"MIRANDA";"1973";"0.37";"1005";"Sistema Var ias Cerradas";"CuencaVarias del Velazco"
"MIRANDA";"MIRANDA";"MIRANDA";"1974";"0.36";"1005";"Sistema Var ias Cerradas";"CuencaVarias del Velazco"
"MIRANDA";"MIRANDA";"MIRANDA";"1975";"0.43";"1005";"Sistema Var ias Cerradas";"CuencaVarias del Velazco"
"MIRANDA";"MIRANDA";"MIRANDA";"1976";"0.44";"1005";"Sistema Var ias Cerradas";"CuencaVarias del Velazco"
"MIRANDA";"MIRANDA";"MIRANDA";"1977";"0.33";"1005";"Sistema Var ias Cerradas";"CuencaVarias del Velazco"
"MIRANDA";"MIRANDA";"MIRANDA";"1978";"0.36";"1005";"Sistema Var ias Cerradas";"CuencaVarias del Velazco"
"MIRANDA";"MIRANDA";"MIRANDA";"1979";"0.74";"1005";"Sistema Var ias Cerradas";"CuencaVarias del Velazco"
"MIRANDA";"MIRANDA";"MIRANDA";"1980";"0.67";"1005";"Sistema Var ias Cerradas";"CuencaVarias del Velazco"
"MIRANDA";"MIRANDA";"MIRANDA";"1981";"0.44";"1005";"Sistema Var ias Cerradas";"CuencaVarias del Velazco"
"DIQUE LOS INDIOS";"DIQUE LOS INDIOS";"HUACO";"1971";"1.62";"1006";"Sistema Var ias Cerradas";"Cuencadel Río Abaucán"
"DIQUE LOS INDIOS";"DIQUE LOS INDIOS";"HUACO";"1972";"0.4";"1006";"Sistema Var ias Cerradas";"Cuencadel Río Abaucán"
"DIQUE LOS INDIOS";"DIQUE LOS INDIOS";"HUACO";"1973";"0.52";"1006";"Sistema Var ias Cerradas";"Cuencadel Río Abaucán"
"DIQUE LOS INDIOS";"DIQUE LOS INDIOS";"HUACO";"1974";"0.36";"1006";"Sistema Var ias Cerradas";"Cuencadel Río Abaucán"
"DIQUE LOS INDIOS";"DIQUE LOS INDIOS";"HUACO";"1975";"0.34";"1006";"Sistema Var ias Cerradas";"Cuencadel Río Abaucán"
"DIQUE LOS INDIOS";"DIQUE LOS INDIOS";"HUACO";"1976";"0.34";"1006";"Sistema Var ias Cerradas";"Cuencadel Río Abaucán"
"DIQUE LOS INDIOS";"DIQUE LOS INDIOS";"HUACO";"1977";"0.44";"1006";"Sistema Var ias Cerradas";"Cuencadel Río Abaucán"
"DIQUE LOS INDIOS";"DIQUE LOS INDIOS";"HUACO";"1978";"0.79";"1006";"Sistema Var ias Cerradas";"Cuencadel Río Abaucán"
"DIQUE LOS INDIOS";"DIQUE LOS INDIOS";"HUACO";"1979";"2.12";"1006";"Sistema Var ias Cerradas";"Cuencadel Río Abaucán"
"DIQUE LOS INDIOS";"DIQUE LOS INDIOS";"HUACO";"1980";"1.04";"1006";"Sistema Var ias Cerradas";"Cuencadel Río Abaucán"
"DIQUE LOS INDIOS";"DIQUE LOS INDIOS";"HUACO";"1981";"1.09";"1006";"Sistema Var ias Cerradas";"Cuencadel Río Abaucán"
"DIQUE ANZULON";"DIQUE ANZULON";"ANZULON";"1970";"0.05";"1007";"Sistema Var ias Cerradas";"Cuencas Varias de las Salinas Grandes"
"DIQUE ANZULON";"DIQUE ANZULON";"ANZULON";"1971";"0.09";"1007";"Sistema Var ias Cerradas";"Cuencas Varias de las Salinas Grandes"
"DIQUE ANZULON";"DIQUE ANZULON";"ANZULON";"1972";"0.35";"1007";"Sistema Var ias Cerradas";"Cuencas Varias de las Salinas Grandes"
"DIQUE ANZULON";"DIQUE ANZULON";"ANZULON";"1973";"0.29";"1007";"Sistema Var ias Cerradas";"Cuencas Varias de las Salinas Grandes"
"DIQUE ANZULON";"DIQUE ANZULON";"ANZULON";"1975";"0.12";"1007";"Sistema Var ias Cerradas";"Cuencas Varias de las Salinas Grandes"
"DIQUE ANZULON";"DIQUE ANZULON";"ANZULON";"1976";"0.11";"1007";"Sistema Var ias Cerradas";"Cuencas Varias de las Salinas Grandes"
"DIQUE ANZULON";"DIQUE ANZULON";"ANZULON";"1977";"0.75";"1007";"Sistema Var ias Cerradas";"Cuencas Varias de las Salinas Grandes"
"DIQUE ANZULON";"DIQUE ANZULON";"ANZULON";"1978";"0.45";"1007";"Sistema Var ias Cerradas";"Cuencas Varias de las Salinas Grandes"
"DIQUE ANZULON";"DIQUE ANZULON";"ANZULON";"1979";"0.48";"1007";"Sistema Var ias Cerradas";"Cuencas Varias de las Salinas Grandes"
"DIQUE ANZULON";"DIQUE ANZULON";"ANZULON";"1980";"0.34";"1007";"Sistema Var ias Cerradas";"Cuencas Varias de las Salinas Grandes"
"DIQUE ANZULON";"DIQUE ANZULON";"ANZULON";"1981";"0.32";"1007";"Sistema Var ias Cerradas";"Cuencas Varias de las Salinas Grandes"
"DIQUE ANZULON";"DIQUE ANZULON";"ANZULON";"1982";"0.18";"1007";"Sistema Var ias Cerradas";"Cuencas Varias de las Salinas Grandes"
"DIQUE ANZULON";"DIQUE ANZULON";"ANZULON";"1983";"0.23";"1007";"Sistema Var ias Cerradas";"Cuencas Varias de las Salinas Grandes"
"DIQUE ANZULON";"DIQUE ANZULON";"ANZULON";"1984";"0.38";"1007";"Sistema Var ias Cerradas";"Cuencas Varias de las Salinas Grandes"
"DIQUE ANZULON";"DIQUE ANZULON";"ANZULON";"1985";"1.16";"1007";"Sistema Var ias Cerradas";"Cuencas Varias de las Salinas Grandes"
"EL HORCAJO";"EL HORCAJO";"BLANCO";"1970";"8.23";"1201";"Sistema Río Colorado";"Cuencadel Río San Juan"
"EL HORCAJO";"EL HORCAJO";"BLANCO";"1971";"6.72";"1201";"Sistema Río Colorado";"Cuencadel Río San Juan"
"EL HORCAJO";"EL HORCAJO";"BLANCO";"1972";"27.05";"1201";"Sistema Río Colorado";"Cuencadel Río San Juan"
"EL HORCAJO";"EL HORCAJO";"BLANCO";"1973";"39.39";"1201";"Sistema Río Colorado";"Cuencadel Río San Juan"
"EL HORCAJO";"EL HORCAJO";"BLANCO";"1974";"20.27";"1201";"Sistema Río Colorado";"Cuencadel Río San Juan"
"EL HORCAJO";"EL HORCAJO";"BLANCO";"1975";"15.32";"1201";"Sistema Río Colorado";"Cuencadel Río San Juan"
"EL HORCAJO";"EL HORCAJO";"BLANCO";"1976";"12.73";"1201";"Sistema Río Colorado";"Cuencadel Río San Juan"
"EL HORCAJO";"EL HORCAJO";"BLANCO";"1977";"28.46";"1201";"Sistema Río Colorado";"Cuencadel Río San Juan"
"EL HORCAJO";"EL HORCAJO";"BLANCO";"1978";"38.84";"1201";"Sistema Río Colorado";"Cuencadel Río San Juan"
"EL HORCAJO";"EL HORCAJO";"BLANCO";"1979";"26.18";"1201";"Sistema Río Colorado";"Cuencadel Río San Juan"
"EL HORCAJO";"EL HORCAJO";"BLANCO";"1980";"28.07";"1201";"Sistema Río Colorado";"Cuencadel Río San Juan"
"EL HORCAJO";"EL HORCAJO";"BLANCO";"1981";"20.55";"1201";"Sistema Río Colorado";"Cuencadel Río San Juan"
"EL HORCAJO";"EL HORCAJO";"BLANCO";"1982";"21.29";"1201";"Sistema Río Colorado";"Cuencadel Río San Juan"
"EL HORCAJO";"EL HORCAJO";"BLANCO";"1983";"33.00";"1201";"Sistema Río Colorado";"Cuencadel Río San Juan"
"EL HORCAJO";"EL HORCAJO";"BLANCO";"1984";"45.6";"1201";"Sistema Río Colorado";"Cuencadel Río San Juan"
"EL HORCAJO";"EL HORCAJO";"BLANCO";"1985";"28.43";"1201";"Sistema Río Colorado";"Cuencadel Río San Juan"
"EL HORCAJO";"EL HORCAJO";"BLANCO";"1986";"16.55";"1201";"Sistema Río Colorado";"Cuencadel Río San Juan"
"EL HORCAJO";"EL HORCAJO";"BLANCO";"1987";"69.31";"1201";"Sistema Río Colorado";"Cuencadel Río San Juan"
"EL HORCAJO";"EL HORCAJO";"BLANCO";"1988";"48.35";"1201";"Sistema Río Colorado";"Cuencadel Río San Juan"
"EL HORCAJO";"EL HORCAJO";"BLANCO";"1989";"21.3";"1201";"Sistema Río Colorado";"Cuencadel Río San Juan"
"EL HORCAJO";"EL HORCAJO";"BLANCO";"1990";"12.02";"1201";"Sistema Río Colorado";"Cuencadel Río San Juan"
"EL HORCAJO";"EL HORCAJO";"BLANCO";"1991";"25.42";"1201";"Sistema Río Colorado";"Cuencadel Río San Juan"
"EL HORCAJO";"EL HORCAJO";"BLANCO";"1992";"33.39";"1201";"Sistema Río Colorado";"Cuencadel Río San Juan"
"EL HORCAJO";"EL HORCAJO";"BLANCO";"1993";"27.12";"1201";"Sistema Río Colorado";"Cuencadel Río San Juan"
"EL HORCAJO";"EL HORCAJO";"BLANCO";"1994";"20.33";"1201";"Sistema Río Colorado";"Cuencadel Río San Juan"
"EL HORCAJO";"EL HORCAJO";"BLANCO";"1995";"11.28";"1201";"Sistema Río Colorado";"Cuencadel Río San Juan"
"EL HORCAJO";"EL HORCAJO";"BLANCO";"1996";"8.17";"1201";"Sistema Río Colorado";"Cuencadel Río San Juan"
"EL HORCAJO";"EL HORCAJO";"BLANCO";"1997";"23.1";"1201";"Sistema Río Colorado";"Cuencadel Río San Juan"
"EL HORCAJO";"EL HORCAJO";"BLANCO";"1998";"34.72";"1201";"Sistema Río Colorado";"Cuencadel Río San Juan"
"EL HORCAJO";"EL HORCAJO";"BLANCO";"1999";"18.44";"1201";"Sistema Río Colorado";"Cuencadel Río San Juan"
"EL HORCAJO";"EL HORCAJO";"BLANCO";"2000";"9.25";"1201";"Sistema Río Colorado";"Cuencadel Río San Juan"
"CASTAÑO NUEVO";"CASTAÑO NUEVO";"CASTAÑO";"1970";"4.25";"1202";"Sistema Río Colorado";"Cuencadel Río San Juan"
"CASTAÑO NUEVO";"CASTAÑO NUEVO";"CASTAÑO";"1971";"3.33";"1202";"Sistema Río Colorado";"Cuencadel Río San Juan"
"CASTAÑO NUEVO";"CASTAÑO NUEVO";"CASTAÑO";"1972";"14.33";"1202";"Sistema Río Colorado";"Cuencadel Río San Juan"
"CASTAÑO NUEVO";"CASTAÑO NUEVO";"CASTAÑO";"1973";"20.58";"1202";"Sistema Río Colorado";"Cuencadel Río San Juan"
"CASTAÑO NUEVO";"CASTAÑO NUEVO";"CASTAÑO";"1974";"10.08";"1202";"Sistema Río Colorado";"Cuencadel Río San Juan"
"CASTAÑO NUEVO";"CASTAÑO NUEVO";"CASTAÑO";"1975";"7.92";"1202";"Sistema Río Colorado";"Cuencadel Río San Juan"
"CASTAÑO NUEVO";"CASTAÑO NUEVO";"CASTAÑO";"1976";"5.75";"1202";"Sistema Río Colorado";"Cuencadel Río San Juan"
"CASTAÑO NUEVO";"CASTAÑO NUEVO";"CASTAÑO";"1977";"11.33";"1202";"Sistema Río Colorado";"Cuencadel Río San Juan"
"CASTAÑO NUEVO";"CASTAÑO NUEVO";"CASTAÑO";"1978";"18.58";"1202";"Sistema Río Colorado";"Cuencadel Río San Juan"
"CASTAÑO NUEVO";"CASTAÑO NUEVO";"CASTAÑO";"1979";"12.75";"1202";"Sistema Río Colorado";"Cuencadel Río San Juan"
"CASTAÑO NUEVO";"CASTAÑO NUEVO";"CASTAÑO";"1980";"12.08";"1202";"Sistema Río Colorado";"Cuencadel Río San Juan"
"CASTAÑO NUEVO";"CASTAÑO NUEVO";"CASTAÑO";"1981";"9.67";"1202";"Sistema Río Colorado";"Cuencadel Río San Juan"
"CASTAÑO NUEVO";"CASTAÑO NUEVO";"CASTAÑO";"1982";"13.75";"1202";"Sistema Río Colorado";"Cuencadel Río San Juan"
"CASTAÑO NUEVO";"CASTAÑO NUEVO";"CASTAÑO";"1983";"19.25";"1202";"Sistema Río Colorado";"Cuencadel Río San Juan"
"CASTAÑO NUEVO";"CASTAÑO NUEVO";"CASTAÑO";"1984";"22.9";"1202";"Sistema Río Colorado";"Cuencadel Río San Juan"
"CASTAÑO NUEVO";"CASTAÑO NUEVO";"CASTAÑO";"1985";"9.33";"1202";"Sistema Río Colorado";"Cuencadel Río San Juan"
"CASTAÑO NUEVO";"CASTAÑO NUEVO";"CASTAÑO";"1986";"11.08";"1202";"Sistema Río Colorado";"Cuencadel Río San Juan"
"CASTAÑO NUEVO";"CASTAÑO NUEVO";"CASTAÑO";"1987";"11.88";"1202";"Sistema Río Colorado";"Cuencadel Río San Juan"
"PACHIMOCO";"PACHIMOCO";"JACHAL";"1970";"4.26";"1204";"Sistema Río Colorado";"Cuencadel Río Jachal"
"PACHIMOCO";"PACHIMOCO";"JACHAL";"1971";"3.76";"1204";"Sistema Río Colorado";"Cuencadel Río Jachal"
"PACHIMOCO";"PACHIMOCO";"JACHAL";"1972";"8.92";"1204";"Sistema Río Colorado";"Cuencadel Río Jachal"
"PACHIMOCO";"PACHIMOCO";"JACHAL";"1973";"13.86";"1204";"Sistema Río Colorado";"Cuencadel Río Jachal"
"PACHIMOCO";"PACHIMOCO";"JACHAL";"1974";"6.93";"1204";"Sistema Río Colorado";"Cuencadel Río Jachal"
"PACHIMOCO";"PACHIMOCO";"JACHAL";"1975";"6.19";"1204";"Sistema Río Colorado";"Cuencadel Río Jachal"
"PACHIMOCO";"PACHIMOCO";"JACHAL";"1976";"6.03";"1204";"Sistema Río Colorado";"Cuencadel Río Jachal"
"PACHIMOCO";"PACHIMOCO";"JACHAL";"1977";"8.28";"1204";"Sistema Río Colorado";"Cuencadel Río Jachal"
"PACHIMOCO";"PACHIMOCO";"JACHAL";"1978";"9.28";"1204";"Sistema Río Colorado";"Cuencadel Río Jachal"
"PACHIMOCO";"PACHIMOCO";"JACHAL";"1979";"8.98";"1204";"Sistema Río Colorado";"Cuencadel Río Jachal"
"PACHIMOCO";"PACHIMOCO";"JACHAL";"1980";"8.65";"1204";"Sistema Río Colorado";"Cuencadel Río Jachal"
"PACHIMOCO";"PACHIMOCO";"JACHAL";"1981";"9.91";"1204";"Sistema Río Colorado";"Cuencadel Río Jachal"
"PACHIMOCO";"PACHIMOCO";"JACHAL";"1982";"8.96";"1204";"Sistema Río Colorado";"Cuencadel Río Jachal"
"PACHIMOCO";"PACHIMOCO";"JACHAL";"1983";"12.3";"1204";"Sistema Río Colorado";"Cuencadel Río Jachal"
"PACHIMOCO";"PACHIMOCO";"JACHAL";"1984";"19.02";"1204";"Sistema Río Colorado";"Cuencadel Río Jachal"
"PACHIMOCO";"PACHIMOCO";"JACHAL";"1985";"13.17";"1204";"Sistema Río Colorado";"Cuencadel Río Jachal"
"PACHIMOCO";"PACHIMOCO";"JACHAL";"1986";"10.48";"1204";"Sistema Río Colorado";"Cuencadel Río Jachal"
"PACHIMOCO";"PACHIMOCO";"JACHAL";"1987";"25.35";"1204";"Sistema Río Colorado";"Cuencadel Río Jachal"
"PACHIMOCO";"PACHIMOCO";"JACHAL";"1988";"19.66";"1204";"Sistema Río Colorado";"Cuencadel Río Jachal"
"PACHIMOCO";"PACHIMOCO";"JACHAL";"1989";"11.43";"1204";"Sistema Río Colorado";"Cuencadel Río Jachal"
"PACHIMOCO";"PACHIMOCO";"JACHAL";"1990";"11.03";"1204";"Sistema Río Colorado";"Cuencadel Río Jachal"
"ALVAREZ CONDARCO";"ALVAREZ CONDARCO";"DE LOS PATOS";"1970";"13.08";"1205";"Sistema Río Colorado";"Cuencadel Río San Juan"
"ALVAREZ CONDARCO";"ALVAREZ CONDARCO";"DE LOS PATOS";"1971";"9.91";"1205";"Sistema Río Colorado";"Cuencadel Río San Juan"
"ALVAREZ CONDARCO";"ALVAREZ CONDARCO";"DE LOS PATOS";"1972";"17.78";"1205";"Sistema Río Colorado";"Cuencadel Río San Juan"
"ALVAREZ CONDARCO";"ALVAREZ CONDARCO";"DE LOS PATOS";"1973";"31.29";"1205";"Sistema Río Colorado";"Cuencadel Río San Juan"
"ALVAREZ CONDARCO";"ALVAREZ CONDARCO";"DE LOS PATOS";"1974";"17.99";"1205";"Sistema Río Colorado";"Cuencadel Río San Juan"
"ALVAREZ CONDARCO";"ALVAREZ CONDARCO";"DE LOS PATOS";"1975";"15.75";"1205";"Sistema Río Colorado";"Cuencadel Río San Juan"
"ALVAREZ CONDARCO";"ALVAREZ CONDARCO";"DE LOS PATOS";"1976";"9.37";"1205";"Sistema Río Colorado";"Cuencadel Río San Juan"
"ALVAREZ CONDARCO";"ALVAREZ CONDARCO";"DE LOS PATOS";"1977";"21.68";"1205";"Sistema Río Colorado";"Cuencadel Río San Juan"
"ALVAREZ CONDARCO";"ALVAREZ CONDARCO";"DE LOS PATOS";"1978";"29.09";"1205";"Sistema Río Colorado";"Cuencadel Río San Juan"
"ALVAREZ CONDARCO";"ALVAREZ CONDARCO";"DE LOS PATOS";"1979";"23.87";"1205";"Sistema Río Colorado";"Cuencadel Río San Juan"
"ALVAREZ CONDARCO";"ALVAREZ CONDARCO";"DE LOS PATOS";"1980";"22.8";"1205";"Sistema Río Colorado";"Cuencadel Río San Juan"
"ALVAREZ CONDARCO";"ALVAREZ CONDARCO";"DE LOS PATOS";"1981";"16.52";"1205";"Sistema Río Colorado";"Cuencadel Río San Juan"
"ALVAREZ CONDARCO";"ALVAREZ CONDARCO";"DE LOS PATOS";"1982";"16.00";"1205";"Sistema Río Colorado";"Cuencadel Río San Juan"
"ALVAREZ CONDARCO";"ALVAREZ CONDARCO";"DE LOS PATOS";"1983";"33.83";"1205";"Sistema Río Colorado";"Cuencadel Río San Juan"
"ALVAREZ CONDARCO";"ALVAREZ CONDARCO";"DE LOS PATOS";"1984";"27.85";"1205";"Sistema Río Colorado";"Cuencadel Río San Juan"
"ALVAREZ CONDARCO";"ALVAREZ CONDARCO";"DE LOS PATOS";"1985";"21.88";"1205";"Sistema Río Colorado";"Cuencadel Río San Juan"
"ALVAREZ CONDARCO";"ALVAREZ CONDARCO";"DE LOS PATOS";"1986";"14.61";"1205";"Sistema Río Colorado";"Cuencadel Río San Juan"
"ALVAREZ CONDARCO";"ALVAREZ CONDARCO";"DE LOS PATOS";"1987";"38.69";"1205";"Sistema Río Colorado";"Cuencadel Río San Juan"
"ALVAREZ CONDARCO";"ALVAREZ CONDARCO";"DE LOS PATOS";"1988";"32.26";"1205";"Sistema Río Colorado";"Cuencadel Río San Juan"
"ALVAREZ CONDARCO";"ALVAREZ CONDARCO";"DE LOS PATOS";"1989";"15.23";"1205";"Sistema Río Colorado";"Cuencadel Río San Juan"
"ALVAREZ CONDARCO";"ALVAREZ CONDARCO";"DE LOS PATOS";"1990";"13.22";"1205";"Sistema Río Colorado";"Cuencadel Río San Juan"
"ALVAREZ CONDARCO";"ALVAREZ CONDARCO";"DE LOS PATOS";"1991";"18.11";"1205";"Sistema Río Colorado";"Cuencadel Río San Juan"
"ALVAREZ CONDARCO";"ALVAREZ CONDARCO";"DE LOS PATOS";"1992";"29.16";"1205";"Sistema Río Colorado";"Cuencadel Río San Juan"
"ALVAREZ CONDARCO";"ALVAREZ CONDARCO";"DE LOS PATOS";"1993";"21.04";"1205";"Sistema Río Colorado";"Cuencadel Río San Juan"
"ALVAREZ CONDARCO";"ALVAREZ CONDARCO";"DE LOS PATOS";"1994";"18.48";"1205";"Sistema Río Colorado";"Cuencadel Río San Juan"
"ALVAREZ CONDARCO";"ALVAREZ CONDARCO";"DE LOS PATOS";"1995";"13.11";"1205";"Sistema Río Colorado";"Cuencadel Río San Juan"
"ALVAREZ CONDARCO";"ALVAREZ CONDARCO";"DE LOS PATOS";"1996";"7.09";"1205";"Sistema Río Colorado";"Cuencadel Río San Juan"
"ALVAREZ CONDARCO";"ALVAREZ CONDARCO";"DE LOS PATOS";"1997";"18.13";"1205";"Sistema Río Colorado";"Cuencadel Río San Juan"
"ALVAREZ CONDARCO";"ALVAREZ CONDARCO";"DE LOS PATOS";"1998";"22.71";"1205";"Sistema Río Colorado";"Cuencadel Río San Juan"
"ALVAREZ CONDARCO";"ALVAREZ CONDARCO";"DE LOS PATOS";"1999";"16.44";"1205";"Sistema Río Colorado";"Cuencadel Río San Juan"
"ALVAREZ CONDARCO";"ALVAREZ CONDARCO";"DE LOS PATOS";"2000";"19.47";"1205";"Sistema Río Colorado";"Cuencadel Río San Juan"
"ALVAREZ CONDARCO";"ALVAREZ CONDARCO";"DE LOS PATOS";"2001";"24.11";"1205";"Sistema Río Colorado";"Cuencadel Río San Juan"
"ALVAREZ CONDARCO";"ALVAREZ CONDARCO";"DE LOS PATOS";"2002";"20.97";"1205";"Sistema Río Colorado";"Cuencadel Río San Juan"
"ALVAREZ CONDARCO";"ALVAREZ CONDARCO";"DE LOS PATOS";"2003";"24.27";"1205";"Sistema Río Colorado";"Cuencadel Río San Juan"
"ALVAREZ CONDARCO";"ALVAREZ CONDARCO";"DE LOS PATOS";"2004";"13.65";"1205";"Sistema Río Colorado";"Cuencadel Río San Juan"
"ALVAREZ CONDARCO";"ALVAREZ CONDARCO";"DE LOS PATOS";"2005";"22.1";"1205";"Sistema Río Colorado";"Cuencadel Río San Juan"
"ALVAREZ CONDARCO";"ALVAREZ CONDARCO";"DE LOS PATOS";"2006";"35.01";"1205";"Sistema Río Colorado";"Cuencadel Río San Juan"
"ALVAREZ CONDARCO";"ALVAREZ CONDARCO";"DE LOS PATOS";"2007";"22.88";"1205";"Sistema Río Colorado";"Cuencadel Río San Juan"
"ALVAREZ CONDARCO";"ALVAREZ CONDARCO";"DE LOS PATOS";"2008";"24.02";"1205";"Sistema Río Colorado";"Cuencadel Río San Juan"
"ALVAREZ CONDARCO";"ALVAREZ CONDARCO";"DE LOS PATOS";"2009";"19.75";"1205";"Sistema Río Colorado";"Cuencadel Río San Juan"
"ALVAREZ CONDARCO";"ALVAREZ CONDARCO";"DE LOS PATOS";"2010";"12.19";"1205";"Sistema Río Colorado";"Cuencadel Río San Juan"
"ALVAREZ CONDARCO";"ALVAREZ CONDARCO";"DE LOS PATOS";"2011";"8.53";"1205";"Sistema Río Colorado";"Cuencadel Río San Juan"
"ALVAREZ CONDARCO";"ALVAREZ CONDARCO";"DE LOS PATOS";"2012";"9.74";"1205";"Sistema Río Colorado";"Cuencadel Río San Juan"
"ALVAREZ CONDARCO";"ALVAREZ CONDARCO";"DE LOS PATOS";"2013";"10.06";"1205";"Sistema Río Colorado";"Cuencadel Río San Juan"
"ALVAREZ CONDARCO";"ALVAREZ CONDARCO";"DE LOS PATOS";"2014";"8.7";"1205";"Sistema Río Colorado";"Cuencadel Río San Juan"
"ALVAREZ CONDARCO";"ALVAREZ CONDARCO";"DE LOS PATOS";"2015";"10.73";"1205";"Sistema Río Colorado";"Cuencadel Río San Juan"
"ALVAREZ CONDARCO";"ALVAREZ CONDARCO";"DE LOS PATOS";"2016";"22.52";"1205";"Sistema Río Colorado";"Cuencadel Río San Juan"
"ALVAREZ CONDARCO";"ALVAREZ CONDARCO";"DE LOS PATOS";"2017";"14.09";"1205";"Sistema Río Colorado";"Cuencadel Río San Juan"
"ALVAREZ CONDARCO";"ALVAREZ CONDARCO";"DE LOS PATOS";"2018";"7.37";"1205";"Sistema Río Colorado";"Cuencadel Río San Juan"
"ALVAREZ CONDARCO";"ALVAREZ CONDARCO";"DE LOS PATOS";"2019";"7.41";"1205";"Sistema Río Colorado";"Cuencadel Río San Juan"
"ALVAREZ CONDARCO";"ALVAREZ CONDARCO";"DE LOS PATOS";"2020";"6.15";"1205";"Sistema Río Colorado";"Cuencadel Río San Juan"
"LA PLATEADA";"LA PLATEADA";"DE LOS PATOS";"1970";"21.32";"1206";"Sistema Río Colorado";"Cuencadel Río San Juan"
"LA PLATEADA";"LA PLATEADA";"DE LOS PATOS";"1971";"16.63";"1206";"Sistema Río Colorado";"Cuencadel Río San Juan"
"LA PLATEADA";"LA PLATEADA";"DE LOS PATOS";"1972";"44.72";"1206";"Sistema Río Colorado";"Cuencadel Río San Juan"
"LA PLATEADA";"LA PLATEADA";"DE LOS PATOS";"1973";"70.78";"1206";"Sistema Río Colorado";"Cuencadel Río San Juan"
"LA PLATEADA";"LA PLATEADA";"DE LOS PATOS";"1974";"38.27";"1206";"Sistema Río Colorado";"Cuencadel Río San Juan"
"LA PLATEADA";"LA PLATEADA";"DE LOS PATOS";"1975";"31.09";"1206";"Sistema Río Colorado";"Cuencadel Río San Juan"
"LA PLATEADA";"LA PLATEADA";"DE LOS PATOS";"1976";"22.1";"1206";"Sistema Río Colorado";"Cuencadel Río San Juan"
"LA PLATEADA";"LA PLATEADA";"DE LOS PATOS";"1977";"50.14";"1206";"Sistema Río Colorado";"Cuencadel Río San Juan"
"LA PLATEADA";"LA PLATEADA";"DE LOS PATOS";"1978";"67.91";"1206";"Sistema Río Colorado";"Cuencadel Río San Juan"
"LA PLATEADA";"LA PLATEADA";"DE LOS PATOS";"1979";"50.06";"1206";"Sistema Río Colorado";"Cuencadel Río San Juan"
"LA PLATEADA";"LA PLATEADA";"DE LOS PATOS";"1980";"50.85";"1206";"Sistema Río Colorado";"Cuencadel Río San Juan"
"LA PLATEADA";"LA PLATEADA";"DE LOS PATOS";"1981";"37.1";"1206";"Sistema Río Colorado";"Cuencadel Río San Juan"
"LA PLATEADA";"LA PLATEADA";"DE LOS PATOS";"1982";"37.31";"1206";"Sistema Río Colorado";"Cuencadel Río San Juan"
"LA PLATEADA";"LA PLATEADA";"DE LOS PATOS";"1983";"72.22";"1206";"Sistema Río Colorado";"Cuencadel Río San Juan"
"LA PLATEADA";"LA PLATEADA";"DE LOS PATOS";"1984";"73.46";"1206";"Sistema Río Colorado";"Cuencadel Río San Juan"
"LA PLATEADA";"LA PLATEADA";"DE LOS PATOS";"1985";"50.33";"1206";"Sistema Río Colorado";"Cuencadel Río San Juan"
"LA PLATEADA";"LA PLATEADA";"DE LOS PATOS";"1986";"48.06";"1206";"Sistema Río Colorado";"Cuencadel Río San Juan"
"LA PLATEADA";"LA PLATEADA";"DE LOS PATOS";"1987";"107.21";"1206";"Sistema Río Colorado";"Cuencadel Río San Juan"
"LA PLATEADA";"LA PLATEADA";"DE LOS PATOS";"1988";"80.64";"1206";"Sistema Río Colorado";"Cuencadel Río San Juan"
"LA PLATEADA";"LA PLATEADA";"DE LOS PATOS";"1989";"36.59";"1206";"Sistema Río Colorado";"Cuencadel Río San Juan"
"LA PLATEADA";"LA PLATEADA";"DE LOS PATOS";"1990";"25.26";"1206";"Sistema Río Colorado";"Cuencadel Río San Juan"
"LA PLATEADA";"LA PLATEADA";"DE LOS PATOS";"1991";"43.35";"1206";"Sistema Río Colorado";"Cuencadel Río San Juan"
"LA PLATEADA";"LA PLATEADA";"DE LOS PATOS";"1992";"62.71";"1206";"Sistema Río Colorado";"Cuencadel Río San Juan"
"LA PLATEADA";"LA PLATEADA";"DE LOS PATOS";"1993";"48.18";"1206";"Sistema Río Colorado";"Cuencadel Río San Juan"
"LA PLATEADA";"LA PLATEADA";"DE LOS PATOS";"1994";"38.79";"1206";"Sistema Río Colorado";"Cuencadel Río San Juan"
"LA PLATEADA";"LA PLATEADA";"DE LOS PATOS";"1995";"24.42";"1206";"Sistema Río Colorado";"Cuencadel Río San Juan"
"LA PLATEADA";"LA PLATEADA";"DE LOS PATOS";"1996";"15.24";"1206";"Sistema Río Colorado";"Cuencadel Río San Juan"
"LA PLATEADA";"LA PLATEADA";"DE LOS PATOS";"1997";"41.19";"1206";"Sistema Río Colorado";"Cuencadel Río San Juan"
"LA PLATEADA";"LA PLATEADA";"DE LOS PATOS";"1998";"57.46";"1206";"Sistema Río Colorado";"Cuencadel Río San Juan"
"LA PLATEADA";"LA PLATEADA";"DE LOS PATOS";"1999";"34.89";"1206";"Sistema Río Colorado";"Cuencadel Río San Juan"
"LA PLATEADA";"LA PLATEADA";"DE LOS PATOS";"2000";"24.85";"1206";"Sistema Río Colorado";"Cuencadel Río San Juan"
"LA PLATEADA";"LA PLATEADA";"DE LOS PATOS";"2001";"47.00";"1206";"Sistema Río Colorado";"Cuencadel Río San Juan"
"LA PLATEADA";"LA PLATEADA";"DE LOS PATOS";"2002";"70.98";"1206";"Sistema Río Colorado";"Cuencadel Río San Juan"
"LA PLATEADA";"LA PLATEADA";"DE LOS PATOS";"2003";"65.11";"1206";"Sistema Río Colorado";"Cuencadel Río San Juan"
"LA PLATEADA";"LA PLATEADA";"DE LOS PATOS";"2004";"33.3";"1206";"Sistema Río Colorado";"Cuencadel Río San Juan"
"LA PLATEADA";"LA PLATEADA";"DE LOS PATOS";"2005";"27.39";"1206";"Sistema Río Colorado";"Cuencadel Río San Juan"
"LA PLATEADA";"LA PLATEADA";"DE LOS PATOS";"2010";"17.51";"1206";"Sistema Río Colorado";"Cuencadel Río San Juan"
"LA PLATEADA";"LA PLATEADA";"DE LOS PATOS";"2011";"17.75";"1206";"Sistema Río Colorado";"Cuencadel Río San Juan"
"LA PLATEADA";"LA PLATEADA";"DE LOS PATOS";"2012";"22.36";"1206";"Sistema Río Colorado";"Cuencadel Río San Juan"
"LA PLATEADA";"LA PLATEADA";"DE LOS PATOS";"2013";"22.08";"1206";"Sistema Río Colorado";"Cuencadel Río San Juan"
"LA PLATEADA";"LA PLATEADA";"DE LOS PATOS";"2014";"18.37";"1206";"Sistema Río Colorado";"Cuencadel Río San Juan"
"LA PLATEADA";"LA PLATEADA";"DE LOS PATOS";"2015";"27.94";"1206";"Sistema Río Colorado";"Cuencadel Río San Juan"
"LA PLATEADA";"LA PLATEADA";"DE LOS PATOS";"2016";"54.24";"1206";"Sistema Río Colorado";"Cuencadel Río San Juan"
"LA PLATEADA";"LA PLATEADA";"DE LOS PATOS";"2017";"36.84";"1206";"Sistema Río Colorado";"Cuencadel Río San Juan"
"LA PLATEADA";"LA PLATEADA";"DE LOS PATOS";"2018";"22.37";"1206";"Sistema Río Colorado";"Cuencadel Río San Juan"
"LA PLATEADA";"LA PLATEADA";"DE LOS PATOS";"2019";"15.50";"1206";"Sistema Río Colorado";"Cuencadel Río San Juan"
"LA PLATEADA";"LA PLATEADA";"DE LOS PATOS";"2020";"11.45";"1206";"Sistema Río Colorado";"Cuencadel Río San Juan"
"KM 47.3";"KM 47.3";"SAN JUAN";"1970";"25.3";"1208";"Sistema Río Colorado";"Cuencadel Río San Juan"
"KM 47.3";"KM 47.3";"SAN JUAN";"1971";"20.81";"1208";"Sistema Río Colorado";"Cuencadel Río San Juan"
"KM 47.3";"KM 47.3";"SAN JUAN";"1972";"50.63";"1208";"Sistema Río Colorado";"Cuencadel Río San Juan"
"KM 47.3";"KM 47.3";"SAN JUAN";"1973";"91.51";"1208";"Sistema Río Colorado";"Cuencadel Río San Juan"
"KM 47.3";"KM 47.3";"SAN JUAN";"1974";"54.62";"1208";"Sistema Río Colorado";"Cuencadel Río San Juan"
"KM 47.3";"KM 47.3";"SAN JUAN";"1975";"42.47";"1208";"Sistema Río Colorado";"Cuencadel Río San Juan"
"KM 47.3";"KM 47.3";"SAN JUAN";"1976";"31.86";"1208";"Sistema Río Colorado";"Cuencadel Río San Juan"
"KM 47.3";"KM 47.3";"SAN JUAN";"1977";"53.89";"1208";"Sistema Río Colorado";"Cuencadel Río San Juan"
"KM 47.3";"KM 47.3";"SAN JUAN";"1978";"84.93";"1208";"Sistema Río Colorado";"Cuencadel Río San Juan"
"KM 47.3";"KM 47.3";"SAN JUAN";"1979";"69.09";"1208";"Sistema Río Colorado";"Cuencadel Río San Juan"
"KM 47.3";"KM 47.3";"SAN JUAN";"1980";"63.24";"1208";"Sistema Río Colorado";"Cuencadel Río San Juan"
"KM 47.3";"KM 47.3";"SAN JUAN";"1981";"53.79";"1208";"Sistema Río Colorado";"Cuencadel Río San Juan"
"KM 47.3";"KM 47.3";"SAN JUAN";"1982";"70.48";"1208";"Sistema Río Colorado";"Cuencadel Río San Juan"
"KM 47.3";"KM 47.3";"SAN JUAN";"1983";"111.45";"1208";"Sistema Río Colorado";"Cuencadel Río San Juan"
"KM 47.3";"KM 47.3";"SAN JUAN";"1984";"106.03";"1208";"Sistema Río Colorado";"Cuencadel Río San Juan"
"KM 47.3";"KM 47.3";"SAN JUAN";"1985";"74.25";"1208";"Sistema Río Colorado";"Cuencadel Río San Juan"
"KM 47.3";"KM 47.3";"SAN JUAN";"1986";"60.5";"1208";"Sistema Río Colorado";"Cuencadel Río San Juan"
"KM 47.3";"KM 47.3";"SAN JUAN";"1987";"120.89";"1208";"Sistema Río Colorado";"Cuencadel Río San Juan"
"KM 47.3";"KM 47.3";"SAN JUAN";"1988";"100.08";"1208";"Sistema Río Colorado";"Cuencadel Río San Juan"
"KM 47.3";"KM 47.3";"SAN JUAN";"1989";"53.65";"1208";"Sistema Río Colorado";"Cuencadel Río San Juan"
"KM 47.3";"KM 47.3";"SAN JUAN";"1990";"38.18";"1208";"Sistema Río Colorado";"Cuencadel Río San Juan"
"KM 47.3";"KM 47.3";"SAN JUAN";"1991";"51.45";"1208";"Sistema Río Colorado";"Cuencadel Río San Juan"
"KM 47.3";"KM 47.3";"SAN JUAN";"1992";"83.78";"1208";"Sistema Río Colorado";"Cuencadel Río San Juan"
"KM 47.3";"KM 47.3";"SAN JUAN";"1993";"68.35";"1208";"Sistema Río Colorado";"Cuencadel Río San Juan"
"KM 47.3";"KM 47.3";"SAN JUAN";"1994";"50.39";"1208";"Sistema Río Colorado";"Cuencadel Río San Juan"
"KM 47.3";"KM 47.3";"SAN JUAN";"1995";"37.26";"1208";"Sistema Río Colorado";"Cuencadel Río San Juan"
"KM 47.3";"KM 47.3";"SAN JUAN";"1996";"25.39";"1208";"Sistema Río Colorado";"Cuencadel Río San Juan"
"KM 47.3";"KM 47.3";"SAN JUAN";"1997";"66.99";"1208";"Sistema Río Colorado";"Cuencadel Río San Juan"
"KM 47.3";"KM 47.3";"SAN JUAN";"1998";"92.34";"1208";"Sistema Río Colorado";"Cuencadel Río San Juan"
"KM 47.3";"KM 47.3";"SAN JUAN";"1999";"42.57";"1208";"Sistema Río Colorado";"Cuencadel Río San Juan"
"KM 47.3";"KM 47.3";"SAN JUAN";"2000";"50.39";"1208";"Sistema Río Colorado";"Cuencadel Río San Juan"
"KM 47.3";"KM 47.3";"SAN JUAN";"2001";"63.86";"1208";"Sistema Río Colorado";"Cuencadel Río San Juan"
"KM 47.3";"KM 47.3";"SAN JUAN";"2002";"81.29";"1208";"Sistema Río Colorado";"Cuencadel Río San Juan"
"KM 47.3";"KM 47.3";"SAN JUAN";"2003";"86.12";"1208";"Sistema Río Colorado";"Cuencadel Río San Juan"
"KM 47.3";"KM 47.3";"SAN JUAN";"2004";"49.02";"1208";"Sistema Río Colorado";"Cuencadel Río San Juan"
"KM 47.3";"KM 47.3";"SAN JUAN";"2005";"65.36";"1208";"Sistema Río Colorado";"Cuencadel Río San Juan"
"KM 47.3";"KM 47.3";"SAN JUAN";"2006";"88.49";"1208";"Sistema Río Colorado";"Cuencadel Río San Juan"
"KM 47.3";"KM 47.3";"SAN JUAN";"2007";"61.12";"1208";"Sistema Río Colorado";"Cuencadel Río San Juan"
"KM 47.3";"KM 47.3";"SAN JUAN";"2008";"64.41";"1208";"Sistema Río Colorado";"Cuencadel Río San Juan"
"KM 47.3";"KM 47.3";"SAN JUAN";"2009";"44.03";"1208";"Sistema Río Colorado";"Cuencadel Río San Juan"
"KM 47.3";"KM 47.3";"SAN JUAN";"2010";"38.19";"1208";"Sistema Río Colorado";"Cuencadel Río San Juan"
"KM 47.3";"KM 47.3";"SAN JUAN";"2011";"37.94";"1208";"Sistema Río Colorado";"Cuencadel Río San Juan"
"KM 47.3";"KM 47.3";"SAN JUAN";"2012";"43.39";"1208";"Sistema Río Colorado";"Cuencadel Río San Juan"
"KM 47.3";"KM 47.3";"SAN JUAN";"2013";"47.17";"1208";"Sistema Río Colorado";"Cuencadel Río San Juan"
"KM 47.3";"KM 47.3";"SAN JUAN";"2014";"41.47";"1208";"Sistema Río Colorado";"Cuencadel Río San Juan"
"DIQUE DE LA ROSA";"DIQUE I. DE LA ROZA";"SAN JUAN";"1970";"21.97";"1209";"Sistema Río Colorado";"Cuencadel Río San Juan"
"DIQUE DE LA ROSA";"DIQUE I. DE LA ROZA";"SAN JUAN";"1971";"16.59";"1209";"Sistema Río Colorado";"Cuencadel Río San Juan"
"DIQUE DE LA ROSA";"DIQUE I. DE LA ROZA";"SAN JUAN";"1972";"43.41";"1209";"Sistema Río Colorado";"Cuencadel Río San Juan"
"DIQUE DE LA ROSA";"DIQUE I. DE LA ROZA";"SAN JUAN";"1973";"79.45";"1209";"Sistema Río Colorado";"Cuencadel Río San Juan"
"DIQUE DE LA ROSA";"DIQUE I. DE LA ROZA";"SAN JUAN";"1974";"44.88";"1209";"Sistema Río Colorado";"Cuencadel Río San Juan"
"DIQUE DE LA ROSA";"DIQUE I. DE LA ROZA";"SAN JUAN";"1975";"39.34";"1209";"Sistema Río Colorado";"Cuencadel Río San Juan"
"DIQUE DE LA ROSA";"DIQUE I. DE LA ROZA";"SAN JUAN";"1976";"26.79";"1209";"Sistema Río Colorado";"Cuencadel Río San Juan"
"DIQUE DE LA ROSA";"DIQUE I. DE LA ROZA";"SAN JUAN";"1977";"48.76";"1209";"Sistema Río Colorado";"Cuencadel Río San Juan"
"DIQUE DE LA ROSA";"DIQUE I. DE LA ROZA";"SAN JUAN";"1978";"79.96";"1209";"Sistema Río Colorado";"Cuencadel Río San Juan"
"DIQUE DE LA ROSA";"DIQUE I. DE LA ROZA";"SAN JUAN";"1979";"64.94";"1209";"Sistema Río Colorado";"Cuencadel Río San Juan"
"DIQUE DE LA ROSA";"DIQUE I. DE LA ROZA";"SAN JUAN";"1980";"48.35";"1209";"Sistema Río Colorado";"Cuencadel Río San Juan"
"DIQUE DE LA ROSA";"DIQUE I. DE LA ROZA";"SAN JUAN";"1981";"52.73";"1209";"Sistema Río Colorado";"Cuencadel Río San Juan"
"DIQUE DE LA ROSA";"DIQUE I. DE LA ROZA";"SAN JUAN";"1982";"61.93";"1209";"Sistema Río Colorado";"Cuencadel Río San Juan"
"DIQUE DE LA ROSA";"DIQUE I. DE LA ROZA";"SAN JUAN";"1983";"109.59";"1209";"Sistema Río Colorado";"Cuencadel Río San Juan"
"DIQUE DE LA ROSA";"DIQUE I. DE LA ROZA";"SAN JUAN";"1984";"99.1";"1209";"Sistema Río Colorado";"Cuencadel Río San Juan"
"DIQUE DE LA ROSA";"DIQUE I. DE LA ROZA";"SAN JUAN";"1985";"75.41";"1209";"Sistema Río Colorado";"Cuencadel Río San Juan"
"DIQUE DE LA ROSA";"DIQUE I. DE LA ROZA";"SAN JUAN";"1986";"59.37";"1209";"Sistema Río Colorado";"Cuencadel Río San Juan"
"DIQUE DE LA ROSA";"DIQUE I. DE LA ROZA";"SAN JUAN";"1987";"118.71";"1209";"Sistema Río Colorado";"Cuencadel Río San Juan"
"DIQUE DE LA ROSA";"DIQUE I. DE LA ROZA";"SAN JUAN";"1988";"104.98";"1209";"Sistema Río Colorado";"Cuencadel Río San Juan"
"DIQUE DE LA ROSA";"DIQUE I. DE LA ROZA";"SAN JUAN";"1989";"41.18";"1209";"Sistema Río Colorado";"Cuencadel Río San Juan"
"KM 101";"KM 101";"SAN JUAN";"1971";"22.24";"1211";"Sistema Río Colorado";"Cuencadel Río San Juan"
"KM 101";"KM 101";"SAN JUAN";"1972";"53.93";"1211";"Sistema Río Colorado";"Cuencadel Río San Juan"
"KM 101";"KM 101";"SAN JUAN";"1973";"97.1";"1211";"Sistema Río Colorado";"Cuencadel Río San Juan"
"KM 101";"KM 101";"SAN JUAN";"1974";"50.35";"1211";"Sistema Río Colorado";"Cuencadel Río San Juan"
"KM 101";"KM 101";"SAN JUAN";"1975";"40.41";"1211";"Sistema Río Colorado";"Cuencadel Río San Juan"
"KM 101";"KM 101";"SAN JUAN";"1976";"29.32";"1211";"Sistema Río Colorado";"Cuencadel Río San Juan"
"KM 101";"KM 101";"SAN JUAN";"1977";"50.68";"1211";"Sistema Río Colorado";"Cuencadel Río San Juan"
"KM 101";"KM 101";"SAN JUAN";"1978";"62.24";"1211";"Sistema Río Colorado";"Cuencadel Río San Juan"
"KM 101";"KM 101";"SAN JUAN";"1979";"48.96";"1211";"Sistema Río Colorado";"Cuencadel Río San Juan"
"KM 101";"KM 101";"SAN JUAN";"1980";"61.45";"1211";"Sistema Río Colorado";"Cuencadel Río San Juan"
"KM 101";"KM 101";"SAN JUAN";"1981";"50.68";"1211";"Sistema Río Colorado";"Cuencadel Río San Juan"
"KM 101";"KM 101";"SAN JUAN";"1982";"46.01";"1211";"Sistema Río Colorado";"Cuencadel Río San Juan"
"KM 101";"KM 101";"SAN JUAN";"1983";"59.38";"1211";"Sistema Río Colorado";"Cuencadel Río San Juan"
"KM 101";"KM 101";"SAN JUAN";"1984";"60.56";"1211";"Sistema Río Colorado";"Cuencadel Río San Juan"
"KM 101";"KM 101";"SAN JUAN";"1985";"51.9";"1211";"Sistema Río Colorado";"Cuencadel Río San Juan"
"KM 101";"KM 101";"SAN JUAN";"1986";"51.21";"1211";"Sistema Río Colorado";"Cuencadel Río San Juan"
"KM 101";"KM 101";"SAN JUAN";"1987";"178.54";"1211";"Sistema Río Colorado";"Cuencadel Río San Juan"
"KM 101";"KM 101";"SAN JUAN";"1988";"107.64";"1211";"Sistema Río Colorado";"Cuencadel Río San Juan"
"KM 101";"KM 101";"SAN JUAN";"1989";"51.06";"1211";"Sistema Río Colorado";"Cuencadel Río San Juan"
"KM 101";"KM 101";"SAN JUAN";"1990";"39.7";"1211";"Sistema Río Colorado";"Cuencadel Río San Juan"
"KM 101";"KM 101";"SAN JUAN";"1991";"53.01";"1211";"Sistema Río Colorado";"Cuencadel Río San Juan"
"KM 101";"KM 101";"SAN JUAN";"1992";"72.84";"1211";"Sistema Río Colorado";"Cuencadel Río San Juan"
"KM 101";"KM 101";"SAN JUAN";"1993";"75.21";"1211";"Sistema Río Colorado";"Cuencadel Río San Juan"
"KM 101";"KM 101";"SAN JUAN";"1994";"50.93";"1211";"Sistema Río Colorado";"Cuencadel Río San Juan"
"KM 101";"KM 101";"SAN JUAN";"1995";"34.86";"1211";"Sistema Río Colorado";"Cuencadel Río San Juan"
"KM 101";"KM 101";"SAN JUAN";"1996";"23.25";"1211";"Sistema Río Colorado";"Cuencadel Río San Juan"
"KM 101";"KM 101";"SAN JUAN";"1997";"61.42";"1211";"Sistema Río Colorado";"Cuencadel Río San Juan"
"KM 101";"KM 101";"SAN JUAN";"1998";"87.02";"1211";"Sistema Río Colorado";"Cuencadel Río San Juan"
"KM 101";"KM 101";"SAN JUAN";"1999";"44.54";"1211";"Sistema Río Colorado";"Cuencadel Río San Juan"
"KM 101";"KM 101";"SAN JUAN";"2000";"55.04";"1211";"Sistema Río Colorado";"Cuencadel Río San Juan"
"KM 101";"KM 101";"SAN JUAN";"2001";"60.97";"1211";"Sistema Río Colorado";"Cuencadel Río San Juan"
"KM 101";"KM 101";"SAN JUAN";"2002";"81.14";"1211";"Sistema Río Colorado";"Cuencadel Río San Juan"
"KM 101";"KM 101";"SAN JUAN";"2003";"87.93";"1211";"Sistema Río Colorado";"Cuencadel Río San Juan"
"KM 101";"KM 101";"SAN JUAN";"2004";"49.53";"1211";"Sistema Río Colorado";"Cuencadel Río San Juan"
"KM 101";"KM 101";"SAN JUAN";"2005";"35.49";"1211";"Sistema Río Colorado";"Cuencadel Río San Juan"
"KM 101";"KM 101";"SAN JUAN";"2010";"24.41";"1211";"Sistema Río Colorado";"Cuencadel Río San Juan"
"KM 101";"KM 101";"SAN JUAN";"2011";"25.8";"1211";"Sistema Río Colorado";"Cuencadel Río San Juan"
"KM 101";"KM 101";"SAN JUAN";"2012";"33.32";"1211";"Sistema Río Colorado";"Cuencadel Río San Juan"
"KM 101";"KM 101";"SAN JUAN";"2013";"34.66";"1211";"Sistema Río Colorado";"Cuencadel Río San Juan"
"KM 101";"KM 101";"SAN JUAN";"2014";"26.73";"1211";"Sistema Río Colorado";"Cuencadel Río San Juan"
"KM 101";"KM 101";"SAN JUAN";"2015";"33.89";"1211";"Sistema Río Colorado";"Cuencadel Río San Juan"
"KM 101";"KM 101";"SAN JUAN";"2016";"66.46";"1211";"Sistema Río Colorado";"Cuencadel Río San Juan"
"KM 101";"KM 101";"SAN JUAN";"2017";"49.2";"1211";"Sistema Río Colorado";"Cuencadel Río San Juan"
"KM 101";"KM 101";"SAN JUAN";"2018";"30.5";"1211";"Sistema Río Colorado";"Cuencadel Río San Juan"
"KM 101";"KM 101";"SAN JUAN";"2019";"24.57";"1211";"Sistema Río Colorado";"Cuencadel Río San Juan"
"KM 101";"KM 101";"SAN JUAN";"2020";"19.26";"1211";"Sistema Río Colorado";"Cuencadel Río San Juan"
"EL ENCON";"EL ENCON";"DESAGUADERO";"1993";"36.38";"1219";"Sistema Río Colorado";"Cuencadel Río San Juan"
"EL ENCON";"EL ENCON";"DESAGUADERO";"1994";"12.82";"1219";"Sistema Río Colorado";"Cuencadel Río San Juan"
"EL ENCON";"EL ENCON";"DESAGUADERO";"1995";"1.44";"1219";"Sistema Río Colorado";"Cuencadel Río San Juan"
"EL ENCON";"EL ENCON";"DESAGUADERO";"1996";"0.00";"1219";"Sistema Río Colorado";"Cuencadel Río San Juan"
"EL ENCON";"EL ENCON";"DESAGUADERO";"1997";"7.22";"1219";"Sistema Río Colorado";"Cuencadel Río San Juan"
"EL ENCON";"EL ENCON";"DESAGUADERO";"1998";"45.14";"1219";"Sistema Río Colorado";"Cuencadel Río San Juan"
"EL ENCON";"EL ENCON";"DESAGUADERO";"1999";"2.39";"1219";"Sistema Río Colorado";"Cuencadel Río San Juan"
"EL ENCON";"EL ENCON";"DESAGUADERO";"2000";"5.36";"1219";"Sistema Río Colorado";"Cuencadel Río San Juan"
"EL ENCON";"EL ENCON";"DESAGUADERO";"2001";"13.64";"1219";"Sistema Río Colorado";"Cuencadel Río San Juan"
"EL ENCON";"EL ENCON";"DESAGUADERO";"2002";"30.43";"1219";"Sistema Río Colorado";"Cuencadel Río San Juan"
"EL ENCON";"EL ENCON";"DESAGUADERO";"2003";"50.22";"1219";"Sistema Río Colorado";"Cuencadel Río San Juan"
"EL ENCON";"EL ENCON";"DESAGUADERO";"2004";"11.99";"1219";"Sistema Río Colorado";"Cuencadel Río San Juan"
"EL ENCON";"EL ENCON";"DESAGUADERO";"2005";"13.44";"1219";"Sistema Río Colorado";"Cuencadel Río San Juan"
"EL ENCON";"EL ENCON";"DESAGUADERO";"2006";"30.66";"1219";"Sistema Río Colorado";"Cuencadel Río San Juan"
"EL ENCON";"EL ENCON";"DESAGUADERO";"2007";"23.17";"1219";"Sistema Río Colorado";"Cuencadel Río San Juan"
"EL ENCON";"EL ENCON";"DESAGUADERO";"2008";"17.08";"1219";"Sistema Río Colorado";"Cuencadel Río San Juan"
"EL ENCON";"EL ENCON";"DESAGUADERO";"2009";"9.33";"1219";"Sistema Río Colorado";"Cuencadel Río San Juan"
"EL ENCON";"EL ENCON";"DESAGUADERO";"2010";"3.01";"1219";"Sistema Río Colorado";"Cuencadel Río San Juan"
"EL ENCON";"EL ENCON";"DESAGUADERO";"2011";"1.06";"1219";"Sistema Río Colorado";"Cuencadel Río San Juan"
"EL ENCON";"EL ENCON";"DESAGUADERO";"2012";"0.67";"1219";"Sistema Río Colorado";"Cuencadel Río San Juan"
"EL ENCON";"EL ENCON";"DESAGUADERO";"2013";"0.2";"1219";"Sistema Río Colorado";"Cuencadel Río San Juan"
"EL ENCON";"EL ENCON";"DESAGUADERO";"2014";"0.97";"1219";"Sistema Río Colorado";"Cuencadel Río San Juan"
"EL ENCON";"EL ENCON";"DESAGUADERO";"2015";"0.64";"1219";"Sistema Río Colorado";"Cuencadel Río San Juan"
"EL ENCON";"EL ENCON";"DESAGUADERO";"2016";"1.36";"1219";"Sistema Río Colorado";"Cuencadel Río San Juan"
"EL ENCON";"EL ENCON";"DESAGUADERO";"2017";"3.1";"1219";"Sistema Río Colorado";"Cuencadel Río San Juan"
"EL ENCON";"EL ENCON";"DESAGUADERO";"2018";"1.16";"1219";"Sistema Río Colorado";"Cuencadel Río San Juan"
"EL ENCON";"EL ENCON";"DESAGUADERO";"2019";"0.96";"1219";"Sistema Río Colorado";"Cuencadel Río San Juan"
"EL ENCON";"EL ENCON";"DESAGUADERO";"2020";"0.048";"1219";"Sistema Río Colorado";"Cuencadel Río San Juan"
"LA ANGOSTURA";"LA ANGOSTURA";"ATUEL";"1970";"23.42";"1403";"Sistema Río Colorado";"Cuencadel Río Atuel"
"LA ANGOSTURA";"LA ANGOSTURA";"ATUEL";"1971";"24.08";"1403";"Sistema Río Colorado";"Cuencadel Río Atuel"
"LA ANGOSTURA";"LA ANGOSTURA";"ATUEL";"1972";"34.84";"1403";"Sistema Río Colorado";"Cuencadel Río Atuel"
"LA ANGOSTURA";"LA ANGOSTURA";"ATUEL";"1973";"44.75";"1403";"Sistema Río Colorado";"Cuencadel Río Atuel"
"LA ANGOSTURA";"LA ANGOSTURA";"ATUEL";"1974";"34.08";"1403";"Sistema Río Colorado";"Cuencadel Río Atuel"
"LA ANGOSTURA";"LA ANGOSTURA";"ATUEL";"1975";"35.34";"1403";"Sistema Río Colorado";"Cuencadel Río Atuel"
"LA ANGOSTURA";"LA ANGOSTURA";"ATUEL";"1976";"29.84";"1403";"Sistema Río Colorado";"Cuencadel Río Atuel"
"LA ANGOSTURA";"LA ANGOSTURA";"ATUEL";"1977";"31.92";"1403";"Sistema Río Colorado";"Cuencadel Río Atuel"
"LA ANGOSTURA";"LA ANGOSTURA";"ATUEL";"1978";"36.75";"1403";"Sistema Río Colorado";"Cuencadel Río Atuel"
"LA ANGOSTURA";"LA ANGOSTURA";"ATUEL";"1979";"38.84";"1403";"Sistema Río Colorado";"Cuencadel Río Atuel"
"LA ANGOSTURA";"LA ANGOSTURA";"ATUEL";"1980";"48.42";"1403";"Sistema Río Colorado";"Cuencadel Río Atuel"
"LA ANGOSTURA";"LA ANGOSTURA";"ATUEL";"1981";"38.92";"1403";"Sistema Río Colorado";"Cuencadel Río Atuel"
"LA ANGOSTURA";"LA ANGOSTURA";"ATUEL";"1982";"50.00";"1403";"Sistema Río Colorado";"Cuencadel Río Atuel"
"LA ANGOSTURA";"LA ANGOSTURA";"ATUEL";"1983";"64.33";"1403";"Sistema Río Colorado";"Cuencadel Río Atuel"
"LA ANGOSTURA";"LA ANGOSTURA";"ATUEL";"1984";"44.67";"1403";"Sistema Río Colorado";"Cuencadel Río Atuel"
"LA ANGOSTURA";"LA ANGOSTURA";"ATUEL";"1985";"43.67";"1403";"Sistema Río Colorado";"Cuencadel Río Atuel"
"LA ANGOSTURA";"LA ANGOSTURA";"ATUEL";"1986";"41.25";"1403";"Sistema Río Colorado";"Cuencadel Río Atuel"
"LA ANGOSTURA";"LA ANGOSTURA";"ATUEL";"1987";"48.75";"1403";"Sistema Río Colorado";"Cuencadel Río Atuel"
"LA ANGOSTURA";"LA ANGOSTURA";"ATUEL";"1988";"40.75";"1403";"Sistema Río Colorado";"Cuencadel Río Atuel"
"LA ANGOSTURA";"LA ANGOSTURA";"ATUEL";"1989";"33.75";"1403";"Sistema Río Colorado";"Cuencadel Río Atuel"
"LA ANGOSTURA";"LA ANGOSTURA";"ATUEL";"1990";"29.02";"1403";"Sistema Río Colorado";"Cuencadel Río Atuel"
"LA ANGOSTURA";"LA ANGOSTURA";"ATUEL";"1991";"30.89";"1403";"Sistema Río Colorado";"Cuencadel Río Atuel"
"LA ANGOSTURA";"LA ANGOSTURA";"ATUEL";"1992";"36.14";"1403";"Sistema Río Colorado";"Cuencadel Río Atuel"
"LA ANGOSTURA";"LA ANGOSTURA";"ATUEL";"1993";"38.23";"1403";"Sistema Río Colorado";"Cuencadel Río Atuel"
"LA ANGOSTURA";"LA ANGOSTURA";"ATUEL";"1994";"39.79";"1403";"Sistema Río Colorado";"Cuencadel Río Atuel"
"LA ANGOSTURA";"LA ANGOSTURA";"ATUEL";"1995";"35.57";"1403";"Sistema Río Colorado";"Cuencadel Río Atuel"
"LA ANGOSTURA";"LA ANGOSTURA";"ATUEL";"1996";"27.71";"1403";"Sistema Río Colorado";"Cuencadel Río Atuel"
"LA ANGOSTURA";"LA ANGOSTURA";"ATUEL";"1997";"32.58";"1403";"Sistema Río Colorado";"Cuencadel Río Atuel"
"LA ANGOSTURA";"LA ANGOSTURA";"ATUEL";"1998";"33.3";"1403";"Sistema Río Colorado";"Cuencadel Río Atuel"
"LA ANGOSTURA";"LA ANGOSTURA";"ATUEL";"1999";"27.01";"1403";"Sistema Río Colorado";"Cuencadel Río Atuel"
"LA ANGOSTURA";"LA ANGOSTURA";"ATUEL";"2000";"33.95";"1403";"Sistema Río Colorado";"Cuencadel Río Atuel"
"LA ANGOSTURA";"LA ANGOSTURA";"ATUEL";"2001";"46.71";"1403";"Sistema Río Colorado";"Cuencadel Río Atuel"
"LA ANGOSTURA";"LA ANGOSTURA";"ATUEL";"2002";"46.51";"1403";"Sistema Río Colorado";"Cuencadel Río Atuel"
"LA ANGOSTURA";"LA ANGOSTURA";"ATUEL";"2003";"44.14";"1403";"Sistema Río Colorado";"Cuencadel Río Atuel"
"LA ANGOSTURA";"LA ANGOSTURA";"ATUEL";"2004";"36.11";"1403";"Sistema Río Colorado";"Cuencadel Río Atuel"
"LA ANGOSTURA";"LA ANGOSTURA";"ATUEL";"2005";"41.00";"1403";"Sistema Río Colorado";"Cuencadel Río Atuel"
"LA ANGOSTURA";"LA ANGOSTURA";"ATUEL";"2006";"55.82";"1403";"Sistema Río Colorado";"Cuencadel Río Atuel"
"LA ANGOSTURA";"LA ANGOSTURA";"ATUEL";"2007";"41.68";"1403";"Sistema Río Colorado";"Cuencadel Río Atuel"
"LA ANGOSTURA";"LA ANGOSTURA";"ATUEL";"2008";"37.52";"1403";"Sistema Río Colorado";"Cuencadel Río Atuel"
"LA ANGOSTURA";"LA ANGOSTURA";"ATUEL";"2009";"32.64";"1403";"Sistema Río Colorado";"Cuencadel Río Atuel"
"LA ANGOSTURA";"LA ANGOSTURA";"ATUEL";"2010";"29.76";"1403";"Sistema Río Colorado";"Cuencadel Río Atuel"
"LA ANGOSTURA";"LA ANGOSTURA";"ATUEL";"2011";"23.89";"1403";"Sistema Río Colorado";"Cuencadel Río Atuel"
"LA ANGOSTURA";"LA ANGOSTURA";"ATUEL";"2012";"25.9";"1403";"Sistema Río Colorado";"Cuencadel Río Atuel"
"LA ANGOSTURA";"LA ANGOSTURA";"ATUEL";"2013";"28.72";"1403";"Sistema Río Colorado";"Cuencadel Río Atuel"
"LA ANGOSTURA";"LA ANGOSTURA";"ATUEL";"2014";"23.19";"1403";"Sistema Río Colorado";"Cuencadel Río Atuel"
"LA ANGOSTURA";"LA ANGOSTURA";"ATUEL";"2015";"25.99";"1403";"Sistema Río Colorado";"Cuencadel Río Atuel"
"LA ANGOSTURA";"LA ANGOSTURA";"ATUEL";"2016";"32.29";"1403";"Sistema Río Colorado";"Cuencadel Río Atuel"
"LA ANGOSTURA";"LA ANGOSTURA";"ATUEL";"2017";"28.55";"1403";"Sistema Río Colorado";"Cuencadel Río Atuel"
"LA ANGOSTURA";"LA ANGOSTURA";"ATUEL";"2018";"21.99";"1403";"Sistema Río Colorado";"Cuencadel Río Atuel"
"LA ANGOSTURA";"LA ANGOSTURA";"ATUEL";"2019";"19.79";"1403";"Sistema Río Colorado";"Cuencadel Río Atuel"
"LA ANGOSTURA";"LA ANGOSTURA";"ATUEL";"2020";"21.11";"1403";"Sistema Río Colorado";"Cuencadel Río Atuel"
"PUNTA DE VACAS";"PUNTA DE VACAS";"CUEVAS";"1970";"4.71";"1407";"Sistema Río Colorado";"Cuencadel Río Mendoza"
"PUNTA DE VACAS";"PUNTA DE VACAS";"CUEVAS";"1971";"4.18";"1407";"Sistema Río Colorado";"Cuencadel Río Mendoza"
"PUNTA DE VACAS";"PUNTA DE VACAS";"CUEVAS";"1972";"6.53";"1407";"Sistema Río Colorado";"Cuencadel Río Mendoza"
"PUNTA DE VACAS";"PUNTA DE VACAS";"CUEVAS";"1973";"11.14";"1407";"Sistema Río Colorado";"Cuencadel Río Mendoza"
"PUNTA DE VACAS";"PUNTA DE VACAS";"CUEVAS";"1974";"6.58";"1407";"Sistema Río Colorado";"Cuencadel Río Mendoza"
"PUNTA DE VACAS";"PUNTA DE VACAS";"CUEVAS";"1975";"5.91";"1407";"Sistema Río Colorado";"Cuencadel Río Mendoza"
"PUNTA DE VACAS";"PUNTA DE VACAS";"CUEVAS";"1976";"4.35";"1407";"Sistema Río Colorado";"Cuencadel Río Mendoza"
"PUNTA DE VACAS";"PUNTA DE VACAS";"CUEVAS";"1977";"7.24";"1407";"Sistema Río Colorado";"Cuencadel Río Mendoza"
"PUNTA DE VACAS";"PUNTA DE VACAS";"CUEVAS";"1978";"9.46";"1407";"Sistema Río Colorado";"Cuencadel Río Mendoza"
"PUNTA DE VACAS";"PUNTA DE VACAS";"CUEVAS";"1979";"9.32";"1407";"Sistema Río Colorado";"Cuencadel Río Mendoza"
"PUNTA DE VACAS";"PUNTA DE VACAS";"CUEVAS";"1980";"8.06";"1407";"Sistema Río Colorado";"Cuencadel Río Mendoza"
"PUNTA DE VACAS";"PUNTA DE VACAS";"CUEVAS";"1981";"6.64";"1407";"Sistema Río Colorado";"Cuencadel Río Mendoza"
"PUNTA DE VACAS";"PUNTA DE VACAS";"CUEVAS";"1982";"9.11";"1407";"Sistema Río Colorado";"Cuencadel Río Mendoza"
"PUNTA DE VACAS";"PUNTA DE VACAS";"CUEVAS";"1983";"15.44";"1407";"Sistema Río Colorado";"Cuencadel Río Mendoza"
"PUNTA DE VACAS";"PUNTA DE VACAS";"CUEVAS";"1984";"9.3";"1407";"Sistema Río Colorado";"Cuencadel Río Mendoza"
"PUNTA DE VACAS";"PUNTA DE VACAS";"CUEVAS";"1985";"8.74";"1407";"Sistema Río Colorado";"Cuencadel Río Mendoza"
"PUNTA DE VACAS";"PUNTA DE VACAS";"CUEVAS";"1986";"8.45";"1407";"Sistema Río Colorado";"Cuencadel Río Mendoza"
"PUNTA DE VACAS";"PUNTA DE VACAS";"CUEVAS";"1987";"10.36";"1407";"Sistema Río Colorado";"Cuencadel Río Mendoza"
"PUNTA DE VACAS";"PUNTA DE VACAS";"CUEVAS";"1988";"9.46";"1407";"Sistema Río Colorado";"Cuencadel Río Mendoza"
"PUNTA DE VACAS";"PUNTA DE VACAS";"CUEVAS";"1989";"5.73";"1407";"Sistema Río Colorado";"Cuencadel Río Mendoza"
"PUNTA DE VACAS";"PUNTA DE VACAS";"CUEVAS";"1990";"4.27";"1407";"Sistema Río Colorado";"Cuencadel Río Mendoza"
"PUNTA DE VACAS";"PUNTA DE VACAS";"CUEVAS";"1991";"6.04";"1407";"Sistema Río Colorado";"Cuencadel Río Mendoza"
"PUNTA DE VACAS";"PUNTA DE VACAS";"CUEVAS";"1992";"9.88";"1407";"Sistema Río Colorado";"Cuencadel Río Mendoza"
"PUNTA DE VACAS";"PUNTA DE VACAS";"CUEVAS";"1993";"8.23";"1407";"Sistema Río Colorado";"Cuencadel Río Mendoza"
"PUNTA DE VACAS";"PUNTA DE VACAS";"CUEVAS";"1994";"6.69";"1407";"Sistema Río Colorado";"Cuencadel Río Mendoza"
"PUNTA DE VACAS";"PUNTA DE VACAS";"CUEVAS";"1995";"5.83";"1407";"Sistema Río Colorado";"Cuencadel Río Mendoza"
"PUNTA DE VACAS";"PUNTA DE VACAS";"CUEVAS";"1996";"3.41";"1407";"Sistema Río Colorado";"Cuencadel Río Mendoza"
"PUNTA DE VACAS";"PUNTA DE VACAS";"CUEVAS";"1997";"4.45";"1407";"Sistema Río Colorado";"Cuencadel Río Mendoza"
"PUNTA DE VACAS";"PUNTA DE VACAS";"CUEVAS";"1998";"6.23";"1407";"Sistema Río Colorado";"Cuencadel Río Mendoza"
"PUNTA DE VACAS";"PUNTA DE VACAS";"CUEVAS";"1999";"4.2";"1407";"Sistema Río Colorado";"Cuencadel Río Mendoza"
"PUNTA DE VACAS";"PUNTA DE VACAS";"CUEVAS";"2000";"6.99";"1407";"Sistema Río Colorado";"Cuencadel Río Mendoza"
"PUNTA DE VACAS";"PUNTA DE VACAS";"CUEVAS";"2001";"8.77";"1407";"Sistema Río Colorado";"Cuencadel Río Mendoza"
"PUNTA DE VACAS";"PUNTA DE VACAS";"CUEVAS";"2002";"8.35";"1407";"Sistema Río Colorado";"Cuencadel Río Mendoza"
"PUNTA DE VACAS";"PUNTA DE VACAS";"CUEVAS";"2003";"8.02";"1407";"Sistema Río Colorado";"Cuencadel Río Mendoza"
"PUNTA DE VACAS";"PUNTA DE VACAS";"CUEVAS";"2004";"5.86";"1407";"Sistema Río Colorado";"Cuencadel Río Mendoza"
"PUNTA DE VACAS";"PUNTA DE VACAS";"CUEVAS";"2005";"8.91";"1407";"Sistema Río Colorado";"Cuencadel Río Mendoza"
"PUNTA DE VACAS";"PUNTA DE VACAS";"CUEVAS";"2006";"12.17";"1407";"Sistema Río Colorado";"Cuencadel Río Mendoza"
"PUNTA DE VACAS";"PUNTA DE VACAS";"CUEVAS";"2007";"8.57";"1407";"Sistema Río Colorado";"Cuencadel Río Mendoza"
"PUNTA DE VACAS";"PUNTA DE VACAS";"CUEVAS";"2008";"8.92";"1407";"Sistema Río Colorado";"Cuencadel Río Mendoza"
"PUNTA DE VACAS";"PUNTA DE VACAS";"CUEVAS";"2009";"7.56";"1407";"Sistema Río Colorado";"Cuencadel Río Mendoza"
"PUNTA DE VACAS";"PUNTA DE VACAS";"CUEVAS";"2010";"5.11";"1407";"Sistema Río Colorado";"Cuencadel Río Mendoza"
"PUNTA DE VACAS";"PUNTA DE VACAS";"CUEVAS";"2011";"2.92";"1407";"Sistema Río Colorado";"Cuencadel Río Mendoza"
"PUNTA DE VACAS";"PUNTA DE VACAS";"CUEVAS";"2012";"3.25";"1407";"Sistema Río Colorado";"Cuencadel Río Mendoza"
"PUNTA DE VACAS";"PUNTA DE VACAS";"CUEVAS";"2013";"3.32";"1407";"Sistema Río Colorado";"Cuencadel Río Mendoza"
"PUNTA DE VACAS";"PUNTA DE VACAS";"CUEVAS";"2014";"3.78";"1407";"Sistema Río Colorado";"Cuencadel Río Mendoza"
"PUNTA DE VACAS";"PUNTA DE VACAS";"CUEVAS";"2015";"3.63";"1407";"Sistema Río Colorado";"Cuencadel Río Mendoza"
"PUNTA DE VACAS";"PUNTA DE VACAS";"CUEVAS";"2016";"7.24";"1407";"Sistema Río Colorado";"Cuencadel Río Mendoza"
"PUNTA DE VACAS";"PUNTA DE VACAS";"CUEVAS";"2017";"5.24";"1407";"Sistema Río Colorado";"Cuencadel Río Mendoza"
"PUNTA DE VACAS";"PUNTA DE VACAS";"CUEVAS";"2018";"3.45";"1407";"Sistema Río Colorado";"Cuencadel Río Mendoza"
"PUNTA DE VACAS";"PUNTA DE VACAS";"CUEVAS";"2019";"3.34";"1407";"Sistema Río Colorado";"Cuencadel Río Mendoza"
"PUNTA DE VACAS";"PUNTA DE VACAS";"CUEVAS";"2020";"2.85";"1407";"Sistema Río Colorado";"Cuencadel Río Mendoza"
"LOS REYUNOS";"LOS REYUNOS";"DIAMANTE";"1970";"22.44";"1409";"Sistema Río Colorado";"Cuencadel Río Diamante"
"LOS REYUNOS";"LOS REYUNOS";"DIAMANTE";"1971";"22.98";"1409";"Sistema Río Colorado";"Cuencadel Río Diamante"
"LOS REYUNOS";"LOS REYUNOS";"DIAMANTE";"1972";"30.68";"1409";"Sistema Río Colorado";"Cuencadel Río Diamante"
"LOS REYUNOS";"LOS REYUNOS";"DIAMANTE";"1973";"51.78";"1409";"Sistema Río Colorado";"Cuencadel Río Diamante"
"LOS REYUNOS";"LOS REYUNOS";"DIAMANTE";"1974";"34.64";"1409";"Sistema Río Colorado";"Cuencadel Río Diamante"
"LOS REYUNOS";"LOS REYUNOS";"DIAMANTE";"1975";"38.23";"1409";"Sistema Río Colorado";"Cuencadel Río Diamante"
"LOS REYUNOS";"LOS REYUNOS";"DIAMANTE";"1976";"27.58";"1409";"Sistema Río Colorado";"Cuencadel Río Diamante"
"LOS REYUNOS";"LOS REYUNOS";"DIAMANTE";"1977";"24.27";"1409";"Sistema Río Colorado";"Cuencadel Río Diamante"
"CACHEUTA";"CACHEUTA";"MENDOZA";"1971";"28.7";"1412";"Sistema Río Colorado";"Cuencadel Río Mendoza"
"CACHEUTA";"CACHEUTA";"MENDOZA";"1972";"40.08";"1412";"Sistema Río Colorado";"Cuencadel Río Mendoza"
"CACHEUTA";"CACHEUTA";"MENDOZA";"1973";"62.13";"1412";"Sistema Río Colorado";"Cuencadel Río Mendoza"
"CACHEUTA";"CACHEUTA";"MENDOZA";"1974";"47.58";"1412";"Sistema Río Colorado";"Cuencadel Río Mendoza"
"CACHEUTA";"CACHEUTA";"MENDOZA";"1975";"42.94";"1412";"Sistema Río Colorado";"Cuencadel Río Mendoza"
"CACHEUTA";"CACHEUTA";"MENDOZA";"1976";"31.71";"1412";"Sistema Río Colorado";"Cuencadel Río Mendoza"
"CACHEUTA";"CACHEUTA";"MENDOZA";"1977";"43.24";"1412";"Sistema Río Colorado";"Cuencadel Río Mendoza"
"CACHEUTA";"CACHEUTA";"MENDOZA";"1978";"58.66";"1412";"Sistema Río Colorado";"Cuencadel Río Mendoza"
"CACHEUTA";"CACHEUTA";"MENDOZA";"1979";"59.01";"1412";"Sistema Río Colorado";"Cuencadel Río Mendoza"
"CACHEUTA";"CACHEUTA";"MENDOZA";"1980";"56.39";"1412";"Sistema Río Colorado";"Cuencadel Río Mendoza"
"CACHEUTA";"CACHEUTA";"MENDOZA";"1981";"50.28";"1412";"Sistema Río Colorado";"Cuencadel Río Mendoza"
"CACHEUTA";"CACHEUTA";"MENDOZA";"1982";"57.27";"1412";"Sistema Río Colorado";"Cuencadel Río Mendoza"
"CACHEUTA";"CACHEUTA";"MENDOZA";"1983";"82.72";"1412";"Sistema Río Colorado";"Cuencadel Río Mendoza"
"CACHEUTA";"CACHEUTA";"MENDOZA";"1984";"59.15";"1412";"Sistema Río Colorado";"Cuencadel Río Mendoza"
"CACHEUTA";"CACHEUTA";"MENDOZA";"1985";"52.49";"1412";"Sistema Río Colorado";"Cuencadel Río Mendoza"
"CACHEUTA";"CACHEUTA";"MENDOZA";"1986";"51.36";"1412";"Sistema Río Colorado";"Cuencadel Río Mendoza"
"CACHEUTA";"CACHEUTA";"MENDOZA";"1987";"72.81";"1412";"Sistema Río Colorado";"Cuencadel Río Mendoza"
"CACHEUTA";"CACHEUTA";"MENDOZA";"1988";"54.9";"1412";"Sistema Río Colorado";"Cuencadel Río Mendoza"
"CACHEUTA";"CACHEUTA";"MENDOZA";"1989";"45.99";"1412";"Sistema Río Colorado";"Cuencadel Río Mendoza"
"CACHEUTA";"CACHEUTA";"MENDOZA";"1990";"42.52";"1412";"Sistema Río Colorado";"Cuencadel Río Mendoza"
"GUIDO";"GUIDO";"MENDOZA";"1970";"33.17";"1413";"Sistema Río Colorado";"Cuencadel Río Mendoza"
"GUIDO";"GUIDO";"MENDOZA";"1971";"26.09";"1413";"Sistema Río Colorado";"Cuencadel Río Mendoza"
"GUIDO";"GUIDO";"MENDOZA";"1972";"37.26";"1413";"Sistema Río Colorado";"Cuencadel Río Mendoza"
"GUIDO";"GUIDO";"MENDOZA";"1973";"57.25";"1413";"Sistema Río Colorado";"Cuencadel Río Mendoza"
"GUIDO";"GUIDO";"MENDOZA";"1974";"40.67";"1413";"Sistema Río Colorado";"Cuencadel Río Mendoza"
"GUIDO";"GUIDO";"MENDOZA";"1975";"37.5";"1413";"Sistema Río Colorado";"Cuencadel Río Mendoza"
"GUIDO";"GUIDO";"MENDOZA";"1976";"29.00";"1413";"Sistema Río Colorado";"Cuencadel Río Mendoza"
"GUIDO";"GUIDO";"MENDOZA";"1977";"41.59";"1413";"Sistema Río Colorado";"Cuencadel Río Mendoza"
"GUIDO";"GUIDO";"MENDOZA";"1978";"51.92";"1413";"Sistema Río Colorado";"Cuencadel Río Mendoza"
"GUIDO";"GUIDO";"MENDOZA";"1979";"52.58";"1413";"Sistema Río Colorado";"Cuencadel Río Mendoza"
"GUIDO";"GUIDO";"MENDOZA";"1980";"56.56";"1413";"Sistema Río Colorado";"Cuencadel Río Mendoza"
"GUIDO";"GUIDO";"MENDOZA";"1981";"47.78";"1413";"Sistema Río Colorado";"Cuencadel Río Mendoza"
"GUIDO";"GUIDO";"MENDOZA";"1982";"56.46";"1413";"Sistema Río Colorado";"Cuencadel Río Mendoza"
"GUIDO";"GUIDO";"MENDOZA";"1983";"91.26";"1413";"Sistema Río Colorado";"Cuencadel Río Mendoza"
"GUIDO";"GUIDO";"MENDOZA";"1984";"64.99";"1413";"Sistema Río Colorado";"Cuencadel Río Mendoza"
"GUIDO";"GUIDO";"MENDOZA";"1985";"58.25";"1413";"Sistema Río Colorado";"Cuencadel Río Mendoza"
"GUIDO";"GUIDO";"MENDOZA";"1986";"57.57";"1413";"Sistema Río Colorado";"Cuencadel Río Mendoza"
"GUIDO";"GUIDO";"MENDOZA";"1987";"88.11";"1413";"Sistema Río Colorado";"Cuencadel Río Mendoza"
"GUIDO";"GUIDO";"MENDOZA";"1988";"72.05";"1413";"Sistema Río Colorado";"Cuencadel Río Mendoza"
"GUIDO";"GUIDO";"MENDOZA";"1989";"51.85";"1413";"Sistema Río Colorado";"Cuencadel Río Mendoza"
"GUIDO";"GUIDO";"MENDOZA";"1990";"38.53";"1413";"Sistema Río Colorado";"Cuencadel Río Mendoza"
"GUIDO";"GUIDO";"MENDOZA";"1991";"42.83";"1413";"Sistema Río Colorado";"Cuencadel Río Mendoza"
"GUIDO";"GUIDO";"MENDOZA";"1992";"58.45";"1413";"Sistema Río Colorado";"Cuencadel Río Mendoza"
"GUIDO";"GUIDO";"MENDOZA";"1993";"48.66";"1413";"Sistema Río Colorado";"Cuencadel Río Mendoza"
"GUIDO";"GUIDO";"MENDOZA";"1994";"49.66";"1413";"Sistema Río Colorado";"Cuencadel Río Mendoza"
"GUIDO";"GUIDO";"MENDOZA";"1995";"45.06";"1413";"Sistema Río Colorado";"Cuencadel Río Mendoza"
"GUIDO";"GUIDO";"MENDOZA";"1996";"29.87";"1413";"Sistema Río Colorado";"Cuencadel Río Mendoza"
"GUIDO";"GUIDO";"MENDOZA";"1997";"33.94";"1413";"Sistema Río Colorado";"Cuencadel Río Mendoza"
"GUIDO";"GUIDO";"MENDOZA";"1998";"42.00";"1413";"Sistema Río Colorado";"Cuencadel Río Mendoza"
"GUIDO";"GUIDO";"MENDOZA";"1999";"36.29";"1413";"Sistema Río Colorado";"Cuencadel Río Mendoza"
"GUIDO";"GUIDO";"MENDOZA";"2000";"41.38";"1413";"Sistema Río Colorado";"Cuencadel Río Mendoza"
"GUIDO";"GUIDO";"MENDOZA";"2001";"54.7";"1413";"Sistema Río Colorado";"Cuencadel Río Mendoza"
"GUIDO";"GUIDO";"MENDOZA";"2002";"50.75";"1413";"Sistema Río Colorado";"Cuencadel Río Mendoza"
"GUIDO";"GUIDO";"MENDOZA";"2003";"55.87";"1413";"Sistema Río Colorado";"Cuencadel Río Mendoza"
"GUIDO";"GUIDO";"MENDOZA";"2004";"40.33";"1413";"Sistema Río Colorado";"Cuencadel Río Mendoza"
"GUIDO";"GUIDO";"MENDOZA";"2005";"51.17";"1413";"Sistema Río Colorado";"Cuencadel Río Mendoza"
"GUIDO";"GUIDO";"MENDOZA";"2006";"73.42";"1413";"Sistema Río Colorado";"Cuencadel Río Mendoza"
"GUIDO";"GUIDO";"MENDOZA";"2007";"56.28";"1413";"Sistema Río Colorado";"Cuencadel Río Mendoza"
"GUIDO";"GUIDO";"MENDOZA";"2008";"58.94";"1413";"Sistema Río Colorado";"Cuencadel Río Mendoza"
"GUIDO";"GUIDO";"MENDOZA";"2009";"51.53";"1413";"Sistema Río Colorado";"Cuencadel Río Mendoza"
"GUIDO";"GUIDO";"MENDOZA";"2010";"39.31";"1413";"Sistema Río Colorado";"Cuencadel Río Mendoza"
"GUIDO";"GUIDO";"MENDOZA";"2011";"28.58";"1413";"Sistema Río Colorado";"Cuencadel Río Mendoza"
"GUIDO";"GUIDO";"MENDOZA";"2012";"33.52";"1413";"Sistema Río Colorado";"Cuencadel Río Mendoza"
"GUIDO";"GUIDO";"MENDOZA";"2013";"34.62";"1413";"Sistema Río Colorado";"Cuencadel Río Mendoza"
"GUIDO";"GUIDO";"MENDOZA";"2014";"31.54";"1413";"Sistema Río Colorado";"Cuencadel Río Mendoza"
"GUIDO";"GUIDO";"MENDOZA";"2015";"34.5";"1413";"Sistema Río Colorado";"Cuencadel Río Mendoza"
"GUIDO";"GUIDO";"MENDOZA";"2016";"49.03";"1413";"Sistema Río Colorado";"Cuencadel Río Mendoza"
"GUIDO";"GUIDO";"MENDOZA";"2017";"41.91";"1413";"Sistema Río Colorado";"Cuencadel Río Mendoza"
"GUIDO";"GUIDO";"MENDOZA";"2018";"32.04";"1413";"Sistema Río Colorado";"Cuencadel Río Mendoza"
"GUIDO";"GUIDO";"MENDOZA";"2019";"29.09";"1413";"Sistema Río Colorado";"Cuencadel Río Mendoza"
"GUIDO";"GUIDO";"MENDOZA";"2020";"29.44";"1413";"Sistema Río Colorado";"Cuencadel Río Mendoza"
"PUNTA DE VACAS";"PUNTA DE VACAS";"MENDOZA";"1970";"26.34";"1414";"Sistema Río Colorado";"Cuencadel Río Mendoza"
"PUNTA DE VACAS";"PUNTA DE VACAS";"MENDOZA";"1971";"22.17";"1414";"Sistema Río Colorado";"Cuencadel Río Mendoza"
"PUNTA DE VACAS";"PUNTA DE VACAS";"MENDOZA";"1972";"31.00";"1414";"Sistema Río Colorado";"Cuencadel Río Mendoza"
"PUNTA DE VACAS";"PUNTA DE VACAS";"MENDOZA";"1973";"49.75";"1414";"Sistema Río Colorado";"Cuencadel Río Mendoza"
"PUNTA DE VACAS";"PUNTA DE VACAS";"MENDOZA";"1974";"34.92";"1414";"Sistema Río Colorado";"Cuencadel Río Mendoza"
"PUNTA DE VACAS";"PUNTA DE VACAS";"MENDOZA";"1975";"30.00";"1414";"Sistema Río Colorado";"Cuencadel Río Mendoza"
"PUNTA DE VACAS";"PUNTA DE VACAS";"MENDOZA";"1976";"20.83";"1414";"Sistema Río Colorado";"Cuencadel Río Mendoza"
"PUNTA DE VACAS";"PUNTA DE VACAS";"MENDOZA";"1977";"31.75";"1414";"Sistema Río Colorado";"Cuencadel Río Mendoza"
"PUNTA DE VACAS";"PUNTA DE VACAS";"MENDOZA";"1978";"41.92";"1414";"Sistema Río Colorado";"Cuencadel Río Mendoza"
"PUNTA DE VACAS";"PUNTA DE VACAS";"MENDOZA";"1979";"42.01";"1414";"Sistema Río Colorado";"Cuencadel Río Mendoza"
"PUNTA DE VACAS";"PUNTA DE VACAS";"MENDOZA";"1980";"41.00";"1414";"Sistema Río Colorado";"Cuencadel Río Mendoza"
"PUNTA DE VACAS";"PUNTA DE VACAS";"MENDOZA";"1981";"37.00";"1414";"Sistema Río Colorado";"Cuencadel Río Mendoza"
"PUNTA DE VACAS";"PUNTA DE VACAS";"MENDOZA";"1982";"42.83";"1414";"Sistema Río Colorado";"Cuencadel Río Mendoza"
"PUNTA DE VACAS";"PUNTA DE VACAS";"MENDOZA";"1983";"70.33";"1414";"Sistema Río Colorado";"Cuencadel Río Mendoza"
"PUNTA DE VACAS";"PUNTA DE VACAS";"MENDOZA";"1984";"41.92";"1414";"Sistema Río Colorado";"Cuencadel Río Mendoza"
"PUNTA DE VACAS";"PUNTA DE VACAS";"MENDOZA";"1985";"39.58";"1414";"Sistema Río Colorado";"Cuencadel Río Mendoza"
"PUNTA DE VACAS";"PUNTA DE VACAS";"MENDOZA";"1986";"53.53";"1414";"Sistema Río Colorado";"Cuencadel Río Mendoza"
"PUNTA DE VACAS";"PUNTA DE VACAS";"MENDOZA";"1987";"67.68";"1414";"Sistema Río Colorado";"Cuencadel Río Mendoza"
"PUNTA DE VACAS";"PUNTA DE VACAS";"MENDOZA";"1988";"52.42";"1414";"Sistema Río Colorado";"Cuencadel Río Mendoza"
"PUNTA DE VACAS";"PUNTA DE VACAS";"MENDOZA";"1989";"35.00";"1414";"Sistema Río Colorado";"Cuencadel Río Mendoza"
"PUNTA DE VACAS";"PUNTA DE VACAS";"MENDOZA";"1990";"28.74";"1414";"Sistema Río Colorado";"Cuencadel Río Mendoza"
"PUNTA DE VACAS";"PUNTA DE VACAS";"MENDOZA";"1991";"33.38";"1414";"Sistema Río Colorado";"Cuencadel Río Mendoza"
"PUNTA DE VACAS";"PUNTA DE VACAS";"MENDOZA";"1992";"52.07";"1414";"Sistema Río Colorado";"Cuencadel Río Mendoza"
"PUNTA DE VACAS";"PUNTA DE VACAS";"MENDOZA";"1993";"40.6";"1414";"Sistema Río Colorado";"Cuencadel Río Mendoza"
"PUNTA DE VACAS";"PUNTA DE VACAS";"MENDOZA";"1994";"38.78";"1414";"Sistema Río Colorado";"Cuencadel Río Mendoza"
"PUNTA DE VACAS";"PUNTA DE VACAS";"MENDOZA";"1995";"33.7";"1414";"Sistema Río Colorado";"Cuencadel Río Mendoza"
"PUNTA DE VACAS";"PUNTA DE VACAS";"MENDOZA";"1996";"21.3";"1414";"Sistema Río Colorado";"Cuencadel Río Mendoza"
"PUNTA DE VACAS";"PUNTA DE VACAS";"MENDOZA";"1997";"24.22";"1414";"Sistema Río Colorado";"Cuencadel Río Mendoza"
"PUNTA DE VACAS";"PUNTA DE VACAS";"MENDOZA";"1998";"28.67";"1414";"Sistema Río Colorado";"Cuencadel Río Mendoza"
"PUNTA DE VACAS";"PUNTA DE VACAS";"MENDOZA";"1999";"26.44";"1414";"Sistema Río Colorado";"Cuencadel Río Mendoza"
"PUNTA DE VACAS";"PUNTA DE VACAS";"MENDOZA";"2000";"29.34";"1414";"Sistema Río Colorado";"Cuencadel Río Mendoza"
"CAÑADA ANCHA";"CAÑADA ANCHA";"SALADO";"1970";"5.56";"1415";"Sistema Río Colorado";"Cuencadel Río Atuel"
"CAÑADA ANCHA";"CAÑADA ANCHA";"SALADO";"1971";"6.62";"1415";"Sistema Río Colorado";"Cuencadel Río Atuel"
"CAÑADA ANCHA";"CAÑADA ANCHA";"SALADO";"1972";"10.67";"1415";"Sistema Río Colorado";"Cuencadel Río Atuel"
"CAÑADA ANCHA";"CAÑADA ANCHA";"SALADO";"1973";"11.61";"1415";"Sistema Río Colorado";"Cuencadel Río Atuel"
"CAÑADA ANCHA";"CAÑADA ANCHA";"SALADO";"1974";"9.33";"1415";"Sistema Río Colorado";"Cuencadel Río Atuel"
"CAÑADA ANCHA";"CAÑADA ANCHA";"SALADO";"1975";"11.8";"1415";"Sistema Río Colorado";"Cuencadel Río Atuel"
"CAÑADA ANCHA";"CAÑADA ANCHA";"SALADO";"1976";"8.6";"1415";"Sistema Río Colorado";"Cuencadel Río Atuel"
"CAÑADA ANCHA";"CAÑADA ANCHA";"SALADO";"1977";"10.54";"1415";"Sistema Río Colorado";"Cuencadel Río Atuel"
"CAÑADA ANCHA";"CAÑADA ANCHA";"SALADO";"1978";"13.65";"1415";"Sistema Río Colorado";"Cuencadel Río Atuel"
"CAÑADA ANCHA";"CAÑADA ANCHA";"SALADO";"1979";"13.56";"1415";"Sistema Río Colorado";"Cuencadel Río Atuel"
"CAÑADA ANCHA";"CAÑADA ANCHA";"SALADO";"1980";"17.85";"1415";"Sistema Río Colorado";"Cuencadel Río Atuel"
"CAÑADA ANCHA";"CAÑADA ANCHA";"SALADO";"1981";"10.57";"1415";"Sistema Río Colorado";"Cuencadel Río Atuel"
"CAÑADA ANCHA";"CAÑADA ANCHA";"SALADO";"1982";"16.78";"1415";"Sistema Río Colorado";"Cuencadel Río Atuel"
"CAÑADA ANCHA";"CAÑADA ANCHA";"SALADO";"1983";"14.35";"1415";"Sistema Río Colorado";"Cuencadel Río Atuel"
"CAÑADA ANCHA";"CAÑADA ANCHA";"SALADO";"1984";"12.97";"1415";"Sistema Río Colorado";"Cuencadel Río Atuel"
"CAÑADA ANCHA";"CAÑADA ANCHA";"SALADO";"1985";"14.33";"1415";"Sistema Río Colorado";"Cuencadel Río Atuel"
"CAÑADA ANCHA";"CAÑADA ANCHA";"SALADO";"1986";"14.92";"1415";"Sistema Río Colorado";"Cuencadel Río Atuel"
"CAÑADA ANCHA";"CAÑADA ANCHA";"SALADO";"1987";"10.9";"1415";"Sistema Río Colorado";"Cuencadel Río Atuel"
"CAÑADA ANCHA";"CAÑADA ANCHA";"SALADO";"1988";"8.79";"1415";"Sistema Río Colorado";"Cuencadel Río Atuel"
"CAÑADA ANCHA";"CAÑADA ANCHA";"SALADO";"1989";"7.61";"1415";"Sistema Río Colorado";"Cuencadel Río Atuel"
"CAÑADA ANCHA";"CAÑADA ANCHA";"SALADO";"1990";"6.73";"1415";"Sistema Río Colorado";"Cuencadel Río Atuel"
"CAÑADA ANCHA";"CAÑADA ANCHA";"SALADO";"1991";"12.29";"1415";"Sistema Río Colorado";"Cuencadel Río Atuel"
"CAÑADA ANCHA";"CAÑADA ANCHA";"SALADO";"1992";"21.98";"1415";"Sistema Río Colorado";"Cuencadel Río Atuel"
"CAÑADA ANCHA";"CAÑADA ANCHA";"SALADO";"1993";"12.41";"1415";"Sistema Río Colorado";"Cuencadel Río Atuel"
"CAÑADA ANCHA";"CAÑADA ANCHA";"SALADO";"1994";"10.64";"1415";"Sistema Río Colorado";"Cuencadel Río Atuel"
"CAÑADA ANCHA";"CAÑADA ANCHA";"SALADO";"1995";"10.43";"1415";"Sistema Río Colorado";"Cuencadel Río Atuel"
"CAÑADA ANCHA";"CAÑADA ANCHA";"SALADO";"1996";"5.27";"1415";"Sistema Río Colorado";"Cuencadel Río Atuel"
"CAÑADA ANCHA";"CAÑADA ANCHA";"SALADO";"1997";"9.54";"1415";"Sistema Río Colorado";"Cuencadel Río Atuel"
"CAÑADA ANCHA";"CAÑADA ANCHA";"SALADO";"1998";"9.07";"1415";"Sistema Río Colorado";"Cuencadel Río Atuel"
"CAÑADA ANCHA";"CAÑADA ANCHA";"SALADO";"1999";"5.43";"1415";"Sistema Río Colorado";"Cuencadel Río Atuel"
"CAÑADA ANCHA";"CAÑADA ANCHA";"SALADO";"2000";"9.72";"1415";"Sistema Río Colorado";"Cuencadel Río Atuel"
"CAÑADA ANCHA";"CAÑADA ANCHA";"SALADO";"2001";"13.58";"1415";"Sistema Río Colorado";"Cuencadel Río Atuel"
"CAÑADA ANCHA";"CAÑADA ANCHA";"SALADO";"2002";"14.72";"1415";"Sistema Río Colorado";"Cuencadel Río Atuel"
"CAÑADA ANCHA";"CAÑADA ANCHA";"SALADO";"2003";"13.39";"1415";"Sistema Río Colorado";"Cuencadel Río Atuel"
"CAÑADA ANCHA";"CAÑADA ANCHA";"SALADO";"2004";"7.78";"1415";"Sistema Río Colorado";"Cuencadel Río Atuel"
"CAÑADA ANCHA";"CAÑADA ANCHA";"SALADO";"2005";"14.25";"1415";"Sistema Río Colorado";"Cuencadel Río Atuel"
"CAÑADA ANCHA";"CAÑADA ANCHA";"SALADO";"2006";"18.24";"1415";"Sistema Río Colorado";"Cuencadel Río Atuel"
"CAÑADA ANCHA";"CAÑADA ANCHA";"SALADO";"2007";"10.15";"1415";"Sistema Río Colorado";"Cuencadel Río Atuel"
"CAÑADA ANCHA";"CAÑADA ANCHA";"SALADO";"2008";"11.13";"1415";"Sistema Río Colorado";"Cuencadel Río Atuel"
"CAÑADA ANCHA";"CAÑADA ANCHA";"SALADO";"2009";"8.67";"1415";"Sistema Río Colorado";"Cuencadel Río Atuel"
"CAÑADA ANCHA";"CAÑADA ANCHA";"SALADO";"2010";"7.45";"1415";"Sistema Río Colorado";"Cuencadel Río Atuel"
"CAÑADA ANCHA";"CAÑADA ANCHA";"SALADO";"2011";"4.69";"1415";"Sistema Río Colorado";"Cuencadel Río Atuel"
"CAÑADA ANCHA";"CAÑADA ANCHA";"SALADO";"2012";"5.25";"1415";"Sistema Río Colorado";"Cuencadel Río Atuel"
"CAÑADA ANCHA";"CAÑADA ANCHA";"SALADO";"2013";"4.44";"1415";"Sistema Río Colorado";"Cuencadel Río Atuel"
"CAÑADA ANCHA";"CAÑADA ANCHA";"SALADO";"2014";"4.74";"1415";"Sistema Río Colorado";"Cuencadel Río Atuel"
"CAÑADA ANCHA";"CAÑADA ANCHA";"SALADO";"2015";"6.17";"1415";"Sistema Río Colorado";"Cuencadel Río Atuel"
"CAÑADA ANCHA";"CAÑADA ANCHA";"SALADO";"2016";"7.87";"1415";"Sistema Río Colorado";"Cuencadel Río Atuel"
"CAÑADA ANCHA";"CAÑADA ANCHA";"SALADO";"2017";"5.26";"1415";"Sistema Río Colorado";"Cuencadel Río Atuel"
"CAÑADA ANCHA";"CAÑADA ANCHA";"SALADO";"2018";"4.41";"1415";"Sistema Río Colorado";"Cuencadel Río Atuel"
"CAÑADA ANCHA";"CAÑADA ANCHA";"SALADO";"2019";"3.12";"1415";"Sistema Río Colorado";"Cuencadel Río Atuel"
"CAÑADA ANCHA";"CAÑADA ANCHA";"SALADO";"2020";"3.82";"1415";"Sistema Río Colorado";"Cuencadel Río Atuel"
"PUNTA DE VACAS";"PUNTA DE VACAS";"MENDOZA";"1986";"35.46";"1419";"Sistema Río Colorado";"Cuencadel Río Mendoza"
"PUNTA DE VACAS";"PUNTA DE VACAS";"MENDOZA";"1987";"46.47";"1419";"Sistema Río Colorado";"Cuencadel Río Mendoza"
"PUNTA DE VACAS";"PUNTA DE VACAS";"MENDOZA";"1988";"35.16";"1419";"Sistema Río Colorado";"Cuencadel Río Mendoza"
"PUNTA DE VACAS";"PUNTA DE VACAS";"MENDOZA";"1989";"25.98";"1419";"Sistema Río Colorado";"Cuencadel Río Mendoza"
"PUNTA DE VACAS";"PUNTA DE VACAS";"MENDOZA";"1990";"22.00";"1419";"Sistema Río Colorado";"Cuencadel Río Mendoza"
"PUNTA DE VACAS";"PUNTA DE VACAS";"MENDOZA";"1991";"25.3";"1419";"Sistema Río Colorado";"Cuencadel Río Mendoza"
"PUNTA DE VACAS";"PUNTA DE VACAS";"MENDOZA";"1992";"32.38";"1419";"Sistema Río Colorado";"Cuencadel Río Mendoza"
"PUNTA DE VACAS";"PUNTA DE VACAS";"MENDOZA";"1993";"31.71";"1419";"Sistema Río Colorado";"Cuencadel Río Mendoza"
"PUNTA DE VACAS";"PUNTA DE VACAS";"MENDOZA";"1994";"32.52";"1419";"Sistema Río Colorado";"Cuencadel Río Mendoza"
"PUNTA DE VACAS";"PUNTA DE VACAS";"MENDOZA";"1995";"29.69";"1419";"Sistema Río Colorado";"Cuencadel Río Mendoza"
"PUNTA DE VACAS";"PUNTA DE VACAS";"MENDOZA";"1996";"19.63";"1419";"Sistema Río Colorado";"Cuencadel Río Mendoza"
"PUNTA DE VACAS";"PUNTA DE VACAS";"MENDOZA";"1997";"20.96";"1419";"Sistema Río Colorado";"Cuencadel Río Mendoza"
"PUNTA DE VACAS";"PUNTA DE VACAS";"MENDOZA";"1998";"26.08";"1419";"Sistema Río Colorado";"Cuencadel Río Mendoza"
"PUNTA DE VACAS";"PUNTA DE VACAS";"MENDOZA";"1999";"20.45";"1419";"Sistema Río Colorado";"Cuencadel Río Mendoza"
"PUNTA DE VACAS";"PUNTA DE VACAS";"MENDOZA";"2000";"27.16";"1419";"Sistema Río Colorado";"Cuencadel Río Mendoza"
"PUNTA DE VACAS";"PUNTA DE VACAS";"MENDOZA";"2001";"36.45";"1419";"Sistema Río Colorado";"Cuencadel Río Mendoza"
"PUNTA DE VACAS";"PUNTA DE VACAS";"MENDOZA";"2002";"36.65";"1419";"Sistema Río Colorado";"Cuencadel Río Mendoza"
"PUNTA DE VACAS";"PUNTA DE VACAS";"MENDOZA";"2003";"35.28";"1419";"Sistema Río Colorado";"Cuencadel Río Mendoza"
"PUNTA DE VACAS";"PUNTA DE VACAS";"MENDOZA";"2004";"21.75";"1419";"Sistema Río Colorado";"Cuencadel Río Mendoza"
"PUNTA DE VACAS";"PUNTA DE VACAS";"MENDOZA";"2005";"32.25";"1419";"Sistema Río Colorado";"Cuencadel Río Mendoza"
"PUNTA DE VACAS";"PUNTA DE VACAS";"MENDOZA";"2006";"45.77";"1419";"Sistema Río Colorado";"Cuencadel Río Mendoza"
"PUNTA DE VACAS";"PUNTA DE VACAS";"MENDOZA";"2007";"31.84";"1419";"Sistema Río Colorado";"Cuencadel Río Mendoza"
"PUNTA DE VACAS";"PUNTA DE VACAS";"MENDOZA";"2008";"33.64";"1419";"Sistema Río Colorado";"Cuencadel Río Mendoza"
"PUNTA DE VACAS";"PUNTA DE VACAS";"MENDOZA";"2009";"27.26";"1419";"Sistema Río Colorado";"Cuencadel Río Mendoza"
"PUNTA DE VACAS";"PUNTA DE VACAS";"MENDOZA";"2010";"25.91";"1419";"Sistema Río Colorado";"Cuencadel Río Mendoza"
"PUNTA DE VACAS";"PUNTA DE VACAS";"MENDOZA";"2011";"16.39";"1419";"Sistema Río Colorado";"Cuencadel Río Mendoza"
"PUNTA DE VACAS";"PUNTA DE VACAS";"MENDOZA";"2012";"18.11";"1419";"Sistema Río Colorado";"Cuencadel Río Mendoza"
"PUNTA DE VACAS";"PUNTA DE VACAS";"MENDOZA";"2013";"20.41";"1419";"Sistema Río Colorado";"Cuencadel Río Mendoza"
"PUNTA DE VACAS";"PUNTA DE VACAS";"MENDOZA";"2014";"16.94";"1419";"Sistema Río Colorado";"Cuencadel Río Mendoza"
"PUNTA DE VACAS";"PUNTA DE VACAS";"MENDOZA";"2015";"17.96";"1419";"Sistema Río Colorado";"Cuencadel Río Mendoza"
"PUNTA DE VACAS";"PUNTA DE VACAS";"MENDOZA";"2016";"24.48";"1419";"Sistema Río Colorado";"Cuencadel Río Mendoza"
"PUNTA DE VACAS";"PUNTA DE VACAS";"MENDOZA";"2017";"20.19";"1419";"Sistema Río Colorado";"Cuencadel Río Mendoza"
"PUNTA DE VACAS";"PUNTA DE VACAS";"MENDOZA";"2018";"14.90";"1419";"Sistema Río Colorado";"Cuencadel Río Mendoza"
"PUNTA DE VACAS";"PUNTA DE VACAS";"MENDOZA";"2019";"15.09";"1419";"Sistema Río Colorado";"Cuencadel Río Mendoza"
"PUNTA DE VACAS";"PUNTA DE VACAS";"MENDOZA";"2020";"15.94";"1419";"Sistema Río Colorado";"Cuencadel Río Mendoza"
"PUNTA DE VACAS";"PUNTA DE VACAS";"TUPUNGATO";"1970";"18.43";"1420";"Sistema Río Colorado";"Cuencadel Río Mendoza"
"PUNTA DE VACAS";"PUNTA DE VACAS";"TUPUNGATO";"1971";"15.58";"1420";"Sistema Río Colorado";"Cuencadel Río Mendoza"
"PUNTA DE VACAS";"PUNTA DE VACAS";"TUPUNGATO";"1972";"19.93";"1420";"Sistema Río Colorado";"Cuencadel Río Mendoza"
"PUNTA DE VACAS";"PUNTA DE VACAS";"TUPUNGATO";"1973";"31.31";"1420";"Sistema Río Colorado";"Cuencadel Río Mendoza"
"PUNTA DE VACAS";"PUNTA DE VACAS";"TUPUNGATO";"1974";"23.52";"1420";"Sistema Río Colorado";"Cuencadel Río Mendoza"
"PUNTA DE VACAS";"PUNTA DE VACAS";"TUPUNGATO";"1975";"20.26";"1420";"Sistema Río Colorado";"Cuencadel Río Mendoza"
"PUNTA DE VACAS";"PUNTA DE VACAS";"TUPUNGATO";"1976";"14.00";"1420";"Sistema Río Colorado";"Cuencadel Río Mendoza"
"PUNTA DE VACAS";"PUNTA DE VACAS";"TUPUNGATO";"1977";"19.72";"1420";"Sistema Río Colorado";"Cuencadel Río Mendoza"
"PUNTA DE VACAS";"PUNTA DE VACAS";"TUPUNGATO";"1978";"24.83";"1420";"Sistema Río Colorado";"Cuencadel Río Mendoza"
"PUNTA DE VACAS";"PUNTA DE VACAS";"TUPUNGATO";"1979";"26.28";"1420";"Sistema Río Colorado";"Cuencadel Río Mendoza"
"PUNTA DE VACAS";"PUNTA DE VACAS";"TUPUNGATO";"1980";"27.86";"1420";"Sistema Río Colorado";"Cuencadel Río Mendoza"
"PUNTA DE VACAS";"PUNTA DE VACAS";"TUPUNGATO";"1981";"25.79";"1420";"Sistema Río Colorado";"Cuencadel Río Mendoza"
"PUNTA DE VACAS";"PUNTA DE VACAS";"TUPUNGATO";"1982";"27.69";"1420";"Sistema Río Colorado";"Cuencadel Río Mendoza"
"PUNTA DE VACAS";"PUNTA DE VACAS";"TUPUNGATO";"1983";"45.58";"1420";"Sistema Río Colorado";"Cuencadel Río Mendoza"
"PUNTA DE VACAS";"PUNTA DE VACAS";"TUPUNGATO";"1984";"26.38";"1420";"Sistema Río Colorado";"Cuencadel Río Mendoza"
"PUNTA DE VACAS";"PUNTA DE VACAS";"TUPUNGATO";"1985";"26.42";"1420";"Sistema Río Colorado";"Cuencadel Río Mendoza"
"PUNTA DE VACAS";"PUNTA DE VACAS";"TUPUNGATO";"1986";"36.09";"1420";"Sistema Río Colorado";"Cuencadel Río Mendoza"
"PUNTA DE VACAS";"PUNTA DE VACAS";"TUPUNGATO";"1987";"45.48";"1420";"Sistema Río Colorado";"Cuencadel Río Mendoza"
"PUNTA DE VACAS";"PUNTA DE VACAS";"TUPUNGATO";"1988";"37.4";"1420";"Sistema Río Colorado";"Cuencadel Río Mendoza"
"PUNTA DE VACAS";"PUNTA DE VACAS";"TUPUNGATO";"1989";"24.66";"1420";"Sistema Río Colorado";"Cuencadel Río Mendoza"
"PUNTA DE VACAS";"PUNTA DE VACAS";"TUPUNGATO";"1990";"21.65";"1420";"Sistema Río Colorado";"Cuencadel Río Mendoza"
"PUNTA DE VACAS";"PUNTA DE VACAS";"TUPUNGATO";"1991";"23.02";"1420";"Sistema Río Colorado";"Cuencadel Río Mendoza"
"PUNTA DE VACAS";"PUNTA DE VACAS";"TUPUNGATO";"1992";"33.83";"1420";"Sistema Río Colorado";"Cuencadel Río Mendoza"
"PUNTA DE VACAS";"PUNTA DE VACAS";"TUPUNGATO";"1993";"28.21";"1420";"Sistema Río Colorado";"Cuencadel Río Mendoza"
"PUNTA DE VACAS";"PUNTA DE VACAS";"TUPUNGATO";"1994";"27.16";"1420";"Sistema Río Colorado";"Cuencadel Río Mendoza"
"PUNTA DE VACAS";"PUNTA DE VACAS";"TUPUNGATO";"1995";"24.33";"1420";"Sistema Río Colorado";"Cuencadel Río Mendoza"
"PUNTA DE VACAS";"PUNTA DE VACAS";"TUPUNGATO";"1996";"16.65";"1420";"Sistema Río Colorado";"Cuencadel Río Mendoza"
"PUNTA DE VACAS";"PUNTA DE VACAS";"TUPUNGATO";"1997";"16.29";"1420";"Sistema Río Colorado";"Cuencadel Río Mendoza"
"PUNTA DE VACAS";"PUNTA DE VACAS";"TUPUNGATO";"1998";"19.44";"1420";"Sistema Río Colorado";"Cuencadel Río Mendoza"
"PUNTA DE VACAS";"PUNTA DE VACAS";"TUPUNGATO";"1999";"19.51";"1420";"Sistema Río Colorado";"Cuencadel Río Mendoza"
"PUNTA DE VACAS";"PUNTA DE VACAS";"TUPUNGATO";"2000";"23.71";"1420";"Sistema Río Colorado";"Cuencadel Río Mendoza"
"PUNTA DE VACAS";"PUNTA DE VACAS";"TUPUNGATO";"2001";"42.24";"1420";"Sistema Río Colorado";"Cuencadel Río Mendoza"
"PUNTA DE VACAS";"PUNTA DE VACAS";"TUPUNGATO";"2002";"24.75";"1420";"Sistema Río Colorado";"Cuencadel Río Mendoza"
"PUNTA DE VACAS";"PUNTA DE VACAS";"TUPUNGATO";"2003";"29.06";"1420";"Sistema Río Colorado";"Cuencadel Río Mendoza"
"PUNTA DE VACAS";"PUNTA DE VACAS";"TUPUNGATO";"2004";"19.04";"1420";"Sistema Río Colorado";"Cuencadel Río Mendoza"
"PUNTA DE VACAS";"PUNTA DE VACAS";"TUPUNGATO";"2005";"23.33";"1420";"Sistema Río Colorado";"Cuencadel Río Mendoza"
"PUNTA DE VACAS";"PUNTA DE VACAS";"TUPUNGATO";"2006";"39.57";"1420";"Sistema Río Colorado";"Cuencadel Río Mendoza"
"PUNTA DE VACAS";"PUNTA DE VACAS";"TUPUNGATO";"2007";"34.35";"1420";"Sistema Río Colorado";"Cuencadel Río Mendoza"
"PUNTA DE VACAS";"PUNTA DE VACAS";"TUPUNGATO";"2008";"28.5";"1420";"Sistema Río Colorado";"Cuencadel Río Mendoza"
"PUNTA DE VACAS";"PUNTA DE VACAS";"TUPUNGATO";"2009";"23.28";"1420";"Sistema Río Colorado";"Cuencadel Río Mendoza"
"PUNTA DE VACAS";"PUNTA DE VACAS";"TUPUNGATO";"2010";"20.43";"1420";"Sistema Río Colorado";"Cuencadel Río Mendoza"
"PUNTA DE VACAS";"PUNTA DE VACAS";"TUPUNGATO";"2011";"12.74";"1420";"Sistema Río Colorado";"Cuencadel Río Mendoza"
"PUNTA DE VACAS";"PUNTA DE VACAS";"TUPUNGATO";"2012";"16.83";"1420";"Sistema Río Colorado";"Cuencadel Río Mendoza"
"PUNTA DE VACAS";"PUNTA DE VACAS";"TUPUNGATO";"2013";"17.58";"1420";"Sistema Río Colorado";"Cuencadel Río Mendoza"
"PUNTA DE VACAS";"PUNTA DE VACAS";"TUPUNGATO";"2014";"15.53";"1420";"Sistema Río Colorado";"Cuencadel Río Mendoza"
"PUNTA DE VACAS";"PUNTA DE VACAS";"TUPUNGATO";"2015";"18.5";"1420";"Sistema Río Colorado";"Cuencadel Río Mendoza"
"PUNTA DE VACAS";"PUNTA DE VACAS";"TUPUNGATO";"2016";"27.61";"1420";"Sistema Río Colorado";"Cuencadel Río Mendoza"
"PUNTA DE VACAS";"PUNTA DE VACAS";"TUPUNGATO";"2017";"21.38";"1420";"Sistema Río Colorado";"Cuencadel Río Mendoza"
"PUNTA DE VACAS";"PUNTA DE VACAS";"TUPUNGATO";"2018";"14.9";"1420";"Sistema Río Colorado";"Cuencadel Río Mendoza"
"PUNTA DE VACAS";"PUNTA DE VACAS";"TUPUNGATO";"2019";"14.22";"1420";"Sistema Río Colorado";"Cuencadel Río Mendoza"
"PUNTA DE VACAS";"PUNTA DE VACAS";"TUPUNGATO";"2020";"14.63";"1420";"Sistema Río Colorado";"Cuencadel Río Mendoza"
"PUNTA DE VACAS";"PUNTA DE VACAS";"VACAS";"1970";"3.18";"1421";"Sistema Río Colorado";"Cuencadel Río Mendoza"
"PUNTA DE VACAS";"PUNTA DE VACAS";"VACAS";"1971";"2.44";"1421";"Sistema Río Colorado";"Cuencadel Río Mendoza"
"PUNTA DE VACAS";"PUNTA DE VACAS";"VACAS";"1972";"4.43";"1421";"Sistema Río Colorado";"Cuencadel Río Mendoza"
"PUNTA DE VACAS";"PUNTA DE VACAS";"VACAS";"1973";"7.22";"1421";"Sistema Río Colorado";"Cuencadel Río Mendoza"
"PUNTA DE VACAS";"PUNTA DE VACAS";"VACAS";"1974";"4.95";"1421";"Sistema Río Colorado";"Cuencadel Río Mendoza"
"PUNTA DE VACAS";"PUNTA DE VACAS";"VACAS";"1975";"3.67";"1421";"Sistema Río Colorado";"Cuencadel Río Mendoza"
"PUNTA DE VACAS";"PUNTA DE VACAS";"VACAS";"1976";"2.7";"1421";"Sistema Río Colorado";"Cuencadel Río Mendoza"
"PUNTA DE VACAS";"PUNTA DE VACAS";"VACAS";"1977";"4.69";"1421";"Sistema Río Colorado";"Cuencadel Río Mendoza"
"PUNTA DE VACAS";"PUNTA DE VACAS";"VACAS";"1978";"7.62";"1421";"Sistema Río Colorado";"Cuencadel Río Mendoza"
"PUNTA DE VACAS";"PUNTA DE VACAS";"VACAS";"1979";"6.33";"1421";"Sistema Río Colorado";"Cuencadel Río Mendoza"
"PUNTA DE VACAS";"PUNTA DE VACAS";"VACAS";"1980";"5.05";"1421";"Sistema Río Colorado";"Cuencadel Río Mendoza"
"PUNTA DE VACAS";"PUNTA DE VACAS";"VACAS";"1981";"4.55";"1421";"Sistema Río Colorado";"Cuencadel Río Mendoza"
"PUNTA DE VACAS";"PUNTA DE VACAS";"VACAS";"1982";"6.2";"1421";"Sistema Río Colorado";"Cuencadel Río Mendoza"
"PUNTA DE VACAS";"PUNTA DE VACAS";"VACAS";"1983";"9.36";"1421";"Sistema Río Colorado";"Cuencadel Río Mendoza"
"PUNTA DE VACAS";"PUNTA DE VACAS";"VACAS";"1984";"5.99";"1421";"Sistema Río Colorado";"Cuencadel Río Mendoza"
"PUNTA DE VACAS";"PUNTA DE VACAS";"VACAS";"1985";"4.56";"1421";"Sistema Río Colorado";"Cuencadel Río Mendoza"
"PUNTA DE VACAS";"PUNTA DE VACAS";"VACAS";"1986";"5.67";"1421";"Sistema Río Colorado";"Cuencadel Río Mendoza"
"PUNTA DE VACAS";"PUNTA DE VACAS";"VACAS";"1987";"11.84";"1421";"Sistema Río Colorado";"Cuencadel Río Mendoza"
"PUNTA DE VACAS";"PUNTA DE VACAS";"VACAS";"1988";"5.41";"1421";"Sistema Río Colorado";"Cuencadel Río Mendoza"
"PUNTA DE VACAS";"PUNTA DE VACAS";"VACAS";"1989";"4.51";"1421";"Sistema Río Colorado";"Cuencadel Río Mendoza"
"PUNTA DE VACAS";"PUNTA DE VACAS";"VACAS";"1990";"2.95";"1421";"Sistema Río Colorado";"Cuencadel Río Mendoza"
"PUNTA DE VACAS";"PUNTA DE VACAS";"VACAS";"1991";"4.32";"1421";"Sistema Río Colorado";"Cuencadel Río Mendoza"
"PUNTA DE VACAS";"PUNTA DE VACAS";"VACAS";"1992";"5.73";"1421";"Sistema Río Colorado";"Cuencadel Río Mendoza"
"PUNTA DE VACAS";"PUNTA DE VACAS";"VACAS";"1993";"4.16";"1421";"Sistema Río Colorado";"Cuencadel Río Mendoza"
"PUNTA DE VACAS";"PUNTA DE VACAS";"VACAS";"1994";"4.93";"1421";"Sistema Río Colorado";"Cuencadel Río Mendoza"
"PUNTA DE VACAS";"PUNTA DE VACAS";"VACAS";"1995";"3.53";"1421";"Sistema Río Colorado";"Cuencadel Río Mendoza"
"PUNTA DE VACAS";"PUNTA DE VACAS";"VACAS";"1996";"2.14";"1421";"Sistema Río Colorado";"Cuencadel Río Mendoza"
"PUNTA DE VACAS";"PUNTA DE VACAS";"VACAS";"1997";"3.76";"1421";"Sistema Río Colorado";"Cuencadel Río Mendoza"
"PUNTA DE VACAS";"PUNTA DE VACAS";"VACAS";"1998";"3.01";"1421";"Sistema Río Colorado";"Cuencadel Río Mendoza"
"PUNTA DE VACAS";"PUNTA DE VACAS";"VACAS";"1999";"2.75";"1421";"Sistema Río Colorado";"Cuencadel Río Mendoza"
"PUNTA DE VACAS";"PUNTA DE VACAS";"VACAS";"2000";"3.18";"1421";"Sistema Río Colorado";"Cuencadel Río Mendoza"
"PUNTA DE VACAS";"PUNTA DE VACAS";"VACAS";"2001";"4.72";"1421";"Sistema Río Colorado";"Cuencadel Río Mendoza"
"PUNTA DE VACAS";"PUNTA DE VACAS";"VACAS";"2002";"3.56";"1421";"Sistema Río Colorado";"Cuencadel Río Mendoza"
"PUNTA DE VACAS";"PUNTA DE VACAS";"VACAS";"2003";"4.74";"1421";"Sistema Río Colorado";"Cuencadel Río Mendoza"
"PUNTA DE VACAS";"PUNTA DE VACAS";"VACAS";"2004";"4.04";"1421";"Sistema Río Colorado";"Cuencadel Río Mendoza"
"PUNTA DE VACAS";"PUNTA DE VACAS";"VACAS";"2005";"6.25";"1421";"Sistema Río Colorado";"Cuencadel Río Mendoza"
"PUNTA DE VACAS";"PUNTA DE VACAS";"VACAS";"2006";"7.09";"1421";"Sistema Río Colorado";"Cuencadel Río Mendoza"
"PUNTA DE VACAS";"PUNTA DE VACAS";"VACAS";"2007";"4.77";"1421";"Sistema Río Colorado";"Cuencadel Río Mendoza"
"PUNTA DE VACAS";"PUNTA DE VACAS";"VACAS";"2008";"5.7";"1421";"Sistema Río Colorado";"Cuencadel Río Mendoza"
"PUNTA DE VACAS";"PUNTA DE VACAS";"VACAS";"2009";"4.98";"1421";"Sistema Río Colorado";"Cuencadel Río Mendoza"
"PUNTA DE VACAS";"PUNTA DE VACAS";"VACAS";"2010";"2.92";"1421";"Sistema Río Colorado";"Cuencadel Río Mendoza"
"PUNTA DE VACAS";"PUNTA DE VACAS";"VACAS";"2011";"1.68";"1421";"Sistema Río Colorado";"Cuencadel Río Mendoza"
"PUNTA DE VACAS";"PUNTA DE VACAS";"VACAS";"2012";"2.57";"1421";"Sistema Río Colorado";"Cuencadel Río Mendoza"
"PUNTA DE VACAS";"PUNTA DE VACAS";"VACAS";"2013";"2.35";"1421";"Sistema Río Colorado";"Cuencadel Río Mendoza"
"PUNTA DE VACAS";"PUNTA DE VACAS";"VACAS";"2014";"2.23";"1421";"Sistema Río Colorado";"Cuencadel Río Mendoza"
"PUNTA DE VACAS";"PUNTA DE VACAS";"VACAS";"2015";"2.56";"1421";"Sistema Río Colorado";"Cuencadel Río Mendoza"
"PUNTA DE VACAS";"PUNTA DE VACAS";"VACAS";"2016";"3.75";"1421";"Sistema Río Colorado";"Cuencadel Río Mendoza"
"PUNTA DE VACAS";"PUNTA DE VACAS";"VACAS";"2017";"3.00";"1421";"Sistema Río Colorado";"Cuencadel Río Mendoza"
"PUNTA DE VACAS";"PUNTA DE VACAS";"VACAS";"2018";"2.98";"1421";"Sistema Río Colorado";"Cuencadel Río Mendoza"
"PUNTA DE VACAS";"PUNTA DE VACAS";"VACAS";"2019";"2.49";"1421";"Sistema Río Colorado";"Cuencadel Río Mendoza"
"PUNTA DE VACAS";"PUNTA DE VACAS";"VACAS";"2020";"3.18";"1421";"Sistema Río Colorado";"Cuencadel Río Mendoza"
"LA JAULA";"LA JAULA";"DIAMANTE";"1971";"20.13";"1423";"Sistema Río Colorado";"Cuencadel Río Diamante"
"LA JAULA";"LA JAULA";"DIAMANTE";"1972";"25.25";"1423";"Sistema Río Colorado";"Cuencadel Río Diamante"
"LA JAULA";"LA JAULA";"DIAMANTE";"1973";"42.46";"1423";"Sistema Río Colorado";"Cuencadel Río Diamante"
"LA JAULA";"LA JAULA";"DIAMANTE";"1974";"27.3";"1423";"Sistema Río Colorado";"Cuencadel Río Diamante"
"LA JAULA";"LA JAULA";"DIAMANTE";"1975";"30.98";"1423";"Sistema Río Colorado";"Cuencadel Río Diamante"
"LA JAULA";"LA JAULA";"DIAMANTE";"1976";"21.83";"1423";"Sistema Río Colorado";"Cuencadel Río Diamante"
"LA JAULA";"LA JAULA";"DIAMANTE";"1977";"24.88";"1423";"Sistema Río Colorado";"Cuencadel Río Diamante"
"LA JAULA";"LA JAULA";"DIAMANTE";"1978";"30.53";"1423";"Sistema Río Colorado";"Cuencadel Río Diamante"
"LA JAULA";"LA JAULA";"DIAMANTE";"1979";"36.3";"1423";"Sistema Río Colorado";"Cuencadel Río Diamante"
"LA JAULA";"LA JAULA";"DIAMANTE";"1980";"44.94";"1423";"Sistema Río Colorado";"Cuencadel Río Diamante"
"LA JAULA";"LA JAULA";"DIAMANTE";"1981";"41.21";"1423";"Sistema Río Colorado";"Cuencadel Río Diamante"
"LA JAULA";"LA JAULA";"DIAMANTE";"1982";"46.08";"1423";"Sistema Río Colorado";"Cuencadel Río Diamante"
"LA JAULA";"LA JAULA";"DIAMANTE";"1983";"69.47";"1423";"Sistema Río Colorado";"Cuencadel Río Diamante"
"LA JAULA";"LA JAULA";"DIAMANTE";"1984";"40.69";"1423";"Sistema Río Colorado";"Cuencadel Río Diamante"
"LA JAULA";"LA JAULA";"DIAMANTE";"1985";"44.09";"1423";"Sistema Río Colorado";"Cuencadel Río Diamante"
"LA JAULA";"LA JAULA";"DIAMANTE";"1986";"38.86";"1423";"Sistema Río Colorado";"Cuencadel Río Diamante"
"LA JAULA";"LA JAULA";"DIAMANTE";"1987";"50.04";"1423";"Sistema Río Colorado";"Cuencadel Río Diamante"
"LA JAULA";"LA JAULA";"DIAMANTE";"1988";"42.07";"1423";"Sistema Río Colorado";"Cuencadel Río Diamante"
"LA JAULA";"LA JAULA";"DIAMANTE";"1989";"27.58";"1423";"Sistema Río Colorado";"Cuencadel Río Diamante"
"LA JAULA";"LA JAULA";"DIAMANTE";"1990";"23.92";"1423";"Sistema Río Colorado";"Cuencadel Río Diamante"
"LA JAULA";"LA JAULA";"DIAMANTE";"1991";"25.72";"1423";"Sistema Río Colorado";"Cuencadel Río Diamante"
"LA JAULA";"LA JAULA";"DIAMANTE";"1992";"35.1";"1423";"Sistema Río Colorado";"Cuencadel Río Diamante"
"LA JAULA";"LA JAULA";"DIAMANTE";"1993";"31.7";"1423";"Sistema Río Colorado";"Cuencadel Río Diamante"
"LA JAULA";"LA JAULA";"DIAMANTE";"1994";"35.47";"1423";"Sistema Río Colorado";"Cuencadel Río Diamante"
"LA JAULA";"LA JAULA";"DIAMANTE";"1995";"34.00";"1423";"Sistema Río Colorado";"Cuencadel Río Diamante"
"LA JAULA";"LA JAULA";"DIAMANTE";"1996";"21.56";"1423";"Sistema Río Colorado";"Cuencadel Río Diamante"
"LA JAULA";"LA JAULA";"DIAMANTE";"1997";"20.9";"1423";"Sistema Río Colorado";"Cuencadel Río Diamante"
"LA JAULA";"LA JAULA";"DIAMANTE";"1998";"29.93";"1423";"Sistema Río Colorado";"Cuencadel Río Diamante"
"LA JAULA";"LA JAULA";"DIAMANTE";"1999";"20.5";"1423";"Sistema Río Colorado";"Cuencadel Río Diamante"
"LA JAULA";"LA JAULA";"DIAMANTE";"2000";"27.87";"1423";"Sistema Río Colorado";"Cuencadel Río Diamante"
"LA JAULA";"LA JAULA";"DIAMANTE";"2001";"40.48";"1423";"Sistema Río Colorado";"Cuencadel Río Diamante"
"LA JAULA";"LA JAULA";"DIAMANTE";"2002";"41.22";"1423";"Sistema Río Colorado";"Cuencadel Río Diamante"
"LA JAULA";"LA JAULA";"DIAMANTE";"2003";"45.24";"1423";"Sistema Río Colorado";"Cuencadel Río Diamante"
"LA JAULA";"LA JAULA";"DIAMANTE";"2004";"28.63";"1423";"Sistema Río Colorado";"Cuencadel Río Diamante"
"LA JAULA";"LA JAULA";"DIAMANTE";"2005";"37.62";"1423";"Sistema Río Colorado";"Cuencadel Río Diamante"
"LA JAULA";"LA JAULA";"DIAMANTE";"2006";"54.72";"1423";"Sistema Río Colorado";"Cuencadel Río Diamante"
"LA JAULA";"LA JAULA";"DIAMANTE";"2007";"35.95";"1423";"Sistema Río Colorado";"Cuencadel Río Diamante"
"LA JAULA";"LA JAULA";"DIAMANTE";"2008";"32.5";"1423";"Sistema Río Colorado";"Cuencadel Río Diamante"
"LA JAULA";"LA JAULA";"DIAMANTE";"2009";"29.28";"1423";"Sistema Río Colorado";"Cuencadel Río Diamante"
"LA JAULA";"LA JAULA";"DIAMANTE";"2010";"30.5";"1423";"Sistema Río Colorado";"Cuencadel Río Diamante"
"LA JAULA";"LA JAULA";"DIAMANTE";"2011";"20.37";"1423";"Sistema Río Colorado";"Cuencadel Río Diamante"
"LA JAULA";"LA JAULA";"DIAMANTE";"2012";"23.55";"1423";"Sistema Río Colorado";"Cuencadel Río Diamante"
"LA JAULA";"LA JAULA";"DIAMANTE";"2013";"23.18";"1423";"Sistema Río Colorado";"Cuencadel Río Diamante"
"LA JAULA";"LA JAULA";"DIAMANTE";"2014";"17.24";"1423";"Sistema Río Colorado";"Cuencadel Río Diamante"
"LA JAULA";"LA JAULA";"DIAMANTE";"2015";"20.98";"1423";"Sistema Río Colorado";"Cuencadel Río Diamante"
"LA JAULA";"LA JAULA";"DIAMANTE";"2016";"32.21";"1423";"Sistema Río Colorado";"Cuencadel Río Diamante"
"LA JAULA";"LA JAULA";"DIAMANTE";"2017";"24.84";"1423";"Sistema Río Colorado";"Cuencadel Río Diamante"
"LA JAULA";"LA JAULA";"DIAMANTE";"2018";"17.18";"1423";"Sistema Río Colorado";"Cuencadel Río Diamante"
"LA JAULA";"LA JAULA";"DIAMANTE";"2019";"15.68";"1423";"Sistema Río Colorado";"Cuencadel Río Diamante"
"LA JAULA";"LA JAULA";"DIAMANTE";"2020";"15.01";"1423";"Sistema Río Colorado";"Cuencadel Río Diamante"
"ARCO DEL DESAGUADERO";"ARCO DEL DESAGUADERO";"DESAGUADERO";"2009";"4.69";"1424";"Sistema Río Colorado";"Cuencadel Río Desaguadero y áreas vecinassin drenaje definido"
"ARCO DEL DESAGUADERO";"ARCO DEL DESAGUADERO";"DESAGUADERO";"2010";"1.41";"1424";"Sistema Río Colorado";"Cuencadel Río Desaguadero y áreas vecinassin drenaje definido"
"ARCO DEL DESAGUADERO";"ARCO DEL DESAGUADERO";"DESAGUADERO";"2011";"0.27";"1424";"Sistema Río Colorado";"Cuencadel Río Desaguadero y áreas vecinassin drenaje definido"
"ARCO DEL DESAGUADERO";"ARCO DEL DESAGUADERO";"DESAGUADERO";"2012";"0.34";"1424";"Sistema Río Colorado";"Cuencadel Río Desaguadero y áreas vecinassin drenaje definido"
"ARCO DEL DESAGUADERO";"ARCO DEL DESAGUADERO";"DESAGUADERO";"2013";"0.16";"1424";"Sistema Río Colorado";"Cuencadel Río Desaguadero y áreas vecinassin drenaje definido"
"ARCO DEL DESAGUADERO";"ARCO DEL DESAGUADERO";"DESAGUADERO";"2014";"0.17";"1424";"Sistema Río Colorado";"Cuencadel Río Desaguadero y áreas vecinassin drenaje definido"
"ARCO DEL DESAGUADERO";"ARCO DEL DESAGUADERO";"DESAGUADERO";"2015";"0.04";"1424";"Sistema Río Colorado";"Cuencadel Río Desaguadero y áreas vecinassin drenaje definido"
"ARCO DEL DESAGUADERO";"ARCO DEL DESAGUADERO";"DESAGUADERO";"2016";"0.05";"1424";"Sistema Río Colorado";"Cuencadel Río Desaguadero y áreas vecinassin drenaje definido"
"ARCO DEL DESAGUADERO";"ARCO DEL DESAGUADERO";"DESAGUADERO";"2017";"0.05";"1424";"Sistema Río Colorado";"Cuencadel Río Desaguadero y áreas vecinassin drenaje definido"
"ARCO DEL DESAGUADERO";"ARCO DEL DESAGUADERO";"DESAGUADERO";"2018";"0.02";"1424";"Sistema Río Colorado";"Cuencadel Río Desaguadero y áreas vecinassin drenaje definido"
"ARCO DEL DESAGUADERO";"ARCO DEL DESAGUADERO";"DESAGUADERO";"2019";"0.02";"1424";"Sistema Río Colorado";"Cuencadel Río Desaguadero y áreas vecinassin drenaje definido"
"ARCO DEL DESAGUADERO";"ARCO DEL DESAGUADERO";"DESAGUADERO";"2020";"0.003";"1424";"Sistema Río Colorado";"Cuencadel Río Desaguadero y áreas vecinassin drenaje definido"
"GENDARMERIA";"GENDARMERIA";"POTI MALAL";"1971";"9.9";"1425";"Sistema Río Colorado";"Cuencadel Río Colorado"
"GENDARMERIA";"GENDARMERIA";"POTI MALAL";"1972";"7.99";"1425";"Sistema Río Colorado";"Cuencadel Río Colorado"
"GENDARMERIA";"GENDARMERIA";"POTI MALAL";"1973";"8.03";"1425";"Sistema Río Colorado";"Cuencadel Río Colorado"
"GENDARMERIA";"GENDARMERIA";"POTI MALAL";"1974";"7.42";"1425";"Sistema Río Colorado";"Cuencadel Río Colorado"
"GENDARMERIA";"GENDARMERIA";"POTI MALAL";"1975";"10.00";"1425";"Sistema Río Colorado";"Cuencadel Río Colorado"
"GENDARMERIA";"GENDARMERIA";"POTI MALAL";"1976";"5.54";"1425";"Sistema Río Colorado";"Cuencadel Río Colorado"
"GENDARMERIA";"GENDARMERIA";"POTI MALAL";"1977";"7.84";"1425";"Sistema Río Colorado";"Cuencadel Río Colorado"
"GENDARMERIA";"GENDARMERIA";"POTI MALAL";"1978";"9.24";"1425";"Sistema Río Colorado";"Cuencadel Río Colorado"
"GENDARMERIA";"GENDARMERIA";"POTI MALAL";"1979";"10.7";"1425";"Sistema Río Colorado";"Cuencadel Río Colorado"
"GENDARMERIA";"GENDARMERIA";"POTI MALAL";"1980";"12.03";"1425";"Sistema Río Colorado";"Cuencadel Río Colorado"
"GENDARMERIA";"GENDARMERIA";"POTI MALAL";"1981";"7.93";"1425";"Sistema Río Colorado";"Cuencadel Río Colorado"
"GENDARMERIA";"GENDARMERIA";"POTI MALAL";"1982";"15.48";"1425";"Sistema Río Colorado";"Cuencadel Río Colorado"
"GENDARMERIA";"GENDARMERIA";"POTI MALAL";"1983";"10.48";"1425";"Sistema Río Colorado";"Cuencadel Río Colorado"
"GENDARMERIA";"GENDARMERIA";"POTI MALAL";"1984";"9.05";"1425";"Sistema Río Colorado";"Cuencadel Río Colorado"
"GENDARMERIA";"GENDARMERIA";"POTI MALAL";"1985";"5.82";"1425";"Sistema Río Colorado";"Cuencadel Río Colorado"
"GENDARMERIA";"GENDARMERIA";"POTI MALAL";"1986";"8.85";"1425";"Sistema Río Colorado";"Cuencadel Río Colorado"
"GENDARMERIA";"GENDARMERIA";"POTI MALAL";"1987";"10.48";"1425";"Sistema Río Colorado";"Cuencadel Río Colorado"
"GENDARMERIA";"GENDARMERIA";"POTI MALAL";"1988";"6.18";"1425";"Sistema Río Colorado";"Cuencadel Río Colorado"
"GENDARMERIA";"GENDARMERIA";"POTI MALAL";"1989";"3.71";"1425";"Sistema Río Colorado";"Cuencadel Río Colorado"
"GENDARMERIA";"GENDARMERIA";"POTI MALAL";"1990";"2.72";"1425";"Sistema Río Colorado";"Cuencadel Río Colorado"
"GENDARMERIA";"GENDARMERIA";"POTI MALAL";"1991";"4.95";"1425";"Sistema Río Colorado";"Cuencadel Río Colorado"
"GENDARMERIA";"GENDARMERIA";"POTI MALAL";"1992";"7.68";"1425";"Sistema Río Colorado";"Cuencadel Río Colorado"
"GENDARMERIA";"GENDARMERIA";"POTI MALAL";"1993";"6.24";"1425";"Sistema Río Colorado";"Cuencadel Río Colorado"
"GENDARMERIA";"GENDARMERIA";"POTI MALAL";"1994";"8.06";"1425";"Sistema Río Colorado";"Cuencadel Río Colorado"
"GENDARMERIA";"GENDARMERIA";"POTI MALAL";"1995";"8.33";"1425";"Sistema Río Colorado";"Cuencadel Río Colorado"
"GENDARMERIA";"GENDARMERIA";"POTI MALAL";"1996";"3.87";"1425";"Sistema Río Colorado";"Cuencadel Río Colorado"
"GENDARMERIA";"GENDARMERIA";"POTI MALAL";"1997";"8.86";"1425";"Sistema Río Colorado";"Cuencadel Río Colorado"
"GENDARMERIA";"GENDARMERIA";"POTI MALAL";"1998";"3.95";"1425";"Sistema Río Colorado";"Cuencadel Río Colorado"
"GENDARMERIA";"GENDARMERIA";"POTI MALAL";"1999";"3.8";"1425";"Sistema Río Colorado";"Cuencadel Río Colorado"
"GENDARMERIA";"GENDARMERIA";"POTI MALAL";"2000";"7.69";"1425";"Sistema Río Colorado";"Cuencadel Río Colorado"
"GENDARMERIA";"GENDARMERIA";"POTI MALAL";"2001";"12.48";"1425";"Sistema Río Colorado";"Cuencadel Río Colorado"
"GENDARMERIA";"GENDARMERIA";"POTI MALAL";"2002";"11.75";"1425";"Sistema Río Colorado";"Cuencadel Río Colorado"
"GENDARMERIA";"GENDARMERIA";"POTI MALAL";"2003";"6.56";"1425";"Sistema Río Colorado";"Cuencadel Río Colorado"
"GENDARMERIA";"GENDARMERIA";"POTI MALAL";"2004";"4.18";"1425";"Sistema Río Colorado";"Cuencadel Río Colorado"
"GENDARMERIA";"GENDARMERIA";"POTI MALAL";"2005";"13.77";"1425";"Sistema Río Colorado";"Cuencadel Río Colorado"
"GENDARMERIA";"GENDARMERIA";"POTI MALAL";"2006";"14.42";"1425";"Sistema Río Colorado";"Cuencadel Río Colorado"
"GENDARMERIA";"GENDARMERIA";"POTI MALAL";"2007";"6.84";"1425";"Sistema Río Colorado";"Cuencadel Río Colorado"
"GENDARMERIA";"GENDARMERIA";"POTI MALAL";"2008";"7.51";"1425";"Sistema Río Colorado";"Cuencadel Río Colorado"
"GENDARMERIA";"GENDARMERIA";"POTI MALAL";"2009";"6.83";"1425";"Sistema Río Colorado";"Cuencadel Río Colorado"
"GENDARMERIA";"GENDARMERIA";"POTI MALAL";"2010";"4.24";"1425";"Sistema Río Colorado";"Cuencadel Río Colorado"
"GENDARMERIA";"GENDARMERIA";"POTI MALAL";"2011";"3.32";"1425";"Sistema Río Colorado";"Cuencadel Río Colorado"
"GENDARMERIA";"GENDARMERIA";"POTI MALAL";"2012";"3.03";"1425";"Sistema Río Colorado";"Cuencadel Río Colorado"
"GENDARMERIA";"GENDARMERIA";"POTI MALAL";"2013";"3.57";"1425";"Sistema Río Colorado";"Cuencadel Río Colorado"
"GENDARMERIA";"GENDARMERIA";"POTI MALAL";"2014";"3.71";"1425";"Sistema Río Colorado";"Cuencadel Río Colorado"
"GENDARMERIA";"GENDARMERIA";"POTI MALAL";"2015";"4.05";"1425";"Sistema Río Colorado";"Cuencadel Río Colorado"
"GENDARMERIA";"GENDARMERIA";"POTI MALAL";"2016";"3.06";"1425";"Sistema Río Colorado";"Cuencadel Río Colorado"
"GENDARMERIA";"GENDARMERIA";"POTI MALAL";"2017";"2.16";"1425";"Sistema Río Colorado";"Cuencadel Río Colorado"
"GENDARMERIA";"GENDARMERIA";"POTI MALAL";"2018";"2.24";"1425";"Sistema Río Colorado";"Cuencadel Río Colorado"
"GENDARMERIA";"GENDARMERIA";"POTI MALAL";"2019";"1.59";"1425";"Sistema Río Colorado";"Cuencadel Río Colorado"
"GENDARMERIA";"GENDARMERIA";"POTI MALAL";"2020";"2.53";"1425";"Sistema Río Colorado";"Cuencadel Río Colorado"
"PINCHEIRA";"PINCHEIRA";"PINCHEIRA";"1974";"5.34";"1426";"Sistema s In dependientes";"Cuencade la Laguna de Llancanelo"
"PINCHEIRA";"PINCHEIRA";"PINCHEIRA";"1975";"5.55";"1426";"Sistema s In dependientes";"Cuencade la Laguna de Llancanelo"
"PINCHEIRA";"PINCHEIRA";"PINCHEIRA";"1976";"4.35";"1426";"Sistema s In dependientes";"Cuencade la Laguna de Llancanelo"
"PINCHEIRA";"PINCHEIRA";"PINCHEIRA";"1977";"3.82";"1426";"Sistema s In dependientes";"Cuencade la Laguna de Llancanelo"
"PINCHEIRA";"PINCHEIRA";"PINCHEIRA";"1978";"5.44";"1426";"Sistema s In dependientes";"Cuencade la Laguna de Llancanelo"
"PINCHEIRA";"PINCHEIRA";"PINCHEIRA";"1979";"6.37";"1426";"Sistema s In dependientes";"Cuencade la Laguna de Llancanelo"
"PINCHEIRA";"PINCHEIRA";"PINCHEIRA";"1980";"6.56";"1426";"Sistema s In dependientes";"Cuencade la Laguna de Llancanelo"
"PINCHEIRA";"PINCHEIRA";"PINCHEIRA";"1981";"6.35";"1426";"Sistema s In dependientes";"Cuencade la Laguna de Llancanelo"
"PINCHEIRA";"PINCHEIRA";"PINCHEIRA";"1982";"6.00";"1426";"Sistema s In dependientes";"Cuencade la Laguna de Llancanelo"
"PINCHEIRA";"PINCHEIRA";"PINCHEIRA";"1983";"10.42";"1426";"Sistema s In dependientes";"Cuencade la Laguna de Llancanelo"
"PINCHEIRA";"PINCHEIRA";"PINCHEIRA";"1984";"5.42";"1426";"Sistema s In dependientes";"Cuencade la Laguna de Llancanelo"
"PINCHEIRA";"PINCHEIRA";"PINCHEIRA";"1985";"6.62";"1426";"Sistema s In dependientes";"Cuencade la Laguna de Llancanelo"
"PINCHEIRA";"PINCHEIRA";"PINCHEIRA";"1986";"6.16";"1426";"Sistema s In dependientes";"Cuencade la Laguna de Llancanelo"
"PINCHEIRA";"PINCHEIRA";"PINCHEIRA";"1987";"6.31";"1426";"Sistema s In dependientes";"Cuencade la Laguna de Llancanelo"
"PINCHEIRA";"PINCHEIRA";"PINCHEIRA";"1988";"5.29";"1426";"Sistema s In dependientes";"Cuencade la Laguna de Llancanelo"
"PINCHEIRA";"PINCHEIRA";"PINCHEIRA";"1989";"3.98";"1426";"Sistema s In dependientes";"Cuencade la Laguna de Llancanelo"
"PINCHEIRA";"PINCHEIRA";"PINCHEIRA";"1990";"3.6";"1426";"Sistema s In dependientes";"Cuencade la Laguna de Llancanelo"
"PINCHEIRA";"PINCHEIRA";"PINCHEIRA";"1991";"5.36";"1426";"Sistema s In dependientes";"Cuencade la Laguna de Llancanelo"
"PINCHEIRA";"PINCHEIRA";"PINCHEIRA";"1992";"9.46";"1426";"Sistema s In dependientes";"Cuencade la Laguna de Llancanelo"
"PINCHEIRA";"PINCHEIRA";"PINCHEIRA";"1993";"5.79";"1426";"Sistema s In dependientes";"Cuencade la Laguna de Llancanelo"
"PINCHEIRA";"PINCHEIRA";"PINCHEIRA";"1994";"6.54";"1426";"Sistema s In dependientes";"Cuencade la Laguna de Llancanelo"
"PINCHEIRA";"PINCHEIRA";"PINCHEIRA";"1995";"6.54";"1426";"Sistema s In dependientes";"Cuencade la Laguna de Llancanelo"
"PINCHEIRA";"PINCHEIRA";"PINCHEIRA";"1996";"3.83";"1426";"Sistema s In dependientes";"Cuencade la Laguna de Llancanelo"
"PINCHEIRA";"PINCHEIRA";"PINCHEIRA";"1997";"3.33";"1426";"Sistema s In dependientes";"Cuencade la Laguna de Llancanelo"
"PINCHEIRA";"PINCHEIRA";"PINCHEIRA";"1998";"5.82";"1426";"Sistema s In dependientes";"Cuencade la Laguna de Llancanelo"
"PINCHEIRA";"PINCHEIRA";"PINCHEIRA";"1999";"3.49";"1426";"Sistema s In dependientes";"Cuencade la Laguna de Llancanelo"
"PINCHEIRA";"PINCHEIRA";"PINCHEIRA";"2000";"4.88";"1426";"Sistema s In dependientes";"Cuencade la Laguna de Llancanelo"
"PINCHEIRA";"PINCHEIRA";"PINCHEIRA";"2001";"6.97";"1426";"Sistema s In dependientes";"Cuencade la Laguna de Llancanelo"
"PINCHEIRA";"PINCHEIRA";"PINCHEIRA";"2002";"5.53";"1426";"Sistema s In dependientes";"Cuencade la Laguna de Llancanelo"
"PINCHEIRA";"PINCHEIRA";"PINCHEIRA";"2003";"5.06";"1426";"Sistema s In dependientes";"Cuencade la Laguna de Llancanelo"
"PINCHEIRA";"PINCHEIRA";"PINCHEIRA";"2004";"3.51";"1426";"Sistema s In dependientes";"Cuencade la Laguna de Llancanelo"
"PINCHEIRA";"PINCHEIRA";"PINCHEIRA";"2005";"5.8";"1426";"Sistema s In dependientes";"Cuencade la Laguna de Llancanelo"
"PINCHEIRA";"PINCHEIRA";"PINCHEIRA";"2006";"8.32";"1426";"Sistema s In dependientes";"Cuencade la Laguna de Llancanelo"
"PINCHEIRA";"PINCHEIRA";"PINCHEIRA";"2007";"5.68";"1426";"Sistema s In dependientes";"Cuencade la Laguna de Llancanelo"
"PINCHEIRA";"PINCHEIRA";"PINCHEIRA";"2008";"5.73";"1426";"Sistema s In dependientes";"Cuencade la Laguna de Llancanelo"
"PINCHEIRA";"PINCHEIRA";"PINCHEIRA";"2009";"3.64";"1426";"Sistema s In dependientes";"Cuencade la Laguna de Llancanelo"
"PINCHEIRA";"PINCHEIRA";"PINCHEIRA";"2010";"2.81";"1426";"Sistema s In dependientes";"Cuencade la Laguna de Llancanelo"
"PINCHEIRA";"PINCHEIRA";"PINCHEIRA";"2011";"2.37";"1426";"Sistema s In dependientes";"Cuencade la Laguna de Llancanelo"
"PINCHEIRA";"PINCHEIRA";"PINCHEIRA";"2012";"2.53";"1426";"Sistema s In dependientes";"Cuencade la Laguna de Llancanelo"
"PINCHEIRA";"PINCHEIRA";"PINCHEIRA";"2013";"2.28";"1426";"Sistema s In dependientes";"Cuencade la Laguna de Llancanelo"
"PINCHEIRA";"PINCHEIRA";"PINCHEIRA";"2014";"2.07";"1426";"Sistema s In dependientes";"Cuencade la Laguna de Llancanelo"
"PINCHEIRA";"PINCHEIRA";"PINCHEIRA";"2015";"2.09";"1426";"Sistema s In dependientes";"Cuencade la Laguna de Llancanelo"
"PINCHEIRA";"PINCHEIRA";"PINCHEIRA";"2016";"3.63";"1426";"Sistema s In dependientes";"Cuencade la Laguna de Llancanelo"
"PINCHEIRA";"PINCHEIRA";"PINCHEIRA";"2017";"2.88";"1426";"Sistema s In dependientes";"Cuencade la Laguna de Llancanelo"
"PINCHEIRA";"PINCHEIRA";"PINCHEIRA";"2018";"2.13";"1426";"Sistema s In dependientes";"Cuencade la Laguna de Llancanelo"
"PINCHEIRA";"PINCHEIRA";"PINCHEIRA";"2019";"1.81";"1426";"Sistema s In dependientes";"Cuencade la Laguna de Llancanelo"
"PINCHEIRA";"PINCHEIRA";"PINCHEIRA";"2020";"2.11";"1426";"Sistema s In dependientes";"Cuencade la Laguna de Llancanelo"
"LA GOTERA";"LA GOTERA";"GRANDE";"1972";"93.2";"1427";"Sistema Río Colorado";"Cuencadel Río Colorado"
"LA GOTERA";"LA GOTERA";"GRANDE";"1973";"100.58";"1427";"Sistema Río Colorado";"Cuencadel Río Colorado"
"LA GOTERA";"LA GOTERA";"GRANDE";"1974";"91.09";"1427";"Sistema Río Colorado";"Cuencadel Río Colorado"
"LA GOTERA";"LA GOTERA";"GRANDE";"1975";"113.91";"1427";"Sistema Río Colorado";"Cuencadel Río Colorado"
"LA GOTERA";"LA GOTERA";"GRANDE";"1976";"80.34";"1427";"Sistema Río Colorado";"Cuencadel Río Colorado"
"LA GOTERA";"LA GOTERA";"GRANDE";"1977";"112.34";"1427";"Sistema Río Colorado";"Cuencadel Río Colorado"
"LA GOTERA";"LA GOTERA";"GRANDE";"1978";"134.74";"1427";"Sistema Río Colorado";"Cuencadel Río Colorado"
"LA GOTERA";"LA GOTERA";"GRANDE";"1979";"139.08";"1427";"Sistema Río Colorado";"Cuencadel Río Colorado"
"LA GOTERA";"LA GOTERA";"GRANDE";"1980";"156.67";"1427";"Sistema Río Colorado";"Cuencadel Río Colorado"
"LA GOTERA";"LA GOTERA";"GRANDE";"1981";"112.67";"1427";"Sistema Río Colorado";"Cuencadel Río Colorado"
"LA GOTERA";"LA GOTERA";"GRANDE";"1982";"139.49";"1427";"Sistema Río Colorado";"Cuencadel Río Colorado"
"LA GOTERA";"LA GOTERA";"GRANDE";"1983";"164.00";"1427";"Sistema Río Colorado";"Cuencadel Río Colorado"
"LA GOTERA";"LA GOTERA";"GRANDE";"1984";"115.17";"1427";"Sistema Río Colorado";"Cuencadel Río Colorado"
"LA GOTERA";"LA GOTERA";"GRANDE";"1985";"107.42";"1427";"Sistema Río Colorado";"Cuencadel Río Colorado"
"LA GOTERA";"LA GOTERA";"GRANDE";"1986";"114.75";"1427";"Sistema Río Colorado";"Cuencadel Río Colorado"
"LA GOTERA";"LA GOTERA";"GRANDE";"1987";"138.58";"1427";"Sistema Río Colorado";"Cuencadel Río Colorado"
"LA GOTERA";"LA GOTERA";"GRANDE";"1988";"89.25";"1427";"Sistema Río Colorado";"Cuencadel Río Colorado"
"LA GOTERA";"LA GOTERA";"GRANDE";"1989";"72.42";"1427";"Sistema Río Colorado";"Cuencadel Río Colorado"
"LA GOTERA";"LA GOTERA";"GRANDE";"1990";"62.84";"1427";"Sistema Río Colorado";"Cuencadel Río Colorado"
"LA GOTERA";"LA GOTERA";"GRANDE";"1991";"97.33";"1427";"Sistema Río Colorado";"Cuencadel Río Colorado"
"LA GOTERA";"LA GOTERA";"GRANDE";"1992";"121.5";"1427";"Sistema Río Colorado";"Cuencadel Río Colorado"
"LA GOTERA";"LA GOTERA";"GRANDE";"1993";"125.00";"1427";"Sistema Río Colorado";"Cuencadel Río Colorado"
"LA GOTERA";"LA GOTERA";"GRANDE";"1994";"118.91";"1427";"Sistema Río Colorado";"Cuencadel Río Colorado"
"LA GOTERA";"LA GOTERA";"GRANDE";"1995";"114.72";"1427";"Sistema Río Colorado";"Cuencadel Río Colorado"
"LA GOTERA";"LA GOTERA";"GRANDE";"1996";"67.51";"1427";"Sistema Río Colorado";"Cuencadel Río Colorado"
"LA GOTERA";"LA GOTERA";"GRANDE";"1997";"102.67";"1427";"Sistema Río Colorado";"Cuencadel Río Colorado"
"LA GOTERA";"LA GOTERA";"GRANDE";"1998";"83.48";"1427";"Sistema Río Colorado";"Cuencadel Río Colorado"
"LA GOTERA";"LA GOTERA";"GRANDE";"1999";"70.56";"1427";"Sistema Río Colorado";"Cuencadel Río Colorado"
"LA GOTERA";"LA GOTERA";"GRANDE";"2000";"68.87";"1427";"Sistema Río Colorado";"Cuencadel Río Colorado"
"LA GOTERA";"LA GOTERA";"GRANDE";"2001";"150.6";"1427";"Sistema Río Colorado";"Cuencadel Río Colorado"
"LA GOTERA";"LA GOTERA";"GRANDE";"2002";"146.98";"1427";"Sistema Río Colorado";"Cuencadel Río Colorado"
"LA GOTERA";"LA GOTERA";"GRANDE";"2003";"121.54";"1427";"Sistema Río Colorado";"Cuencadel Río Colorado"
"LA GOTERA";"LA GOTERA";"GRANDE";"2004";"88.13";"1427";"Sistema Río Colorado";"Cuencadel Río Colorado"
"LA GOTERA";"LA GOTERA";"GRANDE";"2005";"138.95";"1427";"Sistema Río Colorado";"Cuencadel Río Colorado"
"LA GOTERA";"LA GOTERA";"GRANDE";"2006";"181.52";"1427";"Sistema Río Colorado";"Cuencadel Río Colorado"
"LA GOTERA";"LA GOTERA";"GRANDE";"2007";"100.93";"1427";"Sistema Río Colorado";"Cuencadel Río Colorado"
"LA GOTERA";"LA GOTERA";"GRANDE";"2008";"103.21";"1427";"Sistema Río Colorado";"Cuencadel Río Colorado"
"LA GOTERA";"LA GOTERA";"GRANDE";"2009";"94.86";"1427";"Sistema Río Colorado";"Cuencadel Río Colorado"
"LA GOTERA";"LA GOTERA";"GRANDE";"2010";"79.25";"1427";"Sistema Río Colorado";"Cuencadel Río Colorado"
"LA GOTERA";"LA GOTERA";"GRANDE";"2011";"60.25";"1427";"Sistema Río Colorado";"Cuencadel Río Colorado"
"LA GOTERA";"LA GOTERA";"GRANDE";"2012";"60.42";"1427";"Sistema Río Colorado";"Cuencadel Río Colorado"
"LA GOTERA";"LA GOTERA";"GRANDE";"2013";"48.54";"1427";"Sistema Río Colorado";"Cuencadel Río Colorado"
"LA GOTERA";"LA GOTERA";"GRANDE";"2016";"85.81";"1427";"Sistema Río Colorado";"Cuencadel Río Colorado"
"LA GOTERA";"LA GOTERA";"GRANDE";"2017";"60.95";"1427";"Sistema Río Colorado";"Cuencadel Río Colorado"
"LA GOTERA";"LA GOTERA";"GRANDE";"2018";"58.46";"1427";"Sistema Río Colorado";"Cuencadel Río Colorado"
"LA GOTERA";"LA GOTERA";"GRANDE";"2019";"43.01";"1427";"Sistema Río Colorado";"Cuencadel Río Colorado"
"LA GOTERA";"LA GOTERA";"GRANDE";"2020";"54.75";"1427";"Sistema Río Colorado";"Cuencadel Río Colorado"
"EL SOSNEADO";"EL SOSNEADO";"ATUEL";"1972";"40.41";"1428";"Sistema Río Colorado";"Cuencadel Río Atuel"
"EL SOSNEADO";"EL SOSNEADO";"ATUEL";"1973";"47.35";"1428";"Sistema Río Colorado";"Cuencadel Río Atuel"
"EL SOSNEADO";"EL SOSNEADO";"ATUEL";"1974";"35.87";"1428";"Sistema Río Colorado";"Cuencadel Río Atuel"
"EL SOSNEADO";"EL SOSNEADO";"ATUEL";"1975";"36.59";"1428";"Sistema Río Colorado";"Cuencadel Río Atuel"
"EL SOSNEADO";"EL SOSNEADO";"ATUEL";"1976";"36.88";"1428";"Sistema Río Colorado";"Cuencadel Río Atuel"
"EL SOSNEADO";"EL SOSNEADO";"ATUEL";"1977";"40.35";"1428";"Sistema Río Colorado";"Cuencadel Río Atuel"
"EL SOSNEADO";"EL SOSNEADO";"ATUEL";"1978";"46.86";"1428";"Sistema Río Colorado";"Cuencadel Río Atuel"
"EL SOSNEADO";"EL SOSNEADO";"ATUEL";"1979";"46.08";"1428";"Sistema Río Colorado";"Cuencadel Río Atuel"
"EL SOSNEADO";"EL SOSNEADO";"ATUEL";"1980";"46.34";"1428";"Sistema Río Colorado";"Cuencadel Río Atuel"
"EL SOSNEADO";"EL SOSNEADO";"ATUEL";"1981";"39.62";"1428";"Sistema Río Colorado";"Cuencadel Río Atuel"
"EL SOSNEADO";"EL SOSNEADO";"ATUEL";"1982";"48.04";"1428";"Sistema Río Colorado";"Cuencadel Río Atuel"
"EL SOSNEADO";"EL SOSNEADO";"ATUEL";"1983";"67.44";"1428";"Sistema Río Colorado";"Cuencadel Río Atuel"
"EL SOSNEADO";"EL SOSNEADO";"ATUEL";"1984";"43.36";"1428";"Sistema Río Colorado";"Cuencadel Río Atuel"
"EL SOSNEADO";"EL SOSNEADO";"ATUEL";"1985";"42.03";"1428";"Sistema Río Colorado";"Cuencadel Río Atuel"
"EL SOSNEADO";"EL SOSNEADO";"ATUEL";"1986";"39.81";"1428";"Sistema Río Colorado";"Cuencadel Río Atuel"
"EL SOSNEADO";"EL SOSNEADO";"ATUEL";"1987";"53.87";"1428";"Sistema Río Colorado";"Cuencadel Río Atuel"
"EL SOSNEADO";"EL SOSNEADO";"ATUEL";"1988";"40.66";"1428";"Sistema Río Colorado";"Cuencadel Río Atuel"
"EL SOSNEADO";"EL SOSNEADO";"ATUEL";"1989";"33.29";"1428";"Sistema Río Colorado";"Cuencadel Río Atuel"
"EL SOSNEADO";"EL SOSNEADO";"ATUEL";"1990";"30.53";"1428";"Sistema Río Colorado";"Cuencadel Río Atuel"
"EL SOSNEADO";"EL SOSNEADO";"ATUEL";"1991";"35.51";"1428";"Sistema Río Colorado";"Cuencadel Río Atuel"
"EL SOSNEADO";"EL SOSNEADO";"ATUEL";"1992";"46.59";"1428";"Sistema Río Colorado";"Cuencadel Río Atuel"
"EL SOSNEADO";"EL SOSNEADO";"ATUEL";"1993";"40.17";"1428";"Sistema Río Colorado";"Cuencadel Río Atuel"
"EL SOSNEADO";"EL SOSNEADO";"ATUEL";"1994";"41.02";"1428";"Sistema Río Colorado";"Cuencadel Río Atuel"
"EL SOSNEADO";"EL SOSNEADO";"ATUEL";"1995";"41.29";"1428";"Sistema Río Colorado";"Cuencadel Río Atuel"
"EL SOSNEADO";"EL SOSNEADO";"ATUEL";"1996";"26.63";"1428";"Sistema Río Colorado";"Cuencadel Río Atuel"
"EL SOSNEADO";"EL SOSNEADO";"ATUEL";"1997";"29.76";"1428";"Sistema Río Colorado";"Cuencadel Río Atuel"
"EL SOSNEADO";"EL SOSNEADO";"ATUEL";"1998";"32.45";"1428";"Sistema Río Colorado";"Cuencadel Río Atuel"
"EL SOSNEADO";"EL SOSNEADO";"ATUEL";"1999";"30.05";"1428";"Sistema Río Colorado";"Cuencadel Río Atuel"
"EL SOSNEADO";"EL SOSNEADO";"ATUEL";"2000";"33.07";"1428";"Sistema Río Colorado";"Cuencadel Río Atuel"
"EL SOSNEADO";"EL SOSNEADO";"ATUEL";"2001";"35.83";"1428";"Sistema Río Colorado";"Cuencadel Río Atuel"
"EL SOSNEADO";"EL SOSNEADO";"ATUEL";"2002";"45.49";"1428";"Sistema Río Colorado";"Cuencadel Río Atuel"
"EL SOSNEADO";"EL SOSNEADO";"ATUEL";"2003";"39.11";"1428";"Sistema Río Colorado";"Cuencadel Río Atuel"
"EL SOSNEADO";"EL SOSNEADO";"ATUEL";"2004";"34.68";"1428";"Sistema Río Colorado";"Cuencadel Río Atuel"
"EL SOSNEADO";"EL SOSNEADO";"ATUEL";"2005";"43.7";"1428";"Sistema Río Colorado";"Cuencadel Río Atuel"
"EL SOSNEADO";"EL SOSNEADO";"ATUEL";"2006";"54.81";"1428";"Sistema Río Colorado";"Cuencadel Río Atuel"
"EL SOSNEADO";"EL SOSNEADO";"ATUEL";"2007";"42.82";"1428";"Sistema Río Colorado";"Cuencadel Río Atuel"
"EL SOSNEADO";"EL SOSNEADO";"ATUEL";"2008";"38.33";"1428";"Sistema Río Colorado";"Cuencadel Río Atuel"
"EL SOSNEADO";"EL SOSNEADO";"ATUEL";"2009";"32.09";"1428";"Sistema Río Colorado";"Cuencadel Río Atuel"
"EL SOSNEADO";"EL SOSNEADO";"ATUEL";"2010";"32.34";"1428";"Sistema Río Colorado";"Cuencadel Río Atuel"
"EL SOSNEADO";"EL SOSNEADO";"ATUEL";"2011";"24.96";"1428";"Sistema Río Colorado";"Cuencadel Río Atuel"
"EL SOSNEADO";"EL SOSNEADO";"ATUEL";"2012";"25.16";"1428";"Sistema Río Colorado";"Cuencadel Río Atuel"
"EL SOSNEADO";"EL SOSNEADO";"ATUEL";"2013";"27.61";"1428";"Sistema Río Colorado";"Cuencadel Río Atuel"
"EL SOSNEADO";"EL SOSNEADO";"ATUEL";"2014";"21.4";"1428";"Sistema Río Colorado";"Cuencadel Río Atuel"
"EL SOSNEADO";"EL SOSNEADO";"ATUEL";"2015";"24.87";"1428";"Sistema Río Colorado";"Cuencadel Río Atuel"
"EL SOSNEADO";"EL SOSNEADO";"ATUEL";"2016";"28.39";"1428";"Sistema Río Colorado";"Cuencadel Río Atuel"
"EL SOSNEADO";"EL SOSNEADO";"ATUEL";"2017";"28.45";"1428";"Sistema Río Colorado";"Cuencadel Río Atuel"
"EL SOSNEADO";"EL SOSNEADO";"ATUEL";"2018";"21.87";"1428";"Sistema Río Colorado";"Cuencadel Río Atuel"
"EL SOSNEADO";"EL SOSNEADO";"ATUEL";"2019";"21.20";"1428";"Sistema Río Colorado";"Cuencadel Río Atuel"
"EL SOSNEADO";"EL SOSNEADO";"ATUEL";"2020";"20.68";"1428";"Sistema Río Colorado";"Cuencadel Río Atuel"
"PUNTA DE VACAS";"PUNTA DE VACAS";"COLORADO";"1977";"1.71";"1429";"Sistema Río Colorado";"Cuencadel Río Mendoza"
"PUNTA DE VACAS";"PUNTA DE VACAS";"COLORADO";"1978";"2.81";"1429";"Sistema Río Colorado";"Cuencadel Río Mendoza"
"PUNTA DE VACAS";"PUNTA DE VACAS";"COLORADO";"1979";"2.63";"1429";"Sistema Río Colorado";"Cuencadel Río Mendoza"
"PUNTA DE VACAS";"PUNTA DE VACAS";"COLORADO";"1980";"2.52";"1429";"Sistema Río Colorado";"Cuencadel Río Mendoza"
"PUNTA DE VACAS";"PUNTA DE VACAS";"COLORADO";"1981";"2.01";"1429";"Sistema Río Colorado";"Cuencadel Río Mendoza"
"PUNTA DE VACAS";"PUNTA DE VACAS";"COLORADO";"1982";"2.1";"1429";"Sistema Río Colorado";"Cuencadel Río Mendoza"
"PUNTA DE VACAS";"PUNTA DE VACAS";"COLORADO";"1983";"1.5";"1429";"Sistema Río Colorado";"Cuencadel Río Mendoza"
"PUNTA DE VACAS";"PUNTA DE VACAS";"COLORADO";"1984";"2.14";"1429";"Sistema Río Colorado";"Cuencadel Río Mendoza"
"PUNTA DE VACAS";"PUNTA DE VACAS";"COLORADO";"1985";"2.02";"1429";"Sistema Río Colorado";"Cuencadel Río Mendoza"
"PUNTA DE VACAS";"PUNTA DE VACAS";"COLORADO";"1986";"1.53";"1429";"Sistema Río Colorado";"Cuencadel Río Mendoza"
"PUNTA DE VACAS";"PUNTA DE VACAS";"COLORADO";"1989";"1.36";"1429";"Sistema Río Colorado";"Cuencadel Río Mendoza"
"PUNTA DE VACAS";"PUNTA DE VACAS";"COLORADO";"1990";"1.16";"1429";"Sistema Río Colorado";"Cuencadel Río Mendoza"
"PUNTA DE VACAS";"PUNTA DE VACAS";"COLORADO";"1991";"1.43";"1429";"Sistema Río Colorado";"Cuencadel Río Mendoza"
"PUNTA DE VACAS";"PUNTA DE VACAS";"COLORADO";"1992";"2.67";"1429";"Sistema Río Colorado";"Cuencadel Río Mendoza"
"PUNTA DE VACAS";"PUNTA DE VACAS";"COLORADO";"1993";"2.67";"1429";"Sistema Río Colorado";"Cuencadel Río Mendoza"
"PUNTA DE VACAS";"PUNTA DE VACAS";"COLORADO";"1994";"1.8";"1429";"Sistema Río Colorado";"Cuencadel Río Mendoza"
"PUNTA DE VACAS";"PUNTA DE VACAS";"COLORADO";"1995";"1.26";"1429";"Sistema Río Colorado";"Cuencadel Río Mendoza"
"PUNTA DE VACAS";"PUNTA DE VACAS";"COLORADO";"1996";"0.85";"1429";"Sistema Río Colorado";"Cuencadel Río Mendoza"
"PUNTA DE VACAS";"PUNTA DE VACAS";"COLORADO";"1997";"0.65";"1429";"Sistema Río Colorado";"Cuencadel Río Mendoza"
"PUNTA DE VACAS";"PUNTA DE VACAS";"COLORADO";"1998";"1.19";"1429";"Sistema Río Colorado";"Cuencadel Río Mendoza"
"PUNTA DE VACAS";"PUNTA DE VACAS";"COLORADO";"1999";"1.28";"1429";"Sistema Río Colorado";"Cuencadel Río Mendoza"
"PUNTA DE VACAS";"PUNTA DE VACAS";"COLORADO";"2000";"2.33";"1429";"Sistema Río Colorado";"Cuencadel Río Mendoza"
"PUNTA DE VACAS";"PUNTA DE VACAS";"COLORADO";"2001";"2.29";"1429";"Sistema Río Colorado";"Cuencadel Río Mendoza"
"PUNTA DE VACAS";"PUNTA DE VACAS";"COLORADO";"2002";"1.65";"1429";"Sistema Río Colorado";"Cuencadel Río Mendoza"
"PUNTA DE VACAS";"PUNTA DE VACAS";"COLORADO";"2003";"1.44";"1429";"Sistema Río Colorado";"Cuencadel Río Mendoza"
"PUNTA DE VACAS";"PUNTA DE VACAS";"COLORADO";"2004";"0.9";"1429";"Sistema Río Colorado";"Cuencadel Río Mendoza"
"PUNTA DE VACAS";"PUNTA DE VACAS";"COLORADO";"2005";"1.13";"1429";"Sistema Río Colorado";"Cuencadel Río Mendoza"
"PUNTA DE VACAS";"PUNTA DE VACAS";"COLORADO";"2006";"1.7";"1429";"Sistema Río Colorado";"Cuencadel Río Mendoza"
"PUNTA DE VACAS";"PUNTA DE VACAS";"COLORADO";"2007";"2.65";"1429";"Sistema Río Colorado";"Cuencadel Río Mendoza"
"PUNTA DE VACAS";"PUNTA DE VACAS";"COLORADO";"2008";"4.04";"1429";"Sistema Río Colorado";"Cuencadel Río Mendoza"
"LA ESTRECHURA";"LA ESTRECHURA";"GRANDE";"1978";"44.05";"1434";"Sistema Río Colorado";"Cuencadel Río Colorado"
"LA ESTRECHURA";"LA ESTRECHURA";"GRANDE";"1979";"36.52";"1434";"Sistema Río Colorado";"Cuencadel Río Colorado"
"LA ESTRECHURA";"LA ESTRECHURA";"GRANDE";"1980";"47.36";"1434";"Sistema Río Colorado";"Cuencadel Río Colorado"
"LA ESTRECHURA";"LA ESTRECHURA";"GRANDE";"1981";"36.16";"1434";"Sistema Río Colorado";"Cuencadel Río Colorado"
"LA ESTRECHURA";"LA ESTRECHURA";"GRANDE";"1982";"39.57";"1434";"Sistema Río Colorado";"Cuencadel Río Colorado"
"LA ESTRECHURA";"LA ESTRECHURA";"GRANDE";"1983";"45.25";"1434";"Sistema Río Colorado";"Cuencadel Río Colorado"
"LA ESTRECHURA";"LA ESTRECHURA";"GRANDE";"1984";"32.33";"1434";"Sistema Río Colorado";"Cuencadel Río Colorado"
"LA ESTRECHURA";"LA ESTRECHURA";"GRANDE";"1985";"33.83";"1434";"Sistema Río Colorado";"Cuencadel Río Colorado"
"LA ESTRECHURA";"LA ESTRECHURA";"GRANDE";"1986";"47.66";"1434";"Sistema Río Colorado";"Cuencadel Río Colorado"
"LA ESTRECHURA";"LA ESTRECHURA";"GRANDE";"1987";"43.79";"1434";"Sistema Río Colorado";"Cuencadel Río Colorado"
"LA ESTRECHURA";"LA ESTRECHURA";"GRANDE";"1988";"27.61";"1434";"Sistema Río Colorado";"Cuencadel Río Colorado"
"LA ESTRECHURA";"LA ESTRECHURA";"GRANDE";"1989";"24.9";"1434";"Sistema Río Colorado";"Cuencadel Río Colorado"
"LA ESTRECHURA";"LA ESTRECHURA";"GRANDE";"1990";"20.62";"1434";"Sistema Río Colorado";"Cuencadel Río Colorado"
"LA ESTRECHURA";"LA ESTRECHURA";"GRANDE";"1991";"29.86";"1434";"Sistema Río Colorado";"Cuencadel Río Colorado"
"LA ESTRECHURA";"LA ESTRECHURA";"GRANDE";"1992";"44.21";"1434";"Sistema Río Colorado";"Cuencadel Río Colorado"
"LA ESTRECHURA";"LA ESTRECHURA";"GRANDE";"1993";"40.58";"1434";"Sistema Río Colorado";"Cuencadel Río Colorado"
"LA ESTRECHURA";"LA ESTRECHURA";"GRANDE";"1994";"40.77";"1434";"Sistema Río Colorado";"Cuencadel Río Colorado"
"LA ESTRECHURA";"LA ESTRECHURA";"GRANDE";"1995";"36.67";"1434";"Sistema Río Colorado";"Cuencadel Río Colorado"
"LA ESTRECHURA";"LA ESTRECHURA";"GRANDE";"1996";"24.71";"1434";"Sistema Río Colorado";"Cuencadel Río Colorado"
"LA ESTRECHURA";"LA ESTRECHURA";"GRANDE";"1997";"34.59";"1434";"Sistema Río Colorado";"Cuencadel Río Colorado"
"LA ESTRECHURA";"LA ESTRECHURA";"GRANDE";"1998";"30.74";"1434";"Sistema Río Colorado";"Cuencadel Río Colorado"
"LA ESTRECHURA";"LA ESTRECHURA";"GRANDE";"1999";"23.95";"1434";"Sistema Río Colorado";"Cuencadel Río Colorado"
"LA ESTRECHURA";"LA ESTRECHURA";"GRANDE";"2000";"26.56";"1434";"Sistema Río Colorado";"Cuencadel Río Colorado"
"LA ESTRECHURA";"LA ESTRECHURA";"GRANDE";"2001";"41.45";"1434";"Sistema Río Colorado";"Cuencadel Río Colorado"
"LA ESTRECHURA";"LA ESTRECHURA";"GRANDE";"2002";"58.99";"1434";"Sistema Río Colorado";"Cuencadel Río Colorado"
"LA ESTRECHURA";"LA ESTRECHURA";"GRANDE";"2003";"44.32";"1434";"Sistema Río Colorado";"Cuencadel Río Colorado"
"LA ESTRECHURA";"LA ESTRECHURA";"GRANDE";"2004";"26.28";"1434";"Sistema Río Colorado";"Cuencadel Río Colorado"
"LA ESTRECHURA";"LA ESTRECHURA";"GRANDE";"2005";"58.3";"1434";"Sistema Río Colorado";"Cuencadel Río Colorado"
"LA ESTRECHURA";"LA ESTRECHURA";"GRANDE";"2006";"53.18";"1434";"Sistema Río Colorado";"Cuencadel Río Colorado"
"LA ESTRECHURA";"LA ESTRECHURA";"GRANDE";"2007";"36.72";"1434";"Sistema Río Colorado";"Cuencadel Río Colorado"
"LA ESTRECHURA";"LA ESTRECHURA";"GRANDE";"2008";"32.44";"1434";"Sistema Río Colorado";"Cuencadel Río Colorado"
"LA ESTRECHURA";"LA ESTRECHURA";"GRANDE";"2009";"25.39";"1434";"Sistema Río Colorado";"Cuencadel Río Colorado"
"LA ESTRECHURA";"LA ESTRECHURA";"GRANDE";"2010";"20.53";"1434";"Sistema Río Colorado";"Cuencadel Río Colorado"
"LA ESTRECHURA";"LA ESTRECHURA";"GRANDE";"2011";"16.46";"1434";"Sistema Río Colorado";"Cuencadel Río Colorado"
"LA ESTRECHURA";"LA ESTRECHURA";"GRANDE";"2012";"15.81";"1434";"Sistema Río Colorado";"Cuencadel Río Colorado"
"LA ESTRECHURA";"LA ESTRECHURA";"GRANDE";"2013";"18.47";"1434";"Sistema Río Colorado";"Cuencadel Río Colorado"
"LA ESTRECHURA";"LA ESTRECHURA";"GRANDE";"2014";"22.17";"1434";"Sistema Río Colorado";"Cuencadel Río Colorado"
"LA ESTRECHURA";"LA ESTRECHURA";"GRANDE";"2015";"20.67";"1434";"Sistema Río Colorado";"Cuencadel Río Colorado"
"LA ESTRECHURA";"LA ESTRECHURA";"GRANDE";"2016";"26.81";"1434";"Sistema Río Colorado";"Cuencadel Río Colorado"
"LA ESTRECHURA";"LA ESTRECHURA";"GRANDE";"2017";"19.3";"1434";"Sistema Río Colorado";"Cuencadel Río Colorado"
"LA ESTRECHURA";"LA ESTRECHURA";"GRANDE";"2019";"12.90";"1434";"Sistema Río Colorado";"Cuencadel Río Colorado"
"LA ESTRECHURA";"LA ESTRECHURA";"GRANDE";"2020";"10.28";"1434";"Sistema Río Colorado";"Cuencadel Río Colorado"
"LOMA NEGRA";"LOMA NEGRA";"ATUEL";"1980";"65.15";"1435";"Sistema Río Colorado";"Cuencadel Río Atuel"
"LOMA NEGRA";"LOMA NEGRA";"ATUEL";"1981";"37.74";"1435";"Sistema Río Colorado";"Cuencadel Río Atuel"
"LOMA NEGRA";"LOMA NEGRA";"ATUEL";"1982";"46.84";"1435";"Sistema Río Colorado";"Cuencadel Río Atuel"
"LOMA NEGRA";"LOMA NEGRA";"ATUEL";"1983";"61.34";"1435";"Sistema Río Colorado";"Cuencadel Río Atuel"
"LOMA NEGRA";"LOMA NEGRA";"ATUEL";"1984";"41.82";"1435";"Sistema Río Colorado";"Cuencadel Río Atuel"
"LOMA NEGRA";"LOMA NEGRA";"ATUEL";"1985";"40.44";"1435";"Sistema Río Colorado";"Cuencadel Río Atuel"
"LOMA NEGRA";"LOMA NEGRA";"ATUEL";"1986";"39.82";"1435";"Sistema Río Colorado";"Cuencadel Río Atuel"
"LOMA NEGRA";"LOMA NEGRA";"ATUEL";"1987";"46.72";"1435";"Sistema Río Colorado";"Cuencadel Río Atuel"
"LOMA NEGRA";"LOMA NEGRA";"ATUEL";"1988";"36.17";"1435";"Sistema Río Colorado";"Cuencadel Río Atuel"
"LOMA NEGRA";"LOMA NEGRA";"ATUEL";"1989";"30.00";"1435";"Sistema Río Colorado";"Cuencadel Río Atuel"
"LOMA NEGRA";"LOMA NEGRA";"ATUEL";"1990";"26.3";"1435";"Sistema Río Colorado";"Cuencadel Río Atuel"
"LOMA NEGRA";"LOMA NEGRA";"ATUEL";"1991";"27.99";"1435";"Sistema Río Colorado";"Cuencadel Río Atuel"
"LOMA NEGRA";"LOMA NEGRA";"ATUEL";"1992";"33.65";"1435";"Sistema Río Colorado";"Cuencadel Río Atuel"
"LOMA NEGRA";"LOMA NEGRA";"ATUEL";"1993";"34.39";"1435";"Sistema Río Colorado";"Cuencadel Río Atuel"
"LOMA NEGRA";"LOMA NEGRA";"ATUEL";"1994";"37.85";"1435";"Sistema Río Colorado";"Cuencadel Río Atuel"
"LOMA NEGRA";"LOMA NEGRA";"ATUEL";"1995";"33.08";"1435";"Sistema Río Colorado";"Cuencadel Río Atuel"
"LOMA NEGRA";"LOMA NEGRA";"ATUEL";"1996";"25.86";"1435";"Sistema Río Colorado";"Cuencadel Río Atuel"
"LOMA NEGRA";"LOMA NEGRA";"ATUEL";"1997";"27.54";"1435";"Sistema Río Colorado";"Cuencadel Río Atuel"
"LOMA NEGRA";"LOMA NEGRA";"ATUEL";"1998";"28.43";"1435";"Sistema Río Colorado";"Cuencadel Río Atuel"
"LOMA NEGRA";"LOMA NEGRA";"ATUEL";"1999";"22.74";"1435";"Sistema Río Colorado";"Cuencadel Río Atuel"
"LOMA NEGRA";"LOMA NEGRA";"ATUEL";"2000";"30.82";"1435";"Sistema Río Colorado";"Cuencadel Río Atuel"
"LOMA NEGRA";"LOMA NEGRA";"ATUEL";"2001";"43.79";"1435";"Sistema Río Colorado";"Cuencadel Río Atuel"
"LOMA NEGRA";"LOMA NEGRA";"ATUEL";"2002";"44.09";"1435";"Sistema Río Colorado";"Cuencadel Río Atuel"
"LOMA NEGRA";"LOMA NEGRA";"ATUEL";"2003";"42.16";"1435";"Sistema Río Colorado";"Cuencadel Río Atuel"
"LOMA NEGRA";"LOMA NEGRA";"ATUEL";"2004";"33.59";"1435";"Sistema Río Colorado";"Cuencadel Río Atuel"
"LOMA NEGRA";"LOMA NEGRA";"ATUEL";"2005";"38.22";"1435";"Sistema Río Colorado";"Cuencadel Río Atuel"
"LOMA NEGRA";"LOMA NEGRA";"ATUEL";"2006";"53.53";"1435";"Sistema Río Colorado";"Cuencadel Río Atuel"
"LOMA NEGRA";"LOMA NEGRA";"ATUEL";"2007";"39.13";"1435";"Sistema Río Colorado";"Cuencadel Río Atuel"
"LOMA NEGRA";"LOMA NEGRA";"ATUEL";"2008";"34.77";"1435";"Sistema Río Colorado";"Cuencadel Río Atuel"
"LOMA NEGRA";"LOMA NEGRA";"ATUEL";"2009";"30.48";"1435";"Sistema Río Colorado";"Cuencadel Río Atuel"
"LOMA NEGRA";"LOMA NEGRA";"ATUEL";"2010";"28.47";"1435";"Sistema Río Colorado";"Cuencadel Río Atuel"
"LOMA NEGRA";"LOMA NEGRA";"ATUEL";"2011";"22.14";"1435";"Sistema Río Colorado";"Cuencadel Río Atuel"
"LOMA NEGRA";"LOMA NEGRA";"ATUEL";"2012";"23.29";"1435";"Sistema Río Colorado";"Cuencadel Río Atuel"
"LOMA NEGRA";"LOMA NEGRA";"ATUEL";"2013";"25.67";"1435";"Sistema Río Colorado";"Cuencadel Río Atuel"
"LOMA NEGRA";"LOMA NEGRA";"ATUEL";"2014";"20.18";"1435";"Sistema Río Colorado";"Cuencadel Río Atuel"
"LOMA NEGRA";"LOMA NEGRA";"ATUEL";"2015";"21.47";"1435";"Sistema Río Colorado";"Cuencadel Río Atuel"
"LOMA NEGRA";"LOMA NEGRA";"ATUEL";"2016";"28.53";"1435";"Sistema Río Colorado";"Cuencadel Río Atuel"
"LOMA NEGRA";"LOMA NEGRA";"ATUEL";"2017";"25.25";"1435";"Sistema Río Colorado";"Cuencadel Río Atuel"
"LOMA NEGRA";"LOMA NEGRA";"ATUEL";"2018";"20.78";"1435";"Sistema Río Colorado";"Cuencadel Río Atuel"
"LOMA NEGRA";"LOMA NEGRA";"ATUEL";"2019";"17.88";"1435";"Sistema Río Colorado";"Cuencadel Río Atuel"
"LOMA NEGRA";"LOMA NEGRA";"ATUEL";"2020";"16.91";"1435";"Sistema Río Colorado";"Cuencadel Río Atuel"
"LAS LOICAS";"LAS LOICAS";"CHICO";"1992";"16.51";"1446";"Sistema Río Colorado";"Cuencadel Río Colorado"
"LAS LOICAS";"LAS LOICAS";"CHICO";"1993";"11.63";"1446";"Sistema Río Colorado";"Cuencadel Río Colorado"
"LAS LOICAS";"LAS LOICAS";"CHICO";"1994";"11.88";"1446";"Sistema Río Colorado";"Cuencadel Río Colorado"
"LAS LOICAS";"LAS LOICAS";"CHICO";"1995";"15.94";"1446";"Sistema Río Colorado";"Cuencadel Río Colorado"
"LAS LOICAS";"LAS LOICAS";"CHICO";"1996";"8.25";"1446";"Sistema Río Colorado";"Cuencadel Río Colorado"
"LAS LOICAS";"LAS LOICAS";"CHICO";"1997";"14.05";"1446";"Sistema Río Colorado";"Cuencadel Río Colorado"
"LAS LOICAS";"LAS LOICAS";"CHICO";"1998";"8.85";"1446";"Sistema Río Colorado";"Cuencadel Río Colorado"
"LAS LOICAS";"LAS LOICAS";"CHICO";"1999";"9.01";"1446";"Sistema Río Colorado";"Cuencadel Río Colorado"
"LAS LOICAS";"LAS LOICAS";"CHICO";"2000";"12.94";"1446";"Sistema Río Colorado";"Cuencadel Río Colorado"
"LAS LOICAS";"LAS LOICAS";"CHICO";"2001";"16.95";"1446";"Sistema Río Colorado";"Cuencadel Río Colorado"
"LAS LOICAS";"LAS LOICAS";"CHICO";"2002";"17.28";"1446";"Sistema Río Colorado";"Cuencadel Río Colorado"
"LAS LOICAS";"LAS LOICAS";"CHICO";"2003";"13.12";"1446";"Sistema Río Colorado";"Cuencadel Río Colorado"
"LAS LOICAS";"LAS LOICAS";"CHICO";"2004";"9.78";"1446";"Sistema Río Colorado";"Cuencadel Río Colorado"
"LAS LOICAS";"LAS LOICAS";"CHICO";"2005";"16.51";"1446";"Sistema Río Colorado";"Cuencadel Río Colorado"
"LAS LOICAS";"LAS LOICAS";"CHICO";"2006";"21.24";"1446";"Sistema Río Colorado";"Cuencadel Río Colorado"
"LAS LOICAS";"LAS LOICAS";"CHICO";"2007";"12.09";"1446";"Sistema Río Colorado";"Cuencadel Río Colorado"
"LAS LOICAS";"LAS LOICAS";"CHICO";"2008";"12.13";"1446";"Sistema Río Colorado";"Cuencadel Río Colorado"
"LAS LOICAS";"LAS LOICAS";"CHICO";"2009";"11.54";"1446";"Sistema Río Colorado";"Cuencadel Río Colorado"
"LAS LOICAS";"LAS LOICAS";"CHICO";"2010";"9.15";"1446";"Sistema Río Colorado";"Cuencadel Río Colorado"
"LAS LOICAS";"LAS LOICAS";"CHICO";"2011";"7.24";"1446";"Sistema Río Colorado";"Cuencadel Río Colorado"
"LAS LOICAS";"LAS LOICAS";"CHICO";"2012";"6.9";"1446";"Sistema Río Colorado";"Cuencadel Río Colorado"
"LAS LOICAS";"LAS LOICAS";"CHICO";"2013";"4.92";"1446";"Sistema Río Colorado";"Cuencadel Río Colorado"
"LAS LOICAS";"LAS LOICAS";"CHICO";"2014";"8.38";"1446";"Sistema Río Colorado";"Cuencadel Río Colorado"
"LAS LOICAS";"LAS LOICAS";"CHICO";"2015";"8.03";"1446";"Sistema Río Colorado";"Cuencadel Río Colorado"
"LAS LOICAS";"LAS LOICAS";"CHICO";"2016";"7.03";"1446";"Sistema Río Colorado";"Cuencadel Río Colorado"
"LAS LOICAS";"LAS LOICAS";"CHICO";"2017";"6.92";"1446";"Sistema Río Colorado";"Cuencadel Río Colorado"
"LAS LOICAS";"LAS LOICAS";"CHICO";"2018";"7.79";"1446";"Sistema Río Colorado";"Cuencadel Río Colorado"
"LAS LOICAS";"LAS LOICAS";"CHICO";"2019";"5.48";"1446";"Sistema Río Colorado";"Cuencadel Río Colorado"
"LAS LOICAS";"LAS LOICAS";"CHICO";"2020";"7.88";"1446";"Sistema Río Colorado";"Cuencadel Río Colorado"
"MONTE COMAN";"MONTE COMAN";"DIAMANTE";"1990";"3.42";"1451";"Sistema Río Colorado";"Cuencadel Río Diamante"
"MONTE COMAN";"MONTE COMAN";"DIAMANTE";"1991";"2.54";"1451";"Sistema Río Colorado";"Cuencadel Río Diamante"
"MONTE COMAN";"MONTE COMAN";"DIAMANTE";"1992";"5.71";"1451";"Sistema Río Colorado";"Cuencadel Río Diamante"
"MONTE COMAN";"MONTE COMAN";"DIAMANTE";"1993";"11.06";"1451";"Sistema Río Colorado";"Cuencadel Río Diamante"
"MONTE COMAN";"MONTE COMAN";"DIAMANTE";"1994";"8.93";"1451";"Sistema Río Colorado";"Cuencadel Río Diamante"
"MONTE COMAN";"MONTE COMAN";"DIAMANTE";"1995";"9.77";"1451";"Sistema Río Colorado";"Cuencadel Río Diamante"
"MONTE COMAN";"MONTE COMAN";"DIAMANTE";"1996";"4.61";"1451";"Sistema Río Colorado";"Cuencadel Río Diamante"
"MONTE COMAN";"MONTE COMAN";"DIAMANTE";"1997";"4.87";"1451";"Sistema Río Colorado";"Cuencadel Río Diamante"
"MONTE COMAN";"MONTE COMAN";"DIAMANTE";"1998";"7.24";"1451";"Sistema Río Colorado";"Cuencadel Río Diamante"
"MONTE COMAN";"MONTE COMAN";"DIAMANTE";"1999";"5.56";"1451";"Sistema Río Colorado";"Cuencadel Río Diamante"
"MONTE COMAN";"MONTE COMAN";"DIAMANTE";"2000";"8.4";"1451";"Sistema Río Colorado";"Cuencadel Río Diamante"
"MONTE COMAN";"MONTE COMAN";"DIAMANTE";"2001";"19.96";"1451";"Sistema Río Colorado";"Cuencadel Río Diamante"
"MONTE COMAN";"MONTE COMAN";"DIAMANTE";"2002";"20.21";"1451";"Sistema Río Colorado";"Cuencadel Río Diamante"
"MONTE COMAN";"MONTE COMAN";"DIAMANTE";"2003";"17.36";"1451";"Sistema Río Colorado";"Cuencadel Río Diamante"
"MONTE COMAN";"MONTE COMAN";"DIAMANTE";"2004";"8.34";"1451";"Sistema Río Colorado";"Cuencadel Río Diamante"
"MONTE COMAN";"MONTE COMAN";"DIAMANTE";"2005";"13.45";"1451";"Sistema Río Colorado";"Cuencadel Río Diamante"
"MONTE COMAN";"MONTE COMAN";"DIAMANTE";"2006";"19.07";"1451";"Sistema Río Colorado";"Cuencadel Río Diamante"
"MONTE COMAN";"MONTE COMAN";"DIAMANTE";"2007";"17.5";"1451";"Sistema Río Colorado";"Cuencadel Río Diamante"
"MONTE COMAN";"MONTE COMAN";"DIAMANTE";"2008";"9.01";"1451";"Sistema Río Colorado";"Cuencadel Río Diamante"
"MONTE COMAN";"MONTE COMAN";"DIAMANTE";"2009";"5.32";"1451";"Sistema Río Colorado";"Cuencadel Río Diamante"
"MONTE COMAN";"MONTE COMAN";"DIAMANTE";"2010";"4.25";"1451";"Sistema Río Colorado";"Cuencadel Río Diamante"
"MONTE COMAN";"MONTE COMAN";"DIAMANTE";"2011";"2.72";"1451";"Sistema Río Colorado";"Cuencadel Río Diamante"
"MONTE COMAN";"MONTE COMAN";"DIAMANTE";"2012";"2.48";"1451";"Sistema Río Colorado";"Cuencadel Río Diamante"
"MONTE COMAN";"MONTE COMAN";"DIAMANTE";"2013";"2.87";"1451";"Sistema Río Colorado";"Cuencadel Río Diamante"
"MONTE COMAN";"MONTE COMAN";"DIAMANTE";"2014";"2.56";"1451";"Sistema Río Colorado";"Cuencadel Río Diamante"
"MONTE COMAN";"MONTE COMAN";"DIAMANTE";"2015";"2.17";"1451";"Sistema Río Colorado";"Cuencadel Río Diamante"
"MONTE COMAN";"MONTE COMAN";"DIAMANTE";"2016";"8.91";"1451";"Sistema Río Colorado";"Cuencadel Río Diamante"
"MONTE COMAN";"MONTE COMAN";"DIAMANTE";"2017";"5.65";"1451";"Sistema Río Colorado";"Cuencadel Río Diamante"
"MONTE COMAN";"MONTE COMAN";"DIAMANTE";"2018";"3.21";"1451";"Sistema Río Colorado";"Cuencadel Río Diamante"
"MONTE COMAN";"MONTE COMAN";"DIAMANTE";"2019";"2.47";"1451";"Sistema Río Colorado";"Cuencadel Río Diamante"
"MONTE COMAN";"MONTE COMAN";"DIAMANTE";"2020";"1.42";"1451";"Sistema Río Colorado";"Cuencadel Río Diamante"
"CANALEJAS";"CANALEJAS";"DESAGUADERO";"1987";"58.61";"1452";"Sistema Río Colorado";"Cuencadel Río Desaguadero y áreas vecinassin drenaje definido"
"CANALEJAS";"CANALEJAS";"DESAGUADERO";"1988";"96.13";"1452";"Sistema Río Colorado";"Cuencadel Río Desaguadero y áreas vecinassin drenaje definido"
"CANALEJAS";"CANALEJAS";"DESAGUADERO";"1989";"2.62";"1452";"Sistema Río Colorado";"Cuencadel Río Desaguadero y áreas vecinassin drenaje definido"
"CANALEJAS";"CANALEJAS";"DESAGUADERO";"1990";"3.17";"1452";"Sistema Río Colorado";"Cuencadel Río Desaguadero y áreas vecinassin drenaje definido"
"CANALEJAS";"CANALEJAS";"DESAGUADERO";"1991";"1.5";"1452";"Sistema Río Colorado";"Cuencadel Río Desaguadero y áreas vecinassin drenaje definido"
"CANALEJAS";"CANALEJAS";"DESAGUADERO";"1992";"19.97";"1452";"Sistema Río Colorado";"Cuencadel Río Desaguadero y áreas vecinassin drenaje definido"
"CANALEJAS";"CANALEJAS";"DESAGUADERO";"1993";"29.92";"1452";"Sistema Río Colorado";"Cuencadel Río Desaguadero y áreas vecinassin drenaje definido"
"CANALEJAS";"CANALEJAS";"DESAGUADERO";"1994";"7.01";"1452";"Sistema Río Colorado";"Cuencadel Río Desaguadero y áreas vecinassin drenaje definido"
"CANALEJAS";"CANALEJAS";"DESAGUADERO";"1995";"6.05";"1452";"Sistema Río Colorado";"Cuencadel Río Desaguadero y áreas vecinassin drenaje definido"
"CANALEJAS";"CANALEJAS";"DESAGUADERO";"1996";"1.01";"1452";"Sistema Río Colorado";"Cuencadel Río Desaguadero y áreas vecinassin drenaje definido"
"CANALEJAS";"CANALEJAS";"DESAGUADERO";"1997";"1.16";"1452";"Sistema Río Colorado";"Cuencadel Río Desaguadero y áreas vecinassin drenaje definido"
"CANALEJAS";"CANALEJAS";"DESAGUADERO";"1998";"42.63";"1452";"Sistema Río Colorado";"Cuencadel Río Desaguadero y áreas vecinassin drenaje definido"
"CANALEJAS";"CANALEJAS";"DESAGUADERO";"1999";"2.21";"1452";"Sistema Río Colorado";"Cuencadel Río Desaguadero y áreas vecinassin drenaje definido"
"CANALEJAS";"CANALEJAS";"DESAGUADERO";"2000";"5.68";"1452";"Sistema Río Colorado";"Cuencadel Río Desaguadero y áreas vecinassin drenaje definido"
"CANALEJAS";"CANALEJAS";"DESAGUADERO";"2001";"21.03";"1452";"Sistema Río Colorado";"Cuencadel Río Desaguadero y áreas vecinassin drenaje definido"
"CANALEJAS";"CANALEJAS";"DESAGUADERO";"2002";"21.69";"1452";"Sistema Río Colorado";"Cuencadel Río Desaguadero y áreas vecinassin drenaje definido"
"CANALEJAS";"CANALEJAS";"DESAGUADERO";"2003";"49.68";"1452";"Sistema Río Colorado";"Cuencadel Río Desaguadero y áreas vecinassin drenaje definido"
"CANALEJAS";"CANALEJAS";"DESAGUADERO";"2004";"10.85";"1452";"Sistema Río Colorado";"Cuencadel Río Desaguadero y áreas vecinassin drenaje definido"
"CANALEJAS";"CANALEJAS";"DESAGUADERO";"2005";"8.57";"1452";"Sistema Río Colorado";"Cuencadel Río Desaguadero y áreas vecinassin drenaje definido"
"CANALEJAS";"CANALEJAS";"DESAGUADERO";"2006";"34.47";"1452";"Sistema Río Colorado";"Cuencadel Río Desaguadero y áreas vecinassin drenaje definido"
"CANALEJAS";"CANALEJAS";"DESAGUADERO";"2007";"26.75";"1452";"Sistema Río Colorado";"Cuencadel Río Desaguadero y áreas vecinassin drenaje definido"
"CANALEJAS";"CANALEJAS";"DESAGUADERO";"2008";"11.5";"1452";"Sistema Río Colorado";"Cuencadel Río Desaguadero y áreas vecinassin drenaje definido"
"CANALEJAS";"CANALEJAS";"DESAGUADERO";"2009";"8.48";"1452";"Sistema Río Colorado";"Cuencadel Río Desaguadero y áreas vecinassin drenaje definido"
"CANALEJAS";"CANALEJAS";"DESAGUADERO";"2010";"2.75";"1452";"Sistema Río Colorado";"Cuencadel Río Desaguadero y áreas vecinassin drenaje definido"
"CANALEJAS";"CANALEJAS";"DESAGUADERO";"2011";"0.62";"1452";"Sistema Río Colorado";"Cuencadel Río Desaguadero y áreas vecinassin drenaje definido"
"CANALEJAS";"CANALEJAS";"DESAGUADERO";"2012";"0.77";"1452";"Sistema Río Colorado";"Cuencadel Río Desaguadero y áreas vecinassin drenaje definido"
"CANALEJAS";"CANALEJAS";"DESAGUADERO";"2013";"0.54";"1452";"Sistema Río Colorado";"Cuencadel Río Desaguadero y áreas vecinassin drenaje definido"
"CANALEJAS";"CANALEJAS";"DESAGUADERO";"2014";"0.65";"1452";"Sistema Río Colorado";"Cuencadel Río Desaguadero y áreas vecinassin drenaje definido"
"CANALEJAS";"CANALEJAS";"DESAGUADERO";"2015";"1.00";"1452";"Sistema Río Colorado";"Cuencadel Río Desaguadero y áreas vecinassin drenaje definido"
"CANALEJAS";"CANALEJAS";"DESAGUADERO";"2016";"4.02";"1452";"Sistema Río Colorado";"Cuencadel Río Desaguadero y áreas vecinassin drenaje definido"
"CANALEJAS";"CANALEJAS";"DESAGUADERO";"2017";"2.49";"1452";"Sistema Río Colorado";"Cuencadel Río Desaguadero y áreas vecinassin drenaje definido"
"CANALEJAS";"CANALEJAS";"DESAGUADERO";"2018";"0.44";"1452";"Sistema Río Colorado";"Cuencadel Río Desaguadero y áreas vecinassin drenaje definido"
"CANALEJAS";"CANALEJAS";"DESAGUADERO";"2019";"0.23";"1452";"Sistema Río Colorado";"Cuencadel Río Desaguadero y áreas vecinassin drenaje definido"
"CANALEJAS";"CANALEJAS";"DESAGUADERO";"2020";"0.123";"1452";"Sistema Río Colorado";"Cuencadel Río Desaguadero y áreas vecinassin drenaje definido"
"CARMENSA";"CARMENSA";"ATUEL";"1985";"12.72";"1453";"Sistema Río Colorado";"Cuencadel Río Atuel"
"CARMENSA";"CARMENSA";"ATUEL";"1986";"6.94";"1453";"Sistema Río Colorado";"Cuencadel Río Atuel"
"CARMENSA";"CARMENSA";"ATUEL";"1987";"18.12";"1453";"Sistema Río Colorado";"Cuencadel Río Atuel"
"CARMENSA";"CARMENSA";"ATUEL";"1988";"9.54";"1453";"Sistema Río Colorado";"Cuencadel Río Atuel"
"CARMENSA";"CARMENSA";"ATUEL";"1989";"2.82";"1453";"Sistema Río Colorado";"Cuencadel Río Atuel"
"CARMENSA";"CARMENSA";"ATUEL";"1990";"2.33";"1453";"Sistema Río Colorado";"Cuencadel Río Atuel"
"CARMENSA";"CARMENSA";"ATUEL";"1991";"2.87";"1453";"Sistema Río Colorado";"Cuencadel Río Atuel"
"CARMENSA";"CARMENSA";"ATUEL";"1992";"3.17";"1453";"Sistema Río Colorado";"Cuencadel Río Atuel"
"CARMENSA";"CARMENSA";"ATUEL";"1993";"6.27";"1453";"Sistema Río Colorado";"Cuencadel Río Atuel"
"CARMENSA";"CARMENSA";"ATUEL";"1994";"7.93";"1453";"Sistema Río Colorado";"Cuencadel Río Atuel"
"CARMENSA";"CARMENSA";"ATUEL";"1995";"5.49";"1453";"Sistema Río Colorado";"Cuencadel Río Atuel"
"CARMENSA";"CARMENSA";"ATUEL";"1996";"3.33";"1453";"Sistema Río Colorado";"Cuencadel Río Atuel"
"CARMENSA";"CARMENSA";"ATUEL";"1997";"6.05";"1453";"Sistema Río Colorado";"Cuencadel Río Atuel"
"CARMENSA";"CARMENSA";"ATUEL";"1998";"12.57";"1453";"Sistema Río Colorado";"Cuencadel Río Atuel"
"CARMENSA";"CARMENSA";"ATUEL";"1999";"3.21";"1453";"Sistema Río Colorado";"Cuencadel Río Atuel"
"CARMENSA";"CARMENSA";"ATUEL";"2000";"4.96";"1453";"Sistema Río Colorado";"Cuencadel Río Atuel"
"CARMENSA";"CARMENSA";"ATUEL";"2001";"19.16";"1453";"Sistema Río Colorado";"Cuencadel Río Atuel"
"CARMENSA";"CARMENSA";"ATUEL";"2002";"16.52";"1453";"Sistema Río Colorado";"Cuencadel Río Atuel"
"CARMENSA";"CARMENSA";"ATUEL";"2003";"14.45";"1453";"Sistema Río Colorado";"Cuencadel Río Atuel"
"CARMENSA";"CARMENSA";"ATUEL";"2004";"5.56";"1453";"Sistema Río Colorado";"Cuencadel Río Atuel"
"CARMENSA";"CARMENSA";"ATUEL";"2005";"7.61";"1453";"Sistema Río Colorado";"Cuencadel Río Atuel"
"CARMENSA";"CARMENSA";"ATUEL";"2006";"14.19";"1453";"Sistema Río Colorado";"Cuencadel Río Atuel"
"CARMENSA";"CARMENSA";"ATUEL";"2007";"18.18";"1453";"Sistema Río Colorado";"Cuencadel Río Atuel"
"CARMENSA";"CARMENSA";"ATUEL";"2008";"7.3";"1453";"Sistema Río Colorado";"Cuencadel Río Atuel"
"CARMENSA";"CARMENSA";"ATUEL";"2009";"4.69";"1453";"Sistema Río Colorado";"Cuencadel Río Atuel"
"CARMENSA";"CARMENSA";"ATUEL";"2010";"4.71";"1453";"Sistema Río Colorado";"Cuencadel Río Atuel"
"CARMENSA";"CARMENSA";"ATUEL";"2011";"3.88";"1453";"Sistema Río Colorado";"Cuencadel Río Atuel"
"CARMENSA";"CARMENSA";"ATUEL";"2012";"3.65";"1453";"Sistema Río Colorado";"Cuencadel Río Atuel"
"CARMENSA";"CARMENSA";"ATUEL";"2013";"4.1";"1453";"Sistema Río Colorado";"Cuencadel Río Atuel"
"CARMENSA";"CARMENSA";"ATUEL";"2014";"3.96";"1453";"Sistema Río Colorado";"Cuencadel Río Atuel"
"CARMENSA";"CARMENSA";"ATUEL";"2015";"3.16";"1453";"Sistema Río Colorado";"Cuencadel Río Atuel"
"CARMENSA";"CARMENSA";"ATUEL";"2016";"7.56";"1453";"Sistema Río Colorado";"Cuencadel Río Atuel"
"CARMENSA";"CARMENSA";"ATUEL";"2017";"6.55";"1453";"Sistema Río Colorado";"Cuencadel Río Atuel"
"CARMENSA";"CARMENSA";"ATUEL";"2018";"4.39";"1453";"Sistema Río Colorado";"Cuencadel Río Atuel"
"CARMENSA";"CARMENSA";"ATUEL";"2019";"3.26";"1453";"Sistema Río Colorado";"Cuencadel Río Atuel"
"CARMENSA";"CARMENSA";"ATUEL";"2020";"1.98";"1453";"Sistema Río Colorado";"Cuencadel Río Atuel"
"LA BARDA";"LA BARDA";"MALARGÜE";"1987";"16.38";"1454";"Sistema Var ias Cerradas";"Cuencade la Laguna de Llancanelo"
"LA BARDA";"LA BARDA";"MALARGÜE";"1988";"9.63";"1454";"Sistema Var ias Cerradas";"Cuencade la Laguna de Llancanelo"
"LA BARDA";"LA BARDA";"MALARGÜE";"1989";"7.49";"1454";"Sistema Var ias Cerradas";"Cuencade la Laguna de Llancanelo"
"LA BARDA";"LA BARDA";"MALARGÜE";"1990";"6.08";"1454";"Sistema Var ias Cerradas";"Cuencade la Laguna de Llancanelo"
"LA BARDA";"LA BARDA";"MALARGÜE";"1991";"7.01";"1454";"Sistema Var ias Cerradas";"Cuencade la Laguna de Llancanelo"
"LA BARDA";"LA BARDA";"MALARGÜE";"1992";"11.55";"1454";"Sistema Var ias Cerradas";"Cuencade la Laguna de Llancanelo"
"LA BARDA";"LA BARDA";"MALARGÜE";"1993";"11.79";"1454";"Sistema Var ias Cerradas";"Cuencade la Laguna de Llancanelo"
"LA BARDA";"LA BARDA";"MALARGÜE";"1994";"9.57";"1454";"Sistema Var ias Cerradas";"Cuencade la Laguna de Llancanelo"
"LA BARDA";"LA BARDA";"MALARGÜE";"1995";"11.35";"1454";"Sistema Var ias Cerradas";"Cuencade la Laguna de Llancanelo"
"LA BARDA";"LA BARDA";"MALARGÜE";"1996";"7.00";"1454";"Sistema Var ias Cerradas";"Cuencade la Laguna de Llancanelo"
"LA BARDA";"LA BARDA";"MALARGÜE";"1997";"9.18";"1454";"Sistema Var ias Cerradas";"Cuencade la Laguna de Llancanelo"
"LA BARDA";"LA BARDA";"MALARGÜE";"1998";"10.33";"1454";"Sistema Var ias Cerradas";"Cuencade la Laguna de Llancanelo"
"LA BARDA";"LA BARDA";"MALARGÜE";"1999";"8.63";"1454";"Sistema Var ias Cerradas";"Cuencade la Laguna de Llancanelo"
"LA BARDA";"LA BARDA";"MALARGÜE";"2000";"12.58";"1454";"Sistema Var ias Cerradas";"Cuencade la Laguna de Llancanelo"
"LA BARDA";"LA BARDA";"MALARGÜE";"2001";"14.73";"1454";"Sistema Var ias Cerradas";"Cuencade la Laguna de Llancanelo"
"LA BARDA";"LA BARDA";"MALARGÜE";"2002";"14.53";"1454";"Sistema Var ias Cerradas";"Cuencade la Laguna de Llancanelo"
"LA BARDA";"LA BARDA";"MALARGÜE";"2003";"10.81";"1454";"Sistema Var ias Cerradas";"Cuencade la Laguna de Llancanelo"
"LA BARDA";"LA BARDA";"MALARGÜE";"2004";"9.1";"1454";"Sistema Var ias Cerradas";"Cuencade la Laguna de Llancanelo"
"LA BARDA";"LA BARDA";"MALARGÜE";"2005";"15.48";"1454";"Sistema Var ias Cerradas";"Cuencade la Laguna de Llancanelo"
"LA BARDA";"LA BARDA";"MALARGÜE";"2006";"17.17";"1454";"Sistema Var ias Cerradas";"Cuencade la Laguna de Llancanelo"
"LA BARDA";"LA BARDA";"MALARGÜE";"2007";"11.3";"1454";"Sistema Var ias Cerradas";"Cuencade la Laguna de Llancanelo"
"LA BARDA";"LA BARDA";"MALARGÜE";"2008";"12.02";"1454";"Sistema Var ias Cerradas";"Cuencade la Laguna de Llancanelo"
"LA BARDA";"LA BARDA";"MALARGÜE";"2009";"9.49";"1454";"Sistema Var ias Cerradas";"Cuencade la Laguna de Llancanelo"
"LA BARDA";"LA BARDA";"MALARGÜE";"2010";"7.27";"1454";"Sistema Var ias Cerradas";"Cuencade la Laguna de Llancanelo"
"LA BARDA";"LA BARDA";"MALARGÜE";"2011";"5.36";"1454";"Sistema Var ias Cerradas";"Cuencade la Laguna de Llancanelo"
"LA BARDA";"LA BARDA";"MALARGÜE";"2012";"5.61";"1454";"Sistema Var ias Cerradas";"Cuencade la Laguna de Llancanelo"
"LA BARDA";"LA BARDA";"MALARGÜE";"2013";"6.03";"1454";"Sistema Var ias Cerradas";"Cuencade la Laguna de Llancanelo"
"LA BARDA";"LA BARDA";"MALARGÜE";"2014";"4.22";"1454";"Sistema Var ias Cerradas";"Cuencade la Laguna de Llancanelo"
"LA BARDA";"LA BARDA";"MALARGÜE";"2015";"6.68";"1454";"Sistema Var ias Cerradas";"Cuencade la Laguna de Llancanelo"
"LA BARDA";"LA BARDA";"MALARGÜE";"2016";"9.15";"1454";"Sistema Var ias Cerradas";"Cuencade la Laguna de Llancanelo"
"LA BARDA";"LA BARDA";"MALARGÜE";"2017";"6.17";"1454";"Sistema Var ias Cerradas";"Cuencade la Laguna de Llancanelo"
"LA BARDA";"LA BARDA";"MALARGÜE";"2018";"4.15";"1454";"Sistema Var ias Cerradas";"Cuencade la Laguna de Llancanelo"
"LA BARDA";"LA BARDA";"MALARGÜE";"2019";"4.04";"1454";"Sistema Var ias Cerradas";"Cuencade la Laguna de Llancanelo"
"LA BARDA";"LA BARDA";"MALARGÜE";"2020";"9.14";"1454";"Sistema Var ias Cerradas";"Cuencade la Laguna de Llancanelo"
"EL RINCON";"EL RINCON";"CAÑADA HONDA";"1970";"0.49";"1601";"Sistema Var ias Cerradas";"Cuencadel Río Quinto y arroyos menoresdeSan Luis"
"EL RINCON";"EL RINCON";"CAÑADA HONDA";"1971";"0.47";"1601";"Sistema Var ias Cerradas";"Cuencadel Río Quinto y arroyos menoresdeSan Luis"
"EL RINCON";"EL RINCON";"CAÑADA HONDA";"1972";"1.48";"1601";"Sistema Var ias Cerradas";"Cuencadel Río Quinto y arroyos menoresdeSan Luis"
"EL RINCON";"EL RINCON";"CAÑADA HONDA";"1973";"2.86";"1601";"Sistema Var ias Cerradas";"Cuencadel Río Quinto y arroyos menoresdeSan Luis"
"EL RINCON";"EL RINCON";"CAÑADA HONDA";"1974";"0.8";"1601";"Sistema Var ias Cerradas";"Cuencadel Río Quinto y arroyos menoresdeSan Luis"
"EL RINCON";"EL RINCON";"CAÑADA HONDA";"1975";"1.73";"1601";"Sistema Var ias Cerradas";"Cuencadel Río Quinto y arroyos menoresdeSan Luis"
"EL RINCON";"EL RINCON";"CAÑADA HONDA";"1976";"1.16";"1601";"Sistema Var ias Cerradas";"Cuencadel Río Quinto y arroyos menoresdeSan Luis"
"EL RINCON";"EL RINCON";"CAÑADA HONDA";"1977";"1.43";"1601";"Sistema Var ias Cerradas";"Cuencadel Río Quinto y arroyos menoresdeSan Luis"
"EL RINCON";"EL RINCON";"CAÑADA HONDA";"1978";"1.91";"1601";"Sistema Var ias Cerradas";"Cuencadel Río Quinto y arroyos menoresdeSan Luis"
"EL RINCON";"EL RINCON";"CAÑADA HONDA";"1979";"3.57";"1601";"Sistema Var ias Cerradas";"Cuencadel Río Quinto y arroyos menoresdeSan Luis"
"EL RINCON";"EL RINCON";"CAÑADA HONDA";"1980";"2.1";"1601";"Sistema Var ias Cerradas";"Cuencadel Río Quinto y arroyos menoresdeSan Luis"
"EL RINCON";"EL RINCON";"CAÑADA HONDA";"1981";"1.71";"1601";"Sistema Var ias Cerradas";"Cuencadel Río Quinto y arroyos menoresdeSan Luis"
"EL RINCON";"EL RINCON";"CAÑADA HONDA";"1982";"1.17";"1601";"Sistema Var ias Cerradas";"Cuencadel Río Quinto y arroyos menoresdeSan Luis"
"EMBALSE SAN FELIPE";"EMBALSE SAN FELIPE";"CONLARA";"1970";"0.92";"1602";"Sistema Var ias Cerradas";"Cuencadel Río Conlara y Arroyos Menores del Norte de San Luis y Oeste de Córdoba"
"EMBALSE SAN FELIPE";"EMBALSE SAN FELIPE";"CONLARA";"1971";"0.87";"1602";"Sistema Var ias Cerradas";"Cuencadel Río Conlara y Arroyos Menores del Norte de San Luis y Oeste de Córdoba"
"EMBALSE SAN FELIPE";"EMBALSE SAN FELIPE";"CONLARA";"1972";"1.28";"1602";"Sistema Var ias Cerradas";"Cuencadel Río Conlara y Arroyos Menores del Norte de San Luis y Oeste de Córdoba"
"EMBALSE SAN FELIPE";"EMBALSE SAN FELIPE";"CONLARA";"1973";"1.91";"1602";"Sistema Var ias Cerradas";"Cuencadel Río Conlara y Arroyos Menores del Norte de San Luis y Oeste de Córdoba"
"EMBALSE SAN FELIPE";"EMBALSE SAN FELIPE";"CONLARA";"1974";"0.69";"1602";"Sistema Var ias Cerradas";"Cuencadel Río Conlara y Arroyos Menores del Norte de San Luis y Oeste de Córdoba"
"EMBALSE SAN FELIPE";"EMBALSE SAN FELIPE";"CONLARA";"1975";"2.46";"1602";"Sistema Var ias Cerradas";"Cuencadel Río Conlara y Arroyos Menores del Norte de San Luis y Oeste de Córdoba"
"EMBALSE SAN FELIPE";"EMBALSE SAN FELIPE";"CONLARA";"1976";"1.32";"1602";"Sistema Var ias Cerradas";"Cuencadel Río Conlara y Arroyos Menores del Norte de San Luis y Oeste de Córdoba"
"EMBALSE SAN FELIPE";"EMBALSE SAN FELIPE";"CONLARA";"1977";"4.17";"1602";"Sistema Var ias Cerradas";"Cuencadel Río Conlara y Arroyos Menores del Norte de San Luis y Oeste de Córdoba"
"EMBALSE SAN FELIPE";"EMBALSE SAN FELIPE";"CONLARA";"1978";"1.84";"1602";"Sistema Var ias Cerradas";"Cuencadel Río Conlara y Arroyos Menores del Norte de San Luis y Oeste de Córdoba"
"EMBALSE SAN FELIPE";"EMBALSE SAN FELIPE";"CONLARA";"1979";"4.66";"1602";"Sistema Var ias Cerradas";"Cuencadel Río Conlara y Arroyos Menores del Norte de San Luis y Oeste de Córdoba"
"EMBALSE SAN FELIPE";"EMBALSE SAN FELIPE";"CONLARA";"1980";"2.82";"1602";"Sistema Var ias Cerradas";"Cuencadel Río Conlara y Arroyos Menores del Norte de San Luis y Oeste de Córdoba"
"EMBALSE SAN FELIPE";"EMBALSE SAN FELIPE";"CONLARA";"1981";"3.22";"1602";"Sistema Var ias Cerradas";"Cuencadel Río Conlara y Arroyos Menores del Norte de San Luis y Oeste de Córdoba"
"EMBALSE SAN FELIPE";"EMBALSE SAN FELIPE";"CONLARA";"1982";"1.59";"1602";"Sistema Var ias Cerradas";"Cuencadel Río Conlara y Arroyos Menores del Norte de San Luis y Oeste de Córdoba"
"EMBALSE SAN FELIPE";"EMBALSE SAN FELIPE";"CONLARA";"1983";"5.8";"1602";"Sistema Var ias Cerradas";"Cuencadel Río Conlara y Arroyos Menores del Norte de San Luis y Oeste de Córdoba"
"ESTANCIA MUÑOZ";"ESTANCIA MUÑOZ";"CONLARA";"1970";"1.85";"1603";"Sistema Var ias Cerradas";"Cuencadel Río Conlara y Arroyos Menores del Norte de San Luis y Oeste de Córdoba"
"ESTANCIA MUÑOZ";"ESTANCIA MUÑOZ";"CONLARA";"1971";"1.34";"1603";"Sistema Var ias Cerradas";"Cuencadel Río Conlara y Arroyos Menores del Norte de San Luis y Oeste de Córdoba"
"ESTANCIA MUÑOZ";"ESTANCIA MUÑOZ";"CONLARA";"1972";"0.98";"1603";"Sistema Var ias Cerradas";"Cuencadel Río Conlara y Arroyos Menores del Norte de San Luis y Oeste de Córdoba"
"ESTANCIA MUÑOZ";"ESTANCIA MUÑOZ";"CONLARA";"1973";"1.46";"1603";"Sistema Var ias Cerradas";"Cuencadel Río Conlara y Arroyos Menores del Norte de San Luis y Oeste de Córdoba"
"ESTANCIA MUÑOZ";"ESTANCIA MUÑOZ";"CONLARA";"1974";"0.26";"1603";"Sistema Var ias Cerradas";"Cuencadel Río Conlara y Arroyos Menores del Norte de San Luis y Oeste de Córdoba"
"ESTANCIA MUÑOZ";"ESTANCIA MUÑOZ";"CONLARA";"1975";"6.68";"1603";"Sistema Var ias Cerradas";"Cuencadel Río Conlara y Arroyos Menores del Norte de San Luis y Oeste de Córdoba"
"ESTANCIA MUÑOZ";"ESTANCIA MUÑOZ";"CONLARA";"1976";"1.09";"1603";"Sistema Var ias Cerradas";"Cuencadel Río Conlara y Arroyos Menores del Norte de San Luis y Oeste de Córdoba"
"ESTANCIA MUÑOZ";"ESTANCIA MUÑOZ";"CONLARA";"1977";"13.26";"1603";"Sistema Var ias Cerradas";"Cuencadel Río Conlara y Arroyos Menores del Norte de San Luis y Oeste de Córdoba"
"ESTANCIA MUÑOZ";"ESTANCIA MUÑOZ";"CONLARA";"1978";"1.93";"1603";"Sistema Var ias Cerradas";"Cuencadel Río Conlara y Arroyos Menores del Norte de San Luis y Oeste de Córdoba"
"ESTANCIA MUÑOZ";"ESTANCIA MUÑOZ";"CONLARA";"1979";"4.96";"1603";"Sistema Var ias Cerradas";"Cuencadel Río Conlara y Arroyos Menores del Norte de San Luis y Oeste de Córdoba"
"ESTANCIA MUÑOZ";"ESTANCIA MUÑOZ";"CONLARA";"1980";"3.18";"1603";"Sistema Var ias Cerradas";"Cuencadel Río Conlara y Arroyos Menores del Norte de San Luis y Oeste de Córdoba"
"ESTANCIA MUÑOZ";"ESTANCIA MUÑOZ";"CONLARA";"1981";"3.89";"1603";"Sistema Var ias Cerradas";"Cuencadel Río Conlara y Arroyos Menores del Norte de San Luis y Oeste de Córdoba"
"ESTANCIA MUÑOZ";"ESTANCIA MUÑOZ";"CONLARA";"1982";"2.42";"1603";"Sistema Var ias Cerradas";"Cuencadel Río Conlara y Arroyos Menores del Norte de San Luis y Oeste de Córdoba"
"ESTANCIA MUÑOZ";"ESTANCIA MUÑOZ";"CONLARA";"1983";"1.11";"1603";"Sistema Var ias Cerradas";"Cuencadel Río Conlara y Arroyos Menores del Norte de San Luis y Oeste de Córdoba"
"EMBALSE CRUZ DE PIEDRA";"EMBALSE CRUZ DE PIEDRA";"CUCHI CORRAL";"1970";"0.54";"1604";"Sistema Río Colorado";"Cuencadel Río Desaguadero y áreas vecinassin drenaje definido"
"EMBALSE CRUZ DE PIEDRA";"EMBALSE CRUZ DE PIEDRA";"CUCHI CORRAL";"1971";"0.54";"1604";"Sistema Río Colorado";"Cuencadel Río Desaguadero y áreas vecinassin drenaje definido"
"EMBALSE CRUZ DE PIEDRA";"EMBALSE CRUZ DE PIEDRA";"CUCHI CORRAL";"1972";"0.63";"1604";"Sistema Río Colorado";"Cuencadel Río Desaguadero y áreas vecinassin drenaje definido"
"EMBALSE CRUZ DE PIEDRA";"EMBALSE CRUZ DE PIEDRA";"CUCHI CORRAL";"1973";"0.59";"1604";"Sistema Río Colorado";"Cuencadel Río Desaguadero y áreas vecinassin drenaje definido"
"EMBALSE CRUZ DE PIEDRA";"EMBALSE CRUZ DE PIEDRA";"CUCHI CORRAL";"1974";"0.6";"1604";"Sistema Río Colorado";"Cuencadel Río Desaguadero y áreas vecinassin drenaje definido"
"EMBALSE CRUZ DE PIEDRA";"EMBALSE CRUZ DE PIEDRA";"CUCHI CORRAL";"1975";"0.72";"1604";"Sistema Río Colorado";"Cuencadel Río Desaguadero y áreas vecinassin drenaje definido"
"EMBALSE CRUZ DE PIEDRA";"EMBALSE CRUZ DE PIEDRA";"CUCHI CORRAL";"1976";"0.68";"1604";"Sistema Río Colorado";"Cuencadel Río Desaguadero y áreas vecinassin drenaje definido"
"EMBALSE CRUZ DE PIEDRA";"EMBALSE CRUZ DE PIEDRA";"CUCHI CORRAL";"1977";"1.1";"1604";"Sistema Río Colorado";"Cuencadel Río Desaguadero y áreas vecinassin drenaje definido"
"EMBALSE CRUZ DE PIEDRA";"EMBALSE CRUZ DE PIEDRA";"CUCHI CORRAL";"1978";"1.26";"1604";"Sistema Río Colorado";"Cuencadel Río Desaguadero y áreas vecinassin drenaje definido"
"EMBALSE CRUZ DE PIEDRA";"EMBALSE CRUZ DE PIEDRA";"CUCHI CORRAL";"1979";"2.69";"1604";"Sistema Río Colorado";"Cuencadel Río Desaguadero y áreas vecinassin drenaje definido"
"EMBALSE CRUZ DE PIEDRA";"EMBALSE CRUZ DE PIEDRA";"CUCHI CORRAL";"1980";"1.3";"1604";"Sistema Río Colorado";"Cuencadel Río Desaguadero y áreas vecinassin drenaje definido"
"EMBALSE CRUZ DE PIEDRA";"EMBALSE CRUZ DE PIEDRA";"CUCHI CORRAL";"1981";"0.66";"1604";"Sistema Río Colorado";"Cuencadel Río Desaguadero y áreas vecinassin drenaje definido"
"EMBALSE CRUZ DE PIEDRA";"EMBALSE CRUZ DE PIEDRA";"CUCHI CORRAL";"1982";"1.1";"1604";"Sistema Río Colorado";"Cuencadel Río Desaguadero y áreas vecinassin drenaje definido"
"EMBALSE CRUZ DE PIEDRA";"EMBALSE CRUZ DE PIEDRA";"CUCHI CORRAL";"1983";"0.68";"1604";"Sistema Río Colorado";"Cuencadel Río Desaguadero y áreas vecinassin drenaje definido"
"ESTRECHURA SEGUNDA";"ESTRECHURA SEGUNDA";"EL VOLCAN";"1970";"0.04";"1606";"Sistema Río Colorado";"Cuencadel Río Desaguadero y áreas vecinassin drenaje definido"
"ESTRECHURA SEGUNDA";"ESTRECHURA SEGUNDA";"EL VOLCAN";"1971";"0.02";"1606";"Sistema Río Colorado";"Cuencadel Río Desaguadero y áreas vecinassin drenaje definido"
"ESTRECHURA SEGUNDA";"ESTRECHURA SEGUNDA";"EL VOLCAN";"1972";"0.14";"1606";"Sistema Río Colorado";"Cuencadel Río Desaguadero y áreas vecinassin drenaje definido"
"ESTRECHURA SEGUNDA";"ESTRECHURA SEGUNDA";"EL VOLCAN";"1973";"0.21";"1606";"Sistema Río Colorado";"Cuencadel Río Desaguadero y áreas vecinassin drenaje definido"
"ESTRECHURA SEGUNDA";"ESTRECHURA SEGUNDA";"EL VOLCAN";"1974";"0.27";"1606";"Sistema Río Colorado";"Cuencadel Río Desaguadero y áreas vecinassin drenaje definido"
"ESTRECHURA SEGUNDA";"ESTRECHURA SEGUNDA";"EL VOLCAN";"1975";"0.21";"1606";"Sistema Río Colorado";"Cuencadel Río Desaguadero y áreas vecinassin drenaje definido"
"ESTRECHURA SEGUNDA";"ESTRECHURA SEGUNDA";"EL VOLCAN";"1976";"0.21";"1606";"Sistema Río Colorado";"Cuencadel Río Desaguadero y áreas vecinassin drenaje definido"
"ESTRECHURA SEGUNDA";"ESTRECHURA SEGUNDA";"EL VOLCAN";"1977";"0.45";"1606";"Sistema Río Colorado";"Cuencadel Río Desaguadero y áreas vecinassin drenaje definido"
"ESTRECHURA SEGUNDA";"ESTRECHURA SEGUNDA";"EL VOLCAN";"1978";"0.38";"1606";"Sistema Río Colorado";"Cuencadel Río Desaguadero y áreas vecinassin drenaje definido"
"ESTRECHURA SEGUNDA";"ESTRECHURA SEGUNDA";"EL VOLCAN";"1979";"0.79";"1606";"Sistema Río Colorado";"Cuencadel Río Desaguadero y áreas vecinassin drenaje definido"
"ESTRECHURA SEGUNDA";"ESTRECHURA SEGUNDA";"EL VOLCAN";"1980";"0.35";"1606";"Sistema Río Colorado";"Cuencadel Río Desaguadero y áreas vecinassin drenaje definido"
"ESTRECHURA SEGUNDA";"ESTRECHURA SEGUNDA";"EL VOLCAN";"1981";"0.2";"1606";"Sistema Río Colorado";"Cuencadel Río Desaguadero y áreas vecinassin drenaje definido"
"ESTRECHURA SEGUNDA";"ESTRECHURA SEGUNDA";"EL VOLCAN";"1982";"0.18";"1606";"Sistema Río Colorado";"Cuencadel Río Desaguadero y áreas vecinassin drenaje definido"
"ESTRECHURA SEGUNDA";"ESTRECHURA SEGUNDA";"EL VOLCAN";"1983";"0.16";"1606";"Sistema Río Colorado";"Cuencadel Río Desaguadero y áreas vecinassin drenaje definido"
"ESTRECHURA SEGUNDA";"ESTRECHURA SEGUNDA";"EL VOLCAN";"1984";"0.23";"1606";"Sistema Río Colorado";"Cuencadel Río Desaguadero y áreas vecinassin drenaje definido"
"LOS MANANTIALES";"LOS MANANTIALES";"GRANDE";"1970";"1.4";"1607";"Sistema Var ias Cerradas";"Cuencadel Río Quinto y arroyos menoresdeSan Luis"
"LOS MANANTIALES";"LOS MANANTIALES";"GRANDE";"1971";"1.27";"1607";"Sistema Var ias Cerradas";"Cuencadel Río Quinto y arroyos menoresdeSan Luis"
"LOS MANANTIALES";"LOS MANANTIALES";"GRANDE";"1972";"1.17";"1607";"Sistema Var ias Cerradas";"Cuencadel Río Quinto y arroyos menoresdeSan Luis"
"LOS MANANTIALES";"LOS MANANTIALES";"GRANDE";"1973";"2.4";"1607";"Sistema Var ias Cerradas";"Cuencadel Río Quinto y arroyos menoresdeSan Luis"
"LOS MANANTIALES";"LOS MANANTIALES";"GRANDE";"1974";"1.08";"1607";"Sistema Var ias Cerradas";"Cuencadel Río Quinto y arroyos menoresdeSan Luis"
"LOS MANANTIALES";"LOS MANANTIALES";"GRANDE";"1975";"12.28";"1607";"Sistema Var ias Cerradas";"Cuencadel Río Quinto y arroyos menoresdeSan Luis"
"LOS MANANTIALES";"LOS MANANTIALES";"GRANDE";"1976";"2.82";"1607";"Sistema Var ias Cerradas";"Cuencadel Río Quinto y arroyos menoresdeSan Luis"
"LOS MANANTIALES";"LOS MANANTIALES";"GRANDE";"1977";"3.48";"1607";"Sistema Var ias Cerradas";"Cuencadel Río Quinto y arroyos menoresdeSan Luis"
"LOS MANANTIALES";"LOS MANANTIALES";"GRANDE";"1978";"3.15";"1607";"Sistema Var ias Cerradas";"Cuencadel Río Quinto y arroyos menoresdeSan Luis"
"LOS MANANTIALES";"LOS MANANTIALES";"GRANDE";"1979";"5.83";"1607";"Sistema Var ias Cerradas";"Cuencadel Río Quinto y arroyos menoresdeSan Luis"
"LOS MANANTIALES";"LOS MANANTIALES";"GRANDE";"1980";"3.22";"1607";"Sistema Var ias Cerradas";"Cuencadel Río Quinto y arroyos menoresdeSan Luis"
"LOS MANANTIALES";"LOS MANANTIALES";"GRANDE";"1981";"6.49";"1607";"Sistema Var ias Cerradas";"Cuencadel Río Quinto y arroyos menoresdeSan Luis"
"CAÑADA LOS HOYOS";"CAÑADA LOS HOYOS";"LAS CAÑAS";"1970";"0.19";"1608";"Sistema Var ias Cerradas";"Cuencadel Río Conlara y Arroyos Menores del Norte de San Luis y Oeste de Córdoba"
"CAÑADA LOS HOYOS";"CAÑADA LOS HOYOS";"LAS CAÑAS";"1971";"0.12";"1608";"Sistema Var ias Cerradas";"Cuencadel Río Conlara y Arroyos Menores del Norte de San Luis y Oeste de Córdoba"
"CAÑADA LOS HOYOS";"CAÑADA LOS HOYOS";"LAS CAÑAS";"1972";"0.32";"1608";"Sistema Var ias Cerradas";"Cuencadel Río Conlara y Arroyos Menores del Norte de San Luis y Oeste de Córdoba"
"CAÑADA LOS HOYOS";"CAÑADA LOS HOYOS";"LAS CAÑAS";"1973";"0.08";"1608";"Sistema Var ias Cerradas";"Cuencadel Río Conlara y Arroyos Menores del Norte de San Luis y Oeste de Córdoba"
"CAÑADA LOS HOYOS";"CAÑADA LOS HOYOS";"LAS CAÑAS";"1974";"0.01";"1608";"Sistema Var ias Cerradas";"Cuencadel Río Conlara y Arroyos Menores del Norte de San Luis y Oeste de Córdoba"
"CAÑADA LOS HOYOS";"CAÑADA LOS HOYOS";"LAS CAÑAS";"1975";"0.17";"1608";"Sistema Var ias Cerradas";"Cuencadel Río Conlara y Arroyos Menores del Norte de San Luis y Oeste de Córdoba"
"CAÑADA LOS HOYOS";"CAÑADA LOS HOYOS";"LAS CAÑAS";"1976";"0.19";"1608";"Sistema Var ias Cerradas";"Cuencadel Río Conlara y Arroyos Menores del Norte de San Luis y Oeste de Córdoba"
"CAÑADA LOS HOYOS";"CAÑADA LOS HOYOS";"LAS CAÑAS";"1977";"0.38";"1608";"Sistema Var ias Cerradas";"Cuencadel Río Conlara y Arroyos Menores del Norte de San Luis y Oeste de Córdoba"
"CAÑADA LOS HOYOS";"CAÑADA LOS HOYOS";"LAS CAÑAS";"1978";"0.19";"1608";"Sistema Var ias Cerradas";"Cuencadel Río Conlara y Arroyos Menores del Norte de San Luis y Oeste de Córdoba"
"CAÑADA LOS HOYOS";"CAÑADA LOS HOYOS";"LAS CAÑAS";"1979";"0.58";"1608";"Sistema Var ias Cerradas";"Cuencadel Río Conlara y Arroyos Menores del Norte de San Luis y Oeste de Córdoba"
"CAÑADA LOS HOYOS";"CAÑADA LOS HOYOS";"LAS CAÑAS";"1980";"0.3";"1608";"Sistema Var ias Cerradas";"Cuencadel Río Conlara y Arroyos Menores del Norte de San Luis y Oeste de Córdoba"
"CAÑADA LOS HOYOS";"CAÑADA LOS HOYOS";"LAS CAÑAS";"1981";"0.62";"1608";"Sistema Var ias Cerradas";"Cuencadel Río Conlara y Arroyos Menores del Norte de San Luis y Oeste de Córdoba"
"CAÑADA LOS HOYOS";"CAÑADA LOS HOYOS";"LAS CAÑAS";"1982";"0.23";"1608";"Sistema Var ias Cerradas";"Cuencadel Río Conlara y Arroyos Menores del Norte de San Luis y Oeste de Córdoba"
"CAÑADA LOS HOYOS";"CAÑADA LOS HOYOS";"LAS CAÑAS";"1983";"0.22";"1608";"Sistema Var ias Cerradas";"Cuencadel Río Conlara y Arroyos Menores del Norte de San Luis y Oeste de Córdoba"
"CAÑADA LOS HOYOS";"CAÑADA LOS HOYOS";"LAS CAÑAS";"1984";"0.46";"1608";"Sistema Var ias Cerradas";"Cuencadel Río Conlara y Arroyos Menores del Norte de San Luis y Oeste de Córdoba"
"DIQUE EL ALTO";"DIQUE EL ALTO";"QUINES";"1970";"2.07";"1609";"Sistema Var ias Cerradas";"Cuencadel Río Conlara y Arroyos Menores del Norte de San Luis y Oeste de Córdoba"
"DIQUE EL ALTO";"DIQUE EL ALTO";"QUINES";"1971";"1.39";"1609";"Sistema Var ias Cerradas";"Cuencadel Río Conlara y Arroyos Menores del Norte de San Luis y Oeste de Córdoba"
"DIQUE EL ALTO";"DIQUE EL ALTO";"QUINES";"1972";"0.16";"1609";"Sistema Var ias Cerradas";"Cuencadel Río Conlara y Arroyos Menores del Norte de San Luis y Oeste de Córdoba"
"DIQUE EL ALTO";"DIQUE EL ALTO";"QUINES";"1973";"0.53";"1609";"Sistema Var ias Cerradas";"Cuencadel Río Conlara y Arroyos Menores del Norte de San Luis y Oeste de Córdoba"
"DIQUE EL ALTO";"DIQUE EL ALTO";"QUINES";"1974";"0.37";"1609";"Sistema Var ias Cerradas";"Cuencadel Río Conlara y Arroyos Menores del Norte de San Luis y Oeste de Córdoba"
"DIQUE EL ALTO";"DIQUE EL ALTO";"QUINES";"1975";"0.38";"1609";"Sistema Var ias Cerradas";"Cuencadel Río Conlara y Arroyos Menores del Norte de San Luis y Oeste de Córdoba"
"DIQUE EL ALTO";"DIQUE EL ALTO";"QUINES";"1976";"0.41";"1609";"Sistema Var ias Cerradas";"Cuencadel Río Conlara y Arroyos Menores del Norte de San Luis y Oeste de Córdoba"
"DIQUE EL ALTO";"DIQUE EL ALTO";"QUINES";"1977";"0.29";"1609";"Sistema Var ias Cerradas";"Cuencadel Río Conlara y Arroyos Menores del Norte de San Luis y Oeste de Córdoba"
"DIQUE EL ALTO";"DIQUE EL ALTO";"QUINES";"1978";"0.46";"1609";"Sistema Var ias Cerradas";"Cuencadel Río Conlara y Arroyos Menores del Norte de San Luis y Oeste de Córdoba"
"DIQUE EL ALTO";"DIQUE EL ALTO";"QUINES";"1979";"0.4";"1609";"Sistema Var ias Cerradas";"Cuencadel Río Conlara y Arroyos Menores del Norte de San Luis y Oeste de Córdoba"
"DIQUE EL ALTO";"DIQUE EL ALTO";"QUINES";"1980";"0.31";"1609";"Sistema Var ias Cerradas";"Cuencadel Río Conlara y Arroyos Menores del Norte de San Luis y Oeste de Córdoba"
"DIQUE EL ALTO";"DIQUE EL ALTO";"QUINES";"1981";"0.26";"1609";"Sistema Var ias Cerradas";"Cuencadel Río Conlara y Arroyos Menores del Norte de San Luis y Oeste de Córdoba"
"DIQUE EL ALTO";"DIQUE EL ALTO";"QUINES";"1982";"0.52";"1609";"Sistema Var ias Cerradas";"Cuencadel Río Conlara y Arroyos Menores del Norte de San Luis y Oeste de Córdoba"
"DIQUE EL ALTO";"DIQUE EL ALTO";"QUINES";"1983";"2.15";"1609";"Sistema Var ias Cerradas";"Cuencadel Río Conlara y Arroyos Menores del Norte de San Luis y Oeste de Córdoba"
"DIQUE EL ALTO";"DIQUE EL ALTO";"QUINES";"1984";"2.39";"1609";"Sistema Var ias Cerradas";"Cuencadel Río Conlara y Arroyos Menores del Norte de San Luis y Oeste de Córdoba"
"EMBALSE LA FLORIDA";"EMBALSE LA FLORIDA";"QUINTO";"1970";"1.34";"1611";"Sistema Var ias Cerradas";"Cuencadel Río Quinto y arroyos menoresdeSan Luis"
"EMBALSE LA FLORIDA";"EMBALSE LA FLORIDA";"QUINTO";"1971";"1.3";"1611";"Sistema Var ias Cerradas";"Cuencadel Río Quinto y arroyos menoresdeSan Luis"
"EMBALSE LA FLORIDA";"EMBALSE LA FLORIDA";"QUINTO";"1972";"2.43";"1611";"Sistema Var ias Cerradas";"Cuencadel Río Quinto y arroyos menoresdeSan Luis"
"EMBALSE LA FLORIDA";"EMBALSE LA FLORIDA";"QUINTO";"1973";"3.12";"1611";"Sistema Var ias Cerradas";"Cuencadel Río Quinto y arroyos menoresdeSan Luis"
"EMBALSE LA FLORIDA";"EMBALSE LA FLORIDA";"QUINTO";"1974";"2.28";"1611";"Sistema Var ias Cerradas";"Cuencadel Río Quinto y arroyos menoresdeSan Luis"
"EMBALSE LA FLORIDA";"EMBALSE LA FLORIDA";"QUINTO";"1975";"3.6";"1611";"Sistema Var ias Cerradas";"Cuencadel Río Quinto y arroyos menoresdeSan Luis"
"EMBALSE LA FLORIDA";"EMBALSE LA FLORIDA";"QUINTO";"1976";"2.99";"1611";"Sistema Var ias Cerradas";"Cuencadel Río Quinto y arroyos menoresdeSan Luis"
"EMBALSE LA FLORIDA";"EMBALSE LA FLORIDA";"QUINTO";"1977";"6.52";"1611";"Sistema Var ias Cerradas";"Cuencadel Río Quinto y arroyos menoresdeSan Luis"
"EMBALSE LA FLORIDA";"EMBALSE LA FLORIDA";"QUINTO";"1978";"9.67";"1611";"Sistema Var ias Cerradas";"Cuencadel Río Quinto y arroyos menoresdeSan Luis"
"EMBALSE LA FLORIDA";"EMBALSE LA FLORIDA";"QUINTO";"1979";"13.16";"1611";"Sistema Var ias Cerradas";"Cuencadel Río Quinto y arroyos menoresdeSan Luis"
"EMBALSE LA FLORIDA";"EMBALSE LA FLORIDA";"QUINTO";"1980";"16.48";"1611";"Sistema Var ias Cerradas";"Cuencadel Río Quinto y arroyos menoresdeSan Luis"
"EMBALSE LA FLORIDA";"EMBALSE LA FLORIDA";"QUINTO";"1981";"9.08";"1611";"Sistema Var ias Cerradas";"Cuencadel Río Quinto y arroyos menoresdeSan Luis"
"EMBALSE LA FLORIDA";"EMBALSE LA FLORIDA";"QUINTO";"1982";"10.06";"1611";"Sistema Var ias Cerradas";"Cuencadel Río Quinto y arroyos menoresdeSan Luis"
"EMBALSE LA FLORIDA";"EMBALSE LA FLORIDA";"QUINTO";"1983";"18.65";"1611";"Sistema Var ias Cerradas";"Cuencadel Río Quinto y arroyos menoresdeSan Luis"
"DIQUE VILLA MERCEDES";"DIQUE VILLA MERCEDES";"QUINTO";"1970";"0.5";"1613";"Sistema Ser rano";"Cuencadel Río Quinto y arroyos menoresdeSan Luis"
"DIQUE VILLA MERCEDES";"DIQUE VILLA MERCEDES";"QUINTO";"1971";"0.54";"1613";"Sistema Ser rano";"Cuencadel Río Quinto y arroyos menoresdeSan Luis"
"DIQUE VILLA MERCEDES";"DIQUE VILLA MERCEDES";"QUINTO";"1972";"2.74";"1613";"Sistema Ser rano";"Cuencadel Río Quinto y arroyos menoresdeSan Luis"
"DIQUE VILLA MERCEDES";"DIQUE VILLA MERCEDES";"QUINTO";"1973";"2.63";"1613";"Sistema Ser rano";"Cuencadel Río Quinto y arroyos menoresdeSan Luis"
"DIQUE VILLA MERCEDES";"DIQUE VILLA MERCEDES";"QUINTO";"1974";"0.54";"1613";"Sistema Ser rano";"Cuencadel Río Quinto y arroyos menoresdeSan Luis"
"DIQUE VILLA MERCEDES";"DIQUE VILLA MERCEDES";"QUINTO";"1975";"6.74";"1613";"Sistema Ser rano";"Cuencadel Río Quinto y arroyos menoresdeSan Luis"
"DIQUE VILLA MERCEDES";"DIQUE VILLA MERCEDES";"QUINTO";"1976";"1.65";"1613";"Sistema Ser rano";"Cuencadel Río Quinto y arroyos menoresdeSan Luis"
"DIQUE VILLA MERCEDES";"DIQUE VILLA MERCEDES";"QUINTO";"1977";"4.97";"1613";"Sistema Ser rano";"Cuencadel Río Quinto y arroyos menoresdeSan Luis"
"DIQUE VILLA MERCEDES";"DIQUE VILLA MERCEDES";"QUINTO";"1978";"8.1";"1613";"Sistema Ser rano";"Cuencadel Río Quinto y arroyos menoresdeSan Luis"
"DIQUE VILLA MERCEDES";"DIQUE VILLA MERCEDES";"QUINTO";"1979";"11.89";"1613";"Sistema Ser rano";"Cuencadel Río Quinto y arroyos menoresdeSan Luis"
"DIQUE VILLA MERCEDES";"DIQUE VILLA MERCEDES";"QUINTO";"1980";"5.75";"1613";"Sistema Ser rano";"Cuencadel Río Quinto y arroyos menoresdeSan Luis"
"DIQUE VILLA MERCEDES";"DIQUE VILLA MERCEDES";"QUINTO";"1981";"4.89";"1613";"Sistema Ser rano";"Cuencadel Río Quinto y arroyos menoresdeSan Luis"
"DIQUE VILLA MERCEDES";"DIQUE VILLA MERCEDES";"QUINTO";"1982";"1.81";"1613";"Sistema Ser rano";"Cuencadel Río Quinto y arroyos menoresdeSan Luis"
"DIQUE VILLA MERCEDES";"DIQUE VILLA MERCEDES";"QUINTO";"1983";"8.44";"1613";"Sistema Ser rano";"Cuencadel Río Quinto y arroyos menoresdeSan Luis"
"CASA VISCONTINI";"CASA VISCONTINI";"ROSARIO";"1970";"0.21";"1615";"Sistema Var ias Cerradas";"Cuencadel Río Quinto y arroyos menoresdeSan Luis"
"CASA VISCONTINI";"CASA VISCONTINI";"ROSARIO";"1971";"0.27";"1615";"Sistema Var ias Cerradas";"Cuencadel Río Quinto y arroyos menoresdeSan Luis"
"CASA VISCONTINI";"CASA VISCONTINI";"ROSARIO";"1972";"0.69";"1615";"Sistema Var ias Cerradas";"Cuencadel Río Quinto y arroyos menoresdeSan Luis"
"CASA VISCONTINI";"CASA VISCONTINI";"ROSARIO";"1973";"0.56";"1615";"Sistema Var ias Cerradas";"Cuencadel Río Quinto y arroyos menoresdeSan Luis"
"CASA VISCONTINI";"CASA VISCONTINI";"ROSARIO";"1974";"0.13";"1615";"Sistema Var ias Cerradas";"Cuencadel Río Quinto y arroyos menoresdeSan Luis"
"CASA VISCONTINI";"CASA VISCONTINI";"ROSARIO";"1975";"0.66";"1615";"Sistema Var ias Cerradas";"Cuencadel Río Quinto y arroyos menoresdeSan Luis"
"CASA VISCONTINI";"CASA VISCONTINI";"ROSARIO";"1976";"0.34";"1615";"Sistema Var ias Cerradas";"Cuencadel Río Quinto y arroyos menoresdeSan Luis"
"CASA VISCONTINI";"CASA VISCONTINI";"ROSARIO";"1977";"0.51";"1615";"Sistema Var ias Cerradas";"Cuencadel Río Quinto y arroyos menoresdeSan Luis"
"CASA VISCONTINI";"CASA VISCONTINI";"ROSARIO";"1978";"0.84";"1615";"Sistema Var ias Cerradas";"Cuencadel Río Quinto y arroyos menoresdeSan Luis"
"CASA VISCONTINI";"CASA VISCONTINI";"ROSARIO";"1979";"1.56";"1615";"Sistema Var ias Cerradas";"Cuencadel Río Quinto y arroyos menoresdeSan Luis"
"CASA VISCONTINI";"CASA VISCONTINI";"ROSARIO";"1980";"0.73";"1615";"Sistema Var ias Cerradas";"Cuencadel Río Quinto y arroyos menoresdeSan Luis"
"CASA VISCONTINI";"CASA VISCONTINI";"ROSARIO";"1981";"0.45";"1615";"Sistema Var ias Cerradas";"Cuencadel Río Quinto y arroyos menoresdeSan Luis"
"CASA VISCONTINI";"CASA VISCONTINI";"ROSARIO";"1982";"0.09";"1615";"Sistema Var ias Cerradas";"Cuencadel Río Quinto y arroyos menoresdeSan Luis"
"HOSTERIA EL TRAPICHE";"HOSTERIA EL TRAPICHE";"TRAPICHE";"1970";"0.15";"1616";"Sistema Ser rano";"Cuencadel Río Quinto y arroyos menoresdeSan Luis"
"HOSTERIA EL TRAPICHE";"HOSTERIA EL TRAPICHE";"TRAPICHE";"1971";"0.14";"1616";"Sistema Ser rano";"Cuencadel Río Quinto y arroyos menoresdeSan Luis"
"HOSTERIA EL TRAPICHE";"HOSTERIA EL TRAPICHE";"TRAPICHE";"1972";"0.73";"1616";"Sistema Ser rano";"Cuencadel Río Quinto y arroyos menoresdeSan Luis"
"HOSTERIA EL TRAPICHE";"HOSTERIA EL TRAPICHE";"TRAPICHE";"1973";"0.74";"1616";"Sistema Ser rano";"Cuencadel Río Quinto y arroyos menoresdeSan Luis"
"HOSTERIA EL TRAPICHE";"HOSTERIA EL TRAPICHE";"TRAPICHE";"1974";"0.73";"1616";"Sistema Ser rano";"Cuencadel Río Quinto y arroyos menoresdeSan Luis"
"HOSTERIA EL TRAPICHE";"HOSTERIA EL TRAPICHE";"TRAPICHE";"1975";"0.97";"1616";"Sistema Ser rano";"Cuencadel Río Quinto y arroyos menoresdeSan Luis"
"HOSTERIA EL TRAPICHE";"HOSTERIA EL TRAPICHE";"TRAPICHE";"1976";"0.91";"1616";"Sistema Ser rano";"Cuencadel Río Quinto y arroyos menoresdeSan Luis"
"HOSTERIA EL TRAPICHE";"HOSTERIA EL TRAPICHE";"TRAPICHE";"1977";"1.81";"1616";"Sistema Ser rano";"Cuencadel Río Quinto y arroyos menoresdeSan Luis"
"HOSTERIA EL TRAPICHE";"HOSTERIA EL TRAPICHE";"TRAPICHE";"1978";"1.37";"1616";"Sistema Ser rano";"Cuencadel Río Quinto y arroyos menoresdeSan Luis"
"HOSTERIA EL TRAPICHE";"HOSTERIA EL TRAPICHE";"TRAPICHE";"1979";"2.72";"1616";"Sistema Ser rano";"Cuencadel Río Quinto y arroyos menoresdeSan Luis"
"HOSTERIA EL TRAPICHE";"HOSTERIA EL TRAPICHE";"TRAPICHE";"1980";"1.08";"1616";"Sistema Ser rano";"Cuencadel Río Quinto y arroyos menoresdeSan Luis"
"HOSTERIA EL TRAPICHE";"HOSTERIA EL TRAPICHE";"TRAPICHE";"1981";"1.13";"1616";"Sistema Ser rano";"Cuencadel Río Quinto y arroyos menoresdeSan Luis"
"HOSTERIA EL TRAPICHE";"HOSTERIA EL TRAPICHE";"TRAPICHE";"1982";"1.2";"1616";"Sistema Ser rano";"Cuencadel Río Quinto y arroyos menoresdeSan Luis"
"HOSTERIA EL TRAPICHE";"HOSTERIA EL TRAPICHE";"TRAPICHE";"2010";"0.38";"1616";"Sistema Ser rano";"Cuencadel Río Quinto y arroyos menoresdeSan Luis"
"HOSTERIA EL TRAPICHE";"HOSTERIA EL TRAPICHE";"TRAPICHE";"2011";"0.73";"1616";"Sistema Ser rano";"Cuencadel Río Quinto y arroyos menoresdeSan Luis"
"HOSTERIA EL TRAPICHE";"HOSTERIA EL TRAPICHE";"TRAPICHE";"2012";"0.86";"1616";"Sistema Ser rano";"Cuencadel Río Quinto y arroyos menoresdeSan Luis"
"HOSTERIA EL TRAPICHE";"HOSTERIA EL TRAPICHE";"TRAPICHE";"2013";"0.96";"1616";"Sistema Ser rano";"Cuencadel Río Quinto y arroyos menoresdeSan Luis"
"HOSTERIA EL TRAPICHE";"HOSTERIA EL TRAPICHE";"TRAPICHE";"2014";"1.65";"1616";"Sistema Ser rano";"Cuencadel Río Quinto y arroyos menoresdeSan Luis"
"HOSTERIA EL TRAPICHE";"HOSTERIA EL TRAPICHE";"TRAPICHE";"2015";"1.24";"1616";"Sistema Ser rano";"Cuencadel Río Quinto y arroyos menoresdeSan Luis"
"HOSTERIA EL TRAPICHE";"HOSTERIA EL TRAPICHE";"TRAPICHE";"2016";"1.21";"1616";"Sistema Ser rano";"Cuencadel Río Quinto y arroyos menoresdeSan Luis"
"HOSTERIA EL TRAPICHE";"HOSTERIA EL TRAPICHE";"TRAPICHE";"2017";"0.49";"1616";"Sistema Ser rano";"Cuencadel Río Quinto y arroyos menoresdeSan Luis"
"HOSTERIA EL TRAPICHE";"HOSTERIA EL TRAPICHE";"TRAPICHE";"2018";"0.49";"1616";"Sistema Ser rano";"Cuencadel Río Quinto y arroyos menoresdeSan Luis"
"HOSTERIA EL TRAPICHE";"HOSTERIA EL TRAPICHE";"TRAPICHE";"2019";"0.83";"1616";"Sistema Ser rano";"Cuencadel Río Quinto y arroyos menoresdeSan Luis"
"HOSTERIA EL TRAPICHE";"HOSTERIA EL TRAPICHE";"TRAPICHE";"2020";"0.64";"1616";"Sistema Ser rano";"Cuencadel Río Quinto y arroyos menoresdeSan Luis"
"PICHI MAHUIDA";"PICHI MAHUIDA";"COLORADO";"1970";"78.83";"1801";"Sistema Río Colorado";"Cuencadel Río Colorado"
"PICHI MAHUIDA";"PICHI MAHUIDA";"COLORADO";"1971";"85.83";"1801";"Sistema Río Colorado";"Cuencadel Río Colorado"
"PICHI MAHUIDA";"PICHI MAHUIDA";"COLORADO";"1972";"145.58";"1801";"Sistema Río Colorado";"Cuencadel Río Colorado"
"PICHI MAHUIDA";"PICHI MAHUIDA";"COLORADO";"1973";"159.17";"1801";"Sistema Río Colorado";"Cuencadel Río Colorado"
"PICHI MAHUIDA";"PICHI MAHUIDA";"COLORADO";"1974";"130.17";"1801";"Sistema Río Colorado";"Cuencadel Río Colorado"
"PICHI MAHUIDA";"PICHI MAHUIDA";"COLORADO";"1975";"146.85";"1801";"Sistema Río Colorado";"Cuencadel Río Colorado"
"PICHI MAHUIDA";"PICHI MAHUIDA";"COLORADO";"1976";"102.5";"1801";"Sistema Río Colorado";"Cuencadel Río Colorado"
"PICHI MAHUIDA";"PICHI MAHUIDA";"COLORADO";"1977";"119.41";"1801";"Sistema Río Colorado";"Cuencadel Río Colorado"
"PICHI MAHUIDA";"PICHI MAHUIDA";"COLORADO";"1978";"158.00";"1801";"Sistema Río Colorado";"Cuencadel Río Colorado"
"PICHI MAHUIDA";"PICHI MAHUIDA";"COLORADO";"1979";"178.85";"1801";"Sistema Río Colorado";"Cuencadel Río Colorado"
"PICHI MAHUIDA";"PICHI MAHUIDA";"COLORADO";"1980";"204.17";"1801";"Sistema Río Colorado";"Cuencadel Río Colorado"
"PICHI MAHUIDA";"PICHI MAHUIDA";"COLORADO";"1981";"150.59";"1801";"Sistema Río Colorado";"Cuencadel Río Colorado"
"PICHI MAHUIDA";"PICHI MAHUIDA";"COLORADO";"1982";"153.25";"1801";"Sistema Río Colorado";"Cuencadel Río Colorado"
"PICHI MAHUIDA";"PICHI MAHUIDA";"COLORADO";"1983";"212.83";"1801";"Sistema Río Colorado";"Cuencadel Río Colorado"
"PICHI MAHUIDA";"PICHI MAHUIDA";"COLORADO";"1984";"155.1";"1801";"Sistema Río Colorado";"Cuencadel Río Colorado"
"PICHI MAHUIDA";"PICHI MAHUIDA";"COLORADO";"1985";"168.16";"1801";"Sistema Río Colorado";"Cuencadel Río Colorado"
"PICHI MAHUIDA";"PICHI MAHUIDA";"COLORADO";"1986";"136.07";"1801";"Sistema Río Colorado";"Cuencadel Río Colorado"
"PICHI MAHUIDA";"PICHI MAHUIDA";"COLORADO";"1987";"178.34";"1801";"Sistema Río Colorado";"Cuencadel Río Colorado"
"PICHI MAHUIDA";"PICHI MAHUIDA";"COLORADO";"1988";"169.08";"1801";"Sistema Río Colorado";"Cuencadel Río Colorado"
"PICHI MAHUIDA";"PICHI MAHUIDA";"COLORADO";"1989";"58.58";"1801";"Sistema Río Colorado";"Cuencadel Río Colorado"
"PICHI MAHUIDA";"PICHI MAHUIDA";"COLORADO";"1990";"52.29";"1801";"Sistema Río Colorado";"Cuencadel Río Colorado"
"PICHI MAHUIDA";"PICHI MAHUIDA";"COLORADO";"1991";"63.14";"1801";"Sistema Río Colorado";"Cuencadel Río Colorado"
"PICHI MAHUIDA";"PICHI MAHUIDA";"COLORADO";"1992";"155.69";"1801";"Sistema Río Colorado";"Cuencadel Río Colorado"
"PICHI MAHUIDA";"PICHI MAHUIDA";"COLORADO";"1993";"115.74";"1801";"Sistema Río Colorado";"Cuencadel Río Colorado"
"PICHI MAHUIDA";"PICHI MAHUIDA";"COLORADO";"1994";"128.05";"1801";"Sistema Río Colorado";"Cuencadel Río Colorado"
"PICHI MAHUIDA";"PICHI MAHUIDA";"COLORADO";"1995";"129.07";"1801";"Sistema Río Colorado";"Cuencadel Río Colorado"
"PICHI MAHUIDA";"PICHI MAHUIDA";"COLORADO";"1996";"78.49";"1801";"Sistema Río Colorado";"Cuencadel Río Colorado"
"PICHI MAHUIDA";"PICHI MAHUIDA";"COLORADO";"1997";"104.62";"1801";"Sistema Río Colorado";"Cuencadel Río Colorado"
"PICHI MAHUIDA";"PICHI MAHUIDA";"COLORADO";"1998";"100.22";"1801";"Sistema Río Colorado";"Cuencadel Río Colorado"
"PICHI MAHUIDA";"PICHI MAHUIDA";"COLORADO";"1999";"66.84";"1801";"Sistema Río Colorado";"Cuencadel Río Colorado"
"PICHI MAHUIDA";"PICHI MAHUIDA";"COLORADO";"2000";"117.68";"1801";"Sistema Río Colorado";"Cuencadel Río Colorado"
"PICHI MAHUIDA";"PICHI MAHUIDA";"COLORADO";"2001";"168.27";"1801";"Sistema Río Colorado";"Cuencadel Río Colorado"
"PICHI MAHUIDA";"PICHI MAHUIDA";"COLORADO";"2002";"140.27";"1801";"Sistema Río Colorado";"Cuencadel Río Colorado"
"PICHI MAHUIDA";"PICHI MAHUIDA";"COLORADO";"2003";"174.2";"1801";"Sistema Río Colorado";"Cuencadel Río Colorado"
"PICHI MAHUIDA";"PICHI MAHUIDA";"COLORADO";"2004";"87.47";"1801";"Sistema Río Colorado";"Cuencadel Río Colorado"
"PICHI MAHUIDA";"PICHI MAHUIDA";"COLORADO";"2005";"144.69";"1801";"Sistema Río Colorado";"Cuencadel Río Colorado"
"PICHI MAHUIDA";"PICHI MAHUIDA";"COLORADO";"2006";"194.64";"1801";"Sistema Río Colorado";"Cuencadel Río Colorado"
"PICHI MAHUIDA";"PICHI MAHUIDA";"COLORADO";"2007";"154.77";"1801";"Sistema Río Colorado";"Cuencadel Río Colorado"
"PICHI MAHUIDA";"PICHI MAHUIDA";"COLORADO";"2008";"94.02";"1801";"Sistema Río Colorado";"Cuencadel Río Colorado"
"PICHI MAHUIDA";"PICHI MAHUIDA";"COLORADO";"2009";"101.17";"1801";"Sistema Río Colorado";"Cuencadel Río Colorado"
"PICHI MAHUIDA";"PICHI MAHUIDA";"COLORADO";"2010";"95.56";"1801";"Sistema Río Colorado";"Cuencadel Río Colorado"
"PICHI MAHUIDA";"PICHI MAHUIDA";"COLORADO";"2011";"72.85";"1801";"Sistema Río Colorado";"Cuencadel Río Colorado"
"PICHI MAHUIDA";"PICHI MAHUIDA";"COLORADO";"2012";"66.7";"1801";"Sistema Río Colorado";"Cuencadel Río Colorado"
"PICHI MAHUIDA";"PICHI MAHUIDA";"COLORADO";"2013";"57.11";"1801";"Sistema Río Colorado";"Cuencadel Río Colorado"
"PICHI MAHUIDA";"PICHI MAHUIDA";"COLORADO";"2014";"45.65";"1801";"Sistema Río Colorado";"Cuencadel Río Colorado"
"PICHI MAHUIDA";"PICHI MAHUIDA";"COLORADO";"2015";"67.83";"1801";"Sistema Río Colorado";"Cuencadel Río Colorado"
"PICHI MAHUIDA";"PICHI MAHUIDA";"COLORADO";"2019";"66.06";"1801";"Sistema Río Colorado";"Cuencadel Río Colorado"
"PICHI MAHUIDA";"PICHI MAHUIDA";"COLORADO";"2020";"51.84";"1801";"Sistema Río Colorado";"Cuencadel Río Colorado"
"NAHUEL HUAPI";"NAHUEL HUAPI";"LIMAY";"1973";"208.55";"1802";"Sistema Río Negro";"Cuencadel Río Limay"
"NAHUEL HUAPI";"NAHUEL HUAPI";"LIMAY";"1974";"200.76";"1802";"Sistema Río Negro";"Cuencadel Río Limay"
"NAHUEL HUAPI";"NAHUEL HUAPI";"LIMAY";"1975";"209.2";"1802";"Sistema Río Negro";"Cuencadel Río Limay"
"NAHUEL HUAPI";"NAHUEL HUAPI";"LIMAY";"1976";"224.28";"1802";"Sistema Río Negro";"Cuencadel Río Limay"
"NAHUEL HUAPI";"NAHUEL HUAPI";"LIMAY";"1977";"281.84";"1802";"Sistema Río Negro";"Cuencadel Río Limay"
"NAHUEL HUAPI";"NAHUEL HUAPI";"LIMAY";"1978";"235.91";"1802";"Sistema Río Negro";"Cuencadel Río Limay"
"NAHUEL HUAPI";"NAHUEL HUAPI";"LIMAY";"1979";"126.5";"1802";"Sistema Río Negro";"Cuencadel Río Limay"
"NAHUEL HUAPI";"NAHUEL HUAPI";"LIMAY";"1980";"271.86";"1802";"Sistema Río Negro";"Cuencadel Río Limay"
"NAHUEL HUAPI";"NAHUEL HUAPI";"LIMAY";"1981";"223.69";"1802";"Sistema Río Negro";"Cuencadel Río Limay"
"NAHUEL HUAPI";"NAHUEL HUAPI";"LIMAY";"1982";"117.3";"1802";"Sistema Río Negro";"Cuencadel Río Limay"
"NAHUEL HUAPI";"NAHUEL HUAPI";"LIMAY";"2010";"168.87";"1802";"Sistema Río Negro";"Cuencadel Río Limay"
"NAHUEL HUAPI";"NAHUEL HUAPI";"LIMAY";"2011";"168.57";"1802";"Sistema Río Negro";"Cuencadel Río Limay"
"PASO FLORES";"PASO FLORES";"LIMAY";"1970";"280.34";"1803";"Sistema Río Negro";"Cuencadel Río Limay"
"PASO FLORES";"PASO FLORES";"LIMAY";"1971";"359.59";"1803";"Sistema Río Negro";"Cuencadel Río Limay"
"PASO FLORES";"PASO FLORES";"LIMAY";"1972";"361.24";"1803";"Sistema Río Negro";"Cuencadel Río Limay"
"PASO FLORES";"PASO FLORES";"LIMAY";"1973";"263.58";"1803";"Sistema Río Negro";"Cuencadel Río Limay"
"PASO FLORES";"PASO FLORES";"LIMAY";"1974";"251.34";"1803";"Sistema Río Negro";"Cuencadel Río Limay"
"PASO FLORES";"PASO FLORES";"LIMAY";"1975";"264.24";"1803";"Sistema Río Negro";"Cuencadel Río Limay"
"PASO FLORES";"PASO FLORES";"LIMAY";"1976";"257.09";"1803";"Sistema Río Negro";"Cuencadel Río Limay"
"PASO FLORES";"PASO FLORES";"LIMAY";"1977";"314.84";"1803";"Sistema Río Negro";"Cuencadel Río Limay"
"PASO FLORES";"PASO FLORES";"LIMAY";"1978";"308.68";"1803";"Sistema Río Negro";"Cuencadel Río Limay"
"PASO FLORES";"PASO FLORES";"LIMAY";"1979";"297.49";"1803";"Sistema Río Negro";"Cuencadel Río Limay"
"PASO FLORES";"PASO FLORES";"LIMAY";"1980";"356.09";"1803";"Sistema Río Negro";"Cuencadel Río Limay"
"PASO FLORES";"PASO FLORES";"LIMAY";"1981";"308.18";"1803";"Sistema Río Negro";"Cuencadel Río Limay"
"PASO FLORES";"PASO FLORES";"LIMAY";"1982";"383.89";"1803";"Sistema Río Negro";"Cuencadel Río Limay"
"PASO FLORES";"PASO FLORES";"LIMAY";"1983";"199.00";"1803";"Sistema Río Negro";"Cuencadel Río Limay"
"PASO FLORES";"PASO FLORES";"LIMAY";"2010";"218.63";"1803";"Sistema Río Negro";"Cuencadel Río Limay"
"PASO FLORES";"PASO FLORES";"LIMAY";"2011";"213.34";"1803";"Sistema Río Negro";"Cuencadel Río Limay"
"PASO LIMAY";"PASO LIMAY";"LIMAY";"1970";"647.24";"1804";"Sistema Río Negro";"Cuencadel Río Limay"
"PASO LIMAY";"PASO LIMAY";"LIMAY";"1971";"876.67";"1804";"Sistema Río Negro";"Cuencadel Río Limay"
"PASO LIMAY";"PASO LIMAY";"LIMAY";"1972";"905.6";"1804";"Sistema Río Negro";"Cuencadel Río Limay"
"PASO LIMAY";"PASO LIMAY";"LIMAY";"1973";"630.25";"1804";"Sistema Río Negro";"Cuencadel Río Limay"
"PASO LIMAY";"PASO LIMAY";"LIMAY";"1974";"611.75";"1804";"Sistema Río Negro";"Cuencadel Río Limay"
"PASO LIMAY";"PASO LIMAY";"LIMAY";"1975";"669.33";"1804";"Sistema Río Negro";"Cuencadel Río Limay"
"PASO LIMAY";"PASO LIMAY";"LIMAY";"1976";"623.92";"1804";"Sistema Río Negro";"Cuencadel Río Limay"
"PASO LIMAY";"PASO LIMAY";"LIMAY";"1977";"816.58";"1804";"Sistema Río Negro";"Cuencadel Río Limay"
"PASO LIMAY";"PASO LIMAY";"LIMAY";"1978";"771.74";"1804";"Sistema Río Negro";"Cuencadel Río Limay"
"PASO LIMAY";"PASO LIMAY";"LIMAY";"1979";"754.49";"1804";"Sistema Río Negro";"Cuencadel Río Limay"
"PASO LIMAY";"PASO LIMAY";"LIMAY";"1980";"925.5";"1804";"Sistema Río Negro";"Cuencadel Río Limay"
"PASO LIMAY";"PASO LIMAY";"LIMAY";"1981";"751.41";"1804";"Sistema Río Negro";"Cuencadel Río Limay"
"PASO LIMAY";"PASO LIMAY";"LIMAY";"1982";"824.25";"1804";"Sistema Río Negro";"Cuencadel Río Limay"
"PASO LIMAY";"PASO LIMAY";"LIMAY";"1983";"528.84";"1804";"Sistema Río Negro";"Cuencadel Río Limay"
"PASO LIMAY";"PASO LIMAY";"LIMAY";"1984";"806.17";"1804";"Sistema Río Negro";"Cuencadel Río Limay"
"PASO LIMAY";"PASO LIMAY";"LIMAY";"1985";"700.23";"1804";"Sistema Río Negro";"Cuencadel Río Limay"
"PASO LIMAY";"PASO LIMAY";"LIMAY";"1986";"656.92";"1804";"Sistema Río Negro";"Cuencadel Río Limay"
"PASO LIMAY";"PASO LIMAY";"LIMAY";"1987";"524.08";"1804";"Sistema Río Negro";"Cuencadel Río Limay"
"PASO LIMAY";"PASO LIMAY";"LIMAY";"1988";"392.59";"1804";"Sistema Río Negro";"Cuencadel Río Limay"
"PASO LIMAY";"PASO LIMAY";"LIMAY";"1989";"403.01";"1804";"Sistema Río Negro";"Cuencadel Río Limay"
"PASO LIMAY";"PASO LIMAY";"LIMAY";"1990";"246.00";"1804";"Sistema Río Negro";"Cuencadel Río Limay"
"LAGO STEFFEN";"LAGO STEFFEN";"MANSO";"1993";"77.7";"1805";"Sistema Océ ano Pacífico";"Cuencade los Ríos Manso y Puelo"
"LAGO STEFFEN";"LAGO STEFFEN";"MANSO";"1994";"70.78";"1805";"Sistema Océ ano Pacífico";"Cuencade los Ríos Manso y Puelo"
"LAGO STEFFEN";"LAGO STEFFEN";"MANSO";"1995";"63.82";"1805";"Sistema Océ ano Pacífico";"Cuencade los Ríos Manso y Puelo"
"LAGO STEFFEN";"LAGO STEFFEN";"MANSO";"1996";"43.95";"1805";"Sistema Océ ano Pacífico";"Cuencade los Ríos Manso y Puelo"
"LAGO STEFFEN";"LAGO STEFFEN";"MANSO";"1997";"70.01";"1805";"Sistema Océ ano Pacífico";"Cuencade los Ríos Manso y Puelo"
"LAGO STEFFEN";"LAGO STEFFEN";"MANSO";"1998";"29.53";"1805";"Sistema Océ ano Pacífico";"Cuencade los Ríos Manso y Puelo"
"LAGO STEFFEN";"LAGO STEFFEN";"MANSO";"1999";"29.1";"1805";"Sistema Océ ano Pacífico";"Cuencade los Ríos Manso y Puelo"
"LAGO STEFFEN";"LAGO STEFFEN";"MANSO";"2000";"57.29";"1805";"Sistema Océ ano Pacífico";"Cuencade los Ríos Manso y Puelo"
"LAGO STEFFEN";"LAGO STEFFEN";"MANSO";"2001";"68.85";"1805";"Sistema Océ ano Pacífico";"Cuencade los Ríos Manso y Puelo"
"LAGO STEFFEN";"LAGO STEFFEN";"MANSO";"2002";"89.01";"1805";"Sistema Océ ano Pacífico";"Cuencade los Ríos Manso y Puelo"
"LAGO STEFFEN";"LAGO STEFFEN";"MANSO";"2003";"56.84";"1805";"Sistema Océ ano Pacífico";"Cuencade los Ríos Manso y Puelo"
"LAGO STEFFEN";"LAGO STEFFEN";"MANSO";"2004";"60.19";"1805";"Sistema Océ ano Pacífico";"Cuencade los Ríos Manso y Puelo"
"LAGO STEFFEN";"LAGO STEFFEN";"MANSO";"2005";"67.12";"1805";"Sistema Océ ano Pacífico";"Cuencade los Ríos Manso y Puelo"
"LAGO STEFFEN";"LAGO STEFFEN";"MANSO";"2006";"69.37";"1805";"Sistema Océ ano Pacífico";"Cuencade los Ríos Manso y Puelo"
"LAGO STEFFEN";"LAGO STEFFEN";"MANSO";"2007";"41.08";"1805";"Sistema Océ ano Pacífico";"Cuencade los Ríos Manso y Puelo"
"LAGO STEFFEN";"LAGO STEFFEN";"MANSO";"2008";"65.36";"1805";"Sistema Océ ano Pacífico";"Cuencade los Ríos Manso y Puelo"
"LAGO STEFFEN";"LAGO STEFFEN";"MANSO";"2009";"66.25";"1805";"Sistema Océ ano Pacífico";"Cuencade los Ríos Manso y Puelo"
"LAGO STEFFEN";"LAGO STEFFEN";"MANSO";"2010";"62.3";"1805";"Sistema Océ ano Pacífico";"Cuencade los Ríos Manso y Puelo"
"LAGO STEFFEN";"LAGO STEFFEN";"MANSO";"2011";"55.16";"1805";"Sistema Océ ano Pacífico";"Cuencade los Ríos Manso y Puelo"
"LAGO STEFFEN";"LAGO STEFFEN";"MANSO";"2012";"54.58";"1805";"Sistema Océ ano Pacífico";"Cuencade los Ríos Manso y Puelo"
"LAGO STEFFEN";"LAGO STEFFEN";"MANSO";"2013";"64.56";"1805";"Sistema Océ ano Pacífico";"Cuencade los Ríos Manso y Puelo"
"LAGO STEFFEN";"LAGO STEFFEN";"MANSO";"2014";"56.85";"1805";"Sistema Océ ano Pacífico";"Cuencade los Ríos Manso y Puelo"
"LAGO STEFFEN";"LAGO STEFFEN";"MANSO";"2015";"63.8";"1805";"Sistema Océ ano Pacífico";"Cuencade los Ríos Manso y Puelo"
"LAGO STEFFEN";"LAGO STEFFEN";"MANSO";"2016";"32.86";"1805";"Sistema Océ ano Pacífico";"Cuencade los Ríos Manso y Puelo"
"LAGO STEFFEN";"LAGO STEFFEN";"MANSO";"2017";"65.5";"1805";"Sistema Océ ano Pacífico";"Cuencade los Ríos Manso y Puelo"
"LAGO STEFFEN";"LAGO STEFFEN";"MANSO";"2018";"65.18";"1805";"Sistema Océ ano Pacífico";"Cuencade los Ríos Manso y Puelo"
"LAGO STEFFEN";"LAGO STEFFEN";"MANSO";"2019";"46.52";"1805";"Sistema Océ ano Pacífico";"Cuencade los Ríos Manso y Puelo"
"LAGO STEFFEN";"LAGO STEFFEN";"MANSO";"2020";"50.00";"1805";"Sistema Océ ano Pacífico";"Cuencade los Ríos Manso y Puelo"
"LOS ALERCES";"LOS ALERCES";"MANSO";"1970";"47.15";"1806";"Sistema Océ ano Pacífico";"Cuencade los Ríos Manso y Puelo"
"LOS ALERCES";"LOS ALERCES";"MANSO";"1971";"56.73";"1806";"Sistema Océ ano Pacífico";"Cuencade los Ríos Manso y Puelo"
"LOS ALERCES";"LOS ALERCES";"MANSO";"1972";"55.67";"1806";"Sistema Océ ano Pacífico";"Cuencade los Ríos Manso y Puelo"
"LOS ALERCES";"LOS ALERCES";"MANSO";"1973";"41.96";"1806";"Sistema Océ ano Pacífico";"Cuencade los Ríos Manso y Puelo"
"LOS ALERCES";"LOS ALERCES";"MANSO";"1974";"45.61";"1806";"Sistema Océ ano Pacífico";"Cuencade los Ríos Manso y Puelo"
"LOS ALERCES";"LOS ALERCES";"MANSO";"1975";"50.27";"1806";"Sistema Océ ano Pacífico";"Cuencade los Ríos Manso y Puelo"
"LOS ALERCES";"LOS ALERCES";"MANSO";"1976";"41.22";"1806";"Sistema Océ ano Pacífico";"Cuencade los Ríos Manso y Puelo"
"LOS ALERCES";"LOS ALERCES";"MANSO";"1977";"54.09";"1806";"Sistema Océ ano Pacífico";"Cuencade los Ríos Manso y Puelo"
"LOS ALERCES";"LOS ALERCES";"MANSO";"1978";"51.76";"1806";"Sistema Océ ano Pacífico";"Cuencade los Ríos Manso y Puelo"
"LOS ALERCES";"LOS ALERCES";"MANSO";"1979";"52.98";"1806";"Sistema Océ ano Pacífico";"Cuencade los Ríos Manso y Puelo"
"LOS ALERCES";"LOS ALERCES";"MANSO";"1980";"54.11";"1806";"Sistema Océ ano Pacífico";"Cuencade los Ríos Manso y Puelo"
"LOS ALERCES";"LOS ALERCES";"MANSO";"1981";"50.7";"1806";"Sistema Océ ano Pacífico";"Cuencade los Ríos Manso y Puelo"
"LOS ALERCES";"LOS ALERCES";"MANSO";"1982";"54.34";"1806";"Sistema Océ ano Pacífico";"Cuencade los Ríos Manso y Puelo"
"LOS ALERCES";"LOS ALERCES";"MANSO";"1983";"38.75";"1806";"Sistema Océ ano Pacífico";"Cuencade los Ríos Manso y Puelo"
"LOS ALERCES";"LOS ALERCES";"MANSO";"1984";"44.01";"1806";"Sistema Océ ano Pacífico";"Cuencade los Ríos Manso y Puelo"
"LOS ALERCES";"LOS ALERCES";"MANSO";"1985";"52.64";"1806";"Sistema Océ ano Pacífico";"Cuencade los Ríos Manso y Puelo"
"LOS ALERCES";"LOS ALERCES";"MANSO";"1986";"43.34";"1806";"Sistema Océ ano Pacífico";"Cuencade los Ríos Manso y Puelo"
"LOS ALERCES";"LOS ALERCES";"MANSO";"1987";"38.71";"1806";"Sistema Océ ano Pacífico";"Cuencade los Ríos Manso y Puelo"
"LOS ALERCES";"LOS ALERCES";"MANSO";"1988";"28.39";"1806";"Sistema Océ ano Pacífico";"Cuencade los Ríos Manso y Puelo"
"LOS ALERCES";"LOS ALERCES";"MANSO";"1989";"32.00";"1806";"Sistema Océ ano Pacífico";"Cuencade los Ríos Manso y Puelo"
"LOS ALERCES";"LOS ALERCES";"MANSO";"1990";"41.3";"1806";"Sistema Océ ano Pacífico";"Cuencade los Ríos Manso y Puelo"
"LOS ALERCES";"LOS ALERCES";"MANSO";"1991";"41.03";"1806";"Sistema Océ ano Pacífico";"Cuencade los Ríos Manso y Puelo"
"LOS ALERCES";"LOS ALERCES";"MANSO";"1992";"34.19";"1806";"Sistema Océ ano Pacífico";"Cuencade los Ríos Manso y Puelo"
"LOS ALERCES";"LOS ALERCES";"MANSO";"1993";"64.6";"1806";"Sistema Océ ano Pacífico";"Cuencade los Ríos Manso y Puelo"
"LOS ALERCES";"LOS ALERCES";"MANSO";"1994";"62.00";"1806";"Sistema Océ ano Pacífico";"Cuencade los Ríos Manso y Puelo"
"LOS ALERCES";"LOS ALERCES";"MANSO";"1995";"43.82";"1806";"Sistema Océ ano Pacífico";"Cuencade los Ríos Manso y Puelo"
"LOS ALERCES";"LOS ALERCES";"MANSO";"1996";"28.44";"1806";"Sistema Océ ano Pacífico";"Cuencade los Ríos Manso y Puelo"
"LOS ALERCES";"LOS ALERCES";"MANSO";"1997";"48.87";"1806";"Sistema Océ ano Pacífico";"Cuencade los Ríos Manso y Puelo"
"LOS ALERCES";"LOS ALERCES";"MANSO";"1998";"20.1";"1806";"Sistema Océ ano Pacífico";"Cuencade los Ríos Manso y Puelo"
"LOS ALERCES";"LOS ALERCES";"MANSO";"1999";"28.37";"1806";"Sistema Océ ano Pacífico";"Cuencade los Ríos Manso y Puelo"
"LOS ALERCES";"LOS ALERCES";"MANSO";"2000";"39.05";"1806";"Sistema Océ ano Pacífico";"Cuencade los Ríos Manso y Puelo"
"LOS ALERCES";"LOS ALERCES";"MANSO";"2001";"47.34";"1806";"Sistema Océ ano Pacífico";"Cuencade los Ríos Manso y Puelo"
"LOS ALERCES";"LOS ALERCES";"MANSO";"2002";"47.28";"1806";"Sistema Océ ano Pacífico";"Cuencade los Ríos Manso y Puelo"
"LOS ALERCES";"LOS ALERCES";"MANSO";"2003";"32.14";"1806";"Sistema Océ ano Pacífico";"Cuencade los Ríos Manso y Puelo"
"LOS ALERCES";"LOS ALERCES";"MANSO";"2004";"43.38";"1806";"Sistema Océ ano Pacífico";"Cuencade los Ríos Manso y Puelo"
"LOS ALERCES";"LOS ALERCES";"MANSO";"2005";"53.11";"1806";"Sistema Océ ano Pacífico";"Cuencade los Ríos Manso y Puelo"
"LOS ALERCES";"LOS ALERCES";"MANSO";"2006";"54.05";"1806";"Sistema Océ ano Pacífico";"Cuencade los Ríos Manso y Puelo"
"LOS ALERCES";"LOS ALERCES";"MANSO";"2007";"33.29";"1806";"Sistema Océ ano Pacífico";"Cuencade los Ríos Manso y Puelo"
"LOS ALERCES";"LOS ALERCES";"MANSO";"2008";"47.92";"1806";"Sistema Océ ano Pacífico";"Cuencade los Ríos Manso y Puelo"
"LOS ALERCES";"LOS ALERCES";"MANSO";"2009";"41.11";"1806";"Sistema Océ ano Pacífico";"Cuencade los Ríos Manso y Puelo"
"LOS ALERCES";"LOS ALERCES";"MANSO";"2010";"29.16";"1806";"Sistema Océ ano Pacífico";"Cuencade los Ríos Manso y Puelo"
"LOS ALERCES";"LOS ALERCES";"MANSO";"2011";"27.52";"1806";"Sistema Océ ano Pacífico";"Cuencade los Ríos Manso y Puelo"
"LOS ALERCES";"LOS ALERCES";"MANSO";"2012";"32.06";"1806";"Sistema Océ ano Pacífico";"Cuencade los Ríos Manso y Puelo"
"LOS ALERCES";"LOS ALERCES";"MANSO";"2013";"38.75";"1806";"Sistema Océ ano Pacífico";"Cuencade los Ríos Manso y Puelo"
"LOS ALERCES";"LOS ALERCES";"MANSO";"2014";"41.5";"1806";"Sistema Océ ano Pacífico";"Cuencade los Ríos Manso y Puelo"
"LOS ALERCES";"LOS ALERCES";"MANSO";"2015";"43.07";"1806";"Sistema Océ ano Pacífico";"Cuencade los Ríos Manso y Puelo"
"LOS ALERCES";"LOS ALERCES";"MANSO";"2016";"22.41";"1806";"Sistema Océ ano Pacífico";"Cuencade los Ríos Manso y Puelo"
"LOS ALERCES";"LOS ALERCES";"MANSO";"2017";"38.68";"1806";"Sistema Océ ano Pacífico";"Cuencade los Ríos Manso y Puelo"
"LOS ALERCES";"LOS ALERCES";"MANSO";"2018";"45.37";"1806";"Sistema Océ ano Pacífico";"Cuencade los Ríos Manso y Puelo"
"LOS ALERCES";"LOS ALERCES";"MANSO";"2019";"35.65";"1806";"Sistema Océ ano Pacífico";"Cuencade los Ríos Manso y Puelo"
"LOS ALERCES";"LOS ALERCES";"MANSO";"2020";"36.25";"1806";"Sistema Océ ano Pacífico";"Cuencade los Ríos Manso y Puelo"
"LOS MOSCOS";"LOS MOSCOS";"MANSO";"1970";"36.25";"1807";"Sistema Océ ano Pacífico";"Cuencade los Ríos Manso y Puelo"
"LOS MOSCOS";"LOS MOSCOS";"MANSO";"1971";"43.34";"1807";"Sistema Océ ano Pacífico";"Cuencade los Ríos Manso y Puelo"
"LOS MOSCOS";"LOS MOSCOS";"MANSO";"1972";"43.00";"1807";"Sistema Océ ano Pacífico";"Cuencade los Ríos Manso y Puelo"
"LOS MOSCOS";"LOS MOSCOS";"MANSO";"1973";"32.92";"1807";"Sistema Océ ano Pacífico";"Cuencade los Ríos Manso y Puelo"
"LOS MOSCOS";"LOS MOSCOS";"MANSO";"1974";"35.25";"1807";"Sistema Océ ano Pacífico";"Cuencade los Ríos Manso y Puelo"
"LOS MOSCOS";"LOS MOSCOS";"MANSO";"1975";"39.17";"1807";"Sistema Océ ano Pacífico";"Cuencade los Ríos Manso y Puelo"
"LOS MOSCOS";"LOS MOSCOS";"MANSO";"1976";"30.17";"1807";"Sistema Océ ano Pacífico";"Cuencade los Ríos Manso y Puelo"
"LOS MOSCOS";"LOS MOSCOS";"MANSO";"1977";"41.00";"1807";"Sistema Océ ano Pacífico";"Cuencade los Ríos Manso y Puelo"
"LOS MOSCOS";"LOS MOSCOS";"MANSO";"1978";"36.33";"1807";"Sistema Océ ano Pacífico";"Cuencade los Ríos Manso y Puelo"
"LOS MOSCOS";"LOS MOSCOS";"MANSO";"1979";"38.5";"1807";"Sistema Océ ano Pacífico";"Cuencade los Ríos Manso y Puelo"
"LOS MOSCOS";"LOS MOSCOS";"MANSO";"1980";"39.09";"1807";"Sistema Océ ano Pacífico";"Cuencade los Ríos Manso y Puelo"
"LOS MOSCOS";"LOS MOSCOS";"MANSO";"1981";"39.58";"1807";"Sistema Océ ano Pacífico";"Cuencade los Ríos Manso y Puelo"
"LOS MOSCOS";"LOS MOSCOS";"MANSO";"1982";"41.42";"1807";"Sistema Océ ano Pacífico";"Cuencade los Ríos Manso y Puelo"
"LOS MOSCOS";"LOS MOSCOS";"MANSO";"1983";"29.17";"1807";"Sistema Océ ano Pacífico";"Cuencade los Ríos Manso y Puelo"
"LOS MOSCOS";"LOS MOSCOS";"MANSO";"1984";"35.59";"1807";"Sistema Océ ano Pacífico";"Cuencade los Ríos Manso y Puelo"
"LOS MOSCOS";"LOS MOSCOS";"MANSO";"1985";"40.17";"1807";"Sistema Océ ano Pacífico";"Cuencade los Ríos Manso y Puelo"
"LOS MOSCOS";"LOS MOSCOS";"MANSO";"1986";"35.58";"1807";"Sistema Océ ano Pacífico";"Cuencade los Ríos Manso y Puelo"
"LOS MOSCOS";"LOS MOSCOS";"MANSO";"1987";"21.92";"1807";"Sistema Océ ano Pacífico";"Cuencade los Ríos Manso y Puelo"
"LOS MOSCOS";"LOS MOSCOS";"MANSO";"1988";"21.75";"1807";"Sistema Océ ano Pacífico";"Cuencade los Ríos Manso y Puelo"
"LOS MOSCOS";"LOS MOSCOS";"MANSO";"1989";"25.33";"1807";"Sistema Océ ano Pacífico";"Cuencade los Ríos Manso y Puelo"
"LOS MOSCOS";"LOS MOSCOS";"MANSO";"1990";"26.63";"1807";"Sistema Océ ano Pacífico";"Cuencade los Ríos Manso y Puelo"
"LOS MOSCOS";"LOS MOSCOS";"MANSO";"1992";"24.95";"1807";"Sistema Océ ano Pacífico";"Cuencade los Ríos Manso y Puelo"
"LOS MOSCOS";"LOS MOSCOS";"MANSO";"1993";"39.92";"1807";"Sistema Océ ano Pacífico";"Cuencade los Ríos Manso y Puelo"
"LOS MOSCOS";"LOS MOSCOS";"MANSO";"1994";"35.76";"1807";"Sistema Océ ano Pacífico";"Cuencade los Ríos Manso y Puelo"
"LOS MOSCOS";"LOS MOSCOS";"MANSO";"1995";"37.59";"1807";"Sistema Océ ano Pacífico";"Cuencade los Ríos Manso y Puelo"
"LOS MOSCOS";"LOS MOSCOS";"MANSO";"1996";"24.47";"1807";"Sistema Océ ano Pacífico";"Cuencade los Ríos Manso y Puelo"
"LOS MOSCOS";"LOS MOSCOS";"MANSO";"1997";"40.03";"1807";"Sistema Océ ano Pacífico";"Cuencade los Ríos Manso y Puelo"
"LOS MOSCOS";"LOS MOSCOS";"MANSO";"1998";"15.13";"1807";"Sistema Océ ano Pacífico";"Cuencade los Ríos Manso y Puelo"
"LOS MOSCOS";"LOS MOSCOS";"MANSO";"1999";"23.87";"1807";"Sistema Océ ano Pacífico";"Cuencade los Ríos Manso y Puelo"
"LOS MOSCOS";"LOS MOSCOS";"MANSO";"2000";"28.04";"1807";"Sistema Océ ano Pacífico";"Cuencade los Ríos Manso y Puelo"
"LOS MOSCOS";"LOS MOSCOS";"MANSO";"2001";"34.69";"1807";"Sistema Océ ano Pacífico";"Cuencade los Ríos Manso y Puelo"
"LOS MOSCOS";"LOS MOSCOS";"MANSO";"2002";"36.69";"1807";"Sistema Océ ano Pacífico";"Cuencade los Ríos Manso y Puelo"
"LOS MOSCOS";"LOS MOSCOS";"MANSO";"2003";"29.98";"1807";"Sistema Océ ano Pacífico";"Cuencade los Ríos Manso y Puelo"
"LOS MOSCOS";"LOS MOSCOS";"MANSO";"2004";"34.03";"1807";"Sistema Océ ano Pacífico";"Cuencade los Ríos Manso y Puelo"
"LOS MOSCOS";"LOS MOSCOS";"MANSO";"2005";"34.53";"1807";"Sistema Océ ano Pacífico";"Cuencade los Ríos Manso y Puelo"
"LOS MOSCOS";"LOS MOSCOS";"MANSO";"2006";"39.37";"1807";"Sistema Océ ano Pacífico";"Cuencade los Ríos Manso y Puelo"
"LOS MOSCOS";"LOS MOSCOS";"MANSO";"2007";"27.88";"1807";"Sistema Océ ano Pacífico";"Cuencade los Ríos Manso y Puelo"
"LOS MOSCOS";"LOS MOSCOS";"MANSO";"2008";"43.57";"1807";"Sistema Océ ano Pacífico";"Cuencade los Ríos Manso y Puelo"
"LOS MOSCOS";"LOS MOSCOS";"MANSO";"2009";"45.58";"1807";"Sistema Océ ano Pacífico";"Cuencade los Ríos Manso y Puelo"
"LOS MOSCOS";"LOS MOSCOS";"MANSO";"2010";"33.02";"1807";"Sistema Océ ano Pacífico";"Cuencade los Ríos Manso y Puelo"
"LOS MOSCOS";"LOS MOSCOS";"MANSO";"2011";"32.38";"1807";"Sistema Océ ano Pacífico";"Cuencade los Ríos Manso y Puelo"
"LOS MOSCOS";"LOS MOSCOS";"MANSO";"2012";"34.19";"1807";"Sistema Océ ano Pacífico";"Cuencade los Ríos Manso y Puelo"
"LOS MOSCOS";"LOS MOSCOS";"MANSO";"2013";"39.33";"1807";"Sistema Océ ano Pacífico";"Cuencade los Ríos Manso y Puelo"
"LOS MOSCOS";"LOS MOSCOS";"MANSO";"2014";"35.77";"1807";"Sistema Océ ano Pacífico";"Cuencade los Ríos Manso y Puelo"
"LOS MOSCOS";"LOS MOSCOS";"MANSO";"2015";"32.13";"1807";"Sistema Océ ano Pacífico";"Cuencade los Ríos Manso y Puelo"
"LOS MOSCOS";"LOS MOSCOS";"MANSO";"2016";"18.42";"1807";"Sistema Océ ano Pacífico";"Cuencade los Ríos Manso y Puelo"
"LOS MOSCOS";"LOS MOSCOS";"MANSO";"2017";"26.77";"1807";"Sistema Océ ano Pacífico";"Cuencade los Ríos Manso y Puelo"
"LOS MOSCOS";"LOS MOSCOS";"MANSO";"2018";"30.91";"1807";"Sistema Océ ano Pacífico";"Cuencade los Ríos Manso y Puelo"
"LOS MOSCOS";"LOS MOSCOS";"MANSO";"2019";"25.88";"1807";"Sistema Océ ano Pacífico";"Cuencade los Ríos Manso y Puelo"
"LOS MOSCOS";"LOS MOSCOS";"MANSO";"2020";"24.81";"1807";"Sistema Océ ano Pacífico";"Cuencade los Ríos Manso y Puelo"
"PASO CORDOVA";"PASO CORDOVA";"NEGRO";"1990";"482.01";"1808";"Sistema Río Negro";"Cuencadel Río Negro"
"PASO CORDOVA";"PASO CORDOVA";"NEGRO";"1991";"768.75";"1808";"Sistema Río Negro";"Cuencadel Río Negro"
"PASO CORDOVA";"PASO CORDOVA";"NEGRO";"1992";"764.07";"1808";"Sistema Río Negro";"Cuencadel Río Negro"
"PASO CORDOVA";"PASO CORDOVA";"NEGRO";"1993";"1044.07";"1808";"Sistema Río Negro";"Cuencadel Río Negro"
"PASO CORDOVA";"PASO CORDOVA";"NEGRO";"1994";"1132.47";"1808";"Sistema Río Negro";"Cuencadel Río Negro"
"PASO CORDOVA";"PASO CORDOVA";"NEGRO";"1995";"1117.42";"1808";"Sistema Río Negro";"Cuencadel Río Negro"
"PASO CORDOVA";"PASO CORDOVA";"NEGRO";"1996";"761.66";"1808";"Sistema Río Negro";"Cuencadel Río Negro"
"PASO CORDOVA";"PASO CORDOVA";"NEGRO";"1997";"855.39";"1808";"Sistema Río Negro";"Cuencadel Río Negro"
"PASO CORDOVA";"PASO CORDOVA";"NEGRO";"1998";"742.58";"1808";"Sistema Río Negro";"Cuencadel Río Negro"
"PASO CORDOVA";"PASO CORDOVA";"NEGRO";"1999";"491.99";"1808";"Sistema Río Negro";"Cuencadel Río Negro"
"PASO CORDOVA";"PASO CORDOVA";"NEGRO";"2000";"764.14";"1808";"Sistema Río Negro";"Cuencadel Río Negro"
"PASO CORDOVA";"PASO CORDOVA";"NEGRO";"2001";"1131.93";"1808";"Sistema Río Negro";"Cuencadel Río Negro"
"PASO CORDOVA";"PASO CORDOVA";"NEGRO";"2002";"1016.1";"1808";"Sistema Río Negro";"Cuencadel Río Negro"
"PASO CORDOVA";"PASO CORDOVA";"NEGRO";"2003";"1002.89";"1808";"Sistema Río Negro";"Cuencadel Río Negro"
"PASO CORDOVA";"PASO CORDOVA";"NEGRO";"2004";"727.54";"1808";"Sistema Río Negro";"Cuencadel Río Negro"
"PASO CORDOVA";"PASO CORDOVA";"NEGRO";"2005";"959.75";"1808";"Sistema Río Negro";"Cuencadel Río Negro"
"PASO CORDOVA";"PASO CORDOVA";"NEGRO";"2006";"1275.84";"1808";"Sistema Río Negro";"Cuencadel Río Negro"
"PASO CORDOVA";"PASO CORDOVA";"NEGRO";"2007";"840.28";"1808";"Sistema Río Negro";"Cuencadel Río Negro"
"PASO CORDOVA";"PASO CORDOVA";"NEGRO";"2008";"530.96";"1808";"Sistema Río Negro";"Cuencadel Río Negro"
"PASO CORDOVA";"PASO CORDOVA";"NEGRO";"2009";"820.74";"1808";"Sistema Río Negro";"Cuencadel Río Negro"
"PASO CORDOVA";"PASO CORDOVA";"NEGRO";"2010";"657.78";"1808";"Sistema Río Negro";"Cuencadel Río Negro"
"PASO CORDOVA";"PASO CORDOVA";"NEGRO";"2011";"505.17";"1808";"Sistema Río Negro";"Cuencadel Río Negro"
"PASO CORDOVA";"PASO CORDOVA";"NEGRO";"2012";"648.09";"1808";"Sistema Río Negro";"Cuencadel Río Negro"
"PASO CORDOVA";"PASO CORDOVA";"NEGRO";"2013";"483.92";"1808";"Sistema Río Negro";"Cuencadel Río Negro"
"PASO CORDOVA";"PASO CORDOVA";"NEGRO";"2014";"560.66";"1808";"Sistema Río Negro";"Cuencadel Río Negro"
"PASO CORDOVA";"PASO CORDOVA";"NEGRO";"2015";"670.36";"1808";"Sistema Río Negro";"Cuencadel Río Negro"
"PASO CORDOVA";"PASO CORDOVA";"NEGRO";"2016";"515.66";"1808";"Sistema Río Negro";"Cuencadel Río Negro"
"PASO CORDOVA";"PASO CORDOVA";"NEGRO";"2017";"418.06";"1808";"Sistema Río Negro";"Cuencadel Río Negro"
"PASO CORDOVA";"PASO CORDOVA";"NEGRO";"2018";"710.51";"1808";"Sistema Río Negro";"Cuencadel Río Negro"
"PASO CORDOVA";"PASO CORDOVA";"NEGRO";"2019";"558.71";"1808";"Sistema Río Negro";"Cuencadel Río Negro"
"PASO CORDOVA";"PASO CORDOVA";"NEGRO";"2020";"648.85";"1808";"Sistema Río Negro";"Cuencadel Río Negro"
"PRIMERA ANGOSTURA";"PRIMERA ANGOSTURA";"NEGRO";"1970";"751.57";"1809";"Sistema Río Negro";"Cuencadel Río Negro"
"PRIMERA ANGOSTURA";"PRIMERA ANGOSTURA";"NEGRO";"1971";"923.17";"1809";"Sistema Río Negro";"Cuencadel Río Negro"
"PRIMERA ANGOSTURA";"PRIMERA ANGOSTURA";"NEGRO";"1972";"356.83";"1809";"Sistema Río Negro";"Cuencadel Río Negro"
"PRIMERA ANGOSTURA";"PRIMERA ANGOSTURA";"NEGRO";"1973";"583.42";"1809";"Sistema Río Negro";"Cuencadel Río Negro"
"PRIMERA ANGOSTURA";"PRIMERA ANGOSTURA";"NEGRO";"1974";"573.07";"1809";"Sistema Río Negro";"Cuencadel Río Negro"
"PRIMERA ANGOSTURA";"PRIMERA ANGOSTURA";"NEGRO";"1975";"587.59";"1809";"Sistema Río Negro";"Cuencadel Río Negro"
"PRIMERA ANGOSTURA";"PRIMERA ANGOSTURA";"NEGRO";"1976";"680.08";"1809";"Sistema Río Negro";"Cuencadel Río Negro"
"PRIMERA ANGOSTURA";"PRIMERA ANGOSTURA";"NEGRO";"1977";"759.84";"1809";"Sistema Río Negro";"Cuencadel Río Negro"
"PRIMERA ANGOSTURA";"PRIMERA ANGOSTURA";"NEGRO";"1978";"873.92";"1809";"Sistema Río Negro";"Cuencadel Río Negro"
"PRIMERA ANGOSTURA";"PRIMERA ANGOSTURA";"NEGRO";"1979";"884.74";"1809";"Sistema Río Negro";"Cuencadel Río Negro"
"PRIMERA ANGOSTURA";"PRIMERA ANGOSTURA";"NEGRO";"1980";"1183.43";"1809";"Sistema Río Negro";"Cuencadel Río Negro"
"PRIMERA ANGOSTURA";"PRIMERA ANGOSTURA";"NEGRO";"1981";"930.49";"1809";"Sistema Río Negro";"Cuencadel Río Negro"
"PRIMERA ANGOSTURA";"PRIMERA ANGOSTURA";"NEGRO";"1982";"989.42";"1809";"Sistema Río Negro";"Cuencadel Río Negro"
"PRIMERA ANGOSTURA";"PRIMERA ANGOSTURA";"NEGRO";"1983";"753.58";"1809";"Sistema Río Negro";"Cuencadel Río Negro"
"PRIMERA ANGOSTURA";"PRIMERA ANGOSTURA";"NEGRO";"1984";"916.49";"1809";"Sistema Río Negro";"Cuencadel Río Negro"
"PRIMERA ANGOSTURA";"PRIMERA ANGOSTURA";"NEGRO";"1985";"883.76";"1809";"Sistema Río Negro";"Cuencadel Río Negro"
"PRIMERA ANGOSTURA";"PRIMERA ANGOSTURA";"NEGRO";"1986";"802.59";"1809";"Sistema Río Negro";"Cuencadel Río Negro"
"PRIMERA ANGOSTURA";"PRIMERA ANGOSTURA";"NEGRO";"1987";"949.33";"1809";"Sistema Río Negro";"Cuencadel Río Negro"
"PRIMERA ANGOSTURA";"PRIMERA ANGOSTURA";"NEGRO";"1988";"562.42";"1809";"Sistema Río Negro";"Cuencadel Río Negro"
"PRIMERA ANGOSTURA";"PRIMERA ANGOSTURA";"NEGRO";"1989";"360.68";"1809";"Sistema Río Negro";"Cuencadel Río Negro"
"PRIMERA ANGOSTURA";"PRIMERA ANGOSTURA";"NEGRO";"1990";"378.51";"1809";"Sistema Río Negro";"Cuencadel Río Negro"
"PRIMERA ANGOSTURA";"PRIMERA ANGOSTURA";"NEGRO";"1991";"706.29";"1809";"Sistema Río Negro";"Cuencadel Río Negro"
"PRIMERA ANGOSTURA";"PRIMERA ANGOSTURA";"NEGRO";"1992";"705.38";"1809";"Sistema Río Negro";"Cuencadel Río Negro"
"PRIMERA ANGOSTURA";"PRIMERA ANGOSTURA";"NEGRO";"1993";"996.75";"1809";"Sistema Río Negro";"Cuencadel Río Negro"
"PRIMERA ANGOSTURA";"PRIMERA ANGOSTURA";"NEGRO";"1994";"999.11";"1809";"Sistema Río Negro";"Cuencadel Río Negro"
"PRIMERA ANGOSTURA";"PRIMERA ANGOSTURA";"NEGRO";"1995";"1002.78";"1809";"Sistema Río Negro";"Cuencadel Río Negro"
"PRIMERA ANGOSTURA";"PRIMERA ANGOSTURA";"NEGRO";"1996";"663.54";"1809";"Sistema Río Negro";"Cuencadel Río Negro"
"PRIMERA ANGOSTURA";"PRIMERA ANGOSTURA";"NEGRO";"1997";"721.25";"1809";"Sistema Río Negro";"Cuencadel Río Negro"
"PRIMERA ANGOSTURA";"PRIMERA ANGOSTURA";"NEGRO";"1998";"636.28";"1809";"Sistema Río Negro";"Cuencadel Río Negro"
"PRIMERA ANGOSTURA";"PRIMERA ANGOSTURA";"NEGRO";"1999";"330.47";"1809";"Sistema Río Negro";"Cuencadel Río Negro"
"PRIMERA ANGOSTURA";"PRIMERA ANGOSTURA";"NEGRO";"2000";"626.02";"1809";"Sistema Río Negro";"Cuencadel Río Negro"
"PRIMERA ANGOSTURA";"PRIMERA ANGOSTURA";"NEGRO";"2001";"1104.78";"1809";"Sistema Río Negro";"Cuencadel Río Negro"
"PRIMERA ANGOSTURA";"PRIMERA ANGOSTURA";"NEGRO";"2002";"939.93";"1809";"Sistema Río Negro";"Cuencadel Río Negro"
"PRIMERA ANGOSTURA";"PRIMERA ANGOSTURA";"NEGRO";"2003";"948.18";"1809";"Sistema Río Negro";"Cuencadel Río Negro"
"PRIMERA ANGOSTURA";"PRIMERA ANGOSTURA";"NEGRO";"2004";"744.23";"1809";"Sistema Río Negro";"Cuencadel Río Negro"
"PRIMERA ANGOSTURA";"PRIMERA ANGOSTURA";"NEGRO";"2005";"836.87";"1809";"Sistema Río Negro";"Cuencadel Río Negro"
"PRIMERA ANGOSTURA";"PRIMERA ANGOSTURA";"NEGRO";"2006";"1242.07";"1809";"Sistema Río Negro";"Cuencadel Río Negro"
"PRIMERA ANGOSTURA";"PRIMERA ANGOSTURA";"NEGRO";"2007";"845.09";"1809";"Sistema Río Negro";"Cuencadel Río Negro"
"PRIMERA ANGOSTURA";"PRIMERA ANGOSTURA";"NEGRO";"2008";"484.59";"1809";"Sistema Río Negro";"Cuencadel Río Negro"
"PRIMERA ANGOSTURA";"PRIMERA ANGOSTURA";"NEGRO";"2009";"803.81";"1809";"Sistema Río Negro";"Cuencadel Río Negro"
"PRIMERA ANGOSTURA";"PRIMERA ANGOSTURA";"NEGRO";"2010";"615.97";"1809";"Sistema Río Negro";"Cuencadel Río Negro"
"PRIMERA ANGOSTURA";"PRIMERA ANGOSTURA";"NEGRO";"2011";"422.36";"1809";"Sistema Río Negro";"Cuencadel Río Negro"
"PRIMERA ANGOSTURA";"PRIMERA ANGOSTURA";"NEGRO";"2012";"672.08";"1809";"Sistema Río Negro";"Cuencadel Río Negro"
"PRIMERA ANGOSTURA";"PRIMERA ANGOSTURA";"NEGRO";"2013";"448.19";"1809";"Sistema Río Negro";"Cuencadel Río Negro"
"PRIMERA ANGOSTURA";"PRIMERA ANGOSTURA";"NEGRO";"2014";"578.54";"1809";"Sistema Río Negro";"Cuencadel Río Negro"
"PRIMERA ANGOSTURA";"PRIMERA ANGOSTURA";"NEGRO";"2015";"684.69";"1809";"Sistema Río Negro";"Cuencadel Río Negro"
"PRIMERA ANGOSTURA";"PRIMERA ANGOSTURA";"NEGRO";"2016";"545.5";"1809";"Sistema Río Negro";"Cuencadel Río Negro"
"PRIMERA ANGOSTURA";"PRIMERA ANGOSTURA";"NEGRO";"2017";"413.11";"1809";"Sistema Río Negro";"Cuencadel Río Negro"
"PRIMERA ANGOSTURA";"PRIMERA ANGOSTURA";"NEGRO";"2018";"632.45";"1809";"Sistema Río Negro";"Cuencadel Río Negro"
"PRIMERA ANGOSTURA";"PRIMERA ANGOSTURA";"NEGRO";"2019";"553.59";"1809";"Sistema Río Negro";"Cuencadel Río Negro"
"PRIMERA ANGOSTURA";"PRIMERA ANGOSTURA";"NEGRO";"2020";"628.55";"1809";"Sistema Río Negro";"Cuencadel Río Negro"
"FITA TIMEN";"FITA TIMEN";"ÑORQUINCO";"1970";"0.46";"1810";"Sistema Río Chubut";"Cuencadel Río Chubut"
"FITA TIMEN";"FITA TIMEN";"ÑORQUINCO";"1972";"3.6";"1810";"Sistema Río Chubut";"Cuencadel Río Chubut"
"FITA TIMEN";"FITA TIMEN";"ÑORQUINCO";"1973";"2.22";"1810";"Sistema Río Chubut";"Cuencadel Río Chubut"
"FITA TIMEN";"FITA TIMEN";"ÑORQUINCO";"1974";"1.36";"1810";"Sistema Río Chubut";"Cuencadel Río Chubut"
"FITA TIMEN";"FITA TIMEN";"ÑORQUINCO";"1975";"1.76";"1810";"Sistema Río Chubut";"Cuencadel Río Chubut"
"FITA TIMEN";"FITA TIMEN";"ÑORQUINCO";"1976";"0.33";"1810";"Sistema Río Chubut";"Cuencadel Río Chubut"
"FITA TIMEN";"FITA TIMEN";"ÑORQUINCO";"1978";"1.53";"1810";"Sistema Río Chubut";"Cuencadel Río Chubut"
"FITA TIMEN";"FITA TIMEN";"ÑORQUINCO";"1979";"2.03";"1810";"Sistema Río Chubut";"Cuencadel Río Chubut"
"FITA TIMEN";"FITA TIMEN";"ÑORQUINCO";"1980";"2.48";"1810";"Sistema Río Chubut";"Cuencadel Río Chubut"
"FITA TIMEN";"FITA TIMEN";"ÑORQUINCO";"1981";"0.27";"1810";"Sistema Río Chubut";"Cuencadel Río Chubut"
"ESCUELA Nº 139";"ESCUELA Nº 139";"QUEMQUEMTREU";"1970";"10.24";"1811";"Sistema Océ ano Pacífico";"Cuencade los Ríos Manso y Puelo"
"ESCUELA Nº 139";"ESCUELA Nº 139";"QUEMQUEMTREU";"1971";"12.63";"1811";"Sistema Océ ano Pacífico";"Cuencade los Ríos Manso y Puelo"
"ESCUELA Nº 139";"ESCUELA Nº 139";"QUEMQUEMTREU";"1972";"13.01";"1811";"Sistema Océ ano Pacífico";"Cuencade los Ríos Manso y Puelo"
"ESCUELA Nº 139";"ESCUELA Nº 139";"QUEMQUEMTREU";"1973";"10.47";"1811";"Sistema Océ ano Pacífico";"Cuencade los Ríos Manso y Puelo"
"ESCUELA Nº 139";"ESCUELA Nº 139";"QUEMQUEMTREU";"1974";"10.84";"1811";"Sistema Océ ano Pacífico";"Cuencade los Ríos Manso y Puelo"
"ESCUELA Nº 139";"ESCUELA Nº 139";"QUEMQUEMTREU";"1975";"11.67";"1811";"Sistema Océ ano Pacífico";"Cuencade los Ríos Manso y Puelo"
"ESCUELA Nº 139";"ESCUELA Nº 139";"QUEMQUEMTREU";"1976";"8.32";"1811";"Sistema Océ ano Pacífico";"Cuencade los Ríos Manso y Puelo"
"ESCUELA Nº 139";"ESCUELA Nº 139";"QUEMQUEMTREU";"1977";"4.45";"1811";"Sistema Océ ano Pacífico";"Cuencade los Ríos Manso y Puelo"
"ESCUELA Nº 139";"ESCUELA Nº 139";"QUEMQUEMTREU";"1978";"11.83";"1811";"Sistema Océ ano Pacífico";"Cuencade los Ríos Manso y Puelo"
"ESCUELA Nº 139";"ESCUELA Nº 139";"QUEMQUEMTREU";"1979";"10.08";"1811";"Sistema Océ ano Pacífico";"Cuencade los Ríos Manso y Puelo"
"ESCUELA Nº 139";"ESCUELA Nº 139";"QUEMQUEMTREU";"1980";"10.21";"1811";"Sistema Océ ano Pacífico";"Cuencade los Ríos Manso y Puelo"
"ESCUELA Nº 139";"ESCUELA Nº 139";"QUEMQUEMTREU";"1981";"10.5";"1811";"Sistema Océ ano Pacífico";"Cuencade los Ríos Manso y Puelo"
"ESCUELA Nº 139";"ESCUELA Nº 139";"QUEMQUEMTREU";"1982";"8.89";"1811";"Sistema Océ ano Pacífico";"Cuencade los Ríos Manso y Puelo"
"ESCUELA Nº 139";"ESCUELA Nº 139";"QUEMQUEMTREU";"1983";"6.61";"1811";"Sistema Océ ano Pacífico";"Cuencade los Ríos Manso y Puelo"
"ESCUELA Nº 139";"ESCUELA Nº 139";"QUEMQUEMTREU";"1984";"7.58";"1811";"Sistema Océ ano Pacífico";"Cuencade los Ríos Manso y Puelo"
"ESCUELA Nº 139";"ESCUELA Nº 139";"QUEMQUEMTREU";"1985";"9.04";"1811";"Sistema Océ ano Pacífico";"Cuencade los Ríos Manso y Puelo"
"ESCUELA Nº 139";"ESCUELA Nº 139";"QUEMQUEMTREU";"1986";"6.48";"1811";"Sistema Océ ano Pacífico";"Cuencade los Ríos Manso y Puelo"
"ESCUELA Nº 139";"ESCUELA Nº 139";"QUEMQUEMTREU";"1987";"6.22";"1811";"Sistema Océ ano Pacífico";"Cuencade los Ríos Manso y Puelo"
"ESCUELA Nº 139";"ESCUELA Nº 139";"QUEMQUEMTREU";"1988";"5.48";"1811";"Sistema Océ ano Pacífico";"Cuencade los Ríos Manso y Puelo"
"ESCUELA Nº 139";"ESCUELA Nº 139";"QUEMQUEMTREU";"1989";"6.27";"1811";"Sistema Océ ano Pacífico";"Cuencade los Ríos Manso y Puelo"
"ESCUELA Nº 139";"ESCUELA Nº 139";"QUEMQUEMTREU";"1990";"8.09";"1811";"Sistema Océ ano Pacífico";"Cuencade los Ríos Manso y Puelo"
"ESCUELA Nº 139";"ESCUELA Nº 139";"QUEMQUEMTREU";"1991";"8.61";"1811";"Sistema Océ ano Pacífico";"Cuencade los Ríos Manso y Puelo"
"ESCUELA Nº 139";"ESCUELA Nº 139";"QUEMQUEMTREU";"1992";"9.96";"1811";"Sistema Océ ano Pacífico";"Cuencade los Ríos Manso y Puelo"
"ESCUELA Nº 139";"ESCUELA Nº 139";"QUEMQUEMTREU";"1993";"12.85";"1811";"Sistema Océ ano Pacífico";"Cuencade los Ríos Manso y Puelo"
"ESCUELA Nº 139";"ESCUELA Nº 139";"QUEMQUEMTREU";"1994";"11.61";"1811";"Sistema Océ ano Pacífico";"Cuencade los Ríos Manso y Puelo"
"ESCUELA Nº 139";"ESCUELA Nº 139";"QUEMQUEMTREU";"1995";"7.65";"1811";"Sistema Océ ano Pacífico";"Cuencade los Ríos Manso y Puelo"
"ESCUELA Nº 139";"ESCUELA Nº 139";"QUEMQUEMTREU";"1996";"5.4";"1811";"Sistema Océ ano Pacífico";"Cuencade los Ríos Manso y Puelo"
"ESCUELA Nº 139";"ESCUELA Nº 139";"QUEMQUEMTREU";"1997";"10.09";"1811";"Sistema Océ ano Pacífico";"Cuencade los Ríos Manso y Puelo"
"ESCUELA Nº 139";"ESCUELA Nº 139";"QUEMQUEMTREU";"1998";"3.64";"1811";"Sistema Océ ano Pacífico";"Cuencade los Ríos Manso y Puelo"
"ESCUELA Nº 139";"ESCUELA Nº 139";"QUEMQUEMTREU";"1999";"4.48";"1811";"Sistema Océ ano Pacífico";"Cuencade los Ríos Manso y Puelo"
"ESCUELA Nº 139";"ESCUELA Nº 139";"QUEMQUEMTREU";"2000";"6.98";"1811";"Sistema Océ ano Pacífico";"Cuencade los Ríos Manso y Puelo"
"ESCUELA Nº 139";"ESCUELA Nº 139";"QUEMQUEMTREU";"2001";"9.17";"1811";"Sistema Océ ano Pacífico";"Cuencade los Ríos Manso y Puelo"
"ESCUELA Nº 139";"ESCUELA Nº 139";"QUEMQUEMTREU";"2002";"12.03";"1811";"Sistema Océ ano Pacífico";"Cuencade los Ríos Manso y Puelo"
"ESCUELA Nº 139";"ESCUELA Nº 139";"QUEMQUEMTREU";"2003";"7.68";"1811";"Sistema Océ ano Pacífico";"Cuencade los Ríos Manso y Puelo"
"ESCUELA Nº 139";"ESCUELA Nº 139";"QUEMQUEMTREU";"2004";"8.79";"1811";"Sistema Océ ano Pacífico";"Cuencade los Ríos Manso y Puelo"
"ESCUELA Nº 139";"ESCUELA Nº 139";"QUEMQUEMTREU";"2005";"9.94";"1811";"Sistema Océ ano Pacífico";"Cuencade los Ríos Manso y Puelo"
"ESCUELA Nº 139";"ESCUELA Nº 139";"QUEMQUEMTREU";"2006";"7.8";"1811";"Sistema Océ ano Pacífico";"Cuencade los Ríos Manso y Puelo"
"ESCUELA Nº 139";"ESCUELA Nº 139";"QUEMQUEMTREU";"2007";"7.79";"1811";"Sistema Océ ano Pacífico";"Cuencade los Ríos Manso y Puelo"
"ESCUELA Nº 139";"ESCUELA Nº 139";"QUEMQUEMTREU";"2008";"8.39";"1811";"Sistema Océ ano Pacífico";"Cuencade los Ríos Manso y Puelo"
"ESCUELA Nº 139";"ESCUELA Nº 139";"QUEMQUEMTREU";"2009";"7.34";"1811";"Sistema Océ ano Pacífico";"Cuencade los Ríos Manso y Puelo"
"ESCUELA Nº 139";"ESCUELA Nº 139";"QUEMQUEMTREU";"2010";"6.49";"1811";"Sistema Océ ano Pacífico";"Cuencade los Ríos Manso y Puelo"
"ESCUELA Nº 139";"ESCUELA Nº 139";"QUEMQUEMTREU";"2011";"7.35";"1811";"Sistema Océ ano Pacífico";"Cuencade los Ríos Manso y Puelo"
"ESCUELA Nº 139";"ESCUELA Nº 139";"QUEMQUEMTREU";"2012";"8.78";"1811";"Sistema Océ ano Pacífico";"Cuencade los Ríos Manso y Puelo"
"ESCUELA Nº 139";"ESCUELA Nº 139";"QUEMQUEMTREU";"2013";"5.88";"1811";"Sistema Océ ano Pacífico";"Cuencade los Ríos Manso y Puelo"
"ESCUELA Nº 139";"ESCUELA Nº 139";"QUEMQUEMTREU";"2014";"6.71";"1811";"Sistema Océ ano Pacífico";"Cuencade los Ríos Manso y Puelo"
"ESCUELA Nº 139";"ESCUELA Nº 139";"QUEMQUEMTREU";"2015";"9.55";"1811";"Sistema Océ ano Pacífico";"Cuencade los Ríos Manso y Puelo"
"ESCUELA Nº 139";"ESCUELA Nº 139";"QUEMQUEMTREU";"2016";"4.84";"1811";"Sistema Océ ano Pacífico";"Cuencade los Ríos Manso y Puelo"
"ESCUELA Nº 139";"ESCUELA Nº 139";"QUEMQUEMTREU";"2017";"7.71";"1811";"Sistema Océ ano Pacífico";"Cuencade los Ríos Manso y Puelo"
"ESCUELA Nº 139";"ESCUELA Nº 139";"QUEMQUEMTREU";"2018";"8.99";"1811";"Sistema Océ ano Pacífico";"Cuencade los Ríos Manso y Puelo"
"ESCUELA Nº 139";"ESCUELA Nº 139";"QUEMQUEMTREU";"2019";"7.67";"1811";"Sistema Océ ano Pacífico";"Cuencade los Ríos Manso y Puelo"
"ESCUELA Nº 139";"ESCUELA Nº 139";"QUEMQUEMTREU";"2020";"7.66";"1811";"Sistema Océ ano Pacífico";"Cuencade los Ríos Manso y Puelo"
"LOS ALERCES";"LOS ALERCES";"ROCA";"1985";"8.53";"1812";"Sistema Océ ano Pacífico";"Cuencade los Ríos Manso y Puelo"
"LOS ALERCES";"LOS ALERCES";"ROCA";"1986";"8.57";"1812";"Sistema Océ ano Pacífico";"Cuencade los Ríos Manso y Puelo"
"LOS ALERCES";"LOS ALERCES";"ROCA";"1987";"7.45";"1812";"Sistema Océ ano Pacífico";"Cuencade los Ríos Manso y Puelo"
"LOS ALERCES";"LOS ALERCES";"ROCA";"1988";"5.47";"1812";"Sistema Océ ano Pacífico";"Cuencade los Ríos Manso y Puelo"
"LOS ALERCES";"LOS ALERCES";"ROCA";"1989";"6.62";"1812";"Sistema Océ ano Pacífico";"Cuencade los Ríos Manso y Puelo"
"LOS ALERCES";"LOS ALERCES";"ROCA";"1990";"6.34";"1812";"Sistema Océ ano Pacífico";"Cuencade los Ríos Manso y Puelo"
"LOS ALERCES";"LOS ALERCES";"ROCA";"1991";"4.59";"1812";"Sistema Océ ano Pacífico";"Cuencade los Ríos Manso y Puelo"
"LOS ALERCES";"LOS ALERCES";"ROCA";"1992";"3.19";"1812";"Sistema Océ ano Pacífico";"Cuencade los Ríos Manso y Puelo"
"LOS ALERCES";"LOS ALERCES";"ROCA";"1993";"9.38";"1812";"Sistema Océ ano Pacífico";"Cuencade los Ríos Manso y Puelo"
"LOS ALERCES";"LOS ALERCES";"ROCA";"1994";"9.67";"1812";"Sistema Océ ano Pacífico";"Cuencade los Ríos Manso y Puelo"
"LOS ALERCES";"LOS ALERCES";"ROCA";"1995";"7.82";"1812";"Sistema Océ ano Pacífico";"Cuencade los Ríos Manso y Puelo"
"LOS ALERCES";"LOS ALERCES";"ROCA";"1996";"3.89";"1812";"Sistema Océ ano Pacífico";"Cuencade los Ríos Manso y Puelo"
"LOS ALERCES";"LOS ALERCES";"ROCA";"1997";"10.45";"1812";"Sistema Océ ano Pacífico";"Cuencade los Ríos Manso y Puelo"
"LOS ALERCES";"LOS ALERCES";"ROCA";"1998";"6.21";"1812";"Sistema Océ ano Pacífico";"Cuencade los Ríos Manso y Puelo"
"LOS ALERCES";"LOS ALERCES";"ROCA";"1999";"8.95";"1812";"Sistema Océ ano Pacífico";"Cuencade los Ríos Manso y Puelo"
"LOS ALERCES";"LOS ALERCES";"ROCA";"2000";"6.57";"1812";"Sistema Océ ano Pacífico";"Cuencade los Ríos Manso y Puelo"
"LOS ALERCES";"LOS ALERCES";"ROCA";"2001";"6.17";"1812";"Sistema Océ ano Pacífico";"Cuencade los Ríos Manso y Puelo"
"LOS ALERCES";"LOS ALERCES";"ROCA";"2002";"7.23";"1812";"Sistema Océ ano Pacífico";"Cuencade los Ríos Manso y Puelo"
"LOS ALERCES";"LOS ALERCES";"ROCA";"2003";"5.46";"1812";"Sistema Océ ano Pacífico";"Cuencade los Ríos Manso y Puelo"
"LOS ALERCES";"LOS ALERCES";"ROCA";"2004";"7.17";"1812";"Sistema Océ ano Pacífico";"Cuencade los Ríos Manso y Puelo"
"LOS ALERCES";"LOS ALERCES";"ROCA";"2005";"7.89";"1812";"Sistema Océ ano Pacífico";"Cuencade los Ríos Manso y Puelo"
"LOS ALERCES";"LOS ALERCES";"ROCA";"2006";"7.71";"1812";"Sistema Océ ano Pacífico";"Cuencade los Ríos Manso y Puelo"
"LOS ALERCES";"LOS ALERCES";"ROCA";"2007";"6.33";"1812";"Sistema Océ ano Pacífico";"Cuencade los Ríos Manso y Puelo"
"LOS ALERCES";"LOS ALERCES";"ROCA";"2008";"6.69";"1812";"Sistema Océ ano Pacífico";"Cuencade los Ríos Manso y Puelo"
"LOS ALERCES";"LOS ALERCES";"ROCA";"2009";"7.95";"1812";"Sistema Océ ano Pacífico";"Cuencade los Ríos Manso y Puelo"
"LOS ALERCES";"LOS ALERCES";"ROCA";"2010";"5.03";"1812";"Sistema Océ ano Pacífico";"Cuencade los Ríos Manso y Puelo"
"LOS ALERCES";"LOS ALERCES";"ROCA";"2011";"5.94";"1812";"Sistema Océ ano Pacífico";"Cuencade los Ríos Manso y Puelo"
"LOS ALERCES";"LOS ALERCES";"ROCA";"2012";"6.23";"1812";"Sistema Océ ano Pacífico";"Cuencade los Ríos Manso y Puelo"
"LOS ALERCES";"LOS ALERCES";"ROCA";"2013";"6.47";"1812";"Sistema Océ ano Pacífico";"Cuencade los Ríos Manso y Puelo"
"LOS ALERCES";"LOS ALERCES";"ROCA";"2014";"5.77";"1812";"Sistema Océ ano Pacífico";"Cuencade los Ríos Manso y Puelo"
"LOS ALERCES";"LOS ALERCES";"ROCA";"2015";"6.13";"1812";"Sistema Océ ano Pacífico";"Cuencade los Ríos Manso y Puelo"
"LOS ALERCES";"LOS ALERCES";"ROCA";"2016";"2.51";"1812";"Sistema Océ ano Pacífico";"Cuencade los Ríos Manso y Puelo"
"LOS ALERCES";"LOS ALERCES";"ROCA";"2017";"6.19";"1812";"Sistema Océ ano Pacífico";"Cuencade los Ríos Manso y Puelo"
"LOS ALERCES";"LOS ALERCES";"ROCA";"2018";"7.45";"1812";"Sistema Océ ano Pacífico";"Cuencade los Ríos Manso y Puelo"
"LOS ALERCES";"LOS ALERCES";"ROCA";"2019";"6.93";"1812";"Sistema Océ ano Pacífico";"Cuencade los Ríos Manso y Puelo"
"LOS ALERCES";"LOS ALERCES";"ROCA";"2020";"5.28";"1812";"Sistema Océ ano Pacífico";"Cuencade los Ríos Manso y Puelo"
"CONFLUENCIA";"CONFLUENCIA";"MANSO";"1970";"69.25";"1814";"Sistema Océ ano Pacífico";"Cuencade los Ríos Manso y Puelo"
"CONFLUENCIA";"CONFLUENCIA";"MANSO";"1971";"88.37";"1814";"Sistema Océ ano Pacífico";"Cuencade los Ríos Manso y Puelo"
"CONFLUENCIA";"CONFLUENCIA";"MANSO";"1972";"95.87";"1814";"Sistema Océ ano Pacífico";"Cuencade los Ríos Manso y Puelo"
"CONFLUENCIA";"CONFLUENCIA";"MANSO";"1973";"72.71";"1814";"Sistema Océ ano Pacífico";"Cuencade los Ríos Manso y Puelo"
"CONFLUENCIA";"CONFLUENCIA";"MANSO";"1974";"77.00";"1814";"Sistema Océ ano Pacífico";"Cuencade los Ríos Manso y Puelo"
"CONFLUENCIA";"CONFLUENCIA";"MANSO";"1976";"80.2";"1814";"Sistema Océ ano Pacífico";"Cuencade los Ríos Manso y Puelo"
"CONFLUENCIA";"CONFLUENCIA";"MANSO";"1977";"106.55";"1814";"Sistema Océ ano Pacífico";"Cuencade los Ríos Manso y Puelo"
"CONFLUENCIA";"CONFLUENCIA";"MANSO";"1978";"93.79";"1814";"Sistema Océ ano Pacífico";"Cuencade los Ríos Manso y Puelo"
"CONFLUENCIA";"CONFLUENCIA";"MANSO";"1979";"101.33";"1814";"Sistema Océ ano Pacífico";"Cuencade los Ríos Manso y Puelo"
"CONFLUENCIA";"CONFLUENCIA";"MANSO";"1980";"98.71";"1814";"Sistema Océ ano Pacífico";"Cuencade los Ríos Manso y Puelo"
"CONFLUENCIA";"CONFLUENCIA";"MANSO";"1981";"89.85";"1814";"Sistema Océ ano Pacífico";"Cuencade los Ríos Manso y Puelo"
"CONFLUENCIA";"CONFLUENCIA";"MANSO";"1982";"91.79";"1814";"Sistema Océ ano Pacífico";"Cuencade los Ríos Manso y Puelo"
"CONFLUENCIA";"CONFLUENCIA";"MANSO";"1983";"64.9";"1814";"Sistema Océ ano Pacífico";"Cuencade los Ríos Manso y Puelo"
"CONFLUENCIA";"CONFLUENCIA";"MANSO";"1984";"90.96";"1814";"Sistema Océ ano Pacífico";"Cuencade los Ríos Manso y Puelo"
"CONFLUENCIA";"CONFLUENCIA";"MANSO";"1985";"88.38";"1814";"Sistema Océ ano Pacífico";"Cuencade los Ríos Manso y Puelo"
"CONFLUENCIA";"CONFLUENCIA";"MANSO";"1986";"74.57";"1814";"Sistema Océ ano Pacífico";"Cuencade los Ríos Manso y Puelo"
"CONFLUENCIA";"CONFLUENCIA";"MANSO";"1987";"63.73";"1814";"Sistema Océ ano Pacífico";"Cuencade los Ríos Manso y Puelo"
"CONFLUENCIA";"CONFLUENCIA";"MANSO";"1988";"52.03";"1814";"Sistema Océ ano Pacífico";"Cuencade los Ríos Manso y Puelo"
"CONFLUENCIA";"CONFLUENCIA";"MANSO";"1989";"52.3";"1814";"Sistema Océ ano Pacífico";"Cuencade los Ríos Manso y Puelo"
"CONFLUENCIA";"CONFLUENCIA";"MANSO";"1990";"68.23";"1814";"Sistema Océ ano Pacífico";"Cuencade los Ríos Manso y Puelo"
"CONFLUENCIA";"CONFLUENCIA";"MANSO";"1991";"93.06";"1814";"Sistema Océ ano Pacífico";"Cuencade los Ríos Manso y Puelo"
"CONFLUENCIA";"CONFLUENCIA";"MANSO";"1992";"93.11";"1814";"Sistema Océ ano Pacífico";"Cuencade los Ríos Manso y Puelo"
"CONFLUENCIA";"CONFLUENCIA";"MANSO";"1993";"111.68";"1814";"Sistema Océ ano Pacífico";"Cuencade los Ríos Manso y Puelo"
"CONFLUENCIA";"CONFLUENCIA";"MANSO";"1994";"109.4";"1814";"Sistema Océ ano Pacífico";"Cuencade los Ríos Manso y Puelo"
"CONFLUENCIA";"CONFLUENCIA";"MANSO";"1995";"95.96";"1814";"Sistema Océ ano Pacífico";"Cuencade los Ríos Manso y Puelo"
"CONFLUENCIA";"CONFLUENCIA";"MANSO";"1996";"70.26";"1814";"Sistema Océ ano Pacífico";"Cuencade los Ríos Manso y Puelo"
"CONFLUENCIA";"CONFLUENCIA";"MANSO";"1997";"91.06";"1814";"Sistema Océ ano Pacífico";"Cuencade los Ríos Manso y Puelo"
"CONFLUENCIA";"CONFLUENCIA";"MANSO";"1998";"41.33";"1814";"Sistema Océ ano Pacífico";"Cuencade los Ríos Manso y Puelo"
"CONFLUENCIA";"CONFLUENCIA";"MANSO";"1999";"53.07";"1814";"Sistema Océ ano Pacífico";"Cuencade los Ríos Manso y Puelo"
"CONFLUENCIA";"CONFLUENCIA";"MANSO";"2000";"77.00";"1814";"Sistema Océ ano Pacífico";"Cuencade los Ríos Manso y Puelo"
"CONFLUENCIA";"CONFLUENCIA";"MANSO";"2001";"89.89";"1814";"Sistema Océ ano Pacífico";"Cuencade los Ríos Manso y Puelo"
"CONFLUENCIA";"CONFLUENCIA";"MANSO";"2002";"108.66";"1814";"Sistema Océ ano Pacífico";"Cuencade los Ríos Manso y Puelo"
"CONFLUENCIA";"CONFLUENCIA";"MANSO";"2003";"65.78";"1814";"Sistema Océ ano Pacífico";"Cuencade los Ríos Manso y Puelo"
"CONFLUENCIA";"CONFLUENCIA";"MANSO";"2004";"69.11";"1814";"Sistema Océ ano Pacífico";"Cuencade los Ríos Manso y Puelo"
"CONFLUENCIA";"CONFLUENCIA";"MANSO";"2005";"81.45";"1814";"Sistema Océ ano Pacífico";"Cuencade los Ríos Manso y Puelo"
"CONFLUENCIA";"CONFLUENCIA";"MANSO";"2006";"86.93";"1814";"Sistema Océ ano Pacífico";"Cuencade los Ríos Manso y Puelo"
"CONFLUENCIA";"CONFLUENCIA";"MANSO";"2007";"57.43";"1814";"Sistema Océ ano Pacífico";"Cuencade los Ríos Manso y Puelo"
"CONFLUENCIA";"CONFLUENCIA";"MANSO";"2008";"58.36";"1814";"Sistema Océ ano Pacífico";"Cuencade los Ríos Manso y Puelo"
"CONFLUENCIA";"CONFLUENCIA";"MANSO";"2009";"68.2";"1814";"Sistema Océ ano Pacífico";"Cuencade los Ríos Manso y Puelo"
"CONFLUENCIA";"CONFLUENCIA";"MANSO";"2010";"52.44";"1814";"Sistema Océ ano Pacífico";"Cuencade los Ríos Manso y Puelo"
"CONFLUENCIA";"CONFLUENCIA";"MANSO";"2011";"72.56";"1814";"Sistema Océ ano Pacífico";"Cuencade los Ríos Manso y Puelo"
"CONFLUENCIA";"CONFLUENCIA";"MANSO";"2012";"79.1";"1814";"Sistema Océ ano Pacífico";"Cuencade los Ríos Manso y Puelo"
"CONFLUENCIA";"CONFLUENCIA";"MANSO";"2013";"92.45";"1814";"Sistema Océ ano Pacífico";"Cuencade los Ríos Manso y Puelo"
"CONFLUENCIA";"CONFLUENCIA";"MANSO";"2014";"83.51";"1814";"Sistema Océ ano Pacífico";"Cuencade los Ríos Manso y Puelo"
"CONFLUENCIA";"CONFLUENCIA";"MANSO";"2015";"87.12";"1814";"Sistema Océ ano Pacífico";"Cuencade los Ríos Manso y Puelo"
"CONFLUENCIA";"CONFLUENCIA";"MANSO";"2016";"41.78";"1814";"Sistema Océ ano Pacífico";"Cuencade los Ríos Manso y Puelo"
"CONFLUENCIA";"CONFLUENCIA";"MANSO";"2017";"75.24";"1814";"Sistema Océ ano Pacífico";"Cuencade los Ríos Manso y Puelo"
"CONFLUENCIA";"CONFLUENCIA";"MANSO";"2018";"83.07";"1814";"Sistema Océ ano Pacífico";"Cuencade los Ríos Manso y Puelo"
"CONFLUENCIA";"CONFLUENCIA";"MANSO";"2019";"68.79";"1814";"Sistema Océ ano Pacífico";"Cuencade los Ríos Manso y Puelo"
"CONFLUENCIA";"CONFLUENCIA";"MANSO";"2020";"68.54";"1814";"Sistema Océ ano Pacífico";"Cuencade los Ríos Manso y Puelo"
"CONFLUENCIA CON EL MANSO";"CONFLUENCIA CON EL MANSO";"FOYEL";"1970";"32.31";"1815";"Sistema Océ ano Pacífico";"Cuencade los Ríos Manso y Puelo"
"CONFLUENCIA CON EL MANSO";"CONFLUENCIA CON EL MANSO";"FOYEL";"1971";"41.15";"1815";"Sistema Océ ano Pacífico";"Cuencade los Ríos Manso y Puelo"
"CONFLUENCIA CON EL MANSO";"CONFLUENCIA CON EL MANSO";"FOYEL";"1972";"38.57";"1815";"Sistema Océ ano Pacífico";"Cuencade los Ríos Manso y Puelo"
"CONFLUENCIA CON EL MANSO";"CONFLUENCIA CON EL MANSO";"FOYEL";"1973";"29.27";"1815";"Sistema Océ ano Pacífico";"Cuencade los Ríos Manso y Puelo"
"CONFLUENCIA CON EL MANSO";"CONFLUENCIA CON EL MANSO";"FOYEL";"1974";"31.37";"1815";"Sistema Océ ano Pacífico";"Cuencade los Ríos Manso y Puelo"
"CONFLUENCIA CON EL MANSO";"CONFLUENCIA CON EL MANSO";"FOYEL";"2009";"59.15";"1815";"Sistema Océ ano Pacífico";"Cuencade los Ríos Manso y Puelo"
"CONFLUENCIA CON EL MANSO";"CONFLUENCIA CON EL MANSO";"FOYEL";"2010";"32.68";"1815";"Sistema Océ ano Pacífico";"Cuencade los Ríos Manso y Puelo"
"CONFLUENCIA CON EL MANSO";"CONFLUENCIA CON EL MANSO";"FOYEL";"2011";"33.00";"1815";"Sistema Océ ano Pacífico";"Cuencade los Ríos Manso y Puelo"
"CONFLUENCIA CON EL MANSO";"CONFLUENCIA CON EL MANSO";"FOYEL";"2012";"39.04";"1815";"Sistema Océ ano Pacífico";"Cuencade los Ríos Manso y Puelo"
"CONFLUENCIA CON EL MANSO";"CONFLUENCIA CON EL MANSO";"FOYEL";"2013";"27.49";"1815";"Sistema Océ ano Pacífico";"Cuencade los Ríos Manso y Puelo"
"CONFLUENCIA CON EL MANSO";"CONFLUENCIA CON EL MANSO";"FOYEL";"2014";"32.36";"1815";"Sistema Océ ano Pacífico";"Cuencade los Ríos Manso y Puelo"
"CONFLUENCIA CON EL MANSO";"CONFLUENCIA CON EL MANSO";"FOYEL";"2015";"36.59";"1815";"Sistema Océ ano Pacífico";"Cuencade los Ríos Manso y Puelo"
"CONFLUENCIA CON EL MANSO";"CONFLUENCIA CON EL MANSO";"FOYEL";"2016";"14.96";"1815";"Sistema Océ ano Pacífico";"Cuencade los Ríos Manso y Puelo"
"CONFLUENCIA CON EL MANSO";"CONFLUENCIA CON EL MANSO";"FOYEL";"2017";"12.14";"1815";"Sistema Océ ano Pacífico";"Cuencade los Ríos Manso y Puelo"
"CONFLUENCIA CON EL MANSO";"CONFLUENCIA CON EL MANSO";"FOYEL";"2018";"42.2";"1815";"Sistema Océ ano Pacífico";"Cuencade los Ríos Manso y Puelo"
"CONFLUENCIA CON EL MANSO";"CONFLUENCIA CON EL MANSO";"FOYEL";"2019";"30.60";"1815";"Sistema Océ ano Pacífico";"Cuencade los Ríos Manso y Puelo"
"CONFLUENCIA CON EL MANSO";"CONFLUENCIA CON EL MANSO";"FOYEL";"2020";"30.75";"1815";"Sistema Océ ano Pacífico";"Cuencade los Ríos Manso y Puelo"
"EL AZUL";"EL AZUL";"AZUL";"1970";"26.14";"1817";"Sistema Océ ano Pacífico";"Cuencade los Ríos Manso y Puelo"
"EL AZUL";"EL AZUL";"AZUL";"1971";"28.48";"1817";"Sistema Océ ano Pacífico";"Cuencade los Ríos Manso y Puelo"
"EL AZUL";"EL AZUL";"AZUL";"1972";"24.87";"1817";"Sistema Océ ano Pacífico";"Cuencade los Ríos Manso y Puelo"
"EL AZUL";"EL AZUL";"AZUL";"1973";"19.42";"1817";"Sistema Océ ano Pacífico";"Cuencade los Ríos Manso y Puelo"
"EL AZUL";"EL AZUL";"AZUL";"1974";"18.47";"1817";"Sistema Océ ano Pacífico";"Cuencade los Ríos Manso y Puelo"
"EL AZUL";"EL AZUL";"AZUL";"1975";"20.47";"1817";"Sistema Océ ano Pacífico";"Cuencade los Ríos Manso y Puelo"
"EL AZUL";"EL AZUL";"AZUL";"1976";"17.97";"1817";"Sistema Océ ano Pacífico";"Cuencade los Ríos Manso y Puelo"
"EL AZUL";"EL AZUL";"AZUL";"1977";"30.31";"1817";"Sistema Océ ano Pacífico";"Cuencade los Ríos Manso y Puelo"
"EL AZUL";"EL AZUL";"AZUL";"1978";"24.05";"1817";"Sistema Océ ano Pacífico";"Cuencade los Ríos Manso y Puelo"
"EL AZUL";"EL AZUL";"AZUL";"1979";"36.51";"1817";"Sistema Océ ano Pacífico";"Cuencade los Ríos Manso y Puelo"
"EL AZUL";"EL AZUL";"AZUL";"1980";"23.9";"1817";"Sistema Océ ano Pacífico";"Cuencade los Ríos Manso y Puelo"
"EL AZUL";"EL AZUL";"AZUL";"1981";"25.58";"1817";"Sistema Océ ano Pacífico";"Cuencade los Ríos Manso y Puelo"
"EL AZUL";"EL AZUL";"AZUL";"1982";"21.19";"1817";"Sistema Océ ano Pacífico";"Cuencade los Ríos Manso y Puelo"
"EL AZUL";"EL AZUL";"AZUL";"1983";"20.07";"1817";"Sistema Océ ano Pacífico";"Cuencade los Ríos Manso y Puelo"
"EL AZUL";"EL AZUL";"AZUL";"1984";"19.89";"1817";"Sistema Océ ano Pacífico";"Cuencade los Ríos Manso y Puelo"
"EL AZUL";"EL AZUL";"AZUL";"1985";"28.02";"1817";"Sistema Océ ano Pacífico";"Cuencade los Ríos Manso y Puelo"
"EL AZUL";"EL AZUL";"AZUL";"1986";"25.37";"1817";"Sistema Océ ano Pacífico";"Cuencade los Ríos Manso y Puelo"
"EL AZUL";"EL AZUL";"AZUL";"1987";"20.84";"1817";"Sistema Océ ano Pacífico";"Cuencade los Ríos Manso y Puelo"
"EL AZUL";"EL AZUL";"AZUL";"1988";"12.57";"1817";"Sistema Océ ano Pacífico";"Cuencade los Ríos Manso y Puelo"
"EL AZUL";"EL AZUL";"AZUL";"1989";"14.31";"1817";"Sistema Océ ano Pacífico";"Cuencade los Ríos Manso y Puelo"
"EL AZUL";"EL AZUL";"AZUL";"1990";"24.21";"1817";"Sistema Océ ano Pacífico";"Cuencade los Ríos Manso y Puelo"
"EL AZUL";"EL AZUL";"AZUL";"1991";"26.25";"1817";"Sistema Océ ano Pacífico";"Cuencade los Ríos Manso y Puelo"
"EL AZUL";"EL AZUL";"AZUL";"1992";"21.47";"1817";"Sistema Océ ano Pacífico";"Cuencade los Ríos Manso y Puelo"
"EL AZUL";"EL AZUL";"AZUL";"1993";"28.77";"1817";"Sistema Océ ano Pacífico";"Cuencade los Ríos Manso y Puelo"
"EL AZUL";"EL AZUL";"AZUL";"1994";"34.59";"1817";"Sistema Océ ano Pacífico";"Cuencade los Ríos Manso y Puelo"
"EL AZUL";"EL AZUL";"AZUL";"1995";"31.22";"1817";"Sistema Océ ano Pacífico";"Cuencade los Ríos Manso y Puelo"
"EL AZUL";"EL AZUL";"AZUL";"1996";"26.59";"1817";"Sistema Océ ano Pacífico";"Cuencade los Ríos Manso y Puelo"
"EL AZUL";"EL AZUL";"AZUL";"1997";"35.35";"1817";"Sistema Océ ano Pacífico";"Cuencade los Ríos Manso y Puelo"
"EL AZUL";"EL AZUL";"AZUL";"1998";"24.03";"1817";"Sistema Océ ano Pacífico";"Cuencade los Ríos Manso y Puelo"
"EL AZUL";"EL AZUL";"AZUL";"1999";"21.5";"1817";"Sistema Océ ano Pacífico";"Cuencade los Ríos Manso y Puelo"
"EL AZUL";"EL AZUL";"AZUL";"2000";"30.16";"1817";"Sistema Océ ano Pacífico";"Cuencade los Ríos Manso y Puelo"
"EL AZUL";"EL AZUL";"AZUL";"2001";"21.77";"1817";"Sistema Océ ano Pacífico";"Cuencade los Ríos Manso y Puelo"
"EL AZUL";"EL AZUL";"AZUL";"2002";"27.69";"1817";"Sistema Océ ano Pacífico";"Cuencade los Ríos Manso y Puelo"
"EL AZUL";"EL AZUL";"AZUL";"2003";"18.56";"1817";"Sistema Océ ano Pacífico";"Cuencade los Ríos Manso y Puelo"
"EL AZUL";"EL AZUL";"AZUL";"2004";"20.42";"1817";"Sistema Océ ano Pacífico";"Cuencade los Ríos Manso y Puelo"
"EL AZUL";"EL AZUL";"AZUL";"2005";"22.27";"1817";"Sistema Océ ano Pacífico";"Cuencade los Ríos Manso y Puelo"
"EL AZUL";"EL AZUL";"AZUL";"2006";"26.67";"1817";"Sistema Océ ano Pacífico";"Cuencade los Ríos Manso y Puelo"
"EL AZUL";"EL AZUL";"AZUL";"2007";"17.95";"1817";"Sistema Océ ano Pacífico";"Cuencade los Ríos Manso y Puelo"
"EL AZUL";"EL AZUL";"AZUL";"2008";"19.47";"1817";"Sistema Océ ano Pacífico";"Cuencade los Ríos Manso y Puelo"
"EL AZUL";"EL AZUL";"AZUL";"2009";"17.96";"1817";"Sistema Océ ano Pacífico";"Cuencade los Ríos Manso y Puelo"
"EL AZUL";"EL AZUL";"AZUL";"2010";"16.34";"1817";"Sistema Océ ano Pacífico";"Cuencade los Ríos Manso y Puelo"
"EL AZUL";"EL AZUL";"AZUL";"2011";"13.16";"1817";"Sistema Océ ano Pacífico";"Cuencade los Ríos Manso y Puelo"
"EL AZUL";"EL AZUL";"AZUL";"2012";"25.5";"1817";"Sistema Océ ano Pacífico";"Cuencade los Ríos Manso y Puelo"
"EL AZUL";"EL AZUL";"AZUL";"2013";"21.3";"1817";"Sistema Océ ano Pacífico";"Cuencade los Ríos Manso y Puelo"
"EL AZUL";"EL AZUL";"AZUL";"2014";"26.19";"1817";"Sistema Océ ano Pacífico";"Cuencade los Ríos Manso y Puelo"
"EL AZUL";"EL AZUL";"AZUL";"2015";"23.56";"1817";"Sistema Océ ano Pacífico";"Cuencade los Ríos Manso y Puelo"
"EL AZUL";"EL AZUL";"AZUL";"2016";"13.24";"1817";"Sistema Océ ano Pacífico";"Cuencade los Ríos Manso y Puelo"
"EL AZUL";"EL AZUL";"AZUL";"2017";"23.86";"1817";"Sistema Océ ano Pacífico";"Cuencade los Ríos Manso y Puelo"
"EL AZUL";"EL AZUL";"AZUL";"2018";"20.16";"1817";"Sistema Océ ano Pacífico";"Cuencade los Ríos Manso y Puelo"
"EL AZUL";"EL AZUL";"AZUL";"2019";"18.51";"1817";"Sistema Océ ano Pacífico";"Cuencade los Ríos Manso y Puelo"
"EL AZUL";"EL AZUL";"AZUL";"2020";"21.55";"1817";"Sistema Océ ano Pacífico";"Cuencade los Ríos Manso y Puelo"
"EL FOYEL";"EL FOYEL";"ESCONDIDO";"1977";"16.53";"1831";"Sistema Océ ano Pacífico";"Cuencade los Ríos Manso y Puelo"
"EL FOYEL";"EL FOYEL";"ESCONDIDO";"1978";"15.37";"1831";"Sistema Océ ano Pacífico";"Cuencade los Ríos Manso y Puelo"
"EL FOYEL";"EL FOYEL";"ESCONDIDO";"1979";"12.83";"1831";"Sistema Océ ano Pacífico";"Cuencade los Ríos Manso y Puelo"
"EL FOYEL";"EL FOYEL";"ESCONDIDO";"1980";"14.65";"1831";"Sistema Océ ano Pacífico";"Cuencade los Ríos Manso y Puelo"
"EL FOYEL";"EL FOYEL";"ESCONDIDO";"1981";"13.91";"1831";"Sistema Océ ano Pacífico";"Cuencade los Ríos Manso y Puelo"
"EL FOYEL";"EL FOYEL";"ESCONDIDO";"1982";"12.6";"1831";"Sistema Océ ano Pacífico";"Cuencade los Ríos Manso y Puelo"
"EL FOYEL";"EL FOYEL";"ESCONDIDO";"1983";"10.2";"1831";"Sistema Océ ano Pacífico";"Cuencade los Ríos Manso y Puelo"
"EL FOYEL";"EL FOYEL";"ESCONDIDO";"1984";"11.33";"1831";"Sistema Océ ano Pacífico";"Cuencade los Ríos Manso y Puelo"
"EL FOYEL";"EL FOYEL";"ESCONDIDO";"1985";"14.56";"1831";"Sistema Océ ano Pacífico";"Cuencade los Ríos Manso y Puelo"
"EL FOYEL";"EL FOYEL";"ESCONDIDO";"1986";"12.85";"1831";"Sistema Océ ano Pacífico";"Cuencade los Ríos Manso y Puelo"
"EL FOYEL";"EL FOYEL";"ESCONDIDO";"1987";"10.04";"1831";"Sistema Océ ano Pacífico";"Cuencade los Ríos Manso y Puelo"
"EL FOYEL";"EL FOYEL";"ESCONDIDO";"1988";"11.79";"1831";"Sistema Océ ano Pacífico";"Cuencade los Ríos Manso y Puelo"
"EL FOYEL";"EL FOYEL";"ESCONDIDO";"1989";"13.29";"1831";"Sistema Océ ano Pacífico";"Cuencade los Ríos Manso y Puelo"
"EL FOYEL";"EL FOYEL";"ESCONDIDO";"1990";"14.6";"1831";"Sistema Océ ano Pacífico";"Cuencade los Ríos Manso y Puelo"
"EL FOYEL";"EL FOYEL";"ESCONDIDO";"1991";"13.49";"1831";"Sistema Océ ano Pacífico";"Cuencade los Ríos Manso y Puelo"
"EL FOYEL";"EL FOYEL";"ESCONDIDO";"1992";"18.9";"1831";"Sistema Océ ano Pacífico";"Cuencade los Ríos Manso y Puelo"
"EL FOYEL";"EL FOYEL";"ESCONDIDO";"1993";"12.15";"1831";"Sistema Océ ano Pacífico";"Cuencade los Ríos Manso y Puelo"
"EL FOYEL";"EL FOYEL";"ESCONDIDO";"1994";"17.39";"1831";"Sistema Océ ano Pacífico";"Cuencade los Ríos Manso y Puelo"
"EL FOYEL";"EL FOYEL";"ESCONDIDO";"1995";"13.86";"1831";"Sistema Océ ano Pacífico";"Cuencade los Ríos Manso y Puelo"
"EL FOYEL";"EL FOYEL";"ESCONDIDO";"1996";"8.72";"1831";"Sistema Océ ano Pacífico";"Cuencade los Ríos Manso y Puelo"
"EL FOYEL";"EL FOYEL";"ESCONDIDO";"1997";"18.99";"1831";"Sistema Océ ano Pacífico";"Cuencade los Ríos Manso y Puelo"
"EL FOYEL";"EL FOYEL";"ESCONDIDO";"1998";"8.15";"1831";"Sistema Océ ano Pacífico";"Cuencade los Ríos Manso y Puelo"
"EL FOYEL";"EL FOYEL";"ESCONDIDO";"1999";"10.05";"1831";"Sistema Océ ano Pacífico";"Cuencade los Ríos Manso y Puelo"
"EL FOYEL";"EL FOYEL";"ESCONDIDO";"2000";"10.29";"1831";"Sistema Océ ano Pacífico";"Cuencade los Ríos Manso y Puelo"
"EL FOYEL";"EL FOYEL";"ESCONDIDO";"2001";"11.46";"1831";"Sistema Océ ano Pacífico";"Cuencade los Ríos Manso y Puelo"
"EL FOYEL";"EL FOYEL";"ESCONDIDO";"2002";"19.47";"1831";"Sistema Océ ano Pacífico";"Cuencade los Ríos Manso y Puelo"
"EL FOYEL";"EL FOYEL";"ESCONDIDO";"2003";"12.12";"1831";"Sistema Océ ano Pacífico";"Cuencade los Ríos Manso y Puelo"
"EL FOYEL";"EL FOYEL";"ESCONDIDO";"2004";"14.04";"1831";"Sistema Océ ano Pacífico";"Cuencade los Ríos Manso y Puelo"
"EL FOYEL";"EL FOYEL";"ESCONDIDO";"2005";"10.42";"1831";"Sistema Océ ano Pacífico";"Cuencade los Ríos Manso y Puelo"
"EL FOYEL";"EL FOYEL";"ESCONDIDO";"2006";"10.38";"1831";"Sistema Océ ano Pacífico";"Cuencade los Ríos Manso y Puelo"
"EL FOYEL";"EL FOYEL";"ESCONDIDO";"2007";"11.6";"1831";"Sistema Océ ano Pacífico";"Cuencade los Ríos Manso y Puelo"
"EL FOYEL";"EL FOYEL";"ESCONDIDO";"2008";"13.37";"1831";"Sistema Océ ano Pacífico";"Cuencade los Ríos Manso y Puelo"
"EL FOYEL";"EL FOYEL";"ESCONDIDO";"2009";"14.86";"1831";"Sistema Océ ano Pacífico";"Cuencade los Ríos Manso y Puelo"
"EL FOYEL";"EL FOYEL";"ESCONDIDO";"2010";"8.04";"1831";"Sistema Océ ano Pacífico";"Cuencade los Ríos Manso y Puelo"
"EL FOYEL";"EL FOYEL";"ESCONDIDO";"2011";"10.5";"1831";"Sistema Océ ano Pacífico";"Cuencade los Ríos Manso y Puelo"
"EL FOYEL";"EL FOYEL";"ESCONDIDO";"2012";"12.26";"1831";"Sistema Océ ano Pacífico";"Cuencade los Ríos Manso y Puelo"
"EL FOYEL";"EL FOYEL";"ESCONDIDO";"2013";"7.57";"1831";"Sistema Océ ano Pacífico";"Cuencade los Ríos Manso y Puelo"
"EL FOYEL";"EL FOYEL";"ESCONDIDO";"2014";"10.78";"1831";"Sistema Océ ano Pacífico";"Cuencade los Ríos Manso y Puelo"
"EL FOYEL";"EL FOYEL";"ESCONDIDO";"2015";"11.12";"1831";"Sistema Océ ano Pacífico";"Cuencade los Ríos Manso y Puelo"
"EL FOYEL";"EL FOYEL";"ESCONDIDO";"2016";"7.08";"1831";"Sistema Océ ano Pacífico";"Cuencade los Ríos Manso y Puelo"
"EL FOYEL";"EL FOYEL";"ESCONDIDO";"2017";"11.95";"1831";"Sistema Océ ano Pacífico";"Cuencade los Ríos Manso y Puelo"
"EL FOYEL";"EL FOYEL";"ESCONDIDO";"2018";"15.61";"1831";"Sistema Océ ano Pacífico";"Cuencade los Ríos Manso y Puelo"
"EL FOYEL";"EL FOYEL";"ESCONDIDO";"2019";"12.82";"1831";"Sistema Océ ano Pacífico";"Cuencade los Ríos Manso y Puelo"
"EL FOYEL";"EL FOYEL";"ESCONDIDO";"2020";"15.15";"1831";"Sistema Océ ano Pacífico";"Cuencade los Ríos Manso y Puelo"
"MASCARDI";"MASCARDI";"MANSO SUPERIOR";"1970";"11.74";"1834";"Sistema Océ ano Pacífico";"Cuencade los Ríos Manso y Puelo"
"MASCARDI";"MASCARDI";"MANSO SUPERIOR";"1971";"12.58";"1834";"Sistema Océ ano Pacífico";"Cuencade los Ríos Manso y Puelo"
"MASCARDI";"MASCARDI";"MANSO SUPERIOR";"1972";"12.88";"1834";"Sistema Océ ano Pacífico";"Cuencade los Ríos Manso y Puelo"
"MASCARDI";"MASCARDI";"MANSO SUPERIOR";"1973";"9.93";"1834";"Sistema Océ ano Pacífico";"Cuencade los Ríos Manso y Puelo"
"MASCARDI";"MASCARDI";"MANSO SUPERIOR";"1974";"10.24";"1834";"Sistema Océ ano Pacífico";"Cuencade los Ríos Manso y Puelo"
"MASCARDI";"MASCARDI";"MANSO SUPERIOR";"1975";"12.72";"1834";"Sistema Océ ano Pacífico";"Cuencade los Ríos Manso y Puelo"
"MASCARDI";"MASCARDI";"MANSO SUPERIOR";"1976";"9.88";"1834";"Sistema Océ ano Pacífico";"Cuencade los Ríos Manso y Puelo"
"MASCARDI";"MASCARDI";"MANSO SUPERIOR";"1977";"13.72";"1834";"Sistema Océ ano Pacífico";"Cuencade los Ríos Manso y Puelo"
"MASCARDI";"MASCARDI";"MANSO SUPERIOR";"1978";"12.41";"1834";"Sistema Océ ano Pacífico";"Cuencade los Ríos Manso y Puelo"
"MASCARDI";"MASCARDI";"MANSO SUPERIOR";"1979";"12.32";"1834";"Sistema Océ ano Pacífico";"Cuencade los Ríos Manso y Puelo"
"MASCARDI";"MASCARDI";"MANSO SUPERIOR";"1980";"11.91";"1834";"Sistema Océ ano Pacífico";"Cuencade los Ríos Manso y Puelo"
"MASCARDI";"MASCARDI";"MANSO SUPERIOR";"1981";"12.43";"1834";"Sistema Océ ano Pacífico";"Cuencade los Ríos Manso y Puelo"
"MASCARDI";"MASCARDI";"MANSO SUPERIOR";"1982";"12.6";"1834";"Sistema Océ ano Pacífico";"Cuencade los Ríos Manso y Puelo"
"MASCARDI";"MASCARDI";"MANSO SUPERIOR";"1983";"9.16";"1834";"Sistema Océ ano Pacífico";"Cuencade los Ríos Manso y Puelo"
"MASCARDI";"MASCARDI";"MANSO SUPERIOR";"1984";"10.16";"1834";"Sistema Océ ano Pacífico";"Cuencade los Ríos Manso y Puelo"
"MASCARDI";"MASCARDI";"MANSO SUPERIOR";"1985";"11.58";"1834";"Sistema Océ ano Pacífico";"Cuencade los Ríos Manso y Puelo"
"MASCARDI";"MASCARDI";"MANSO SUPERIOR";"1986";"10.25";"1834";"Sistema Océ ano Pacífico";"Cuencade los Ríos Manso y Puelo"
"MASCARDI";"MASCARDI";"MANSO SUPERIOR";"1987";"9.96";"1834";"Sistema Océ ano Pacífico";"Cuencade los Ríos Manso y Puelo"
"MASCARDI";"MASCARDI";"MANSO SUPERIOR";"1988";"7.31";"1834";"Sistema Océ ano Pacífico";"Cuencade los Ríos Manso y Puelo"
"MASCARDI";"MASCARDI";"MANSO SUPERIOR";"1989";"8.29";"1834";"Sistema Océ ano Pacífico";"Cuencade los Ríos Manso y Puelo"
"MASCARDI";"MASCARDI";"MANSO SUPERIOR";"1990";"10.03";"1834";"Sistema Océ ano Pacífico";"Cuencade los Ríos Manso y Puelo"
"MASCARDI";"MASCARDI";"MANSO SUPERIOR";"1991";"6.4";"1834";"Sistema Océ ano Pacífico";"Cuencade los Ríos Manso y Puelo"
"MASCARDI";"MASCARDI";"DE LOS CÉSARES";"1970";"1.48";"1835";"Sistema Océ ano Pacífico";"Cuencade los Ríos Manso y Puelo"
"MASCARDI";"MASCARDI";"DE LOS CÉSARES";"1971";"1.63";"1835";"Sistema Océ ano Pacífico";"Cuencade los Ríos Manso y Puelo"
"MASCARDI";"MASCARDI";"DE LOS CÉSARES";"1972";"1.57";"1835";"Sistema Océ ano Pacífico";"Cuencade los Ríos Manso y Puelo"
"MASCARDI";"MASCARDI";"DE LOS CÉSARES";"1973";"1.1";"1835";"Sistema Océ ano Pacífico";"Cuencade los Ríos Manso y Puelo"
"MASCARDI";"MASCARDI";"DE LOS CÉSARES";"1974";"1.2";"1835";"Sistema Océ ano Pacífico";"Cuencade los Ríos Manso y Puelo"
"MASCARDI";"MASCARDI";"DE LOS CÉSARES";"1975";"1.3";"1835";"Sistema Océ ano Pacífico";"Cuencade los Ríos Manso y Puelo"
"MASCARDI";"MASCARDI";"DE LOS CÉSARES";"1976";"0.86";"1835";"Sistema Océ ano Pacífico";"Cuencade los Ríos Manso y Puelo"
"MASCARDI";"MASCARDI";"DE LOS CÉSARES";"1977";"1.54";"1835";"Sistema Océ ano Pacífico";"Cuencade los Ríos Manso y Puelo"
"MASCARDI";"MASCARDI";"DE LOS CÉSARES";"1978";"1.49";"1835";"Sistema Océ ano Pacífico";"Cuencade los Ríos Manso y Puelo"
"MASCARDI";"MASCARDI";"DE LOS CÉSARES";"1979";"1.54";"1835";"Sistema Océ ano Pacífico";"Cuencade los Ríos Manso y Puelo"
"MASCARDI";"MASCARDI";"DE LOS CÉSARES";"1980";"1.4";"1835";"Sistema Océ ano Pacífico";"Cuencade los Ríos Manso y Puelo"
"MASCARDI";"MASCARDI";"DE LOS CÉSARES";"1981";"1.47";"1835";"Sistema Océ ano Pacífico";"Cuencade los Ríos Manso y Puelo"
"MASCARDI";"MASCARDI";"DE LOS CÉSARES";"1982";"1.43";"1835";"Sistema Océ ano Pacífico";"Cuencade los Ríos Manso y Puelo"
"MASCARDI";"MASCARDI";"DE LOS CÉSARES";"1983";"1.1";"1835";"Sistema Océ ano Pacífico";"Cuencade los Ríos Manso y Puelo"
"MASCARDI";"MASCARDI";"DE LOS CÉSARES";"1984";"1.66";"1835";"Sistema Océ ano Pacífico";"Cuencade los Ríos Manso y Puelo"
"MASCARDI";"MASCARDI";"DE LOS CÉSARES";"1985";"1.75";"1835";"Sistema Océ ano Pacífico";"Cuencade los Ríos Manso y Puelo"
"MASCARDI";"MASCARDI";"DE LOS CÉSARES";"1986";"1.97";"1835";"Sistema Océ ano Pacífico";"Cuencade los Ríos Manso y Puelo"
"MASCARDI";"MASCARDI";"DE LOS CÉSARES";"1987";"0.57";"1835";"Sistema Océ ano Pacífico";"Cuencade los Ríos Manso y Puelo"
"CERRO MESA";"CERRO MESA";"CHICO";"1970";"7.02";"1836";"Sistema Río Chubut";"Cuencadel Río Chubut"
"CERRO MESA";"CERRO MESA";"CHICO";"1971";"5.47";"1836";"Sistema Río Chubut";"Cuencadel Río Chubut"
"CERRO MESA";"CERRO MESA";"CHICO";"1972";"8.82";"1836";"Sistema Río Chubut";"Cuencadel Río Chubut"
"CERRO MESA";"CERRO MESA";"CHICO";"1973";"10.14";"1836";"Sistema Río Chubut";"Cuencadel Río Chubut"
"CERRO MESA";"CERRO MESA";"CHICO";"1974";"6.42";"1836";"Sistema Río Chubut";"Cuencadel Río Chubut"
"CERRO MESA";"CERRO MESA";"CHICO";"1975";"9.05";"1836";"Sistema Río Chubut";"Cuencadel Río Chubut"
"CERRO MESA";"CERRO MESA";"CHICO";"1976";"5.86";"1836";"Sistema Río Chubut";"Cuencadel Río Chubut"
"CERRO MESA";"CERRO MESA";"CHICO";"1977";"11.61";"1836";"Sistema Río Chubut";"Cuencadel Río Chubut"
"CERRO MESA";"CERRO MESA";"CHICO";"1978";"8.55";"1836";"Sistema Río Chubut";"Cuencadel Río Chubut"
"CERRO MESA";"CERRO MESA";"CHICO";"1979";"8.57";"1836";"Sistema Río Chubut";"Cuencadel Río Chubut"
"CERRO MESA";"CERRO MESA";"CHICO";"1980";"15.18";"1836";"Sistema Río Chubut";"Cuencadel Río Chubut"
"CERRO MESA";"CERRO MESA";"CHICO";"1981";"12.28";"1836";"Sistema Río Chubut";"Cuencadel Río Chubut"
"CERRO MESA";"CERRO MESA";"CHICO";"1982";"26.09";"1836";"Sistema Río Chubut";"Cuencadel Río Chubut"
"CERRO MESA";"CERRO MESA";"CHICO";"1983";"7.45";"1836";"Sistema Río Chubut";"Cuencadel Río Chubut"
"CERRO MESA";"CERRO MESA";"CHICO";"1984";"19.57";"1836";"Sistema Río Chubut";"Cuencadel Río Chubut"
"CERRO MESA";"CERRO MESA";"CHICO";"1985";"5.22";"1836";"Sistema Río Chubut";"Cuencadel Río Chubut"
"CERRO MESA";"CERRO MESA";"CHICO";"1986";"1.7";"1836";"Sistema Río Chubut";"Cuencadel Río Chubut"
"CERRO MESA";"CERRO MESA";"CHICO";"1987";"2.21";"1836";"Sistema Río Chubut";"Cuencadel Río Chubut"
"CERRO MESA";"CERRO MESA";"CHICO";"1988";"2.38";"1836";"Sistema Río Chubut";"Cuencadel Río Chubut"
"CERRO MESA";"CERRO MESA";"CHICO";"1989";"0.35";"1836";"Sistema Río Chubut";"Cuencadel Río Chubut"
"CERRO MESA";"CERRO MESA";"CHICO";"1990";"0.76";"1836";"Sistema Río Chubut";"Cuencadel Río Chubut"
"CERRO MESA";"CERRO MESA";"CHICO";"1991";"2.09";"1836";"Sistema Río Chubut";"Cuencadel Río Chubut"
"CERRO MESA";"CERRO MESA";"CHICO";"1992";"9.97";"1836";"Sistema Río Chubut";"Cuencadel Río Chubut"
"CERRO MESA";"CERRO MESA";"CHICO";"1993";"10.56";"1836";"Sistema Río Chubut";"Cuencadel Río Chubut"
"CERRO MESA";"CERRO MESA";"CHICO";"1994";"4.56";"1836";"Sistema Río Chubut";"Cuencadel Río Chubut"
"CERRO MESA";"CERRO MESA";"CHICO";"1995";"7.08";"1836";"Sistema Río Chubut";"Cuencadel Río Chubut"
"CERRO MESA";"CERRO MESA";"CHICO";"1996";"2.4";"1836";"Sistema Río Chubut";"Cuencadel Río Chubut"
"CERRO MESA";"CERRO MESA";"CHICO";"1997";"9.14";"1836";"Sistema Río Chubut";"Cuencadel Río Chubut"
"CERRO MESA";"CERRO MESA";"CHICO";"1998";"3.93";"1836";"Sistema Río Chubut";"Cuencadel Río Chubut"
"CERRO MESA";"CERRO MESA";"CHICO";"1999";"7.32";"1836";"Sistema Río Chubut";"Cuencadel Río Chubut"
"CERRO MESA";"CERRO MESA";"CHICO";"2000";"11.31";"1836";"Sistema Río Chubut";"Cuencadel Río Chubut"
"CERRO MESA";"CERRO MESA";"CHICO";"2001";"10.45";"1836";"Sistema Río Chubut";"Cuencadel Río Chubut"
"CERRO MESA";"CERRO MESA";"CHICO";"2002";"7.48";"1836";"Sistema Río Chubut";"Cuencadel Río Chubut"
"CERRO MESA";"CERRO MESA";"CHICO";"2003";"6.55";"1836";"Sistema Río Chubut";"Cuencadel Río Chubut"
"CERRO MESA";"CERRO MESA";"CHICO";"2004";"6.66";"1836";"Sistema Río Chubut";"Cuencadel Río Chubut"
"CERRO MESA";"CERRO MESA";"CHICO";"2005";"5.69";"1836";"Sistema Río Chubut";"Cuencadel Río Chubut"
"CERRO MESA";"CERRO MESA";"CHICO";"2006";"7.16";"1836";"Sistema Río Chubut";"Cuencadel Río Chubut"
"CERRO MESA";"CERRO MESA";"CHICO";"2007";"3.06";"1836";"Sistema Río Chubut";"Cuencadel Río Chubut"
"CERRO MESA";"CERRO MESA";"CHICO";"2008";"5.4";"1836";"Sistema Río Chubut";"Cuencadel Río Chubut"
"CERRO MESA";"CERRO MESA";"CHICO";"2009";"5.87";"1836";"Sistema Río Chubut";"Cuencadel Río Chubut"
"CERRO MESA";"CERRO MESA";"CHICO";"2010";"1.92";"1836";"Sistema Río Chubut";"Cuencadel Río Chubut"
"CERRO MESA";"CERRO MESA";"CHICO";"2011";"1.61";"1836";"Sistema Río Chubut";"Cuencadel Río Chubut"
"CERRO MESA";"CERRO MESA";"CHICO";"2012";"2.16";"1836";"Sistema Río Chubut";"Cuencadel Río Chubut"
"CERRO MESA";"CERRO MESA";"CHICO";"2013";"0.05";"1836";"Sistema Río Chubut";"Cuencadel Río Chubut"
"CERRO MESA";"CERRO MESA";"CHICO";"2014";"2.61";"1836";"Sistema Río Chubut";"Cuencadel Río Chubut"
"CERRO MESA";"CERRO MESA";"CHICO";"2015";"3.08";"1836";"Sistema Río Chubut";"Cuencadel Río Chubut"
"CERRO MESA";"CERRO MESA";"CHICO";"2016";"1.2";"1836";"Sistema Río Chubut";"Cuencadel Río Chubut"
"CERRO MESA";"CERRO MESA";"CHICO";"2017";"1.69";"1836";"Sistema Río Chubut";"Cuencadel Río Chubut"
"CERRO MESA";"CERRO MESA";"CHICO";"2018";"4.6";"1836";"Sistema Río Chubut";"Cuencadel Río Chubut"
"CERRO MESA";"CERRO MESA";"CHICO";"2019";"3.35";"1836";"Sistema Río Chubut";"Cuencadel Río Chubut"
"CERRO MESA";"CERRO MESA";"CHICO";"2020";"4.21";"1836";"Sistema Río Chubut";"Cuencadel Río Chubut"
"EL AZUL";"EL AZUL";"RAQUEL";"1993";"5.02";"1870";"Sistema Océ ano Pacífico";"Cuencade los Ríos Manso y Puelo"
"EL AZUL";"EL AZUL";"RAQUEL";"1994";"5.12";"1870";"Sistema Océ ano Pacífico";"Cuencade los Ríos Manso y Puelo"
"EL AZUL";"EL AZUL";"RAQUEL";"1995";"3.69";"1870";"Sistema Océ ano Pacífico";"Cuencade los Ríos Manso y Puelo"
"EL AZUL";"EL AZUL";"RAQUEL";"1996";"3.13";"1870";"Sistema Océ ano Pacífico";"Cuencade los Ríos Manso y Puelo"
"EL AZUL";"EL AZUL";"RAQUEL";"1997";"4.46";"1870";"Sistema Océ ano Pacífico";"Cuencade los Ríos Manso y Puelo"
"EL AZUL";"EL AZUL";"RAQUEL";"1998";"2.62";"1870";"Sistema Océ ano Pacífico";"Cuencade los Ríos Manso y Puelo"
"EL AZUL";"EL AZUL";"RAQUEL";"1999";"3.35";"1870";"Sistema Océ ano Pacífico";"Cuencade los Ríos Manso y Puelo"
"EL AZUL";"EL AZUL";"RAQUEL";"2000";"2.9";"1870";"Sistema Océ ano Pacífico";"Cuencade los Ríos Manso y Puelo"
"EL AZUL";"EL AZUL";"RAQUEL";"2001";"3.14";"1870";"Sistema Océ ano Pacífico";"Cuencade los Ríos Manso y Puelo"
"EL AZUL";"EL AZUL";"RAQUEL";"2002";"4.1";"1870";"Sistema Océ ano Pacífico";"Cuencade los Ríos Manso y Puelo"
"EL AZUL";"EL AZUL";"RAQUEL";"2003";"1.99";"1870";"Sistema Océ ano Pacífico";"Cuencade los Ríos Manso y Puelo"
"EL AZUL";"EL AZUL";"RAQUEL";"2004";"1.91";"1870";"Sistema Océ ano Pacífico";"Cuencade los Ríos Manso y Puelo"
"EL AZUL";"EL AZUL";"RAQUEL";"2005";"2.17";"1870";"Sistema Océ ano Pacífico";"Cuencade los Ríos Manso y Puelo"
"EL AZUL";"EL AZUL";"RAQUEL";"2006";"2.65";"1870";"Sistema Océ ano Pacífico";"Cuencade los Ríos Manso y Puelo"
"EL AZUL";"EL AZUL";"RAQUEL";"2007";"3.19";"1870";"Sistema Océ ano Pacífico";"Cuencade los Ríos Manso y Puelo"
"EL AZUL";"EL AZUL";"RAQUEL";"2008";"4.3";"1870";"Sistema Océ ano Pacífico";"Cuencade los Ríos Manso y Puelo"
"EL AZUL";"EL AZUL";"RAQUEL";"2009";"4.11";"1870";"Sistema Océ ano Pacífico";"Cuencade los Ríos Manso y Puelo"
"EL AZUL";"EL AZUL";"RAQUEL";"2010";"2.86";"1870";"Sistema Océ ano Pacífico";"Cuencade los Ríos Manso y Puelo"
"EL AZUL";"EL AZUL";"RAQUEL";"2011";"2.95";"1870";"Sistema Océ ano Pacífico";"Cuencade los Ríos Manso y Puelo"
"EL AZUL";"EL AZUL";"RAQUEL";"2012";"3.23";"1870";"Sistema Océ ano Pacífico";"Cuencade los Ríos Manso y Puelo"
"EL AZUL";"EL AZUL";"RAQUEL";"2013";"4.23";"1870";"Sistema Océ ano Pacífico";"Cuencade los Ríos Manso y Puelo"
"EL AZUL";"EL AZUL";"RAQUEL";"2014";"2.71";"1870";"Sistema Océ ano Pacífico";"Cuencade los Ríos Manso y Puelo"
"EL AZUL";"EL AZUL";"RAQUEL";"2015";"3.07";"1870";"Sistema Océ ano Pacífico";"Cuencade los Ríos Manso y Puelo"
"EL AZUL";"EL AZUL";"RAQUEL";"2016";"2.72";"1870";"Sistema Océ ano Pacífico";"Cuencade los Ríos Manso y Puelo"
"EL AZUL";"EL AZUL";"RAQUEL";"2017";"4.61";"1870";"Sistema Océ ano Pacífico";"Cuencade los Ríos Manso y Puelo"
"EL AZUL";"EL AZUL";"RAQUEL";"2018";"4.14";"1870";"Sistema Océ ano Pacífico";"Cuencade los Ríos Manso y Puelo"
"EL AZUL";"EL AZUL";"RAQUEL";"2019";"3.26";"1870";"Sistema Océ ano Pacífico";"Cuencade los Ríos Manso y Puelo"
"EL AZUL";"EL AZUL";"RAQUEL";"2020";"3.93";"1870";"Sistema Océ ano Pacífico";"Cuencade los Ríos Manso y Puelo"
"Quequemtreu";"QUEQUEMTREU";"Quequemtreu";"2009";"12.11";"1895";"Sistema Océ ano Pacífico";"Cuencade los Ríos Manso y Puelo"
"Quequemtreu";"QUEQUEMTREU";"Quequemtreu";"2010";"5.49";"1895";"Sistema Océ ano Pacífico";"Cuencade los Ríos Manso y Puelo"
"Quequemtreu";"QUEQUEMTREU";"Quequemtreu";"2011";"3.97";"1895";"Sistema Océ ano Pacífico";"Cuencade los Ríos Manso y Puelo"
"Quequemtreu";"QUEQUEMTREU";"Quequemtreu";"2012";"6.17";"1895";"Sistema Océ ano Pacífico";"Cuencade los Ríos Manso y Puelo"
"Quequemtreu";"QUEQUEMTREU";"Quequemtreu";"2013";"10.15";"1895";"Sistema Océ ano Pacífico";"Cuencade los Ríos Manso y Puelo"
"Quequemtreu";"QUEQUEMTREU";"Quequemtreu";"2014";"4.59";"1895";"Sistema Océ ano Pacífico";"Cuencade los Ríos Manso y Puelo"
"Quequemtreu";"QUEQUEMTREU";"Quequemtreu";"2015";"2.38";"1895";"Sistema Océ ano Pacífico";"Cuencade los Ríos Manso y Puelo"
"Quequemtreu";"QUEQUEMTREU";"Quequemtreu";"2016";"1.92";"1895";"Sistema Océ ano Pacífico";"Cuencade los Ríos Manso y Puelo"
"Quequemtreu";"QUEQUEMTREU";"Quequemtreu";"2017";"6.06";"1895";"Sistema Océ ano Pacífico";"Cuencade los Ríos Manso y Puelo"
"Quequemtreu";"QUEQUEMTREU";"Quequemtreu";"2018";"6.43";"1895";"Sistema Océ ano Pacífico";"Cuencade los Ríos Manso y Puelo"
"Quequemtreu";"QUEQUEMTREU";"Quequemtreu";"2019";"4.04";"1895";"Sistema Océ ano Pacífico";"Cuencade los Ríos Manso y Puelo"
"Quequemtreu";"QUEQUEMTREU";"Quequemtreu";"2020";"4.96";"1895";"Sistema Océ ano Pacífico";"Cuencade los Ríos Manso y Puelo"
"BARRANCAS";"BARRANCAS";"BARRANCAS";"1970";"24.08";"2001";"Sistema Río Colorado";"Cuencadel Río Colorado"
"BARRANCAS";"BARRANCAS";"BARRANCAS";"1971";"16.5";"2001";"Sistema Río Colorado";"Cuencadel Río Colorado"
"BARRANCAS";"BARRANCAS";"BARRANCAS";"1976";"30.5";"2001";"Sistema Río Colorado";"Cuencadel Río Colorado"
"BARRANCAS";"BARRANCAS";"BARRANCAS";"1977";"38.08";"2001";"Sistema Río Colorado";"Cuencadel Río Colorado"
"BARRANCAS";"BARRANCAS";"BARRANCAS";"1978";"40.00";"2001";"Sistema Río Colorado";"Cuencadel Río Colorado"
"BARRANCAS";"BARRANCAS";"BARRANCAS";"1979";"41.75";"2001";"Sistema Río Colorado";"Cuencadel Río Colorado"
"BARRANCAS";"BARRANCAS";"BARRANCAS";"1980";"57.42";"2001";"Sistema Río Colorado";"Cuencadel Río Colorado"
"BARRANCAS";"BARRANCAS";"BARRANCAS";"1981";"43.51";"2001";"Sistema Río Colorado";"Cuencadel Río Colorado"
"BARRANCAS";"BARRANCAS";"BARRANCAS";"1982";"47.42";"2001";"Sistema Río Colorado";"Cuencadel Río Colorado"
"BARRANCAS";"BARRANCAS";"BARRANCAS";"1983";"62.25";"2001";"Sistema Río Colorado";"Cuencadel Río Colorado"
"BARRANCAS";"BARRANCAS";"BARRANCAS";"1984";"25.5";"2001";"Sistema Río Colorado";"Cuencadel Río Colorado"
"BARRANCAS";"BARRANCAS";"BARRANCAS";"1985";"31.17";"2001";"Sistema Río Colorado";"Cuencadel Río Colorado"
"BARRANCAS";"BARRANCAS";"BARRANCAS";"1986";"26.33";"2001";"Sistema Río Colorado";"Cuencadel Río Colorado"
"BARRANCAS";"BARRANCAS";"BARRANCAS";"1987";"49.5";"2001";"Sistema Río Colorado";"Cuencadel Río Colorado"
"BARRANCAS";"BARRANCAS";"BARRANCAS";"1988";"36.25";"2001";"Sistema Río Colorado";"Cuencadel Río Colorado"
"BARRANCAS";"BARRANCAS";"BARRANCAS";"1989";"25.75";"2001";"Sistema Río Colorado";"Cuencadel Río Colorado"
"BARRANCAS";"BARRANCAS";"BARRANCAS";"1990";"22.99";"2001";"Sistema Río Colorado";"Cuencadel Río Colorado"
"BARRANCAS";"BARRANCAS";"BARRANCAS";"1991";"31.57";"2001";"Sistema Río Colorado";"Cuencadel Río Colorado"
"BARRANCAS";"BARRANCAS";"BARRANCAS";"1992";"40.76";"2001";"Sistema Río Colorado";"Cuencadel Río Colorado"
"BARRANCAS";"BARRANCAS";"BARRANCAS";"1993";"40.77";"2001";"Sistema Río Colorado";"Cuencadel Río Colorado"
"BARRANCAS";"BARRANCAS";"BARRANCAS";"1994";"39.57";"2001";"Sistema Río Colorado";"Cuencadel Río Colorado"
"BARRANCAS";"BARRANCAS";"BARRANCAS";"1995";"40.99";"2001";"Sistema Río Colorado";"Cuencadel Río Colorado"
"BARRANCAS";"BARRANCAS";"BARRANCAS";"1996";"27.22";"2001";"Sistema Río Colorado";"Cuencadel Río Colorado"
"BARRANCAS";"BARRANCAS";"BARRANCAS";"1997";"37.19";"2001";"Sistema Río Colorado";"Cuencadel Río Colorado"
"BARRANCAS";"BARRANCAS";"BARRANCAS";"1998";"28.84";"2001";"Sistema Río Colorado";"Cuencadel Río Colorado"
"BARRANCAS";"BARRANCAS";"BARRANCAS";"1999";"28.31";"2001";"Sistema Río Colorado";"Cuencadel Río Colorado"
"BARRANCAS";"BARRANCAS";"BARRANCAS";"2000";"40.27";"2001";"Sistema Río Colorado";"Cuencadel Río Colorado"
"BARRANCAS";"BARRANCAS";"BARRANCAS";"2001";"50.13";"2001";"Sistema Río Colorado";"Cuencadel Río Colorado"
"BARRANCAS";"BARRANCAS";"BARRANCAS";"2002";"51.35";"2001";"Sistema Río Colorado";"Cuencadel Río Colorado"
"BARRANCAS";"BARRANCAS";"BARRANCAS";"2003";"39.01";"2001";"Sistema Río Colorado";"Cuencadel Río Colorado"
"BARRANCAS";"BARRANCAS";"BARRANCAS";"2004";"31.07";"2001";"Sistema Río Colorado";"Cuencadel Río Colorado"
"BARRANCAS";"BARRANCAS";"BARRANCAS";"2005";"49.77";"2001";"Sistema Río Colorado";"Cuencadel Río Colorado"
"BARRANCAS";"BARRANCAS";"BARRANCAS";"2006";"56.00";"2001";"Sistema Río Colorado";"Cuencadel Río Colorado"
"BARRANCAS";"BARRANCAS";"BARRANCAS";"2007";"37.1";"2001";"Sistema Río Colorado";"Cuencadel Río Colorado"
"BARRANCAS";"BARRANCAS";"BARRANCAS";"2008";"48.79";"2001";"Sistema Río Colorado";"Cuencadel Río Colorado"
"BARRANCAS";"BARRANCAS";"BARRANCAS";"2009";"36.09";"2001";"Sistema Río Colorado";"Cuencadel Río Colorado"
"BARRANCAS";"BARRANCAS";"BARRANCAS";"2010";"32.28";"2001";"Sistema Río Colorado";"Cuencadel Río Colorado"
"BARRANCAS";"BARRANCAS";"BARRANCAS";"2011";"19.12";"2001";"Sistema Río Colorado";"Cuencadel Río Colorado"
"BARRANCAS";"BARRANCAS";"BARRANCAS";"2012";"26.19";"2001";"Sistema Río Colorado";"Cuencadel Río Colorado"
"BARRANCAS";"BARRANCAS";"BARRANCAS";"2013";"20.44";"2001";"Sistema Río Colorado";"Cuencadel Río Colorado"
"BARRANCAS";"BARRANCAS";"BARRANCAS";"2014";"25.3";"2001";"Sistema Río Colorado";"Cuencadel Río Colorado"
"BARRANCAS";"BARRANCAS";"BARRANCAS";"2015";"26.25";"2001";"Sistema Río Colorado";"Cuencadel Río Colorado"
"BARRANCAS";"BARRANCAS";"BARRANCAS";"2016";"20.97";"2001";"Sistema Río Colorado";"Cuencadel Río Colorado"
"BARRANCAS";"BARRANCAS";"BARRANCAS";"2017";"20.69";"2001";"Sistema Río Colorado";"Cuencadel Río Colorado"
"BARRANCAS";"BARRANCAS";"BARRANCAS";"2018";"25.2";"2001";"Sistema Río Colorado";"Cuencadel Río Colorado"
"BARRANCAS";"BARRANCAS";"BARRANCAS";"2019";"17.19";"2001";"Sistema Río Colorado";"Cuencadel Río Colorado"
"BARRANCAS";"BARRANCAS";"BARRANCAS";"2020";"20.03";"2001";"Sistema Río Colorado";"Cuencadel Río Colorado"
"BUTA RANQUIL";"BUTA RANQUIL";"COLORADO";"1970";"93.67";"2002";"Sistema Río Colorado";"Cuencadel Río Colorado"
"BUTA RANQUIL";"BUTA RANQUIL";"COLORADO";"1971";"110.26";"2002";"Sistema Río Colorado";"Cuencadel Río Colorado"
"BUTA RANQUIL";"BUTA RANQUIL";"COLORADO";"1972";"182.99";"2002";"Sistema Río Colorado";"Cuencadel Río Colorado"
"BUTA RANQUIL";"BUTA RANQUIL";"COLORADO";"1973";"187.83";"2002";"Sistema Río Colorado";"Cuencadel Río Colorado"
"BUTA RANQUIL";"BUTA RANQUIL";"COLORADO";"1974";"141.16";"2002";"Sistema Río Colorado";"Cuencadel Río Colorado"
"BUTA RANQUIL";"BUTA RANQUIL";"COLORADO";"1975";"170.00";"2002";"Sistema Río Colorado";"Cuencadel Río Colorado"
"BUTA RANQUIL";"BUTA RANQUIL";"COLORADO";"1976";"123.76";"2002";"Sistema Río Colorado";"Cuencadel Río Colorado"
"BUTA RANQUIL";"BUTA RANQUIL";"COLORADO";"1977";"151.76";"2002";"Sistema Río Colorado";"Cuencadel Río Colorado"
"BUTA RANQUIL";"BUTA RANQUIL";"COLORADO";"1978";"182.00";"2002";"Sistema Río Colorado";"Cuencadel Río Colorado"
"BUTA RANQUIL";"BUTA RANQUIL";"COLORADO";"1979";"187.42";"2002";"Sistema Río Colorado";"Cuencadel Río Colorado"
"BUTA RANQUIL";"BUTA RANQUIL";"COLORADO";"1980";"217.17";"2002";"Sistema Río Colorado";"Cuencadel Río Colorado"
"BUTA RANQUIL";"BUTA RANQUIL";"COLORADO";"1981";"164.00";"2002";"Sistema Río Colorado";"Cuencadel Río Colorado"
"BUTA RANQUIL";"BUTA RANQUIL";"COLORADO";"1982";"210.68";"2002";"Sistema Río Colorado";"Cuencadel Río Colorado"
"BUTA RANQUIL";"BUTA RANQUIL";"COLORADO";"1983";"226.00";"2002";"Sistema Río Colorado";"Cuencadel Río Colorado"
"BUTA RANQUIL";"BUTA RANQUIL";"COLORADO";"1984";"160.01";"2002";"Sistema Río Colorado";"Cuencadel Río Colorado"
"BUTA RANQUIL";"BUTA RANQUIL";"COLORADO";"1985";"145.76";"2002";"Sistema Río Colorado";"Cuencadel Río Colorado"
"BUTA RANQUIL";"BUTA RANQUIL";"COLORADO";"1986";"158.32";"2002";"Sistema Río Colorado";"Cuencadel Río Colorado"
"BUTA RANQUIL";"BUTA RANQUIL";"COLORADO";"1987";"200.75";"2002";"Sistema Río Colorado";"Cuencadel Río Colorado"
"BUTA RANQUIL";"BUTA RANQUIL";"COLORADO";"1988";"144.08";"2002";"Sistema Río Colorado";"Cuencadel Río Colorado"
"BUTA RANQUIL";"BUTA RANQUIL";"COLORADO";"1989";"97.5";"2002";"Sistema Río Colorado";"Cuencadel Río Colorado"
"BUTA RANQUIL";"BUTA RANQUIL";"COLORADO";"1990";"87.39";"2002";"Sistema Río Colorado";"Cuencadel Río Colorado"
"BUTA RANQUIL";"BUTA RANQUIL";"COLORADO";"1991";"127.94";"2002";"Sistema Río Colorado";"Cuencadel Río Colorado"
"BUTA RANQUIL";"BUTA RANQUIL";"COLORADO";"1992";"177.28";"2002";"Sistema Río Colorado";"Cuencadel Río Colorado"
"BUTA RANQUIL";"BUTA RANQUIL";"COLORADO";"1993";"157.16";"2002";"Sistema Río Colorado";"Cuencadel Río Colorado"
"BUTA RANQUIL";"BUTA RANQUIL";"COLORADO";"1994";"160.98";"2002";"Sistema Río Colorado";"Cuencadel Río Colorado"
"BUTA RANQUIL";"BUTA RANQUIL";"COLORADO";"1995";"158.12";"2002";"Sistema Río Colorado";"Cuencadel Río Colorado"
"BUTA RANQUIL";"BUTA RANQUIL";"COLORADO";"1996";"91.47";"2002";"Sistema Río Colorado";"Cuencadel Río Colorado"
"BUTA RANQUIL";"BUTA RANQUIL";"COLORADO";"1997";"144.1";"2002";"Sistema Río Colorado";"Cuencadel Río Colorado"
"BUTA RANQUIL";"BUTA RANQUIL";"COLORADO";"1998";"122.02";"2002";"Sistema Río Colorado";"Cuencadel Río Colorado"
"BUTA RANQUIL";"BUTA RANQUIL";"COLORADO";"1999";"101.08";"2002";"Sistema Río Colorado";"Cuencadel Río Colorado"
"BUTA RANQUIL";"BUTA RANQUIL";"COLORADO";"2000";"160.62";"2002";"Sistema Río Colorado";"Cuencadel Río Colorado"
"BUTA RANQUIL";"BUTA RANQUIL";"COLORADO";"2001";"206.37";"2002";"Sistema Río Colorado";"Cuencadel Río Colorado"
"BUTA RANQUIL";"BUTA RANQUIL";"COLORADO";"2002";"213.56";"2002";"Sistema Río Colorado";"Cuencadel Río Colorado"
"BUTA RANQUIL";"BUTA RANQUIL";"COLORADO";"2003";"167.28";"2002";"Sistema Río Colorado";"Cuencadel Río Colorado"
"BUTA RANQUIL";"BUTA RANQUIL";"COLORADO";"2004";"121.08";"2002";"Sistema Río Colorado";"Cuencadel Río Colorado"
"BUTA RANQUIL";"BUTA RANQUIL";"COLORADO";"2005";"194.9";"2002";"Sistema Río Colorado";"Cuencadel Río Colorado"
"BUTA RANQUIL";"BUTA RANQUIL";"COLORADO";"2006";"244.03";"2002";"Sistema Río Colorado";"Cuencadel Río Colorado"
"BUTA RANQUIL";"BUTA RANQUIL";"COLORADO";"2007";"148.62";"2002";"Sistema Río Colorado";"Cuencadel Río Colorado"
"BUTA RANQUIL";"BUTA RANQUIL";"COLORADO";"2008";"146.39";"2002";"Sistema Río Colorado";"Cuencadel Río Colorado"
"BUTA RANQUIL";"BUTA RANQUIL";"COLORADO";"2009";"151.59";"2002";"Sistema Río Colorado";"Cuencadel Río Colorado"
"BUTA RANQUIL";"BUTA RANQUIL";"COLORADO";"2010";"114.92";"2002";"Sistema Río Colorado";"Cuencadel Río Colorado"
"BUTA RANQUIL";"BUTA RANQUIL";"COLORADO";"2011";"86.13";"2002";"Sistema Río Colorado";"Cuencadel Río Colorado"
"BUTA RANQUIL";"BUTA RANQUIL";"COLORADO";"2012";"82.85";"2002";"Sistema Río Colorado";"Cuencadel Río Colorado"
"BUTA RANQUIL";"BUTA RANQUIL";"COLORADO";"2013";"70.04";"2002";"Sistema Río Colorado";"Cuencadel Río Colorado"
"BUTA RANQUIL";"BUTA RANQUIL";"COLORADO";"2014";"79.88";"2002";"Sistema Río Colorado";"Cuencadel Río Colorado"
"BUTA RANQUIL";"BUTA RANQUIL";"COLORADO";"2015";"92.01";"2002";"Sistema Río Colorado";"Cuencadel Río Colorado"
"BUTA RANQUIL";"BUTA RANQUIL";"COLORADO";"2016";"97.58";"2002";"Sistema Río Colorado";"Cuencadel Río Colorado"
"BUTA RANQUIL";"BUTA RANQUIL";"COLORADO";"2017";"75.04";"2002";"Sistema Río Colorado";"Cuencadel Río Colorado"
"BUTA RANQUIL";"BUTA RANQUIL";"COLORADO";"2018";"88.24";"2002";"Sistema Río Colorado";"Cuencadel Río Colorado"
"BUTA RANQUIL";"BUTA RANQUIL";"COLORADO";"2019";"67.06";"2002";"Sistema Río Colorado";"Cuencadel Río Colorado"
"BUTA RANQUIL";"BUTA RANQUIL";"COLORADO";"2020";"77.30";"2002";"Sistema Río Colorado";"Cuencadel Río Colorado"
"PASO DE INDIOS";"PASO DE INDIOS";"NEUQUEN";"1970";"217.92";"2004";"Sistema Río Negro";"Cuencadel Río Neuquén"
"PASO DE INDIOS";"PASO DE INDIOS";"NEUQUEN";"1971";"300.34";"2004";"Sistema Río Negro";"Cuencadel Río Neuquén"
"PASO DE INDIOS";"PASO DE INDIOS";"NEUQUEN";"1972";"549.66";"2004";"Sistema Río Negro";"Cuencadel Río Neuquén"
"PASO DE INDIOS";"PASO DE INDIOS";"NEUQUEN";"1973";"272.00";"2004";"Sistema Río Negro";"Cuencadel Río Neuquén"
"PASO DE INDIOS";"PASO DE INDIOS";"NEUQUEN";"1974";"259.33";"2004";"Sistema Río Negro";"Cuencadel Río Neuquén"
"PASO DE INDIOS";"PASO DE INDIOS";"NEUQUEN";"1975";"374.25";"2004";"Sistema Río Negro";"Cuencadel Río Neuquén"
"PASO DE INDIOS";"PASO DE INDIOS";"NEUQUEN";"1976";"225.58";"2004";"Sistema Río Negro";"Cuencadel Río Neuquén"
"PASO DE INDIOS";"PASO DE INDIOS";"NEUQUEN";"1977";"347.91";"2004";"Sistema Río Negro";"Cuencadel Río Neuquén"
"PASO DE INDIOS";"PASO DE INDIOS";"NEUQUEN";"1978";"316.08";"2004";"Sistema Río Negro";"Cuencadel Río Neuquén"
"PASO DE INDIOS";"PASO DE INDIOS";"NEUQUEN";"1979";"327.32";"2004";"Sistema Río Negro";"Cuencadel Río Neuquén"
"PASO DE INDIOS";"PASO DE INDIOS";"NEUQUEN";"1980";"420.24";"2004";"Sistema Río Negro";"Cuencadel Río Neuquén"
"PASO DE INDIOS";"PASO DE INDIOS";"NEUQUEN";"1981";"305.59";"2004";"Sistema Río Negro";"Cuencadel Río Neuquén"
"PASO DE INDIOS";"PASO DE INDIOS";"NEUQUEN";"1982";"440.75";"2004";"Sistema Río Negro";"Cuencadel Río Neuquén"
"PASO DE INDIOS";"PASO DE INDIOS";"NEUQUEN";"1983";"321.01";"2004";"Sistema Río Negro";"Cuencadel Río Neuquén"
"PASO DE INDIOS";"PASO DE INDIOS";"NEUQUEN";"1984";"343.34";"2004";"Sistema Río Negro";"Cuencadel Río Neuquén"
"PASO DE INDIOS";"PASO DE INDIOS";"NEUQUEN";"1985";"268.92";"2004";"Sistema Río Negro";"Cuencadel Río Neuquén"
"PASO DE INDIOS";"PASO DE INDIOS";"NEUQUEN";"1986";"361.59";"2004";"Sistema Río Negro";"Cuencadel Río Neuquén"
"PASO DE INDIOS";"PASO DE INDIOS";"NEUQUEN";"1987";"328.99";"2004";"Sistema Río Negro";"Cuencadel Río Neuquén"
"PASO DE INDIOS";"PASO DE INDIOS";"NEUQUEN";"1988";"237.85";"2004";"Sistema Río Negro";"Cuencadel Río Neuquén"
"PASO DE INDIOS";"PASO DE INDIOS";"NEUQUEN";"1989";"178.58";"2004";"Sistema Río Negro";"Cuencadel Río Neuquén"
"PASO DE INDIOS";"PASO DE INDIOS";"NEUQUEN";"1990";"185.23";"2004";"Sistema Río Negro";"Cuencadel Río Neuquén"
"PASO DE INDIOS";"PASO DE INDIOS";"NEUQUEN";"1991";"315.49";"2004";"Sistema Río Negro";"Cuencadel Río Neuquén"
"PASO DE INDIOS";"PASO DE INDIOS";"NEUQUEN";"1992";"333.67";"2004";"Sistema Río Negro";"Cuencadel Río Neuquén"
"PASO DE INDIOS";"PASO DE INDIOS";"NEUQUEN";"1993";"406.91";"2004";"Sistema Río Negro";"Cuencadel Río Neuquén"
"PASO DE INDIOS";"PASO DE INDIOS";"NEUQUEN";"1994";"334.06";"2004";"Sistema Río Negro";"Cuencadel Río Neuquén"
"PASO DE INDIOS";"PASO DE INDIOS";"NEUQUEN";"1995";"316.94";"2004";"Sistema Río Negro";"Cuencadel Río Neuquén"
"PASO DE INDIOS";"PASO DE INDIOS";"NEUQUEN";"1996";"140.81";"2004";"Sistema Río Negro";"Cuencadel Río Neuquén"
"PASO DE INDIOS";"PASO DE INDIOS";"NEUQUEN";"1997";"296.94";"2004";"Sistema Río Negro";"Cuencadel Río Neuquén"
"PASO DE INDIOS";"PASO DE INDIOS";"NEUQUEN";"1998";"100.15";"2004";"Sistema Río Negro";"Cuencadel Río Neuquén"
"PASO DE INDIOS";"PASO DE INDIOS";"NEUQUEN";"1999";"224.68";"2004";"Sistema Río Negro";"Cuencadel Río Neuquén"
"PASO DE INDIOS";"PASO DE INDIOS";"NEUQUEN";"2000";"357.14";"2004";"Sistema Río Negro";"Cuencadel Río Neuquén"
"PASO DE INDIOS";"PASO DE INDIOS";"NEUQUEN";"2001";"436.63";"2004";"Sistema Río Negro";"Cuencadel Río Neuquén"
"PASO DE INDIOS";"PASO DE INDIOS";"NEUQUEN";"2002";"449.37";"2004";"Sistema Río Negro";"Cuencadel Río Neuquén"
"PASO DE INDIOS";"PASO DE INDIOS";"NEUQUEN";"2003";"264.58";"2004";"Sistema Río Negro";"Cuencadel Río Neuquén"
"PASO DE INDIOS";"PASO DE INDIOS";"NEUQUEN";"2004";"242.12";"2004";"Sistema Río Negro";"Cuencadel Río Neuquén"
"PASO DE INDIOS";"PASO DE INDIOS";"NEUQUEN";"2005";"397.00";"2004";"Sistema Río Negro";"Cuencadel Río Neuquén"
"PASO DE INDIOS";"PASO DE INDIOS";"NEUQUEN";"2006";"474.82";"2004";"Sistema Río Negro";"Cuencadel Río Neuquén"
"PASO DE INDIOS";"PASO DE INDIOS";"NEUQUEN";"2007";"182.24";"2004";"Sistema Río Negro";"Cuencadel Río Neuquén"
"PASO DE INDIOS";"PASO DE INDIOS";"NEUQUEN";"2008";"340.52";"2004";"Sistema Río Negro";"Cuencadel Río Neuquén"
"PASO DE INDIOS";"PASO DE INDIOS";"NEUQUEN";"2009";"285.35";"2004";"Sistema Río Negro";"Cuencadel Río Neuquén"
"PASO DE INDIOS";"PASO DE INDIOS";"NEUQUEN";"2010";"154.51";"2004";"Sistema Río Negro";"Cuencadel Río Neuquén"
"PASO DE INDIOS";"PASO DE INDIOS";"NEUQUEN";"2011";"203.22";"2004";"Sistema Río Negro";"Cuencadel Río Neuquén"
"PASO DE INDIOS";"PASO DE INDIOS";"NEUQUEN";"2012";"157.23";"2004";"Sistema Río Negro";"Cuencadel Río Neuquén"
"PASO DE INDIOS";"PASO DE INDIOS";"NEUQUEN";"2013";"204.29";"2004";"Sistema Río Negro";"Cuencadel Río Neuquén"
"PASO DE INDIOS";"PASO DE INDIOS";"NEUQUEN";"2014";"216.96";"2004";"Sistema Río Negro";"Cuencadel Río Neuquén"
"PASO DE INDIOS";"PASO DE INDIOS";"NEUQUEN";"2015";"233.34";"2004";"Sistema Río Negro";"Cuencadel Río Neuquén"
"PASO DE INDIOS";"PASO DE INDIOS";"NEUQUEN";"2016";"123.76";"2004";"Sistema Río Negro";"Cuencadel Río Neuquén"
"PASO DE INDIOS";"PASO DE INDIOS";"NEUQUEN";"2017";"177.26";"2004";"Sistema Río Negro";"Cuencadel Río Neuquén"
"PASO DE INDIOS";"PASO DE INDIOS";"NEUQUEN";"2018";"182.1";"2004";"Sistema Río Negro";"Cuencadel Río Neuquén"
"PASO DE INDIOS";"PASO DE INDIOS";"NEUQUEN";"2019";"151.44";"2004";"Sistema Río Negro";"Cuencadel Río Neuquén"
"PASO DE INDIOS";"PASO DE INDIOS";"NEUQUEN";"2020";"175.12";"2004";"Sistema Río Negro";"Cuencadel Río Neuquén"
"NACIENTE";"NACIENTE";"CHIMEHUIN";"1970";"63.28";"2005";"Sistema Río Negro";"Cuencadel Río Limay"
"NACIENTE";"NACIENTE";"CHIMEHUIN";"1971";"80.77";"2005";"Sistema Río Negro";"Cuencadel Río Limay"
"NACIENTE";"NACIENTE";"CHIMEHUIN";"1972";"83.08";"2005";"Sistema Río Negro";"Cuencadel Río Limay"
"NACIENTE";"NACIENTE";"CHIMEHUIN";"1973";"59.32";"2005";"Sistema Río Negro";"Cuencadel Río Limay"
"NACIENTE";"NACIENTE";"CHIMEHUIN";"1974";"54.87";"2005";"Sistema Río Negro";"Cuencadel Río Limay"
"NACIENTE";"NACIENTE";"CHIMEHUIN";"1975";"63.66";"2005";"Sistema Río Negro";"Cuencadel Río Limay"
"NACIENTE";"NACIENTE";"CHIMEHUIN";"1976";"61.99";"2005";"Sistema Río Negro";"Cuencadel Río Limay"
"NACIENTE";"NACIENTE";"CHIMEHUIN";"1977";"73.86";"2005";"Sistema Río Negro";"Cuencadel Río Limay"
"NACIENTE";"NACIENTE";"CHIMEHUIN";"1978";"68.4";"2005";"Sistema Río Negro";"Cuencadel Río Limay"
"NACIENTE";"NACIENTE";"CHIMEHUIN";"1979";"68.77";"2005";"Sistema Río Negro";"Cuencadel Río Limay"
"NACIENTE";"NACIENTE";"CHIMEHUIN";"1980";"81.17";"2005";"Sistema Río Negro";"Cuencadel Río Limay"
"NACIENTE";"NACIENTE";"CHIMEHUIN";"1981";"66.92";"2005";"Sistema Río Negro";"Cuencadel Río Limay"
"NACIENTE";"NACIENTE";"CHIMEHUIN";"1982";"71.09";"2005";"Sistema Río Negro";"Cuencadel Río Limay"
"NACIENTE";"NACIENTE";"CHIMEHUIN";"1983";"29.53";"2005";"Sistema Río Negro";"Cuencadel Río Limay"
"NACIENTE";"NACIENTE";"CHIMEHUIN";"1984";"96.03";"2005";"Sistema Río Negro";"Cuencadel Río Limay"
"NACIENTE";"NACIENTE";"CHIMEHUIN";"1985";"65.85";"2005";"Sistema Río Negro";"Cuencadel Río Limay"
"NACIENTE";"NACIENTE";"CHIMEHUIN";"1986";"67.29";"2005";"Sistema Río Negro";"Cuencadel Río Limay"
"NACIENTE";"NACIENTE";"CHIMEHUIN";"1987";"51.76";"2005";"Sistema Río Negro";"Cuencadel Río Limay"
"NACIENTE";"NACIENTE";"CHIMEHUIN";"1988";"43.95";"2005";"Sistema Río Negro";"Cuencadel Río Limay"
"NACIENTE";"NACIENTE";"CHIMEHUIN";"1989";"36.23";"2005";"Sistema Río Negro";"Cuencadel Río Limay"
"NACIENTE";"NACIENTE";"CHIMEHUIN";"1990";"39.08";"2005";"Sistema Río Negro";"Cuencadel Río Limay"
"NACIENTE";"NACIENTE";"CHIMEHUIN";"1991";"52.94";"2005";"Sistema Río Negro";"Cuencadel Río Limay"
"NACIENTE";"NACIENTE";"CHIMEHUIN";"1992";"55.95";"2005";"Sistema Río Negro";"Cuencadel Río Limay"
"NACIENTE";"NACIENTE";"CHIMEHUIN";"1993";"91.93";"2005";"Sistema Río Negro";"Cuencadel Río Limay"
"NACIENTE";"NACIENTE";"CHIMEHUIN";"1994";"77.16";"2005";"Sistema Río Negro";"Cuencadel Río Limay"
"NACIENTE";"NACIENTE";"CHIMEHUIN";"1995";"69.31";"2005";"Sistema Río Negro";"Cuencadel Río Limay"
"NACIENTE";"NACIENTE";"CHIMEHUIN";"1996";"40.85";"2005";"Sistema Río Negro";"Cuencadel Río Limay"
"NACIENTE";"NACIENTE";"CHIMEHUIN";"1997";"79.33";"2005";"Sistema Río Negro";"Cuencadel Río Limay"
"NACIENTE";"NACIENTE";"CHIMEHUIN";"1998";"31.04";"2005";"Sistema Río Negro";"Cuencadel Río Limay"
"NACIENTE";"NACIENTE";"CHIMEHUIN";"1999";"47.08";"2005";"Sistema Río Negro";"Cuencadel Río Limay"
"NACIENTE";"NACIENTE";"CHIMEHUIN";"2000";"68.63";"2005";"Sistema Río Negro";"Cuencadel Río Limay"
"NACIENTE";"NACIENTE";"CHIMEHUIN";"2001";"74.82";"2005";"Sistema Río Negro";"Cuencadel Río Limay"
"NACIENTE";"NACIENTE";"CHIMEHUIN";"2002";"77.06";"2005";"Sistema Río Negro";"Cuencadel Río Limay"
"NACIENTE";"NACIENTE";"CHIMEHUIN";"2003";"66.2";"2005";"Sistema Río Negro";"Cuencadel Río Limay"
"NACIENTE";"NACIENTE";"CHIMEHUIN";"2004";"24.67";"2005";"Sistema Río Negro";"Cuencadel Río Limay"
"NACIENTE";"NACIENTE";"CHIMEHUIN";"2006";"61.45";"2005";"Sistema Río Negro";"Cuencadel Río Limay"
"NACIENTE";"NACIENTE";"CHIMEHUIN";"2007";"53.00";"2005";"Sistema Río Negro";"Cuencadel Río Limay"
"NACIENTE";"NACIENTE";"CHIMEHUIN";"2008";"61.18";"2005";"Sistema Río Negro";"Cuencadel Río Limay"
"NACIENTE";"NACIENTE";"CHIMEHUIN";"2009";"76.19";"2005";"Sistema Río Negro";"Cuencadel Río Limay"
"NACIENTE";"NACIENTE";"CHIMEHUIN";"2010";"44.36";"2005";"Sistema Río Negro";"Cuencadel Río Limay"
"NACIENTE";"NACIENTE";"CHIMEHUIN";"2011";"41.1";"2005";"Sistema Río Negro";"Cuencadel Río Limay"
"BAJADA DEL AGRIO";"BAJADA DEL AGRIO";"AGRIO";"1970";"42.32";"2010";"Sistema Río Negro";"Cuencadel Río Neuquén"
"BAJADA DEL AGRIO";"BAJADA DEL AGRIO";"AGRIO";"1971";"60.9";"2010";"Sistema Río Negro";"Cuencadel Río Neuquén"
"BAJADA DEL AGRIO";"BAJADA DEL AGRIO";"AGRIO";"1972";"116.29";"2010";"Sistema Río Negro";"Cuencadel Río Neuquén"
"BAJADA DEL AGRIO";"BAJADA DEL AGRIO";"AGRIO";"1973";"60.32";"2010";"Sistema Río Negro";"Cuencadel Río Neuquén"
"BAJADA DEL AGRIO";"BAJADA DEL AGRIO";"AGRIO";"1974";"60.86";"2010";"Sistema Río Negro";"Cuencadel Río Neuquén"
"BAJADA DEL AGRIO";"BAJADA DEL AGRIO";"AGRIO";"1975";"80.86";"2010";"Sistema Río Negro";"Cuencadel Río Neuquén"
"BAJADA DEL AGRIO";"BAJADA DEL AGRIO";"AGRIO";"1976";"58.96";"2010";"Sistema Río Negro";"Cuencadel Río Neuquén"
"BAJADA DEL AGRIO";"BAJADA DEL AGRIO";"AGRIO";"1977";"80.15";"2010";"Sistema Río Negro";"Cuencadel Río Neuquén"
"BAJADA DEL AGRIO";"BAJADA DEL AGRIO";"AGRIO";"1978";"82.39";"2010";"Sistema Río Negro";"Cuencadel Río Neuquén"
"BAJADA DEL AGRIO";"BAJADA DEL AGRIO";"AGRIO";"1979";"91.32";"2010";"Sistema Río Negro";"Cuencadel Río Neuquén"
"BAJADA DEL AGRIO";"BAJADA DEL AGRIO";"AGRIO";"1980";"105.72";"2010";"Sistema Río Negro";"Cuencadel Río Neuquén"
"BAJADA DEL AGRIO";"BAJADA DEL AGRIO";"AGRIO";"1981";"88.7";"2010";"Sistema Río Negro";"Cuencadel Río Neuquén"
"BAJADA DEL AGRIO";"BAJADA DEL AGRIO";"AGRIO";"1982";"111.1";"2010";"Sistema Río Negro";"Cuencadel Río Neuquén"
"BAJADA DEL AGRIO";"BAJADA DEL AGRIO";"AGRIO";"1983";"75.84";"2010";"Sistema Río Negro";"Cuencadel Río Neuquén"
"BAJADA DEL AGRIO";"BAJADA DEL AGRIO";"AGRIO";"1984";"83.54";"2010";"Sistema Río Negro";"Cuencadel Río Neuquén"
"BAJADA DEL AGRIO";"BAJADA DEL AGRIO";"AGRIO";"1985";"75.58";"2010";"Sistema Río Negro";"Cuencadel Río Neuquén"
"BAJADA DEL AGRIO";"BAJADA DEL AGRIO";"AGRIO";"1986";"81.72";"2010";"Sistema Río Negro";"Cuencadel Río Neuquén"
"BAJADA DEL AGRIO";"BAJADA DEL AGRIO";"AGRIO";"1987";"77.01";"2010";"Sistema Río Negro";"Cuencadel Río Neuquén"
"BAJADA DEL AGRIO";"BAJADA DEL AGRIO";"AGRIO";"1988";"62.64";"2010";"Sistema Río Negro";"Cuencadel Río Neuquén"
"BAJADA DEL AGRIO";"BAJADA DEL AGRIO";"AGRIO";"1989";"52.61";"2010";"Sistema Río Negro";"Cuencadel Río Neuquén"
"BAJADA DEL AGRIO";"BAJADA DEL AGRIO";"AGRIO";"1990";"59.24";"2010";"Sistema Río Negro";"Cuencadel Río Neuquén"
"BAJADA DEL AGRIO";"BAJADA DEL AGRIO";"AGRIO";"1991";"75.31";"2010";"Sistema Río Negro";"Cuencadel Río Neuquén"
"BAJADA DEL AGRIO";"BAJADA DEL AGRIO";"AGRIO";"1992";"76.08";"2010";"Sistema Río Negro";"Cuencadel Río Neuquén"
"BAJADA DEL AGRIO";"BAJADA DEL AGRIO";"AGRIO";"1993";"117.14";"2010";"Sistema Río Negro";"Cuencadel Río Neuquén"
"BAJADA DEL AGRIO";"BAJADA DEL AGRIO";"AGRIO";"1994";"98.18";"2010";"Sistema Río Negro";"Cuencadel Río Neuquén"
"BAJADA DEL AGRIO";"BAJADA DEL AGRIO";"AGRIO";"1995";"92.44";"2010";"Sistema Río Negro";"Cuencadel Río Neuquén"
"BAJADA DEL AGRIO";"BAJADA DEL AGRIO";"AGRIO";"1996";"47.99";"2010";"Sistema Río Negro";"Cuencadel Río Neuquén"
"BAJADA DEL AGRIO";"BAJADA DEL AGRIO";"AGRIO";"1997";"90.00";"2010";"Sistema Río Negro";"Cuencadel Río Neuquén"
"BAJADA DEL AGRIO";"BAJADA DEL AGRIO";"AGRIO";"1998";"38.33";"2010";"Sistema Río Negro";"Cuencadel Río Neuquén"
"BAJADA DEL AGRIO";"BAJADA DEL AGRIO";"AGRIO";"1999";"64.46";"2010";"Sistema Río Negro";"Cuencadel Río Neuquén"
"BAJADA DEL AGRIO";"BAJADA DEL AGRIO";"AGRIO";"2000";"101.69";"2010";"Sistema Río Negro";"Cuencadel Río Neuquén"
"BAJADA DEL AGRIO";"BAJADA DEL AGRIO";"AGRIO";"2001";"116.4";"2010";"Sistema Río Negro";"Cuencadel Río Neuquén"
"BAJADA DEL AGRIO";"BAJADA DEL AGRIO";"AGRIO";"2002";"110.88";"2010";"Sistema Río Negro";"Cuencadel Río Neuquén"
"BAJADA DEL AGRIO";"BAJADA DEL AGRIO";"AGRIO";"2003";"82.04";"2010";"Sistema Río Negro";"Cuencadel Río Neuquén"
"BAJADA DEL AGRIO";"BAJADA DEL AGRIO";"AGRIO";"2004";"87.78";"2010";"Sistema Río Negro";"Cuencadel Río Neuquén"
"BAJADA DEL AGRIO";"BAJADA DEL AGRIO";"AGRIO";"2005";"102.65";"2010";"Sistema Río Negro";"Cuencadel Río Neuquén"
"BAJADA DEL AGRIO";"BAJADA DEL AGRIO";"AGRIO";"2006";"107.95";"2010";"Sistema Río Negro";"Cuencadel Río Neuquén"
"BAJADA DEL AGRIO";"BAJADA DEL AGRIO";"AGRIO";"2007";"57.94";"2010";"Sistema Río Negro";"Cuencadel Río Neuquén"
"BAJADA DEL AGRIO";"BAJADA DEL AGRIO";"AGRIO";"2008";"75.53";"2010";"Sistema Río Negro";"Cuencadel Río Neuquén"
"BAJADA DEL AGRIO";"BAJADA DEL AGRIO";"AGRIO";"2009";"83.37";"2010";"Sistema Río Negro";"Cuencadel Río Neuquén"
"BAJADA DEL AGRIO";"BAJADA DEL AGRIO";"AGRIO";"2010";"53.57";"2010";"Sistema Río Negro";"Cuencadel Río Neuquén"
"BAJADA DEL AGRIO";"BAJADA DEL AGRIO";"AGRIO";"2011";"60.39";"2010";"Sistema Río Negro";"Cuencadel Río Neuquén"
"BAJADA DEL AGRIO";"BAJADA DEL AGRIO";"AGRIO";"2012";"43.49";"2010";"Sistema Río Negro";"Cuencadel Río Neuquén"
"BAJADA DEL AGRIO";"BAJADA DEL AGRIO";"AGRIO";"2013";"14.66";"2010";"Sistema Río Negro";"Cuencadel Río Neuquén"
"BAJADA DEL AGRIO";"BAJADA DEL AGRIO";"AGRIO";"2014";"64.29";"2010";"Sistema Río Negro";"Cuencadel Río Neuquén"
"BAJADA DEL AGRIO";"BAJADA DEL AGRIO";"AGRIO";"2015";"61.32";"2010";"Sistema Río Negro";"Cuencadel Río Neuquén"
"BAJADA DEL AGRIO";"BAJADA DEL AGRIO";"AGRIO";"2016";"34.66";"2010";"Sistema Río Negro";"Cuencadel Río Neuquén"
"BAJADA DEL AGRIO";"BAJADA DEL AGRIO";"AGRIO";"2017";"43.62";"2010";"Sistema Río Negro";"Cuencadel Río Neuquén"
"BAJADA DEL AGRIO";"BAJADA DEL AGRIO";"AGRIO";"2018";"46.57";"2010";"Sistema Río Negro";"Cuencadel Río Neuquén"
"BAJADA DEL AGRIO";"BAJADA DEL AGRIO";"AGRIO";"2019";"56.09";"2010";"Sistema Río Negro";"Cuencadel Río Neuquén"
"BAJADA DEL AGRIO";"BAJADA DEL AGRIO";"AGRIO";"2020";"45.14";"2010";"Sistema Río Negro";"Cuencadel Río Neuquén"
"LOS MAITENES";"LOS MAITENES";"CURILEUVU";"1989";"10.12";"2012";"Sistema Río Negro";"Cuencadel Río Neuquén"
"LOS MAITENES";"LOS MAITENES";"CURILEUVU";"1990";"11.08";"2012";"Sistema Río Negro";"Cuencadel Río Neuquén"
"LOS MAITENES";"LOS MAITENES";"CURILEUVU";"1991";"16.5";"2012";"Sistema Río Negro";"Cuencadel Río Neuquén"
"LOS MAITENES";"LOS MAITENES";"CURILEUVU";"1992";"16.51";"2012";"Sistema Río Negro";"Cuencadel Río Neuquén"
"LOS MAITENES";"LOS MAITENES";"CURILEUVU";"1993";"26.97";"2012";"Sistema Río Negro";"Cuencadel Río Neuquén"
"LOS MAITENES";"LOS MAITENES";"CURILEUVU";"1994";"22.98";"2012";"Sistema Río Negro";"Cuencadel Río Neuquén"
"LOS MAITENES";"LOS MAITENES";"CURILEUVU";"1995";"17.43";"2012";"Sistema Río Negro";"Cuencadel Río Neuquén"
"LOS MAITENES";"LOS MAITENES";"CURILEUVU";"1996";"8.45";"2012";"Sistema Río Negro";"Cuencadel Río Neuquén"
"LOS MAITENES";"LOS MAITENES";"CURILEUVU";"1997";"20.28";"2012";"Sistema Río Negro";"Cuencadel Río Neuquén"
"LOS MAITENES";"LOS MAITENES";"CURILEUVU";"1998";"6.06";"2012";"Sistema Río Negro";"Cuencadel Río Neuquén"
"LOS MAITENES";"LOS MAITENES";"CURILEUVU";"1999";"11.21";"2012";"Sistema Río Negro";"Cuencadel Río Neuquén"
"LOS MAITENES";"LOS MAITENES";"CURILEUVU";"2000";"21.88";"2012";"Sistema Río Negro";"Cuencadel Río Neuquén"
"LOS MAITENES";"LOS MAITENES";"CURILEUVU";"2001";"23.42";"2012";"Sistema Río Negro";"Cuencadel Río Neuquén"
"LOS MAITENES";"LOS MAITENES";"CURILEUVU";"2002";"25.79";"2012";"Sistema Río Negro";"Cuencadel Río Neuquén"
"LOS MAITENES";"LOS MAITENES";"CURILEUVU";"2003";"14.24";"2012";"Sistema Río Negro";"Cuencadel Río Neuquén"
"LOS MAITENES";"LOS MAITENES";"CURILEUVU";"2004";"2.89";"2012";"Sistema Río Negro";"Cuencadel Río Neuquén"
"LOS MAITENES";"LOS MAITENES";"CURILEUVU";"2006";"38.6";"2012";"Sistema Río Negro";"Cuencadel Río Neuquén"
"LOS MAITENES";"LOS MAITENES";"CURILEUVU";"2007";"8.79";"2012";"Sistema Río Negro";"Cuencadel Río Neuquén"
"LOS MAITENES";"LOS MAITENES";"CURILEUVU";"2008";"15.53";"2012";"Sistema Río Negro";"Cuencadel Río Neuquén"
"LOS MAITENES";"LOS MAITENES";"CURILEUVU";"2009";"17.11";"2012";"Sistema Río Negro";"Cuencadel Río Neuquén"
"LOS MAITENES";"LOS MAITENES";"CURILEUVU";"2010";"9.31";"2012";"Sistema Río Negro";"Cuencadel Río Neuquén"
"LOS MAITENES";"LOS MAITENES";"CURILEUVU";"2011";"16.74";"2012";"Sistema Río Negro";"Cuencadel Río Neuquén"
"CUYIN MANZANO";"CUYIN MANZANO";"CUYIN MANZANO";"1971";"19.2";"2021";"Sistema Río Negro";"Cuencadel Río Limay"
"CUYIN MANZANO";"CUYIN MANZANO";"CUYIN MANZANO";"1972";"12.14";"2021";"Sistema Río Negro";"Cuencadel Río Limay"
"CUYIN MANZANO";"CUYIN MANZANO";"CUYIN MANZANO";"1973";"9.57";"2021";"Sistema Río Negro";"Cuencadel Río Limay"
"CUYIN MANZANO";"CUYIN MANZANO";"CUYIN MANZANO";"1974";"5.8";"2021";"Sistema Río Negro";"Cuencadel Río Limay"
"CUYIN MANZANO";"CUYIN MANZANO";"CUYIN MANZANO";"1975";"8.2";"2021";"Sistema Río Negro";"Cuencadel Río Limay"
"CUYIN MANZANO";"CUYIN MANZANO";"CUYIN MANZANO";"1976";"7.17";"2021";"Sistema Río Negro";"Cuencadel Río Limay"
"CUYIN MANZANO";"CUYIN MANZANO";"CUYIN MANZANO";"1977";"10.31";"2021";"Sistema Río Negro";"Cuencadel Río Limay"
"CUYIN MANZANO";"CUYIN MANZANO";"CUYIN MANZANO";"1978";"12.85";"2021";"Sistema Río Negro";"Cuencadel Río Limay"
"CUYIN MANZANO";"CUYIN MANZANO";"CUYIN MANZANO";"1979";"11.55";"2021";"Sistema Río Negro";"Cuencadel Río Limay"
"CUYIN MANZANO";"CUYIN MANZANO";"CUYIN MANZANO";"1980";"12.81";"2021";"Sistema Río Negro";"Cuencadel Río Limay"
"CUYIN MANZANO";"CUYIN MANZANO";"CUYIN MANZANO";"1981";"10.36";"2021";"Sistema Río Negro";"Cuencadel Río Limay"
"CUYIN MANZANO";"CUYIN MANZANO";"CUYIN MANZANO";"1982";"11.33";"2021";"Sistema Río Negro";"Cuencadel Río Limay"
"CUYIN MANZANO";"CUYIN MANZANO";"CUYIN MANZANO";"1983";"8.12";"2021";"Sistema Río Negro";"Cuencadel Río Limay"
"CUYIN MANZANO";"CUYIN MANZANO";"CUYIN MANZANO";"1984";"13.88";"2021";"Sistema Río Negro";"Cuencadel Río Limay"
"CUYIN MANZANO";"CUYIN MANZANO";"CUYIN MANZANO";"1985";"9.44";"2021";"Sistema Río Negro";"Cuencadel Río Limay"
"CUYIN MANZANO";"CUYIN MANZANO";"CUYIN MANZANO";"1986";"9.64";"2021";"Sistema Río Negro";"Cuencadel Río Limay"
"CUYIN MANZANO";"CUYIN MANZANO";"CUYIN MANZANO";"1987";"8.39";"2021";"Sistema Río Negro";"Cuencadel Río Limay"
"CUYIN MANZANO";"CUYIN MANZANO";"CUYIN MANZANO";"1988";"5.37";"2021";"Sistema Río Negro";"Cuencadel Río Limay"
"CUYIN MANZANO";"CUYIN MANZANO";"CUYIN MANZANO";"1989";"8.78";"2021";"Sistema Río Negro";"Cuencadel Río Limay"
"CUYIN MANZANO";"CUYIN MANZANO";"CUYIN MANZANO";"1990";"8.22";"2021";"Sistema Río Negro";"Cuencadel Río Limay"
"CUYIN MANZANO";"CUYIN MANZANO";"CUYIN MANZANO";"1991";"9.97";"2021";"Sistema Río Negro";"Cuencadel Río Limay"
"CUYIN MANZANO";"CUYIN MANZANO";"CUYIN MANZANO";"1992";"8.27";"2021";"Sistema Río Negro";"Cuencadel Río Limay"
"CUYIN MANZANO";"CUYIN MANZANO";"CUYIN MANZANO";"1993";"13.09";"2021";"Sistema Río Negro";"Cuencadel Río Limay"
"CUYIN MANZANO";"CUYIN MANZANO";"CUYIN MANZANO";"1994";"11.23";"2021";"Sistema Río Negro";"Cuencadel Río Limay"
"CUYIN MANZANO";"CUYIN MANZANO";"CUYIN MANZANO";"1995";"11.45";"2021";"Sistema Río Negro";"Cuencadel Río Limay"
"CUYIN MANZANO";"CUYIN MANZANO";"CUYIN MANZANO";"1996";"4.12";"2021";"Sistema Río Negro";"Cuencadel Río Limay"
"CUYIN MANZANO";"CUYIN MANZANO";"CUYIN MANZANO";"1997";"14.62";"2021";"Sistema Río Negro";"Cuencadel Río Limay"
"CUYIN MANZANO";"CUYIN MANZANO";"CUYIN MANZANO";"1998";"2.7";"2021";"Sistema Río Negro";"Cuencadel Río Limay"
"CUYIN MANZANO";"CUYIN MANZANO";"CUYIN MANZANO";"1999";"7.87";"2021";"Sistema Río Negro";"Cuencadel Río Limay"
"CUYIN MANZANO";"CUYIN MANZANO";"CUYIN MANZANO";"2000";"9.5";"2021";"Sistema Río Negro";"Cuencadel Río Limay"
"CUYIN MANZANO";"CUYIN MANZANO";"CUYIN MANZANO";"2001";"15.63";"2021";"Sistema Río Negro";"Cuencadel Río Limay"
"CUYIN MANZANO";"CUYIN MANZANO";"CUYIN MANZANO";"2002";"14.81";"2021";"Sistema Río Negro";"Cuencadel Río Limay"
"CUYIN MANZANO";"CUYIN MANZANO";"CUYIN MANZANO";"2003";"9.52";"2021";"Sistema Río Negro";"Cuencadel Río Limay"
"CUYIN MANZANO";"CUYIN MANZANO";"CUYIN MANZANO";"2004";"2.59";"2021";"Sistema Río Negro";"Cuencadel Río Limay"
"CUYIN MANZANO";"CUYIN MANZANO";"CUYIN MANZANO";"2006";"9.92";"2021";"Sistema Río Negro";"Cuencadel Río Limay"
"CUYIN MANZANO";"CUYIN MANZANO";"CUYIN MANZANO";"2007";"7.66";"2021";"Sistema Río Negro";"Cuencadel Río Limay"
"CUYIN MANZANO";"CUYIN MANZANO";"CUYIN MANZANO";"2008";"11.53";"2021";"Sistema Río Negro";"Cuencadel Río Limay"
"CUYIN MANZANO";"CUYIN MANZANO";"CUYIN MANZANO";"2009";"15.75";"2021";"Sistema Río Negro";"Cuencadel Río Limay"
"CUYIN MANZANO";"CUYIN MANZANO";"CUYIN MANZANO";"2010";"4.71";"2021";"Sistema Río Negro";"Cuencadel Río Limay"
"CUYIN MANZANO";"CUYIN MANZANO";"CUYIN MANZANO";"2011";"6.21";"2021";"Sistema Río Negro";"Cuencadel Río Limay"
"MALLEO";"MALLEO";"MALLEO";"1973";"38.27";"2032";"Sistema Río Negro";"Cuencadel Río Limay"
"MALLEO";"MALLEO";"MALLEO";"1974";"25.18";"2032";"Sistema Río Negro";"Cuencadel Río Limay"
"MALLEO";"MALLEO";"MALLEO";"1975";"30.54";"2032";"Sistema Río Negro";"Cuencadel Río Limay"
"MALLEO";"MALLEO";"MALLEO";"1976";"26.21";"2032";"Sistema Río Negro";"Cuencadel Río Limay"
"MALLEO";"MALLEO";"MALLEO";"1977";"38.1";"2032";"Sistema Río Negro";"Cuencadel Río Limay"
"MALLEO";"MALLEO";"MALLEO";"1978";"29.86";"2032";"Sistema Río Negro";"Cuencadel Río Limay"
"MALLEO";"MALLEO";"MALLEO";"1979";"34.25";"2032";"Sistema Río Negro";"Cuencadel Río Limay"
"MALLEO";"MALLEO";"MALLEO";"1980";"42.25";"2032";"Sistema Río Negro";"Cuencadel Río Limay"
"MALLEO";"MALLEO";"MALLEO";"1981";"37.17";"2032";"Sistema Río Negro";"Cuencadel Río Limay"
"MALLEO";"MALLEO";"MALLEO";"1982";"44.24";"2032";"Sistema Río Negro";"Cuencadel Río Limay"
"MALLEO";"MALLEO";"MALLEO";"1983";"29.44";"2032";"Sistema Río Negro";"Cuencadel Río Limay"
"MALLEO";"MALLEO";"MALLEO";"1984";"45.00";"2032";"Sistema Río Negro";"Cuencadel Río Limay"
"MALLEO";"MALLEO";"MALLEO";"1985";"32.05";"2032";"Sistema Río Negro";"Cuencadel Río Limay"
"MALLEO";"MALLEO";"MALLEO";"1986";"38.78";"2032";"Sistema Río Negro";"Cuencadel Río Limay"
"MALLEO";"MALLEO";"MALLEO";"1987";"39.43";"2032";"Sistema Río Negro";"Cuencadel Río Limay"
"MALLEO";"MALLEO";"MALLEO";"1988";"25.76";"2032";"Sistema Río Negro";"Cuencadel Río Limay"
"MALLEO";"MALLEO";"MALLEO";"1989";"26.48";"2032";"Sistema Río Negro";"Cuencadel Río Limay"
"MALLEO";"MALLEO";"MALLEO";"1990";"33.47";"2032";"Sistema Río Negro";"Cuencadel Río Limay"
"MALLEO";"MALLEO";"MALLEO";"1991";"28.62";"2032";"Sistema Río Negro";"Cuencadel Río Limay"
"MALLEO";"MALLEO";"MALLEO";"1992";"30.54";"2032";"Sistema Río Negro";"Cuencadel Río Limay"
"MALLEO";"MALLEO";"MALLEO";"1993";"44.79";"2032";"Sistema Río Negro";"Cuencadel Río Limay"
"MALLEO";"MALLEO";"MALLEO";"1994";"37.89";"2032";"Sistema Río Negro";"Cuencadel Río Limay"
"MALLEO";"MALLEO";"MALLEO";"1995";"38.49";"2032";"Sistema Río Negro";"Cuencadel Río Limay"
"MALLEO";"MALLEO";"MALLEO";"1996";"20.36";"2032";"Sistema Río Negro";"Cuencadel Río Limay"
"MALLEO";"MALLEO";"MALLEO";"1997";"43.32";"2032";"Sistema Río Negro";"Cuencadel Río Limay"
"MALLEO";"MALLEO";"MALLEO";"1998";"15.47";"2032";"Sistema Río Negro";"Cuencadel Río Limay"
"MALLEO";"MALLEO";"MALLEO";"1999";"26.26";"2032";"Sistema Río Negro";"Cuencadel Río Limay"
"MALLEO";"MALLEO";"MALLEO";"2000";"37.18";"2032";"Sistema Río Negro";"Cuencadel Río Limay"
"MALLEO";"MALLEO";"MALLEO";"2001";"44.85";"2032";"Sistema Río Negro";"Cuencadel Río Limay"
"MALLEO";"MALLEO";"MALLEO";"2002";"53.77";"2032";"Sistema Río Negro";"Cuencadel Río Limay"
"MALLEO";"MALLEO";"MALLEO";"2003";"32.39";"2032";"Sistema Río Negro";"Cuencadel Río Limay"
"MALLEO";"MALLEO";"MALLEO";"2004";"8.11";"2032";"Sistema Río Negro";"Cuencadel Río Limay"
"MALLEO";"MALLEO";"MALLEO";"2006";"24.95";"2032";"Sistema Río Negro";"Cuencadel Río Limay"
"MALLEO";"MALLEO";"MALLEO";"2007";"22.66";"2032";"Sistema Río Negro";"Cuencadel Río Limay"
"MALLEO";"MALLEO";"MALLEO";"2008";"25.21";"2032";"Sistema Río Negro";"Cuencadel Río Limay"
"MALLEO";"MALLEO";"MALLEO";"2009";"39.35";"2032";"Sistema Río Negro";"Cuencadel Río Limay"
"MALLEO";"MALLEO";"MALLEO";"2010";"25.15";"2032";"Sistema Río Negro";"Cuencadel Río Limay"
"MALLEO";"MALLEO";"MALLEO";"2011";"23.28";"2032";"Sistema Río Negro";"Cuencadel Río Limay"
"LOS CARRIZOS";"LOS CARRIZOS";"NAHUEVE";"1974";"42.09";"2034";"Sistema Río Negro";"Cuencadel Río Neuquén"
"LOS CARRIZOS";"LOS CARRIZOS";"NAHUEVE";"1975";"49.25";"2034";"Sistema Río Negro";"Cuencadel Río Neuquén"
"LOS CARRIZOS";"LOS CARRIZOS";"NAHUEVE";"1976";"28.55";"2034";"Sistema Río Negro";"Cuencadel Río Neuquén"
"LOS CARRIZOS";"LOS CARRIZOS";"NAHUEVE";"1977";"53.5";"2034";"Sistema Río Negro";"Cuencadel Río Neuquén"
"LOS CARRIZOS";"LOS CARRIZOS";"NAHUEVE";"1978";"49.38";"2034";"Sistema Río Negro";"Cuencadel Río Neuquén"
"LOS CARRIZOS";"LOS CARRIZOS";"NAHUEVE";"1979";"50.83";"2034";"Sistema Río Negro";"Cuencadel Río Neuquén"
"LOS CARRIZOS";"LOS CARRIZOS";"NAHUEVE";"1980";"62.95";"2034";"Sistema Río Negro";"Cuencadel Río Neuquén"
"LOS CARRIZOS";"LOS CARRIZOS";"NAHUEVE";"1981";"43.73";"2034";"Sistema Río Negro";"Cuencadel Río Neuquén"
"LOS CARRIZOS";"LOS CARRIZOS";"NAHUEVE";"1982";"61.59";"2034";"Sistema Río Negro";"Cuencadel Río Neuquén"
"LOS CARRIZOS";"LOS CARRIZOS";"NAHUEVE";"1983";"41.55";"2034";"Sistema Río Negro";"Cuencadel Río Neuquén"
"LOS CARRIZOS";"LOS CARRIZOS";"NAHUEVE";"1984";"51.88";"2034";"Sistema Río Negro";"Cuencadel Río Neuquén"
"LOS CARRIZOS";"LOS CARRIZOS";"NAHUEVE";"1985";"37.39";"2034";"Sistema Río Negro";"Cuencadel Río Neuquén"
"LOS CARRIZOS";"LOS CARRIZOS";"NAHUEVE";"1986";"56.94";"2034";"Sistema Río Negro";"Cuencadel Río Neuquén"
"LOS CARRIZOS";"LOS CARRIZOS";"NAHUEVE";"1987";"50.22";"2034";"Sistema Río Negro";"Cuencadel Río Neuquén"
"LOS CARRIZOS";"LOS CARRIZOS";"NAHUEVE";"1988";"42.24";"2034";"Sistema Río Negro";"Cuencadel Río Neuquén"
"LOS CARRIZOS";"LOS CARRIZOS";"NAHUEVE";"1989";"24.41";"2034";"Sistema Río Negro";"Cuencadel Río Neuquén"
"LOS CARRIZOS";"LOS CARRIZOS";"NAHUEVE";"1990";"27.29";"2034";"Sistema Río Negro";"Cuencadel Río Neuquén"
"LOS CARRIZOS";"LOS CARRIZOS";"NAHUEVE";"1991";"48.3";"2034";"Sistema Río Negro";"Cuencadel Río Neuquén"
"LOS CARRIZOS";"LOS CARRIZOS";"NAHUEVE";"1992";"52.48";"2034";"Sistema Río Negro";"Cuencadel Río Neuquén"
"LOS CARRIZOS";"LOS CARRIZOS";"NAHUEVE";"1993";"63.39";"2034";"Sistema Río Negro";"Cuencadel Río Neuquén"
"LOS CARRIZOS";"LOS CARRIZOS";"NAHUEVE";"1994";"47.93";"2034";"Sistema Río Negro";"Cuencadel Río Neuquén"
"LOS CARRIZOS";"LOS CARRIZOS";"NAHUEVE";"1995";"48.47";"2034";"Sistema Río Negro";"Cuencadel Río Neuquén"
"LOS CARRIZOS";"LOS CARRIZOS";"NAHUEVE";"1996";"22.02";"2034";"Sistema Río Negro";"Cuencadel Río Neuquén"
"LOS CARRIZOS";"LOS CARRIZOS";"NAHUEVE";"1997";"53.37";"2034";"Sistema Río Negro";"Cuencadel Río Neuquén"
"LOS CARRIZOS";"LOS CARRIZOS";"NAHUEVE";"1998";"15.49";"2034";"Sistema Río Negro";"Cuencadel Río Neuquén"
"LOS CARRIZOS";"LOS CARRIZOS";"NAHUEVE";"1999";"31.07";"2034";"Sistema Río Negro";"Cuencadel Río Neuquén"
"LOS CARRIZOS";"LOS CARRIZOS";"NAHUEVE";"2000";"52.01";"2034";"Sistema Río Negro";"Cuencadel Río Neuquén"
"LOS CARRIZOS";"LOS CARRIZOS";"NAHUEVE";"2001";"58.74";"2034";"Sistema Río Negro";"Cuencadel Río Neuquén"
"LOS CARRIZOS";"LOS CARRIZOS";"NAHUEVE";"2002";"68.07";"2034";"Sistema Río Negro";"Cuencadel Río Neuquén"
"LOS CARRIZOS";"LOS CARRIZOS";"NAHUEVE";"2003";"35.81";"2034";"Sistema Río Negro";"Cuencadel Río Neuquén"
"LOS CARRIZOS";"LOS CARRIZOS";"NAHUEVE";"2004";"7.89";"2034";"Sistema Río Negro";"Cuencadel Río Neuquén"
"LOS CARRIZOS";"LOS CARRIZOS";"NAHUEVE";"2006";"61.31";"2034";"Sistema Río Negro";"Cuencadel Río Neuquén"
"LOS CARRIZOS";"LOS CARRIZOS";"NAHUEVE";"2007";"21.00";"2034";"Sistema Río Negro";"Cuencadel Río Neuquén"
"LOS CARRIZOS";"LOS CARRIZOS";"NAHUEVE";"2008";"34.25";"2034";"Sistema Río Negro";"Cuencadel Río Neuquén"
"LOS CARRIZOS";"LOS CARRIZOS";"NAHUEVE";"2009";"28.67";"2034";"Sistema Río Negro";"Cuencadel Río Neuquén"
"LOS CARRIZOS";"LOS CARRIZOS";"NAHUEVE";"2010";"13.73";"2034";"Sistema Río Negro";"Cuencadel Río Neuquén"
"LOS CARRIZOS";"LOS CARRIZOS";"NAHUEVE";"2011";"20.34";"2034";"Sistema Río Negro";"Cuencadel Río Neuquén"
"ANDACOLLO";"ANDACOLLO";"NEUQUEN";"1971";"145.46";"2036";"Sistema Río Negro";"Cuencadel Río Neuquén"
"ANDACOLLO";"ANDACOLLO";"NEUQUEN";"1972";"162.36";"2036";"Sistema Río Negro";"Cuencadel Río Neuquén"
"ANDACOLLO";"ANDACOLLO";"NEUQUEN";"1973";"130.27";"2036";"Sistema Río Negro";"Cuencadel Río Neuquén"
"ANDACOLLO";"ANDACOLLO";"NEUQUEN";"1974";"102.17";"2036";"Sistema Río Negro";"Cuencadel Río Neuquén"
"ANDACOLLO";"ANDACOLLO";"NEUQUEN";"1975";"148.55";"2036";"Sistema Río Negro";"Cuencadel Río Neuquén"
"ANDACOLLO";"ANDACOLLO";"NEUQUEN";"1976";"80.47";"2036";"Sistema Río Negro";"Cuencadel Río Neuquén"
"ANDACOLLO";"ANDACOLLO";"NEUQUEN";"1977";"133.98";"2036";"Sistema Río Negro";"Cuencadel Río Neuquén"
"ANDACOLLO";"ANDACOLLO";"NEUQUEN";"1978";"150.71";"2036";"Sistema Río Negro";"Cuencadel Río Neuquén"
"ANDACOLLO";"ANDACOLLO";"NEUQUEN";"1979";"118.73";"2036";"Sistema Río Negro";"Cuencadel Río Neuquén"
"ANDACOLLO";"ANDACOLLO";"NEUQUEN";"1980";"167.08";"2036";"Sistema Río Negro";"Cuencadel Río Neuquén"
"ANDACOLLO";"ANDACOLLO";"NEUQUEN";"1981";"98.46";"2036";"Sistema Río Negro";"Cuencadel Río Neuquén"
"ANDACOLLO";"ANDACOLLO";"NEUQUEN";"1982";"161.4";"2036";"Sistema Río Negro";"Cuencadel Río Neuquén"
"ANDACOLLO";"ANDACOLLO";"NEUQUEN";"1983";"139.51";"2036";"Sistema Río Negro";"Cuencadel Río Neuquén"
"ANDACOLLO";"ANDACOLLO";"NEUQUEN";"1984";"119.5";"2036";"Sistema Río Negro";"Cuencadel Río Neuquén"
"ANDACOLLO";"ANDACOLLO";"NEUQUEN";"1985";"103.97";"2036";"Sistema Río Negro";"Cuencadel Río Neuquén"
"ANDACOLLO";"ANDACOLLO";"NEUQUEN";"1986";"137.38";"2036";"Sistema Río Negro";"Cuencadel Río Neuquén"
"ANDACOLLO";"ANDACOLLO";"NEUQUEN";"1987";"135.37";"2036";"Sistema Río Negro";"Cuencadel Río Neuquén"
"ANDACOLLO";"ANDACOLLO";"NEUQUEN";"1988";"93.75";"2036";"Sistema Río Negro";"Cuencadel Río Neuquén"
"ANDACOLLO";"ANDACOLLO";"NEUQUEN";"1989";"58.03";"2036";"Sistema Río Negro";"Cuencadel Río Neuquén"
"ANDACOLLO";"ANDACOLLO";"NEUQUEN";"1990";"54.89";"2036";"Sistema Río Negro";"Cuencadel Río Neuquén"
"ANDACOLLO";"ANDACOLLO";"NEUQUEN";"1991";"74.53";"2036";"Sistema Río Negro";"Cuencadel Río Neuquén"
"ANDACOLLO";"ANDACOLLO";"NEUQUEN";"1992";"74.52";"2036";"Sistema Río Negro";"Cuencadel Río Neuquén"
"ANDACOLLO";"ANDACOLLO";"NEUQUEN";"1993";"124.08";"2036";"Sistema Río Negro";"Cuencadel Río Neuquén"
"ANDACOLLO";"ANDACOLLO";"NEUQUEN";"1994";"104.19";"2036";"Sistema Río Negro";"Cuencadel Río Neuquén"
"ANDACOLLO";"ANDACOLLO";"NEUQUEN";"1995";"127.6";"2036";"Sistema Río Negro";"Cuencadel Río Neuquén"
"ANDACOLLO";"ANDACOLLO";"NEUQUEN";"1996";"59.29";"2036";"Sistema Río Negro";"Cuencadel Río Neuquén"
"ANDACOLLO";"ANDACOLLO";"NEUQUEN";"1997";"152.72";"2036";"Sistema Río Negro";"Cuencadel Río Neuquén"
"ANDACOLLO";"ANDACOLLO";"NEUQUEN";"1998";"55.63";"2036";"Sistema Río Negro";"Cuencadel Río Neuquén"
"ANDACOLLO";"ANDACOLLO";"NEUQUEN";"1999";"95.04";"2036";"Sistema Río Negro";"Cuencadel Río Neuquén"
"ANDACOLLO";"ANDACOLLO";"NEUQUEN";"2000";"123.86";"2036";"Sistema Río Negro";"Cuencadel Río Neuquén"
"ANDACOLLO";"ANDACOLLO";"NEUQUEN";"2001";"143.56";"2036";"Sistema Río Negro";"Cuencadel Río Neuquén"
"ANDACOLLO";"ANDACOLLO";"NEUQUEN";"2002";"167.65";"2036";"Sistema Río Negro";"Cuencadel Río Neuquén"
"ANDACOLLO";"ANDACOLLO";"NEUQUEN";"2003";"82.27";"2036";"Sistema Río Negro";"Cuencadel Río Neuquén"
"ANDACOLLO";"ANDACOLLO";"NEUQUEN";"2004";"32.88";"2036";"Sistema Río Negro";"Cuencadel Río Neuquén"
"ANDACOLLO";"ANDACOLLO";"NEUQUEN";"2006";"151.14";"2036";"Sistema Río Negro";"Cuencadel Río Neuquén"
"ANDACOLLO";"ANDACOLLO";"NEUQUEN";"2007";"71.22";"2036";"Sistema Río Negro";"Cuencadel Río Neuquén"
"ANDACOLLO";"ANDACOLLO";"NEUQUEN";"2008";"101.54";"2036";"Sistema Río Negro";"Cuencadel Río Neuquén"
"ANDACOLLO";"ANDACOLLO";"NEUQUEN";"2009";"98.1";"2036";"Sistema Río Negro";"Cuencadel Río Neuquén"
"ANDACOLLO";"ANDACOLLO";"NEUQUEN";"2010";"57.44";"2036";"Sistema Río Negro";"Cuencadel Río Neuquén"
"ANDACOLLO";"ANDACOLLO";"NEUQUEN";"2011";"77.08";"2036";"Sistema Río Negro";"Cuencadel Río Neuquén"
"JUNIN DE LOS ANDES";"JUNIN DE LOS ANDES";"QUILQUIHUE";"1970";"36.06";"2040";"Sistema Río Negro";"Cuencadel Río Limay"
"JUNIN DE LOS ANDES";"JUNIN DE LOS ANDES";"QUILQUIHUE";"1971";"59.18";"2040";"Sistema Río Negro";"Cuencadel Río Limay"
"JUNIN DE LOS ANDES";"JUNIN DE LOS ANDES";"QUILQUIHUE";"1972";"45.01";"2040";"Sistema Río Negro";"Cuencadel Río Limay"
"JUNIN DE LOS ANDES";"JUNIN DE LOS ANDES";"QUILQUIHUE";"1973";"34.23";"2040";"Sistema Río Negro";"Cuencadel Río Limay"
"JUNIN DE LOS ANDES";"JUNIN DE LOS ANDES";"QUILQUIHUE";"1974";"26.36";"2040";"Sistema Río Negro";"Cuencadel Río Limay"
"JUNIN DE LOS ANDES";"JUNIN DE LOS ANDES";"QUILQUIHUE";"1975";"31.44";"2040";"Sistema Río Negro";"Cuencadel Río Limay"
"JUNIN DE LOS ANDES";"JUNIN DE LOS ANDES";"QUILQUIHUE";"1976";"27.93";"2040";"Sistema Río Negro";"Cuencadel Río Limay"
"JUNIN DE LOS ANDES";"JUNIN DE LOS ANDES";"QUILQUIHUE";"1977";"32.18";"2040";"Sistema Río Negro";"Cuencadel Río Limay"
"JUNIN DE LOS ANDES";"JUNIN DE LOS ANDES";"QUILQUIHUE";"1978";"33.68";"2040";"Sistema Río Negro";"Cuencadel Río Limay"
"JUNIN DE LOS ANDES";"JUNIN DE LOS ANDES";"QUILQUIHUE";"1979";"35.54";"2040";"Sistema Río Negro";"Cuencadel Río Limay"
"JUNIN DE LOS ANDES";"JUNIN DE LOS ANDES";"QUILQUIHUE";"1980";"40.19";"2040";"Sistema Río Negro";"Cuencadel Río Limay"
"JUNIN DE LOS ANDES";"JUNIN DE LOS ANDES";"QUILQUIHUE";"1981";"33.79";"2040";"Sistema Río Negro";"Cuencadel Río Limay"
"JUNIN DE LOS ANDES";"JUNIN DE LOS ANDES";"QUILQUIHUE";"1982";"34.74";"2040";"Sistema Río Negro";"Cuencadel Río Limay"
"JUNIN DE LOS ANDES";"JUNIN DE LOS ANDES";"QUILQUIHUE";"1983";"25.68";"2040";"Sistema Río Negro";"Cuencadel Río Limay"
"JUNIN DE LOS ANDES";"JUNIN DE LOS ANDES";"QUILQUIHUE";"1984";"40.16";"2040";"Sistema Río Negro";"Cuencadel Río Limay"
"JUNIN DE LOS ANDES";"JUNIN DE LOS ANDES";"QUILQUIHUE";"1985";"32.09";"2040";"Sistema Río Negro";"Cuencadel Río Limay"
"JUNIN DE LOS ANDES";"JUNIN DE LOS ANDES";"QUILQUIHUE";"1986";"36.86";"2040";"Sistema Río Negro";"Cuencadel Río Limay"
"JUNIN DE LOS ANDES";"JUNIN DE LOS ANDES";"QUILQUIHUE";"1987";"28.33";"2040";"Sistema Río Negro";"Cuencadel Río Limay"
"JUNIN DE LOS ANDES";"JUNIN DE LOS ANDES";"QUILQUIHUE";"1988";"20.01";"2040";"Sistema Río Negro";"Cuencadel Río Limay"
"JUNIN DE LOS ANDES";"JUNIN DE LOS ANDES";"QUILQUIHUE";"1989";"18.57";"2040";"Sistema Río Negro";"Cuencadel Río Limay"
"JUNIN DE LOS ANDES";"JUNIN DE LOS ANDES";"QUILQUIHUE";"1990";"24.59";"2040";"Sistema Río Negro";"Cuencadel Río Limay"
"JUNIN DE LOS ANDES";"JUNIN DE LOS ANDES";"QUILQUIHUE";"1991";"24.3";"2040";"Sistema Río Negro";"Cuencadel Río Limay"
"JUNIN DE LOS ANDES";"JUNIN DE LOS ANDES";"QUILQUIHUE";"1992";"27.31";"2040";"Sistema Río Negro";"Cuencadel Río Limay"
"JUNIN DE LOS ANDES";"JUNIN DE LOS ANDES";"QUILQUIHUE";"1993";"44.81";"2040";"Sistema Río Negro";"Cuencadel Río Limay"
"JUNIN DE LOS ANDES";"JUNIN DE LOS ANDES";"QUILQUIHUE";"1994";"36.93";"2040";"Sistema Río Negro";"Cuencadel Río Limay"
"JUNIN DE LOS ANDES";"JUNIN DE LOS ANDES";"QUILQUIHUE";"1995";"36.6";"2040";"Sistema Río Negro";"Cuencadel Río Limay"
"JUNIN DE LOS ANDES";"JUNIN DE LOS ANDES";"QUILQUIHUE";"1996";"19.91";"2040";"Sistema Río Negro";"Cuencadel Río Limay"
"JUNIN DE LOS ANDES";"JUNIN DE LOS ANDES";"QUILQUIHUE";"1997";"42.87";"2040";"Sistema Río Negro";"Cuencadel Río Limay"
"JUNIN DE LOS ANDES";"JUNIN DE LOS ANDES";"QUILQUIHUE";"1998";"14.62";"2040";"Sistema Río Negro";"Cuencadel Río Limay"
"JUNIN DE LOS ANDES";"JUNIN DE LOS ANDES";"QUILQUIHUE";"1999";"25.08";"2040";"Sistema Río Negro";"Cuencadel Río Limay"
"JUNIN DE LOS ANDES";"JUNIN DE LOS ANDES";"QUILQUIHUE";"2000";"35.21";"2040";"Sistema Río Negro";"Cuencadel Río Limay"
"JUNIN DE LOS ANDES";"JUNIN DE LOS ANDES";"QUILQUIHUE";"2001";"38.9";"2040";"Sistema Río Negro";"Cuencadel Río Limay"
"JUNIN DE LOS ANDES";"JUNIN DE LOS ANDES";"QUILQUIHUE";"2002";"42.87";"2040";"Sistema Río Negro";"Cuencadel Río Limay"
"JUNIN DE LOS ANDES";"JUNIN DE LOS ANDES";"QUILQUIHUE";"2003";"34.73";"2040";"Sistema Río Negro";"Cuencadel Río Limay"
"JUNIN DE LOS ANDES";"JUNIN DE LOS ANDES";"QUILQUIHUE";"2004";"7.18";"2040";"Sistema Río Negro";"Cuencadel Río Limay"
"JUNIN DE LOS ANDES";"JUNIN DE LOS ANDES";"QUILQUIHUE";"2006";"42.7";"2040";"Sistema Río Negro";"Cuencadel Río Limay"
"JUNIN DE LOS ANDES";"JUNIN DE LOS ANDES";"QUILQUIHUE";"2007";"22.89";"2040";"Sistema Río Negro";"Cuencadel Río Limay"
"JUNIN DE LOS ANDES";"JUNIN DE LOS ANDES";"QUILQUIHUE";"2008";"31.1";"2040";"Sistema Río Negro";"Cuencadel Río Limay"
"JUNIN DE LOS ANDES";"JUNIN DE LOS ANDES";"QUILQUIHUE";"2009";"31.51";"2040";"Sistema Río Negro";"Cuencadel Río Limay"
"JUNIN DE LOS ANDES";"JUNIN DE LOS ANDES";"QUILQUIHUE";"2010";"25.45";"2040";"Sistema Río Negro";"Cuencadel Río Limay"
"JUNIN DE LOS ANDES";"JUNIN DE LOS ANDES";"QUILQUIHUE";"2011";"21.77";"2040";"Sistema Río Negro";"Cuencadel Río Limay"
"RAHUECO";"RAHUECO";"NEUQUEN";"1984";"288.01";"2059";"Sistema Río Negro";"Cuencadel Río Neuquén"
"RAHUECO";"RAHUECO";"NEUQUEN";"1985";"178.72";"2059";"Sistema Río Negro";"Cuencadel Río Neuquén"
"RAHUECO";"RAHUECO";"NEUQUEN";"1986";"287.8";"2059";"Sistema Río Negro";"Cuencadel Río Neuquén"
"RAHUECO";"RAHUECO";"NEUQUEN";"1987";"251.33";"2059";"Sistema Río Negro";"Cuencadel Río Neuquén"
"RAHUECO";"RAHUECO";"NEUQUEN";"1988";"166.55";"2059";"Sistema Río Negro";"Cuencadel Río Neuquén"
"RAHUECO";"RAHUECO";"NEUQUEN";"1989";"108.18";"2059";"Sistema Río Negro";"Cuencadel Río Neuquén"
"RAHUECO";"RAHUECO";"NEUQUEN";"1990";"123.59";"2059";"Sistema Río Negro";"Cuencadel Río Neuquén"
"RAHUECO";"RAHUECO";"NEUQUEN";"1991";"172.00";"2059";"Sistema Río Negro";"Cuencadel Río Neuquén"
"RAHUECO";"RAHUECO";"NEUQUEN";"1992";"238.7";"2059";"Sistema Río Negro";"Cuencadel Río Neuquén"
"RAHUECO";"RAHUECO";"NEUQUEN";"1993";"252.77";"2059";"Sistema Río Negro";"Cuencadel Río Neuquén"
"RAHUECO";"RAHUECO";"NEUQUEN";"1994";"214.4";"2059";"Sistema Río Negro";"Cuencadel Río Neuquén"
"RAHUECO";"RAHUECO";"NEUQUEN";"1995";"197.57";"2059";"Sistema Río Negro";"Cuencadel Río Neuquén"
"RAHUECO";"RAHUECO";"NEUQUEN";"1996";"83.55";"2059";"Sistema Río Negro";"Cuencadel Río Neuquén"
"RAHUECO";"RAHUECO";"NEUQUEN";"1997";"235.33";"2059";"Sistema Río Negro";"Cuencadel Río Neuquén"
"RAHUECO";"RAHUECO";"NEUQUEN";"1998";"87.21";"2059";"Sistema Río Negro";"Cuencadel Río Neuquén"
"RAHUECO";"RAHUECO";"NEUQUEN";"1999";"148.81";"2059";"Sistema Río Negro";"Cuencadel Río Neuquén"
"RAHUECO";"RAHUECO";"NEUQUEN";"2000";"230.61";"2059";"Sistema Río Negro";"Cuencadel Río Neuquén"
"RAHUECO";"RAHUECO";"NEUQUEN";"2001";"258.2";"2059";"Sistema Río Negro";"Cuencadel Río Neuquén"
"RAHUECO";"RAHUECO";"NEUQUEN";"2002";"298.67";"2059";"Sistema Río Negro";"Cuencadel Río Neuquén"
"RAHUECO";"RAHUECO";"NEUQUEN";"2003";"187.73";"2059";"Sistema Río Negro";"Cuencadel Río Neuquén"
"RAHUECO";"RAHUECO";"NEUQUEN";"2004";"161.87";"2059";"Sistema Río Negro";"Cuencadel Río Neuquén"
"RAHUECO";"RAHUECO";"NEUQUEN";"2005";"288.78";"2059";"Sistema Río Negro";"Cuencadel Río Neuquén"
"RAHUECO";"RAHUECO";"NEUQUEN";"2006";"308.94";"2059";"Sistema Río Negro";"Cuencadel Río Neuquén"
"RAHUECO";"RAHUECO";"NEUQUEN";"2007";"175.43";"2059";"Sistema Río Negro";"Cuencadel Río Neuquén"
"RAHUECO";"RAHUECO";"NEUQUEN";"2008";"76.1";"2059";"Sistema Río Negro";"Cuencadel Río Neuquén"
"LA SIBERIA";"LA SIBERIA";"ALUMINE";"1978";"261.63";"2060";"Sistema Río Negro";"Cuencadel Río Limay"
"LA SIBERIA";"LA SIBERIA";"ALUMINE";"1979";"145.85";"2060";"Sistema Río Negro";"Cuencadel Río Limay"
"LA SIBERIA";"LA SIBERIA";"ALUMINE";"1980";"201.01";"2060";"Sistema Río Negro";"Cuencadel Río Limay"
"LA SIBERIA";"LA SIBERIA";"ALUMINE";"1981";"157.84";"2060";"Sistema Río Negro";"Cuencadel Río Limay"
"LA SIBERIA";"LA SIBERIA";"ALUMINE";"1982";"181.72";"2060";"Sistema Río Negro";"Cuencadel Río Limay"
"LA SIBERIA";"LA SIBERIA";"ALUMINE";"1983";"124.82";"2060";"Sistema Río Negro";"Cuencadel Río Limay"
"LA SIBERIA";"LA SIBERIA";"ALUMINE";"1984";"233.51";"2060";"Sistema Río Negro";"Cuencadel Río Limay"
"LA SIBERIA";"LA SIBERIA";"ALUMINE";"1985";"131.08";"2060";"Sistema Río Negro";"Cuencadel Río Limay"
"LA SIBERIA";"LA SIBERIA";"ALUMINE";"1986";"199.8";"2060";"Sistema Río Negro";"Cuencadel Río Limay"
"LA SIBERIA";"LA SIBERIA";"ALUMINE";"1987";"88.07";"2060";"Sistema Río Negro";"Cuencadel Río Limay"
"LA SIBERIA";"LA SIBERIA";"ALUMINE";"1988";"120.31";"2060";"Sistema Río Negro";"Cuencadel Río Limay"
"LA SIBERIA";"LA SIBERIA";"ALUMINE";"1989";"193.17";"2060";"Sistema Río Negro";"Cuencadel Río Limay"
"LA SIBERIA";"LA SIBERIA";"ALUMINE";"1990";"226.3";"2060";"Sistema Río Negro";"Cuencadel Río Limay"
"LA SIBERIA";"LA SIBERIA";"ALUMINE";"1991";"210.41";"2060";"Sistema Río Negro";"Cuencadel Río Limay"
"LA SIBERIA";"LA SIBERIA";"ALUMINE";"1992";"189.36";"2060";"Sistema Río Negro";"Cuencadel Río Limay"
"LA SIBERIA";"LA SIBERIA";"ALUMINE";"1993";"253.13";"2060";"Sistema Río Negro";"Cuencadel Río Limay"
"LA SIBERIA";"LA SIBERIA";"ALUMINE";"1994";"206.87";"2060";"Sistema Río Negro";"Cuencadel Río Limay"
"LA SIBERIA";"LA SIBERIA";"ALUMINE";"1995";"202.06";"2060";"Sistema Río Negro";"Cuencadel Río Limay"
"LA SIBERIA";"LA SIBERIA";"ALUMINE";"1996";"72.02";"2060";"Sistema Río Negro";"Cuencadel Río Limay"
"LA SIBERIA";"LA SIBERIA";"ALUMINE";"1997";"208.5";"2060";"Sistema Río Negro";"Cuencadel Río Limay"
"LA SIBERIA";"LA SIBERIA";"ALUMINE";"1998";"64.34";"2060";"Sistema Río Negro";"Cuencadel Río Limay"
"LA SIBERIA";"LA SIBERIA";"ALUMINE";"1999";"132.71";"2060";"Sistema Río Negro";"Cuencadel Río Limay"
"LA SIBERIA";"LA SIBERIA";"ALUMINE";"2000";"152.12";"2060";"Sistema Río Negro";"Cuencadel Río Limay"
"LA SIBERIA";"LA SIBERIA";"ALUMINE";"2001";"176.7";"2060";"Sistema Río Negro";"Cuencadel Río Limay"
"LA SIBERIA";"LA SIBERIA";"ALUMINE";"2002";"121.63";"2060";"Sistema Río Negro";"Cuencadel Río Limay"
"LA SIBERIA";"LA SIBERIA";"ALUMINE";"2003";"143.33";"2060";"Sistema Río Negro";"Cuencadel Río Limay"
"LA SIBERIA";"LA SIBERIA";"ALUMINE";"2004";"38.16";"2060";"Sistema Río Negro";"Cuencadel Río Limay"
"LA SIBERIA";"LA SIBERIA";"ALUMINE";"2006";"137.71";"2060";"Sistema Río Negro";"Cuencadel Río Limay"
"LA SIBERIA";"LA SIBERIA";"ALUMINE";"2007";"88.67";"2060";"Sistema Río Negro";"Cuencadel Río Limay"
"LA SIBERIA";"LA SIBERIA";"ALUMINE";"2008";"132.46";"2060";"Sistema Río Negro";"Cuencadel Río Limay"
"LA SIBERIA";"LA SIBERIA";"ALUMINE";"2009";"167.54";"2060";"Sistema Río Negro";"Cuencadel Río Limay"
"LA SIBERIA";"LA SIBERIA";"ALUMINE";"2010";"103.53";"2060";"Sistema Río Negro";"Cuencadel Río Limay"
"LA SIBERIA";"LA SIBERIA";"ALUMINE";"2011";"44.33";"2060";"Sistema Río Negro";"Cuencadel Río Limay"
"DIQUE BALLESTER";"DIQUE BALLESTER";"NEUQUEN";"1990";"114.6";"2096";"Sistema Río Negro";"Cuencadel Río Neuquén"
"DIQUE BALLESTER";"DIQUE BALLESTER";"NEUQUEN";"1991";"227.14";"2096";"Sistema Río Negro";"Cuencadel Río Neuquén"
"DIQUE BALLESTER";"DIQUE BALLESTER";"NEUQUEN";"1992";"248.72";"2096";"Sistema Río Negro";"Cuencadel Río Neuquén"
"DIQUE BALLESTER";"DIQUE BALLESTER";"NEUQUEN";"1993";"355.39";"2096";"Sistema Río Negro";"Cuencadel Río Neuquén"
"DIQUE BALLESTER";"DIQUE BALLESTER";"NEUQUEN";"1994";"328.86";"2096";"Sistema Río Negro";"Cuencadel Río Neuquén"
"DIQUE BALLESTER";"DIQUE BALLESTER";"NEUQUEN";"1995";"274.81";"2096";"Sistema Río Negro";"Cuencadel Río Neuquén"
"DIQUE BALLESTER";"DIQUE BALLESTER";"NEUQUEN";"1996";"145.52";"2096";"Sistema Río Negro";"Cuencadel Río Neuquén"
"DIQUE BALLESTER";"DIQUE BALLESTER";"NEUQUEN";"1997";"222.77";"2096";"Sistema Río Negro";"Cuencadel Río Neuquén"
"DIQUE BALLESTER";"DIQUE BALLESTER";"NEUQUEN";"1998";"126.85";"2096";"Sistema Río Negro";"Cuencadel Río Neuquén"
"DIQUE BALLESTER";"DIQUE BALLESTER";"NEUQUEN";"1999";"96.3";"2096";"Sistema Río Negro";"Cuencadel Río Neuquén"
"DIQUE BALLESTER";"DIQUE BALLESTER";"NEUQUEN";"2000";"244.25";"2096";"Sistema Río Negro";"Cuencadel Río Neuquén"
"DIQUE BALLESTER";"DIQUE BALLESTER";"NEUQUEN";"2001";"338.47";"2096";"Sistema Río Negro";"Cuencadel Río Neuquén"
"DIQUE BALLESTER";"DIQUE BALLESTER";"NEUQUEN";"2002";"340.68";"2096";"Sistema Río Negro";"Cuencadel Río Neuquén"
"DIQUE BALLESTER";"DIQUE BALLESTER";"NEUQUEN";"2003";"273.95";"2096";"Sistema Río Negro";"Cuencadel Río Neuquén"
"DIQUE BALLESTER";"DIQUE BALLESTER";"NEUQUEN";"2004";"142.01";"2096";"Sistema Río Negro";"Cuencadel Río Neuquén"
"DIQUE BALLESTER";"DIQUE BALLESTER";"NEUQUEN";"2005";"331.86";"2096";"Sistema Río Negro";"Cuencadel Río Neuquén"
"DIQUE BALLESTER";"DIQUE BALLESTER";"NEUQUEN";"2006";"360.38";"2096";"Sistema Río Negro";"Cuencadel Río Neuquén"
"DIQUE BALLESTER";"DIQUE BALLESTER";"NEUQUEN";"2007";"176.36";"2096";"Sistema Río Negro";"Cuencadel Río Neuquén"
"DIQUE BALLESTER";"DIQUE BALLESTER";"NEUQUEN";"2008";"178.29";"2096";"Sistema Río Negro";"Cuencadel Río Neuquén"
"DIQUE BALLESTER";"DIQUE BALLESTER";"NEUQUEN";"2009";"182.42";"2096";"Sistema Río Negro";"Cuencadel Río Neuquén"
"DIQUE BALLESTER";"DIQUE BALLESTER";"NEUQUEN";"2010";"112.67";"2096";"Sistema Río Negro";"Cuencadel Río Neuquén"
"DIQUE BALLESTER";"DIQUE BALLESTER";"NEUQUEN";"2011";"87.72";"2096";"Sistema Río Negro";"Cuencadel Río Neuquén"
"DIQUE BALLESTER";"DIQUE BALLESTER";"NEUQUEN";"2012";"165.41";"2096";"Sistema Río Negro";"Cuencadel Río Neuquén"
"DIQUE BALLESTER";"DIQUE BALLESTER";"NEUQUEN";"2013";"71.58";"2096";"Sistema Río Negro";"Cuencadel Río Neuquén"
"DIQUE BALLESTER";"DIQUE BALLESTER";"NEUQUEN";"2014";"129.42";"2096";"Sistema Río Negro";"Cuencadel Río Neuquén"
"DIQUE BALLESTER";"DIQUE BALLESTER";"NEUQUEN";"2015";"143.2";"2096";"Sistema Río Negro";"Cuencadel Río Neuquén"
"DIQUE BALLESTER";"DIQUE BALLESTER";"NEUQUEN";"2016";"116.41";"2096";"Sistema Río Negro";"Cuencadel Río Neuquén"
"DIQUE BALLESTER";"DIQUE BALLESTER";"NEUQUEN";"2017";"53.61";"2096";"Sistema Río Negro";"Cuencadel Río Neuquén"
"DIQUE BALLESTER";"DIQUE BALLESTER";"NEUQUEN";"2018";"99.5";"2096";"Sistema Río Negro";"Cuencadel Río Neuquén"
"DIQUE BALLESTER";"DIQUE BALLESTER";"NEUQUEN";"2019";"71.45";"2096";"Sistema Río Negro";"Cuencadel Río Neuquén"
"DIQUE BALLESTER";"DIQUE BALLESTER";"NEUQUEN";"2020";"79.79";"2096";"Sistema Río Negro";"Cuencadel Río Neuquén"
"GASODUCTO";"GASODUCTO";"NEUQUEN";"2004";"142.01";"2097";"Sistema Río Negro";"Cuencadel Río Neuquén"
"GASODUCTO";"GASODUCTO";"NEUQUEN";"2005";"331.86";"2097";"Sistema Río Negro";"Cuencadel Río Neuquén"
"GASODUCTO";"GASODUCTO";"NEUQUEN";"2006";"360.38";"2097";"Sistema Río Negro";"Cuencadel Río Neuquén"
"GASODUCTO";"GASODUCTO";"NEUQUEN";"2007";"176.36";"2097";"Sistema Río Negro";"Cuencadel Río Neuquén"
"GASODUCTO";"GASODUCTO";"NEUQUEN";"2008";"178.29";"2097";"Sistema Río Negro";"Cuencadel Río Neuquén"
"GASODUCTO";"GASODUCTO";"NEUQUEN";"2009";"120.76";"2097";"Sistema Río Negro";"Cuencadel Río Neuquén"
"ARROYO TRABUNCO";"SAN MARTIN DE LOS ANDES";"ARROYO TRABUNCO";"2010";"1.36";"2098";"Sistema Océano Pacífico";"Cuencadel Río Hua Hum"
"ARROYO TRABUNCO";"SAN MARTIN DE LOS ANDES";"ARROYO TRABUNCO";"2011";"1.09";"2098";"Sistema Océano Pacífico";"Cuencadel Río Hua Hum"
"ARROYO TRABUNCO";"SAN MARTIN DE LOS ANDES";"ARROYO TRABUNCO";"2012";"0.8";"2098";"Sistema Océano Pacífico";"Cuencadel Río Hua Hum"
"ARROYO TRABUNCO";"SAN MARTIN DE LOS ANDES";"ARROYO TRABUNCO";"2013";"0.27";"2098";"Sistema Océano Pacífico";"Cuencadel Río Hua Hum"
"ARROYO TRABUNCO";"SAN MARTIN DE LOS ANDES";"ARROYO TRABUNCO";"2014";"1.19";"2098";"Sistema Océano Pacífico";"Cuencadel Río Hua Hum"
"ARROYO TRABUNCO";"SAN MARTIN DE LOS ANDES";"ARROYO TRABUNCO";"2015";"1.32";"2098";"Sistema Océano Pacífico";"Cuencadel Río Hua Hum"
"ARROYO TRABUNCO";"SAN MARTIN DE LOS ANDES";"ARROYO TRABUNCO";"2016";"0.72";"2098";"Sistema Océano Pacífico";"Cuencadel Río Hua Hum"
"ARROYO TRABUNCO";"SAN MARTIN DE LOS ANDES";"ARROYO TRABUNCO";"2017";"1.29";"2098";"Sistema Océano Pacífico";"Cuencadel Río Hua Hum"
"ARROYO TRABUNCO";"SAN MARTIN DE LOS ANDES";"ARROYO TRABUNCO";"2018";"1.27";"2098";"Sistema Océano Pacífico";"Cuencadel Río Hua Hum"
"ARROYO TRABUNCO";"SAN MARTIN DE LOS ANDES";"ARROYO TRABUNCO";"2019";"1.14";"2098";"Sistema Océano Pacífico";"Cuencadel Río Hua Hum"
"ARROYO TRABUNCO";"SAN MARTIN DE LOS ANDES";"ARROYO TRABUNCO";"2020";"1.23";"2098";"Sistema Océano Pacífico";"Cuencadel Río Hua Hum"
"ARROYO CALBUCO";"SAN MARTIN DE LOS ANDES";"ARROYO CALBUCO";"2010";"2.23";"2099";"Sistema Océano Pacífico";"Cuencadel Río Hua Hum"
"ARROYO CALBUCO";"SAN MARTIN DE LOS ANDES";"ARROYO CALBUCO";"2011";"2.00";"2099";"Sistema Océano Pacífico";"Cuencadel Río Hua Hum"
"ARROYO CALBUCO";"SAN MARTIN DE LOS ANDES";"ARROYO CALBUCO";"2012";"1.35";"2099";"Sistema Océano Pacífico";"Cuencadel Río Hua Hum"
"ARROYO CALBUCO";"SAN MARTIN DE LOS ANDES";"ARROYO CALBUCO";"2013";"0.6";"2099";"Sistema Océano Pacífico";"Cuencadel Río Hua Hum"
"ARROYO CALBUCO";"SAN MARTIN DE LOS ANDES";"ARROYO CALBUCO";"2014";"2.05";"2099";"Sistema Océano Pacífico";"Cuencadel Río Hua Hum"
"ARROYO CALBUCO";"SAN MARTIN DE LOS ANDES";"ARROYO CALBUCO";"2015";"2.33";"2099";"Sistema Océano Pacífico";"Cuencadel Río Hua Hum"
"ARROYO CALBUCO";"SAN MARTIN DE LOS ANDES";"ARROYO CALBUCO";"2016";"1.16";"2099";"Sistema Océano Pacífico";"Cuencadel Río Hua Hum"
"ARROYO CALBUCO";"SAN MARTIN DE LOS ANDES";"ARROYO CALBUCO";"2017";"1.83";"2099";"Sistema Océano Pacífico";"Cuencadel Río Hua Hum"
"ARROYO CALBUCO";"SAN MARTIN DE LOS ANDES";"ARROYO CALBUCO";"2018";"1.84";"2099";"Sistema Océano Pacífico";"Cuencadel Río Hua Hum"
"ARROYO CALBUCO";"SAN MARTIN DE LOS ANDES";"ARROYO CALBUCO";"2019";"1.71";"2099";"Sistema Océano Pacífico";"Cuencadel Río Hua Hum"
"ARROYO CALBUCO";"SAN MARTIN DE LOS ANDES";"ARROYO CALBUCO";"2020";"1.62";"2099";"Sistema Océano Pacífico";"Cuencadel Río Hua Hum"
"CARRENLEUFÚ";"CARRENLEUFÚ";"CARRENLEUFÚ";"1970";"52.82";"2201";"Sistema Océ ano Pacífico";"Cuencade los Ríos Carrenleufú y Pico"
"CARRENLEUFÚ";"CARRENLEUFÚ";"CARRENLEUFÚ";"1971";"58.43";"2201";"Sistema Océ ano Pacífico";"Cuencade los Ríos Carrenleufú y Pico"
"CARRENLEUFÚ";"CARRENLEUFÚ";"CARRENLEUFÚ";"1972";"54.59";"2201";"Sistema Océ ano Pacífico";"Cuencade los Ríos Carrenleufú y Pico"
"CARRENLEUFÚ";"CARRENLEUFÚ";"CARRENLEUFÚ";"1973";"45.9";"2201";"Sistema Océ ano Pacífico";"Cuencade los Ríos Carrenleufú y Pico"
"CARRENLEUFÚ";"CARRENLEUFÚ";"CARRENLEUFÚ";"1974";"43.26";"2201";"Sistema Océ ano Pacífico";"Cuencade los Ríos Carrenleufú y Pico"
"CARRENLEUFÚ";"CARRENLEUFÚ";"CARRENLEUFÚ";"1975";"47.78";"2201";"Sistema Océ ano Pacífico";"Cuencade los Ríos Carrenleufú y Pico"
"CARRENLEUFÚ";"CARRENLEUFÚ";"CARRENLEUFÚ";"1976";"47.48";"2201";"Sistema Océ ano Pacífico";"Cuencade los Ríos Carrenleufú y Pico"
"CARRENLEUFÚ";"CARRENLEUFÚ";"CARRENLEUFÚ";"1977";"71.52";"2201";"Sistema Océ ano Pacífico";"Cuencade los Ríos Carrenleufú y Pico"
"CARRENLEUFÚ";"CARRENLEUFÚ";"CARRENLEUFÚ";"1978";"44.65";"2201";"Sistema Océ ano Pacífico";"Cuencade los Ríos Carrenleufú y Pico"
"CARRENLEUFÚ";"CARRENLEUFÚ";"CARRENLEUFÚ";"1979";"47.2";"2201";"Sistema Océ ano Pacífico";"Cuencade los Ríos Carrenleufú y Pico"
"CARRENLEUFÚ";"CARRENLEUFÚ";"CARRENLEUFÚ";"1980";"54.08";"2201";"Sistema Océ ano Pacífico";"Cuencade los Ríos Carrenleufú y Pico"
"CARRENLEUFÚ";"CARRENLEUFÚ";"CARRENLEUFÚ";"1981";"52.2";"2201";"Sistema Océ ano Pacífico";"Cuencade los Ríos Carrenleufú y Pico"
"CARRENLEUFÚ";"CARRENLEUFÚ";"CARRENLEUFÚ";"1982";"40.81";"2201";"Sistema Océ ano Pacífico";"Cuencade los Ríos Carrenleufú y Pico"
"CARRENLEUFÚ";"CARRENLEUFÚ";"CARRENLEUFÚ";"1983";"28.39";"2201";"Sistema Océ ano Pacífico";"Cuencade los Ríos Carrenleufú y Pico"
"CARRENLEUFÚ";"CARRENLEUFÚ";"CARRENLEUFÚ";"1984";"36.99";"2201";"Sistema Océ ano Pacífico";"Cuencade los Ríos Carrenleufú y Pico"
"CARRENLEUFÚ";"CARRENLEUFÚ";"CARRENLEUFÚ";"1985";"97.57";"2201";"Sistema Océ ano Pacífico";"Cuencade los Ríos Carrenleufú y Pico"
"CARRENLEUFÚ";"CARRENLEUFÚ";"CARRENLEUFÚ";"1986";"54.74";"2201";"Sistema Océ ano Pacífico";"Cuencade los Ríos Carrenleufú y Pico"
"CARRENLEUFÚ";"CARRENLEUFÚ";"CARRENLEUFÚ";"1987";"34.24";"2201";"Sistema Océ ano Pacífico";"Cuencade los Ríos Carrenleufú y Pico"
"CARRENLEUFÚ";"CARRENLEUFÚ";"CARRENLEUFÚ";"1988";"38.26";"2201";"Sistema Océ ano Pacífico";"Cuencade los Ríos Carrenleufú y Pico"
"CARRENLEUFÚ";"CARRENLEUFÚ";"CARRENLEUFÚ";"1989";"45.00";"2201";"Sistema Océ ano Pacífico";"Cuencade los Ríos Carrenleufú y Pico"
"CARRENLEUFÚ";"CARRENLEUFÚ";"CARRENLEUFÚ";"1990";"40.94";"2201";"Sistema Océ ano Pacífico";"Cuencade los Ríos Carrenleufú y Pico"
"CARRENLEUFÚ";"CARRENLEUFÚ";"CARRENLEUFÚ";"1991";"35.08";"2201";"Sistema Océ ano Pacífico";"Cuencade los Ríos Carrenleufú y Pico"
"CARRENLEUFÚ";"CARRENLEUFÚ";"CARRENLEUFÚ";"1993";"65.03";"2201";"Sistema Océ ano Pacífico";"Cuencade los Ríos Carrenleufú y Pico"
"CARRENLEUFÚ";"CARRENLEUFÚ";"CARRENLEUFÚ";"1994";"67.64";"2201";"Sistema Océ ano Pacífico";"Cuencade los Ríos Carrenleufú y Pico"
"CARRENLEUFÚ";"CARRENLEUFÚ";"CARRENLEUFÚ";"1995";"66.96";"2201";"Sistema Océ ano Pacífico";"Cuencade los Ríos Carrenleufú y Pico"
"CARRENLEUFÚ";"CARRENLEUFÚ";"CARRENLEUFÚ";"1996";"53.97";"2201";"Sistema Océ ano Pacífico";"Cuencade los Ríos Carrenleufú y Pico"
"CARRENLEUFÚ";"CARRENLEUFÚ";"CARRENLEUFÚ";"1997";"61.97";"2201";"Sistema Océ ano Pacífico";"Cuencade los Ríos Carrenleufú y Pico"
"CARRENLEUFÚ";"CARRENLEUFÚ";"CARRENLEUFÚ";"1998";"27.91";"2201";"Sistema Océ ano Pacífico";"Cuencade los Ríos Carrenleufú y Pico"
"CARRENLEUFÚ";"CARRENLEUFÚ";"CARRENLEUFÚ";"1999";"37.92";"2201";"Sistema Océ ano Pacífico";"Cuencade los Ríos Carrenleufú y Pico"
"CARRENLEUFÚ";"CARRENLEUFÚ";"CARRENLEUFÚ";"2000";"39.96";"2201";"Sistema Océ ano Pacífico";"Cuencade los Ríos Carrenleufú y Pico"
"CARRENLEUFÚ";"CARRENLEUFÚ";"CARRENLEUFÚ";"2001";"68.42";"2201";"Sistema Océ ano Pacífico";"Cuencade los Ríos Carrenleufú y Pico"
"CARRENLEUFÚ";"CARRENLEUFÚ";"CARRENLEUFÚ";"2002";"69.18";"2201";"Sistema Océ ano Pacífico";"Cuencade los Ríos Carrenleufú y Pico"
"CARRENLEUFÚ";"CARRENLEUFÚ";"CARRENLEUFÚ";"2003";"60.27";"2201";"Sistema Océ ano Pacífico";"Cuencade los Ríos Carrenleufú y Pico"
"CARRENLEUFÚ";"CARRENLEUFÚ";"CARRENLEUFÚ";"2004";"55.72";"2201";"Sistema Océ ano Pacífico";"Cuencade los Ríos Carrenleufú y Pico"
"CARRENLEUFÚ";"CARRENLEUFÚ";"CARRENLEUFÚ";"2005";"62.91";"2201";"Sistema Océ ano Pacífico";"Cuencade los Ríos Carrenleufú y Pico"
"CARRENLEUFÚ";"CARRENLEUFÚ";"CARRENLEUFÚ";"2006";"56.65";"2201";"Sistema Océ ano Pacífico";"Cuencade los Ríos Carrenleufú y Pico"
"CARRENLEUFÚ";"CARRENLEUFÚ";"CARRENLEUFÚ";"2007";"41.11";"2201";"Sistema Océ ano Pacífico";"Cuencade los Ríos Carrenleufú y Pico"
"CARRENLEUFÚ";"CARRENLEUFÚ";"CARRENLEUFÚ";"2008";"55.47";"2201";"Sistema Océ ano Pacífico";"Cuencade los Ríos Carrenleufú y Pico"
"CARRENLEUFÚ";"CARRENLEUFÚ";"CARRENLEUFÚ";"2009";"49.16";"2201";"Sistema Océ ano Pacífico";"Cuencade los Ríos Carrenleufú y Pico"
"CARRENLEUFÚ";"CARRENLEUFÚ";"CARRENLEUFÚ";"2010";"47.09";"2201";"Sistema Océ ano Pacífico";"Cuencade los Ríos Carrenleufú y Pico"
"CARRENLEUFÚ";"CARRENLEUFÚ";"CARRENLEUFÚ";"2011";"45.55";"2201";"Sistema Océ ano Pacífico";"Cuencade los Ríos Carrenleufú y Pico"
"CARRENLEUFÚ";"CARRENLEUFÚ";"CARRENLEUFÚ";"2012";"45.46";"2201";"Sistema Océ ano Pacífico";"Cuencade los Ríos Carrenleufú y Pico"
"CARRENLEUFÚ";"CARRENLEUFÚ";"CARRENLEUFÚ";"2013";"37.96";"2201";"Sistema Océ ano Pacífico";"Cuencade los Ríos Carrenleufú y Pico"
"CARRENLEUFÚ";"CARRENLEUFÚ";"CARRENLEUFÚ";"2014";"49.31";"2201";"Sistema Océ ano Pacífico";"Cuencade los Ríos Carrenleufú y Pico"
"CARRENLEUFÚ";"CARRENLEUFÚ";"CARRENLEUFÚ";"2015";"63.17";"2201";"Sistema Océ ano Pacífico";"Cuencade los Ríos Carrenleufú y Pico"
"CARRENLEUFÚ";"CARRENLEUFÚ";"CARRENLEUFÚ";"2016";"23.79";"2201";"Sistema Océ ano Pacífico";"Cuencade los Ríos Carrenleufú y Pico"
"CARRENLEUFÚ";"CARRENLEUFÚ";"CARRENLEUFÚ";"2017";"52.19";"2201";"Sistema Océ ano Pacífico";"Cuencade los Ríos Carrenleufú y Pico"
"CARRENLEUFÚ";"CARRENLEUFÚ";"CARRENLEUFÚ";"2018";"51.61";"2201";"Sistema Océ ano Pacífico";"Cuencade los Ríos Carrenleufú y Pico"
"CARRENLEUFÚ";"CARRENLEUFÚ";"CARRENLEUFÚ";"2019";"48.24";"2201";"Sistema Océ ano Pacífico";"Cuencade los Ríos Carrenleufú y Pico"
"CARRENLEUFÚ";"CARRENLEUFÚ";"CARRENLEUFÚ";"2020";"39.31";"2201";"Sistema Océ ano Pacífico";"Cuencade los Ríos Carrenleufú y Pico"
"LA ELENA";"LA ELENA";"CARRENLEUFÚ";"1970";"36.67";"2202";"Sistema Océ ano Pacífico";"Cuencade los Ríos Carrenleufú y Pico"
"LA ELENA";"LA ELENA";"CARRENLEUFÚ";"1971";"39.67";"2202";"Sistema Océ ano Pacífico";"Cuencade los Ríos Carrenleufú y Pico"
"LA ELENA";"LA ELENA";"CARRENLEUFÚ";"1972";"37.83";"2202";"Sistema Océ ano Pacífico";"Cuencade los Ríos Carrenleufú y Pico"
"LA ELENA";"LA ELENA";"CARRENLEUFÚ";"1973";"31.00";"2202";"Sistema Océ ano Pacífico";"Cuencade los Ríos Carrenleufú y Pico"
"LA ELENA";"LA ELENA";"CARRENLEUFÚ";"1974";"30.17";"2202";"Sistema Océ ano Pacífico";"Cuencade los Ríos Carrenleufú y Pico"
"LA ELENA";"LA ELENA";"CARRENLEUFÚ";"1975";"32.5";"2202";"Sistema Océ ano Pacífico";"Cuencade los Ríos Carrenleufú y Pico"
"LA ELENA";"LA ELENA";"CARRENLEUFÚ";"1976";"34.08";"2202";"Sistema Océ ano Pacífico";"Cuencade los Ríos Carrenleufú y Pico"
"LA ELENA";"LA ELENA";"CARRENLEUFÚ";"1977";"45.51";"2202";"Sistema Océ ano Pacífico";"Cuencade los Ríos Carrenleufú y Pico"
"LA ELENA";"LA ELENA";"CARRENLEUFÚ";"1978";"32.92";"2202";"Sistema Océ ano Pacífico";"Cuencade los Ríos Carrenleufú y Pico"
"LA ELENA";"LA ELENA";"CARRENLEUFÚ";"1979";"34.08";"2202";"Sistema Océ ano Pacífico";"Cuencade los Ríos Carrenleufú y Pico"
"LA ELENA";"LA ELENA";"CARRENLEUFÚ";"1980";"38.67";"2202";"Sistema Océ ano Pacífico";"Cuencade los Ríos Carrenleufú y Pico"
"LA ELENA";"LA ELENA";"CARRENLEUFÚ";"1981";"34.42";"2202";"Sistema Océ ano Pacífico";"Cuencade los Ríos Carrenleufú y Pico"
"LA ELENA";"LA ELENA";"CARRENLEUFÚ";"1982";"31.92";"2202";"Sistema Océ ano Pacífico";"Cuencade los Ríos Carrenleufú y Pico"
"LA ELENA";"LA ELENA";"CARRENLEUFÚ";"1983";"27.17";"2202";"Sistema Océ ano Pacífico";"Cuencade los Ríos Carrenleufú y Pico"
"LA ELENA";"LA ELENA";"CARRENLEUFÚ";"1984";"30.67";"2202";"Sistema Océ ano Pacífico";"Cuencade los Ríos Carrenleufú y Pico"
"LA ELENA";"LA ELENA";"CARRENLEUFÚ";"1985";"38.42";"2202";"Sistema Océ ano Pacífico";"Cuencade los Ríos Carrenleufú y Pico"
"LA ELENA";"LA ELENA";"CARRENLEUFÚ";"1986";"34.42";"2202";"Sistema Océ ano Pacífico";"Cuencade los Ríos Carrenleufú y Pico"
"LA ELENA";"LA ELENA";"CARRENLEUFÚ";"1987";"25.08";"2202";"Sistema Océ ano Pacífico";"Cuencade los Ríos Carrenleufú y Pico"
"LA ELENA";"LA ELENA";"CARRENLEUFÚ";"1988";"20.08";"2202";"Sistema Océ ano Pacífico";"Cuencade los Ríos Carrenleufú y Pico"
"LA ELENA";"LA ELENA";"CARRENLEUFÚ";"1989";"26.00";"2202";"Sistema Océ ano Pacífico";"Cuencade los Ríos Carrenleufú y Pico"
"LA ELENA";"LA ELENA";"CARRENLEUFÚ";"1990";"36.01";"2202";"Sistema Océ ano Pacífico";"Cuencade los Ríos Carrenleufú y Pico"
"LA ELENA";"LA ELENA";"CARRENLEUFÚ";"1991";"32.04";"2202";"Sistema Océ ano Pacífico";"Cuencade los Ríos Carrenleufú y Pico"
"LA ELENA";"LA ELENA";"CARRENLEUFÚ";"1992";"33.35";"2202";"Sistema Océ ano Pacífico";"Cuencade los Ríos Carrenleufú y Pico"
"LA ELENA";"LA ELENA";"CARRENLEUFÚ";"1993";"36.9";"2202";"Sistema Océ ano Pacífico";"Cuencade los Ríos Carrenleufú y Pico"
"LA ELENA";"LA ELENA";"CARRENLEUFÚ";"1994";"38.59";"2202";"Sistema Océ ano Pacífico";"Cuencade los Ríos Carrenleufú y Pico"
"LA ELENA";"LA ELENA";"CARRENLEUFÚ";"1995";"39.08";"2202";"Sistema Océ ano Pacífico";"Cuencade los Ríos Carrenleufú y Pico"
"LA ELENA";"LA ELENA";"CARRENLEUFÚ";"1996";"35.82";"2202";"Sistema Océ ano Pacífico";"Cuencade los Ríos Carrenleufú y Pico"
"LA ELENA";"LA ELENA";"CARRENLEUFÚ";"1997";"34.69";"2202";"Sistema Océ ano Pacífico";"Cuencade los Ríos Carrenleufú y Pico"
"LA ELENA";"LA ELENA";"CARRENLEUFÚ";"1998";"17.54";"2202";"Sistema Océ ano Pacífico";"Cuencade los Ríos Carrenleufú y Pico"
"LA ELENA";"LA ELENA";"CARRENLEUFÚ";"1999";"22.63";"2202";"Sistema Océ ano Pacífico";"Cuencade los Ríos Carrenleufú y Pico"
"LA ELENA";"LA ELENA";"CARRENLEUFÚ";"2000";"25.28";"2202";"Sistema Océ ano Pacífico";"Cuencade los Ríos Carrenleufú y Pico"
"LA ELENA";"LA ELENA";"CARRENLEUFÚ";"2001";"41.8";"2202";"Sistema Océ ano Pacífico";"Cuencade los Ríos Carrenleufú y Pico"
"LA ELENA";"LA ELENA";"CARRENLEUFÚ";"2002";"39.08";"2202";"Sistema Océ ano Pacífico";"Cuencade los Ríos Carrenleufú y Pico"
"LA ELENA";"LA ELENA";"CARRENLEUFÚ";"2003";"35.7";"2202";"Sistema Océ ano Pacífico";"Cuencade los Ríos Carrenleufú y Pico"
"LA ELENA";"LA ELENA";"CARRENLEUFÚ";"2004";"31.07";"2202";"Sistema Océ ano Pacífico";"Cuencade los Ríos Carrenleufú y Pico"
"LA ELENA";"LA ELENA";"CARRENLEUFÚ";"2005";"34.13";"2202";"Sistema Océ ano Pacífico";"Cuencade los Ríos Carrenleufú y Pico"
"LA ELENA";"LA ELENA";"CARRENLEUFÚ";"2006";"35.99";"2202";"Sistema Océ ano Pacífico";"Cuencade los Ríos Carrenleufú y Pico"
"LA ELENA";"LA ELENA";"CARRENLEUFÚ";"2007";"27.42";"2202";"Sistema Océ ano Pacífico";"Cuencade los Ríos Carrenleufú y Pico"
"LA ELENA";"LA ELENA";"CARRENLEUFÚ";"2008";"30.01";"2202";"Sistema Océ ano Pacífico";"Cuencade los Ríos Carrenleufú y Pico"
"LA ELENA";"LA ELENA";"CARRENLEUFÚ";"2009";"26.95";"2202";"Sistema Océ ano Pacífico";"Cuencade los Ríos Carrenleufú y Pico"
"LA ELENA";"LA ELENA";"CARRENLEUFÚ";"2010";"35.57";"2202";"Sistema Océ ano Pacífico";"Cuencade los Ríos Carrenleufú y Pico"
"LA ELENA";"LA ELENA";"CARRENLEUFÚ";"2011";"29.63";"2202";"Sistema Océ ano Pacífico";"Cuencade los Ríos Carrenleufú y Pico"
"LA ELENA";"LA ELENA";"CARRENLEUFÚ";"2012";"32.14";"2202";"Sistema Océ ano Pacífico";"Cuencade los Ríos Carrenleufú y Pico"
"LA ELENA";"LA ELENA";"CARRENLEUFÚ";"2013";"26.57";"2202";"Sistema Océ ano Pacífico";"Cuencade los Ríos Carrenleufú y Pico"
"LA ELENA";"LA ELENA";"CARRENLEUFÚ";"2014";"30.73";"2202";"Sistema Océ ano Pacífico";"Cuencade los Ríos Carrenleufú y Pico"
"LA ELENA";"LA ELENA";"CARRENLEUFÚ";"2015";"29.72";"2202";"Sistema Océ ano Pacífico";"Cuencade los Ríos Carrenleufú y Pico"
"LA ELENA";"LA ELENA";"CARRENLEUFÚ";"2016";"14.35";"2202";"Sistema Océ ano Pacífico";"Cuencade los Ríos Carrenleufú y Pico"
"LA ELENA";"LA ELENA";"CARRENLEUFÚ";"2017";"32.84";"2202";"Sistema Océ ano Pacífico";"Cuencade los Ríos Carrenleufú y Pico"
"LA ELENA";"LA ELENA";"CARRENLEUFÚ";"2018";"42.83";"2202";"Sistema Océ ano Pacífico";"Cuencade los Ríos Carrenleufú y Pico"
"LA ELENA";"LA ELENA";"CARRENLEUFÚ";"2019";"25.06";"2202";"Sistema Océ ano Pacífico";"Cuencade los Ríos Carrenleufú y Pico"
"LA ELENA";"LA ELENA";"CARRENLEUFÚ";"2020";"41.96";"2202";"Sistema Océ ano Pacífico";"Cuencade los Ríos Carrenleufú y Pico"
"LAGO VINTER";"LAGO VINTER";"CARRENLEUFÚ";"1990";"26.26";"2203";"Sistema Océ ano Pacífico";"Cuencade los Ríos Carrenleufú y Pico"
"LAGO VINTER";"LAGO VINTER";"CARRENLEUFÚ";"1991";"7.22";"2203";"Sistema Océ ano Pacífico";"Cuencade los Ríos Carrenleufú y Pico"
"LAGO VINTER";"LAGO VINTER";"CARRENLEUFÚ";"1992";"42.23";"2203";"Sistema Océ ano Pacífico";"Cuencade los Ríos Carrenleufú y Pico"
"LAGO VINTER";"LAGO VINTER";"CARRENLEUFÚ";"1993";"33.74";"2203";"Sistema Océ ano Pacífico";"Cuencade los Ríos Carrenleufú y Pico"
"LAGO VINTER";"LAGO VINTER";"CARRENLEUFÚ";"1994";"30.97";"2203";"Sistema Océ ano Pacífico";"Cuencade los Ríos Carrenleufú y Pico"
"LAGO VINTER";"LAGO VINTER";"CARRENLEUFÚ";"1995";"40.37";"2203";"Sistema Océ ano Pacífico";"Cuencade los Ríos Carrenleufú y Pico"
"LAGO VINTER";"LAGO VINTER";"CARRENLEUFÚ";"1996";"33.00";"2203";"Sistema Océ ano Pacífico";"Cuencade los Ríos Carrenleufú y Pico"
"LAGO VINTER";"LAGO VINTER";"CARRENLEUFÚ";"1997";"30.75";"2203";"Sistema Océ ano Pacífico";"Cuencade los Ríos Carrenleufú y Pico"
"LAGO VINTER";"LAGO VINTER";"CARRENLEUFÚ";"1998";"15.64";"2203";"Sistema Océ ano Pacífico";"Cuencade los Ríos Carrenleufú y Pico"
"LAGO VINTER";"LAGO VINTER";"CARRENLEUFÚ";"1999";"19.7";"2203";"Sistema Océ ano Pacífico";"Cuencade los Ríos Carrenleufú y Pico"
"LAGO VINTER";"LAGO VINTER";"CARRENLEUFÚ";"2000";"20.49";"2203";"Sistema Océ ano Pacífico";"Cuencade los Ríos Carrenleufú y Pico"
"LAGO VINTER";"LAGO VINTER";"CARRENLEUFÚ";"2001";"28.6";"2203";"Sistema Océ ano Pacífico";"Cuencade los Ríos Carrenleufú y Pico"
"LAGO VINTER";"LAGO VINTER";"CARRENLEUFÚ";"2002";"31.09";"2203";"Sistema Océ ano Pacífico";"Cuencade los Ríos Carrenleufú y Pico"
"LAGO VINTER";"LAGO VINTER";"CARRENLEUFÚ";"2003";"27.32";"2203";"Sistema Océ ano Pacífico";"Cuencade los Ríos Carrenleufú y Pico"
"LAGO VINTER";"LAGO VINTER";"CARRENLEUFÚ";"2004";"26.36";"2203";"Sistema Océ ano Pacífico";"Cuencade los Ríos Carrenleufú y Pico"
"LAGO VINTER";"LAGO VINTER";"CARRENLEUFÚ";"2005";"30.67";"2203";"Sistema Océ ano Pacífico";"Cuencade los Ríos Carrenleufú y Pico"
"LAGO VINTER";"LAGO VINTER";"CARRENLEUFÚ";"2006";"29.24";"2203";"Sistema Océ ano Pacífico";"Cuencade los Ríos Carrenleufú y Pico"
"LAGO VINTER";"LAGO VINTER";"CARRENLEUFÚ";"2007";"19.82";"2203";"Sistema Océ ano Pacífico";"Cuencade los Ríos Carrenleufú y Pico"
"LAGO VINTER";"LAGO VINTER";"CARRENLEUFÚ";"2008";"27.89";"2203";"Sistema Océ ano Pacífico";"Cuencade los Ríos Carrenleufú y Pico"
"LAGO VINTER";"LAGO VINTER";"CARRENLEUFÚ";"2009";"26.52";"2203";"Sistema Océ ano Pacífico";"Cuencade los Ríos Carrenleufú y Pico"
"LAGO VINTER";"LAGO VINTER";"CARRENLEUFÚ";"2010";"29.99";"2203";"Sistema Océ ano Pacífico";"Cuencade los Ríos Carrenleufú y Pico"
"LAGO VINTER";"LAGO VINTER";"CARRENLEUFÚ";"2011";"24.7";"2203";"Sistema Océ ano Pacífico";"Cuencade los Ríos Carrenleufú y Pico"
"LAGO VINTER";"LAGO VINTER";"CARRENLEUFÚ";"2012";"23.46";"2203";"Sistema Océ ano Pacífico";"Cuencade los Ríos Carrenleufú y Pico"
"LAGO VINTER";"LAGO VINTER";"CARRENLEUFÚ";"2013";"21.37";"2203";"Sistema Océ ano Pacífico";"Cuencade los Ríos Carrenleufú y Pico"
"LAGO VINTER";"LAGO VINTER";"CARRENLEUFÚ";"2014";"24.01";"2203";"Sistema Océ ano Pacífico";"Cuencade los Ríos Carrenleufú y Pico"
"LAGO VINTER";"LAGO VINTER";"CARRENLEUFÚ";"2015";"17.64";"2203";"Sistema Océ ano Pacífico";"Cuencade los Ríos Carrenleufú y Pico"
"LAGO VINTER";"LAGO VINTER";"CARRENLEUFÚ";"2016";"13.27";"2203";"Sistema Océ ano Pacífico";"Cuencade los Ríos Carrenleufú y Pico"
"LAGO VINTER";"LAGO VINTER";"CARRENLEUFÚ";"2017";"21.14";"2203";"Sistema Océ ano Pacífico";"Cuencade los Ríos Carrenleufú y Pico"
"LAGO VINTER";"LAGO VINTER";"CARRENLEUFÚ";"2018";"15.6";"2203";"Sistema Océ ano Pacífico";"Cuencade los Ríos Carrenleufú y Pico"
"LAGO VINTER";"LAGO VINTER";"CARRENLEUFÚ";"2019";"19.24";"2203";"Sistema Océ ano Pacífico";"Cuencade los Ríos Carrenleufú y Pico"
"LAGO VINTER";"LAGO VINTER";"CARRENLEUFÚ";"2020";"22.24";"2203";"Sistema Océ ano Pacífico";"Cuencade los Ríos Carrenleufú y Pico"
"CHOLILA";"CHOLILA";"CARRILEUFÚ";"1970";"53.67";"2204";"Sistema Océ ano Pacífico";"Cuencadel Río Futaleufú"
"CHOLILA";"CHOLILA";"CARRILEUFÚ";"1971";"58.34";"2204";"Sistema Océ ano Pacífico";"Cuencadel Río Futaleufú"
"CHOLILA";"CHOLILA";"CARRILEUFÚ";"1972";"54.17";"2204";"Sistema Océ ano Pacífico";"Cuencadel Río Futaleufú"
"CHOLILA";"CHOLILA";"CARRILEUFÚ";"1973";"43.08";"2204";"Sistema Océ ano Pacífico";"Cuencadel Río Futaleufú"
"CHOLILA";"CHOLILA";"CARRILEUFÚ";"1974";"41.08";"2204";"Sistema Océ ano Pacífico";"Cuencadel Río Futaleufú"
"CHOLILA";"CHOLILA";"CARRILEUFÚ";"1975";"50.83";"2204";"Sistema Océ ano Pacífico";"Cuencadel Río Futaleufú"
"CHOLILA";"CHOLILA";"CARRILEUFÚ";"1976";"44.75";"2204";"Sistema Océ ano Pacífico";"Cuencadel Río Futaleufú"
"CHOLILA";"CHOLILA";"CARRILEUFÚ";"1977";"59.3";"2204";"Sistema Océ ano Pacífico";"Cuencadel Río Futaleufú"
"CHOLILA";"CHOLILA";"CARRILEUFÚ";"1978";"48.19";"2204";"Sistema Océ ano Pacífico";"Cuencadel Río Futaleufú"
"CHOLILA";"CHOLILA";"CARRILEUFÚ";"1979";"55.17";"2204";"Sistema Océ ano Pacífico";"Cuencadel Río Futaleufú"
"CHOLILA";"CHOLILA";"CARRILEUFÚ";"1980";"52.84";"2204";"Sistema Océ ano Pacífico";"Cuencadel Río Futaleufú"
"CHOLILA";"CHOLILA";"CARRILEUFÚ";"1981";"52.58";"2204";"Sistema Océ ano Pacífico";"Cuencadel Río Futaleufú"
"CHOLILA";"CHOLILA";"CARRILEUFÚ";"1982";"50.83";"2204";"Sistema Océ ano Pacífico";"Cuencadel Río Futaleufú"
"CHOLILA";"CHOLILA";"CARRILEUFÚ";"1983";"38.17";"2204";"Sistema Océ ano Pacífico";"Cuencadel Río Futaleufú"
"CHOLILA";"CHOLILA";"CARRILEUFÚ";"1984";"43.92";"2204";"Sistema Océ ano Pacífico";"Cuencadel Río Futaleufú"
"CHOLILA";"CHOLILA";"CARRILEUFÚ";"1985";"53.77";"2204";"Sistema Océ ano Pacífico";"Cuencadel Río Futaleufú"
"CHOLILA";"CHOLILA";"CARRILEUFÚ";"1986";"42.52";"2204";"Sistema Océ ano Pacífico";"Cuencadel Río Futaleufú"
"CHOLILA";"CHOLILA";"CARRILEUFÚ";"1987";"37.3";"2204";"Sistema Océ ano Pacífico";"Cuencadel Río Futaleufú"
"CHOLILA";"CHOLILA";"CARRILEUFÚ";"1988";"32.61";"2204";"Sistema Océ ano Pacífico";"Cuencadel Río Futaleufú"
"CHOLILA";"CHOLILA";"CARRILEUFÚ";"1989";"38.42";"2204";"Sistema Océ ano Pacífico";"Cuencadel Río Futaleufú"
"CHOLILA";"CHOLILA";"CARRILEUFÚ";"1990";"47.37";"2204";"Sistema Océ ano Pacífico";"Cuencadel Río Futaleufú"
"CHOLILA";"CHOLILA";"CARRILEUFÚ";"1991";"51.83";"2204";"Sistema Océ ano Pacífico";"Cuencadel Río Futaleufú"
"CHOLILA";"CHOLILA";"CARRILEUFÚ";"1992";"35.78";"2204";"Sistema Océ ano Pacífico";"Cuencadel Río Futaleufú"
"CHOLILA";"CHOLILA";"CARRILEUFÚ";"1993";"58.64";"2204";"Sistema Océ ano Pacífico";"Cuencadel Río Futaleufú"
"CHOLILA";"CHOLILA";"CARRILEUFÚ";"1994";"65.92";"2204";"Sistema Océ ano Pacífico";"Cuencadel Río Futaleufú"
"CHOLILA";"CHOLILA";"CARRILEUFÚ";"1995";"57.93";"2204";"Sistema Océ ano Pacífico";"Cuencadel Río Futaleufú"
"CHOLILA";"CHOLILA";"CARRILEUFÚ";"1996";"43.68";"2204";"Sistema Océ ano Pacífico";"Cuencadel Río Futaleufú"
"CHOLILA";"CHOLILA";"CARRILEUFÚ";"1997";"57.74";"2204";"Sistema Océ ano Pacífico";"Cuencadel Río Futaleufú"
"CHOLILA";"CHOLILA";"CARRILEUFÚ";"1998";"28.25";"2204";"Sistema Océ ano Pacífico";"Cuencadel Río Futaleufú"
"CHOLILA";"CHOLILA";"CARRILEUFÚ";"1999";"30.4";"2204";"Sistema Océ ano Pacífico";"Cuencadel Río Futaleufú"
"CHOLILA";"CHOLILA";"CARRILEUFÚ";"2000";"35.33";"2204";"Sistema Océ ano Pacífico";"Cuencadel Río Futaleufú"
"CHOLILA";"CHOLILA";"CARRILEUFÚ";"2001";"44.35";"2204";"Sistema Océ ano Pacífico";"Cuencadel Río Futaleufú"
"CHOLILA";"CHOLILA";"CARRILEUFÚ";"2002";"66.19";"2204";"Sistema Océ ano Pacífico";"Cuencadel Río Futaleufú"
"CHOLILA";"CHOLILA";"CARRILEUFÚ";"2003";"37.38";"2204";"Sistema Océ ano Pacífico";"Cuencadel Río Futaleufú"
"CHOLILA";"CHOLILA";"CARRILEUFÚ";"2004";"42.52";"2204";"Sistema Océ ano Pacífico";"Cuencadel Río Futaleufú"
"CHOLILA";"CHOLILA";"CARRILEUFÚ";"2005";"57.04";"2204";"Sistema Océ ano Pacífico";"Cuencadel Río Futaleufú"
"CHOLILA";"CHOLILA";"CARRILEUFÚ";"2006";"76.32";"2204";"Sistema Océ ano Pacífico";"Cuencadel Río Futaleufú"
"CHOLILA";"CHOLILA";"CARRILEUFÚ";"2007";"38.5";"2204";"Sistema Océ ano Pacífico";"Cuencadel Río Futaleufú"
"CHOLILA";"CHOLILA";"CARRILEUFÚ";"2008";"59.37";"2204";"Sistema Océ ano Pacífico";"Cuencadel Río Futaleufú"
"CHOLILA";"CHOLILA";"CARRILEUFÚ";"2009";"52.8";"2204";"Sistema Océ ano Pacífico";"Cuencadel Río Futaleufú"
"CHOLILA";"CHOLILA";"CARRILEUFÚ";"2010";"42.73";"2204";"Sistema Océ ano Pacífico";"Cuencadel Río Futaleufú"
"CHOLILA";"CHOLILA";"CARRILEUFÚ";"2011";"32.99";"2204";"Sistema Océ ano Pacífico";"Cuencadel Río Futaleufú"
"CHOLILA";"CHOLILA";"CARRILEUFÚ";"2012";"45.87";"2204";"Sistema Océ ano Pacífico";"Cuencadel Río Futaleufú"
"CHOLILA";"CHOLILA";"CARRILEUFÚ";"2013";"31.47";"2204";"Sistema Océ ano Pacífico";"Cuencadel Río Futaleufú"
"CHOLILA";"CHOLILA";"CARRILEUFÚ";"2014";"44.44";"2204";"Sistema Océ ano Pacífico";"Cuencadel Río Futaleufú"
"CHOLILA";"CHOLILA";"CARRILEUFÚ";"2015";"48.59";"2204";"Sistema Océ ano Pacífico";"Cuencadel Río Futaleufú"
"CHOLILA";"CHOLILA";"CARRILEUFÚ";"2016";"34.18";"2204";"Sistema Océ ano Pacífico";"Cuencadel Río Futaleufú"
"CHOLILA";"CHOLILA";"CARRILEUFÚ";"2017";"35.91";"2204";"Sistema Océ ano Pacífico";"Cuencadel Río Futaleufú"
"CHOLILA";"CHOLILA";"CARRILEUFÚ";"2018";"49.37";"2204";"Sistema Océ ano Pacífico";"Cuencadel Río Futaleufú"
"CHOLILA";"CHOLILA";"CARRILEUFÚ";"2019";"25.72";"2204";"Sistema Océ ano Pacífico";"Cuencadel Río Futaleufú"
"CHOLILA";"CHOLILA";"CARRILEUFÚ";"2020";"37.03";"2204";"Sistema Océ ano Pacífico";"Cuencadel Río Futaleufú"
"EL MAITÉN";"EL MAITÉN";"CHUBUT";"1970";"19.16";"2206";"Sistema Río Chubut";"Cuencadel Río Chubut"
"EL MAITÉN";"EL MAITÉN";"CHUBUT";"1971";"26.92";"2206";"Sistema Río Chubut";"Cuencadel Río Chubut"
"EL MAITÉN";"EL MAITÉN";"CHUBUT";"1972";"27.65";"2206";"Sistema Río Chubut";"Cuencadel Río Chubut"
"EL MAITÉN";"EL MAITÉN";"CHUBUT";"1973";"20.23";"2206";"Sistema Río Chubut";"Cuencadel Río Chubut"
"EL MAITÉN";"EL MAITÉN";"CHUBUT";"1974";"17.39";"2206";"Sistema Río Chubut";"Cuencadel Río Chubut"
"EL MAITÉN";"EL MAITÉN";"CHUBUT";"1975";"23.24";"2206";"Sistema Río Chubut";"Cuencadel Río Chubut"
"EL MAITÉN";"EL MAITÉN";"CHUBUT";"1976";"28.56";"2206";"Sistema Río Chubut";"Cuencadel Río Chubut"
"EL MAITÉN";"EL MAITÉN";"CHUBUT";"1977";"27.37";"2206";"Sistema Río Chubut";"Cuencadel Río Chubut"
"EL MAITÉN";"EL MAITÉN";"CHUBUT";"1978";"21.55";"2206";"Sistema Río Chubut";"Cuencadel Río Chubut"
"EL MAITÉN";"EL MAITÉN";"CHUBUT";"1979";"18.02";"2206";"Sistema Río Chubut";"Cuencadel Río Chubut"
"EL MAITÉN";"EL MAITÉN";"CHUBUT";"1980";"26.37";"2206";"Sistema Río Chubut";"Cuencadel Río Chubut"
"EL MAITÉN";"EL MAITÉN";"CHUBUT";"1981";"25.25";"2206";"Sistema Río Chubut";"Cuencadel Río Chubut"
"EL MAITÉN";"EL MAITÉN";"CHUBUT";"1982";"21.58";"2206";"Sistema Río Chubut";"Cuencadel Río Chubut"
"EL MAITÉN";"EL MAITÉN";"CHUBUT";"1983";"17.29";"2206";"Sistema Río Chubut";"Cuencadel Río Chubut"
"EL MAITÉN";"EL MAITÉN";"CHUBUT";"1984";"21.51";"2206";"Sistema Río Chubut";"Cuencadel Río Chubut"
"EL MAITÉN";"EL MAITÉN";"CHUBUT";"1985";"19.76";"2206";"Sistema Río Chubut";"Cuencadel Río Chubut"
"EL MAITÉN";"EL MAITÉN";"CHUBUT";"1986";"11.71";"2206";"Sistema Río Chubut";"Cuencadel Río Chubut"
"EL MAITÉN";"EL MAITÉN";"CHUBUT";"1987";"17.65";"2206";"Sistema Río Chubut";"Cuencadel Río Chubut"
"EL MAITÉN";"EL MAITÉN";"CHUBUT";"1988";"13.79";"2206";"Sistema Río Chubut";"Cuencadel Río Chubut"
"EL MAITÉN";"EL MAITÉN";"CHUBUT";"1989";"13.74";"2206";"Sistema Río Chubut";"Cuencadel Río Chubut"
"EL MAITÉN";"EL MAITÉN";"CHUBUT";"1990";"19.29";"2206";"Sistema Río Chubut";"Cuencadel Río Chubut"
"EL MAITÉN";"EL MAITÉN";"CHUBUT";"1991";"19.68";"2206";"Sistema Río Chubut";"Cuencadel Río Chubut"
"EL MAITÉN";"EL MAITÉN";"CHUBUT";"1992";"15.24";"2206";"Sistema Río Chubut";"Cuencadel Río Chubut"
"EL MAITÉN";"EL MAITÉN";"CHUBUT";"1993";"23.22";"2206";"Sistema Río Chubut";"Cuencadel Río Chubut"
"EL MAITÉN";"EL MAITÉN";"CHUBUT";"1994";"22.44";"2206";"Sistema Río Chubut";"Cuencadel Río Chubut"
"EL MAITÉN";"EL MAITÉN";"CHUBUT";"1995";"22.21";"2206";"Sistema Río Chubut";"Cuencadel Río Chubut"
"EL MAITÉN";"EL MAITÉN";"CHUBUT";"1996";"10.95";"2206";"Sistema Río Chubut";"Cuencadel Río Chubut"
"EL MAITÉN";"EL MAITÉN";"CHUBUT";"1997";"18.09";"2206";"Sistema Río Chubut";"Cuencadel Río Chubut"
"EL MAITÉN";"EL MAITÉN";"CHUBUT";"1998";"6.29";"2206";"Sistema Río Chubut";"Cuencadel Río Chubut"
"EL MAITÉN";"EL MAITÉN";"CHUBUT";"1999";"13.88";"2206";"Sistema Río Chubut";"Cuencadel Río Chubut"
"EL MAITÉN";"EL MAITÉN";"CHUBUT";"2000";"13.85";"2206";"Sistema Río Chubut";"Cuencadel Río Chubut"
"EL MAITÉN";"EL MAITÉN";"CHUBUT";"2001";"20.01";"2206";"Sistema Río Chubut";"Cuencadel Río Chubut"
"EL MAITÉN";"EL MAITÉN";"CHUBUT";"2002";"24.82";"2206";"Sistema Río Chubut";"Cuencadel Río Chubut"
"EL MAITÉN";"EL MAITÉN";"CHUBUT";"2003";"17.45";"2206";"Sistema Río Chubut";"Cuencadel Río Chubut"
"EL MAITÉN";"EL MAITÉN";"CHUBUT";"2004";"18.78";"2206";"Sistema Río Chubut";"Cuencadel Río Chubut"
"EL MAITÉN";"EL MAITÉN";"CHUBUT";"2005";"21.24";"2206";"Sistema Río Chubut";"Cuencadel Río Chubut"
"EL MAITÉN";"EL MAITÉN";"CHUBUT";"2006";"25.5";"2206";"Sistema Río Chubut";"Cuencadel Río Chubut"
"EL MAITÉN";"EL MAITÉN";"CHUBUT";"2007";"13.98";"2206";"Sistema Río Chubut";"Cuencadel Río Chubut"
"EL MAITÉN";"EL MAITÉN";"CHUBUT";"2008";"20.41";"2206";"Sistema Río Chubut";"Cuencadel Río Chubut"
"EL MAITÉN";"EL MAITÉN";"CHUBUT";"2009";"27.34";"2206";"Sistema Río Chubut";"Cuencadel Río Chubut"
"EL MAITÉN";"EL MAITÉN";"CHUBUT";"2010";"18.61";"2206";"Sistema Río Chubut";"Cuencadel Río Chubut"
"EL MAITÉN";"EL MAITÉN";"CHUBUT";"2011";"18.91";"2206";"Sistema Río Chubut";"Cuencadel Río Chubut"
"EL MAITÉN";"EL MAITÉN";"CHUBUT";"2012";"18.58";"2206";"Sistema Río Chubut";"Cuencadel Río Chubut"
"EL MAITÉN";"EL MAITÉN";"CHUBUT";"2013";"15.03";"2206";"Sistema Río Chubut";"Cuencadel Río Chubut"
"EL MAITÉN";"EL MAITÉN";"CHUBUT";"2014";"24.81";"2206";"Sistema Río Chubut";"Cuencadel Río Chubut"
"EL MAITÉN";"EL MAITÉN";"CHUBUT";"2015";"28.56";"2206";"Sistema Río Chubut";"Cuencadel Río Chubut"
"EL MAITÉN";"EL MAITÉN";"CHUBUT";"2016";"19.63";"2206";"Sistema Río Chubut";"Cuencadel Río Chubut"
"EL MAITÉN";"EL MAITÉN";"CHUBUT";"2017";"19.04";"2206";"Sistema Río Chubut";"Cuencadel Río Chubut"
"EL MAITÉN";"EL MAITÉN";"CHUBUT";"2018";"21.41";"2206";"Sistema Río Chubut";"Cuencadel Río Chubut"
"EL MAITÉN";"EL MAITÉN";"CHUBUT";"2019";"19.04";"2206";"Sistema Río Chubut";"Cuencadel Río Chubut"
"EL MAITÉN";"EL MAITÉN";"CHUBUT";"2020";"23.11";"2206";"Sistema Río Chubut";"Cuencadel Río Chubut"
"LOS ALTARES";"LOS ALTARES";"CHUBUT";"1970";"48.33";"2207";"Sistema Río Chubut";"Cuencadel Río Chubut"
"LOS ALTARES";"LOS ALTARES";"CHUBUT";"1971";"64.48";"2207";"Sistema Río Chubut";"Cuencadel Río Chubut"
"LOS ALTARES";"LOS ALTARES";"CHUBUT";"1972";"65.27";"2207";"Sistema Río Chubut";"Cuencadel Río Chubut"
"LOS ALTARES";"LOS ALTARES";"CHUBUT";"1973";"51.97";"2207";"Sistema Río Chubut";"Cuencadel Río Chubut"
"LOS ALTARES";"LOS ALTARES";"CHUBUT";"1974";"37.54";"2207";"Sistema Río Chubut";"Cuencadel Río Chubut"
"LOS ALTARES";"LOS ALTARES";"CHUBUT";"1975";"42.77";"2207";"Sistema Río Chubut";"Cuencadel Río Chubut"
"LOS ALTARES";"LOS ALTARES";"CHUBUT";"1976";"45.52";"2207";"Sistema Río Chubut";"Cuencadel Río Chubut"
"LOS ALTARES";"LOS ALTARES";"CHUBUT";"1977";"73.9";"2207";"Sistema Río Chubut";"Cuencadel Río Chubut"
"LOS ALTARES";"LOS ALTARES";"CHUBUT";"1978";"57.68";"2207";"Sistema Río Chubut";"Cuencadel Río Chubut"
"LOS ALTARES";"LOS ALTARES";"CHUBUT";"1979";"49.85";"2207";"Sistema Río Chubut";"Cuencadel Río Chubut"
"LOS ALTARES";"LOS ALTARES";"CHUBUT";"1980";"63.87";"2207";"Sistema Río Chubut";"Cuencadel Río Chubut"
"LOS ALTARES";"LOS ALTARES";"CHUBUT";"1981";"58.35";"2207";"Sistema Río Chubut";"Cuencadel Río Chubut"
"LOS ALTARES";"LOS ALTARES";"CHUBUT";"1982";"58.91";"2207";"Sistema Río Chubut";"Cuencadel Río Chubut"
"LOS ALTARES";"LOS ALTARES";"CHUBUT";"1983";"35.63";"2207";"Sistema Río Chubut";"Cuencadel Río Chubut"
"LOS ALTARES";"LOS ALTARES";"CHUBUT";"1984";"66.64";"2207";"Sistema Río Chubut";"Cuencadel Río Chubut"
"LOS ALTARES";"LOS ALTARES";"CHUBUT";"1985";"47.63";"2207";"Sistema Río Chubut";"Cuencadel Río Chubut"
"LOS ALTARES";"LOS ALTARES";"CHUBUT";"1986";"23.05";"2207";"Sistema Río Chubut";"Cuencadel Río Chubut"
"LOS ALTARES";"LOS ALTARES";"CHUBUT";"1987";"32.68";"2207";"Sistema Río Chubut";"Cuencadel Río Chubut"
"LOS ALTARES";"LOS ALTARES";"CHUBUT";"1988";"20.73";"2207";"Sistema Río Chubut";"Cuencadel Río Chubut"
"LOS ALTARES";"LOS ALTARES";"CHUBUT";"1989";"19.67";"2207";"Sistema Río Chubut";"Cuencadel Río Chubut"
"LOS ALTARES";"LOS ALTARES";"CHUBUT";"1990";"32.7";"2207";"Sistema Río Chubut";"Cuencadel Río Chubut"
"LOS ALTARES";"LOS ALTARES";"CHUBUT";"1991";"29.19";"2207";"Sistema Río Chubut";"Cuencadel Río Chubut"
"LOS ALTARES";"LOS ALTARES";"CHUBUT";"1992";"39.13";"2207";"Sistema Río Chubut";"Cuencadel Río Chubut"
"LOS ALTARES";"LOS ALTARES";"CHUBUT";"1993";"65.11";"2207";"Sistema Río Chubut";"Cuencadel Río Chubut"
"LOS ALTARES";"LOS ALTARES";"CHUBUT";"1994";"49.07";"2207";"Sistema Río Chubut";"Cuencadel Río Chubut"
"LOS ALTARES";"LOS ALTARES";"CHUBUT";"1995";"55.09";"2207";"Sistema Río Chubut";"Cuencadel Río Chubut"
"LOS ALTARES";"LOS ALTARES";"CHUBUT";"1996";"19.36";"2207";"Sistema Río Chubut";"Cuencadel Río Chubut"
"LOS ALTARES";"LOS ALTARES";"CHUBUT";"1997";"55.05";"2207";"Sistema Río Chubut";"Cuencadel Río Chubut"
"LOS ALTARES";"LOS ALTARES";"CHUBUT";"1998";"20.56";"2207";"Sistema Río Chubut";"Cuencadel Río Chubut"
"LOS ALTARES";"LOS ALTARES";"CHUBUT";"1999";"30.16";"2207";"Sistema Río Chubut";"Cuencadel Río Chubut"
"LOS ALTARES";"LOS ALTARES";"CHUBUT";"2000";"54.77";"2207";"Sistema Río Chubut";"Cuencadel Río Chubut"
"LOS ALTARES";"LOS ALTARES";"CHUBUT";"2001";"69.89";"2207";"Sistema Río Chubut";"Cuencadel Río Chubut"
"LOS ALTARES";"LOS ALTARES";"CHUBUT";"2002";"70.02";"2207";"Sistema Río Chubut";"Cuencadel Río Chubut"
"LOS ALTARES";"LOS ALTARES";"CHUBUT";"2003";"52.44";"2207";"Sistema Río Chubut";"Cuencadel Río Chubut"
"LOS ALTARES";"LOS ALTARES";"CHUBUT";"2004";"73.73";"2207";"Sistema Río Chubut";"Cuencadel Río Chubut"
"LOS ALTARES";"LOS ALTARES";"CHUBUT";"2005";"68.17";"2207";"Sistema Río Chubut";"Cuencadel Río Chubut"
"LOS ALTARES";"LOS ALTARES";"CHUBUT";"2006";"82.16";"2207";"Sistema Río Chubut";"Cuencadel Río Chubut"
"LOS ALTARES";"LOS ALTARES";"CHUBUT";"2007";"39.94";"2207";"Sistema Río Chubut";"Cuencadel Río Chubut"
"LOS ALTARES";"LOS ALTARES";"CHUBUT";"2008";"57.07";"2207";"Sistema Río Chubut";"Cuencadel Río Chubut"
"LOS ALTARES";"LOS ALTARES";"CHUBUT";"2009";"60.04";"2207";"Sistema Río Chubut";"Cuencadel Río Chubut"
"LOS ALTARES";"LOS ALTARES";"CHUBUT";"2010";"35.76";"2207";"Sistema Río Chubut";"Cuencadel Río Chubut"
"LOS ALTARES";"LOS ALTARES";"CHUBUT";"2011";"26.55";"2207";"Sistema Río Chubut";"Cuencadel Río Chubut"
"LOS ALTARES";"LOS ALTARES";"CHUBUT";"2012";"28.56";"2207";"Sistema Río Chubut";"Cuencadel Río Chubut"
"LOS ALTARES";"LOS ALTARES";"CHUBUT";"2013";"9.87";"2207";"Sistema Río Chubut";"Cuencadel Río Chubut"
"LOS ALTARES";"LOS ALTARES";"CHUBUT";"2014";"35.2";"2207";"Sistema Río Chubut";"Cuencadel Río Chubut"
"LOS ALTARES";"LOS ALTARES";"CHUBUT";"2015";"45.97";"2207";"Sistema Río Chubut";"Cuencadel Río Chubut"
"LOS ALTARES";"LOS ALTARES";"CHUBUT";"2016";"18.00";"2207";"Sistema Río Chubut";"Cuencadel Río Chubut"
"LOS ALTARES";"LOS ALTARES";"CHUBUT";"2017";"30.48";"2207";"Sistema Río Chubut";"Cuencadel Río Chubut"
"LOS ALTARES";"LOS ALTARES";"CHUBUT";"2018";"32.24";"2207";"Sistema Río Chubut";"Cuencadel Río Chubut"
"LOS ALTARES";"LOS ALTARES";"CHUBUT";"2019";"32.31";"2207";"Sistema Río Chubut";"Cuencadel Río Chubut"
"LOS ALTARES";"LOS ALTARES";"CHUBUT";"2020";"35.45";"2207";"Sistema Río Chubut";"Cuencadel Río Chubut"
"LA ANGOSTURA";"LA ANGOSTURA";"EPUYÉN";"1970";"16.09";"2208";"Sistema Océ ano Pacífico";"Cuencade los Ríos Manso y Puelo"
"LA ANGOSTURA";"LA ANGOSTURA";"EPUYÉN";"1971";"16.92";"2208";"Sistema Océ ano Pacífico";"Cuencade los Ríos Manso y Puelo"
"LA ANGOSTURA";"LA ANGOSTURA";"EPUYÉN";"1972";"17.00";"2208";"Sistema Océ ano Pacífico";"Cuencade los Ríos Manso y Puelo"
"LA ANGOSTURA";"LA ANGOSTURA";"EPUYÉN";"1973";"14.08";"2208";"Sistema Océ ano Pacífico";"Cuencade los Ríos Manso y Puelo"
"LA ANGOSTURA";"LA ANGOSTURA";"EPUYÉN";"1974";"13.17";"2208";"Sistema Océ ano Pacífico";"Cuencade los Ríos Manso y Puelo"
"LA ANGOSTURA";"LA ANGOSTURA";"EPUYÉN";"1975";"14.5";"2208";"Sistema Océ ano Pacífico";"Cuencade los Ríos Manso y Puelo"
"LA ANGOSTURA";"LA ANGOSTURA";"EPUYÉN";"1976";"11.92";"2208";"Sistema Océ ano Pacífico";"Cuencade los Ríos Manso y Puelo"
"LA ANGOSTURA";"LA ANGOSTURA";"EPUYÉN";"1977";"17.00";"2208";"Sistema Océ ano Pacífico";"Cuencade los Ríos Manso y Puelo"
"LA ANGOSTURA";"LA ANGOSTURA";"EPUYÉN";"1978";"14.92";"2208";"Sistema Océ ano Pacífico";"Cuencade los Ríos Manso y Puelo"
"LA ANGOSTURA";"LA ANGOSTURA";"EPUYÉN";"1979";"13.08";"2208";"Sistema Océ ano Pacífico";"Cuencade los Ríos Manso y Puelo"
"LA ANGOSTURA";"LA ANGOSTURA";"EPUYÉN";"1980";"14.00";"2208";"Sistema Océ ano Pacífico";"Cuencade los Ríos Manso y Puelo"
"LA ANGOSTURA";"LA ANGOSTURA";"EPUYÉN";"1981";"12.67";"2208";"Sistema Océ ano Pacífico";"Cuencade los Ríos Manso y Puelo"
"LA ANGOSTURA";"LA ANGOSTURA";"EPUYÉN";"1982";"15.75";"2208";"Sistema Océ ano Pacífico";"Cuencade los Ríos Manso y Puelo"
"LA ANGOSTURA";"LA ANGOSTURA";"EPUYÉN";"1983";"12.33";"2208";"Sistema Océ ano Pacífico";"Cuencade los Ríos Manso y Puelo"
"LA ANGOSTURA";"LA ANGOSTURA";"EPUYÉN";"1984";"13.92";"2208";"Sistema Océ ano Pacífico";"Cuencade los Ríos Manso y Puelo"
"LA ANGOSTURA";"LA ANGOSTURA";"EPUYÉN";"1985";"17.36";"2208";"Sistema Océ ano Pacífico";"Cuencade los Ríos Manso y Puelo"
"LA ANGOSTURA";"LA ANGOSTURA";"EPUYÉN";"1986";"13.28";"2208";"Sistema Océ ano Pacífico";"Cuencade los Ríos Manso y Puelo"
"LA ANGOSTURA";"LA ANGOSTURA";"EPUYÉN";"1987";"7.13";"2208";"Sistema Océ ano Pacífico";"Cuencade los Ríos Manso y Puelo"
"LA ANGOSTURA";"LA ANGOSTURA";"EPUYÉN";"1988";"8.72";"2208";"Sistema Océ ano Pacífico";"Cuencade los Ríos Manso y Puelo"
"LA ANGOSTURA";"LA ANGOSTURA";"EPUYÉN";"1989";"5.00";"2208";"Sistema Océ ano Pacífico";"Cuencade los Ríos Manso y Puelo"
"LA ANGOSTURA";"LA ANGOSTURA";"EPUYÉN";"1992";"20.66";"2208";"Sistema Océ ano Pacífico";"Cuencade los Ríos Manso y Puelo"
"LA ANGOSTURA";"LA ANGOSTURA";"EPUYÉN";"1993";"19.17";"2208";"Sistema Océ ano Pacífico";"Cuencade los Ríos Manso y Puelo"
"LA ANGOSTURA";"LA ANGOSTURA";"EPUYÉN";"1994";"20.94";"2208";"Sistema Océ ano Pacífico";"Cuencade los Ríos Manso y Puelo"
"LA ANGOSTURA";"LA ANGOSTURA";"EPUYÉN";"1995";"19.72";"2208";"Sistema Océ ano Pacífico";"Cuencade los Ríos Manso y Puelo"
"LA ANGOSTURA";"LA ANGOSTURA";"EPUYÉN";"1996";"11.2";"2208";"Sistema Océ ano Pacífico";"Cuencade los Ríos Manso y Puelo"
"LA ANGOSTURA";"LA ANGOSTURA";"EPUYÉN";"1997";"18.36";"2208";"Sistema Océ ano Pacífico";"Cuencade los Ríos Manso y Puelo"
"LA ANGOSTURA";"LA ANGOSTURA";"EPUYÉN";"1998";"10.9";"2208";"Sistema Océ ano Pacífico";"Cuencade los Ríos Manso y Puelo"
"LA ANGOSTURA";"LA ANGOSTURA";"EPUYÉN";"1999";"8.97";"2208";"Sistema Océ ano Pacífico";"Cuencade los Ríos Manso y Puelo"
"LA ANGOSTURA";"LA ANGOSTURA";"EPUYÉN";"2000";"11.07";"2208";"Sistema Océ ano Pacífico";"Cuencade los Ríos Manso y Puelo"
"LA ANGOSTURA";"LA ANGOSTURA";"EPUYÉN";"2001";"16.52";"2208";"Sistema Océ ano Pacífico";"Cuencade los Ríos Manso y Puelo"
"LA ANGOSTURA";"LA ANGOSTURA";"EPUYÉN";"2002";"20.23";"2208";"Sistema Océ ano Pacífico";"Cuencade los Ríos Manso y Puelo"
"LA ANGOSTURA";"LA ANGOSTURA";"EPUYÉN";"2003";"13.87";"2208";"Sistema Océ ano Pacífico";"Cuencade los Ríos Manso y Puelo"
"LA ANGOSTURA";"LA ANGOSTURA";"EPUYÉN";"2004";"14.78";"2208";"Sistema Océ ano Pacífico";"Cuencade los Ríos Manso y Puelo"
"LA ANGOSTURA";"LA ANGOSTURA";"EPUYÉN";"2005";"15.92";"2208";"Sistema Océ ano Pacífico";"Cuencade los Ríos Manso y Puelo"
"LA ANGOSTURA";"LA ANGOSTURA";"EPUYÉN";"2006";"15.26";"2208";"Sistema Océ ano Pacífico";"Cuencade los Ríos Manso y Puelo"
"LA ANGOSTURA";"LA ANGOSTURA";"EPUYÉN";"2007";"10.59";"2208";"Sistema Océ ano Pacífico";"Cuencade los Ríos Manso y Puelo"
"LA ANGOSTURA";"LA ANGOSTURA";"EPUYÉN";"2008";"10.68";"2208";"Sistema Océ ano Pacífico";"Cuencade los Ríos Manso y Puelo"
"LA ANGOSTURA";"LA ANGOSTURA";"EPUYÉN";"2009";"11.5";"2208";"Sistema Océ ano Pacífico";"Cuencade los Ríos Manso y Puelo"
"LA ANGOSTURA";"LA ANGOSTURA";"EPUYÉN";"2010";"6.5";"2208";"Sistema Océ ano Pacífico";"Cuencade los Ríos Manso y Puelo"
"LA ANGOSTURA";"LA ANGOSTURA";"EPUYÉN";"2011";"5.66";"2208";"Sistema Océ ano Pacífico";"Cuencade los Ríos Manso y Puelo"
"LA ANGOSTURA";"LA ANGOSTURA";"EPUYÉN";"2012";"10.19";"2208";"Sistema Océ ano Pacífico";"Cuencade los Ríos Manso y Puelo"
"LA ANGOSTURA";"LA ANGOSTURA";"EPUYÉN";"2013";"6.69";"2208";"Sistema Océ ano Pacífico";"Cuencade los Ríos Manso y Puelo"
"LA ANGOSTURA";"LA ANGOSTURA";"EPUYÉN";"2014";"10.43";"2208";"Sistema Océ ano Pacífico";"Cuencade los Ríos Manso y Puelo"
"LA ANGOSTURA";"LA ANGOSTURA";"EPUYÉN";"2015";"13.96";"2208";"Sistema Océ ano Pacífico";"Cuencade los Ríos Manso y Puelo"
"LA ANGOSTURA";"LA ANGOSTURA";"EPUYÉN";"2016";"7.16";"2208";"Sistema Océ ano Pacífico";"Cuencade los Ríos Manso y Puelo"
"LA ANGOSTURA";"LA ANGOSTURA";"EPUYÉN";"2017";"11.79";"2208";"Sistema Océ ano Pacífico";"Cuencade los Ríos Manso y Puelo"
"LA ANGOSTURA";"LA ANGOSTURA";"EPUYÉN";"2018";"11.77";"2208";"Sistema Océ ano Pacífico";"Cuencade los Ríos Manso y Puelo"
"LA ANGOSTURA";"LA ANGOSTURA";"EPUYÉN";"2019";"10.39";"2208";"Sistema Océ ano Pacífico";"Cuencade los Ríos Manso y Puelo"
"LA ANGOSTURA";"LA ANGOSTURA";"EPUYÉN";"2020";"13.68";"2208";"Sistema Océ ano Pacífico";"Cuencade los Ríos Manso y Puelo"
"BALSA GARZÓN";"BALSA GARZÓN";"FUTALEUFÚ";"1970";"310.00";"2210";"Sistema Océ ano Pacífico";"Cuencadel Río Futaleufú"
"BALSA GARZÓN";"BALSA GARZÓN";"FUTALEUFÚ";"1971";"348.26";"2210";"Sistema Océ ano Pacífico";"Cuencadel Río Futaleufú"
"BALSA GARZÓN";"BALSA GARZÓN";"FUTALEUFÚ";"1972";"329.01";"2210";"Sistema Océ ano Pacífico";"Cuencadel Río Futaleufú"
"BALSA GARZÓN";"BALSA GARZÓN";"FUTALEUFÚ";"1973";"251.09";"2210";"Sistema Océ ano Pacífico";"Cuencadel Río Futaleufú"
"BALSA GARZÓN";"BALSA GARZÓN";"FUTALEUFÚ";"1974";"250.16";"2210";"Sistema Océ ano Pacífico";"Cuencadel Río Futaleufú"
"BALSA GARZÓN";"BALSA GARZÓN";"FUTALEUFÚ";"1975";"309.5";"2210";"Sistema Océ ano Pacífico";"Cuencadel Río Futaleufú"
"BALSA GARZÓN";"BALSA GARZÓN";"FUTALEUFÚ";"1976";"327.00";"2210";"Sistema Océ ano Pacífico";"Cuencadel Río Futaleufú"
"GUALJAINA";"GUALJAINA";"GUALJAINA";"1970";"16.02";"2211";"Sistema Río Chubut";"Cuencadel Río Chubut"
"GUALJAINA";"GUALJAINA";"GUALJAINA";"1971";"19.67";"2211";"Sistema Río Chubut";"Cuencadel Río Chubut"
"GUALJAINA";"GUALJAINA";"GUALJAINA";"1972";"17.68";"2211";"Sistema Río Chubut";"Cuencadel Río Chubut"
"GUALJAINA";"GUALJAINA";"GUALJAINA";"1973";"16.11";"2211";"Sistema Río Chubut";"Cuencadel Río Chubut"
"GUALJAINA";"GUALJAINA";"GUALJAINA";"1974";"10.04";"2211";"Sistema Río Chubut";"Cuencadel Río Chubut"
"GUALJAINA";"GUALJAINA";"GUALJAINA";"1975";"13.8";"2211";"Sistema Río Chubut";"Cuencadel Río Chubut"
"GUALJAINA";"GUALJAINA";"GUALJAINA";"1976";"12.36";"2211";"Sistema Río Chubut";"Cuencadel Río Chubut"
"GUALJAINA";"GUALJAINA";"GUALJAINA";"1977";"24.54";"2211";"Sistema Río Chubut";"Cuencadel Río Chubut"
"GUALJAINA";"GUALJAINA";"GUALJAINA";"1978";"15.44";"2211";"Sistema Río Chubut";"Cuencadel Río Chubut"
"GUALJAINA";"GUALJAINA";"GUALJAINA";"1979";"14.86";"2211";"Sistema Río Chubut";"Cuencadel Río Chubut"
"GUALJAINA";"GUALJAINA";"GUALJAINA";"1980";"18.68";"2211";"Sistema Río Chubut";"Cuencadel Río Chubut"
"GUALJAINA";"GUALJAINA";"GUALJAINA";"1981";"18.29";"2211";"Sistema Río Chubut";"Cuencadel Río Chubut"
"GUALJAINA";"GUALJAINA";"GUALJAINA";"1982";"20.43";"2211";"Sistema Río Chubut";"Cuencadel Río Chubut"
"GUALJAINA";"GUALJAINA";"GUALJAINA";"1983";"9.75";"2211";"Sistema Río Chubut";"Cuencadel Río Chubut"
"GUALJAINA";"GUALJAINA";"GUALJAINA";"1984";"17.17";"2211";"Sistema Río Chubut";"Cuencadel Río Chubut"
"GUALJAINA";"GUALJAINA";"GUALJAINA";"1985";"13.9";"2211";"Sistema Río Chubut";"Cuencadel Río Chubut"
"GUALJAINA";"GUALJAINA";"GUALJAINA";"1986";"7.79";"2211";"Sistema Río Chubut";"Cuencadel Río Chubut"
"GUALJAINA";"GUALJAINA";"GUALJAINA";"1987";"10.12";"2211";"Sistema Río Chubut";"Cuencadel Río Chubut"
"GUALJAINA";"GUALJAINA";"GUALJAINA";"1988";"4.4";"2211";"Sistema Río Chubut";"Cuencadel Río Chubut"
"GUALJAINA";"GUALJAINA";"GUALJAINA";"1989";"6.36";"2211";"Sistema Río Chubut";"Cuencadel Río Chubut"
"GUALJAINA";"GUALJAINA";"GUALJAINA";"1990";"11.45";"2211";"Sistema Río Chubut";"Cuencadel Río Chubut"
"GUALJAINA";"GUALJAINA";"GUALJAINA";"1991";"8.96";"2211";"Sistema Río Chubut";"Cuencadel Río Chubut"
"GUALJAINA";"GUALJAINA";"GUALJAINA";"1992";"9.76";"2211";"Sistema Río Chubut";"Cuencadel Río Chubut"
"GUALJAINA";"GUALJAINA";"GUALJAINA";"1993";"15.84";"2211";"Sistema Río Chubut";"Cuencadel Río Chubut"
"GUALJAINA";"GUALJAINA";"GUALJAINA";"1994";"13.16";"2211";"Sistema Río Chubut";"Cuencadel Río Chubut"
"GUALJAINA";"GUALJAINA";"GUALJAINA";"1995";"16.69";"2211";"Sistema Río Chubut";"Cuencadel Río Chubut"
"GUALJAINA";"GUALJAINA";"GUALJAINA";"1996";"6.22";"2211";"Sistema Río Chubut";"Cuencadel Río Chubut"
"GUALJAINA";"GUALJAINA";"GUALJAINA";"1997";"12.82";"2211";"Sistema Río Chubut";"Cuencadel Río Chubut"
"GUALJAINA";"GUALJAINA";"GUALJAINA";"1998";"6.25";"2211";"Sistema Río Chubut";"Cuencadel Río Chubut"
"GUALJAINA";"GUALJAINA";"GUALJAINA";"1999";"11.16";"2211";"Sistema Río Chubut";"Cuencadel Río Chubut"
"GUALJAINA";"GUALJAINA";"GUALJAINA";"2000";"14.24";"2211";"Sistema Río Chubut";"Cuencadel Río Chubut"
"GUALJAINA";"GUALJAINA";"GUALJAINA";"2001";"20.91";"2211";"Sistema Río Chubut";"Cuencadel Río Chubut"
"GUALJAINA";"GUALJAINA";"GUALJAINA";"2002";"18.65";"2211";"Sistema Río Chubut";"Cuencadel Río Chubut"
"GUALJAINA";"GUALJAINA";"GUALJAINA";"2003";"15.1";"2211";"Sistema Río Chubut";"Cuencadel Río Chubut"
"GUALJAINA";"GUALJAINA";"GUALJAINA";"2004";"16.8";"2211";"Sistema Río Chubut";"Cuencadel Río Chubut"
"GUALJAINA";"GUALJAINA";"GUALJAINA";"2005";"20.78";"2211";"Sistema Río Chubut";"Cuencadel Río Chubut"
"GUALJAINA";"GUALJAINA";"GUALJAINA";"2006";"18.17";"2211";"Sistema Río Chubut";"Cuencadel Río Chubut"
"GUALJAINA";"GUALJAINA";"GUALJAINA";"2007";"8.74";"2211";"Sistema Río Chubut";"Cuencadel Río Chubut"
"GUALJAINA";"GUALJAINA";"GUALJAINA";"2008";"10.84";"2211";"Sistema Río Chubut";"Cuencadel Río Chubut"
"GUALJAINA";"GUALJAINA";"GUALJAINA";"2009";"10.36";"2211";"Sistema Río Chubut";"Cuencadel Río Chubut"
"GUALJAINA";"GUALJAINA";"GUALJAINA";"2010";"4.6";"2211";"Sistema Río Chubut";"Cuencadel Río Chubut"
"GUALJAINA";"GUALJAINA";"GUALJAINA";"2011";"4.59";"2211";"Sistema Río Chubut";"Cuencadel Río Chubut"
"GUALJAINA";"GUALJAINA";"GUALJAINA";"2012";"7.28";"2211";"Sistema Río Chubut";"Cuencadel Río Chubut"
"GUALJAINA";"GUALJAINA";"GUALJAINA";"2013";"9.00";"2211";"Sistema Río Chubut";"Cuencadel Río Chubut"
"GUALJAINA";"GUALJAINA";"GUALJAINA";"2014";"8.46";"2211";"Sistema Río Chubut";"Cuencadel Río Chubut"
"GUALJAINA";"GUALJAINA";"GUALJAINA";"2015";"7.83";"2211";"Sistema Río Chubut";"Cuencadel Río Chubut"
"GUALJAINA";"GUALJAINA";"GUALJAINA";"2016";"4.19";"2211";"Sistema Río Chubut";"Cuencadel Río Chubut"
"GUALJAINA";"GUALJAINA";"GUALJAINA";"2017";"5.14";"2211";"Sistema Río Chubut";"Cuencadel Río Chubut"
"GUALJAINA";"GUALJAINA";"GUALJAINA";"2018";"5.31";"2211";"Sistema Río Chubut";"Cuencadel Río Chubut"
"GUALJAINA";"GUALJAINA";"GUALJAINA";"2019";"5.36";"2211";"Sistema Río Chubut";"Cuencadel Río Chubut"
"GUALJAINA";"GUALJAINA";"GUALJAINA";"2020";"5.64";"2211";"Sistema Río Chubut";"Cuencadel Río Chubut"
"PASO RIO MAYO";"PASO RIO MAYO";"MAYO";"1970";"0.66";"2212";"Sistema Río Chubut";"Cuencadel Ríos Senguerr y Chico"
"PASO RIO MAYO";"PASO RIO MAYO";"MAYO";"1971";"0.03";"2212";"Sistema Río Chubut";"Cuencadel Ríos Senguerr y Chico"
"PASO RIO MAYO";"PASO RIO MAYO";"MAYO";"1980";"3.1";"2212";"Sistema Río Chubut";"Cuencadel Ríos Senguerr y Chico"
"PASO RIO MAYO";"PASO RIO MAYO";"MAYO";"1981";"6.17";"2212";"Sistema Río Chubut";"Cuencadel Ríos Senguerr y Chico"
"PASO RIO MAYO";"PASO RIO MAYO";"MAYO";"1982";"3.02";"2212";"Sistema Río Chubut";"Cuencadel Ríos Senguerr y Chico"
"PASO RIO MAYO";"PASO RIO MAYO";"MAYO";"1983";"5.23";"2212";"Sistema Río Chubut";"Cuencadel Ríos Senguerr y Chico"
"PASO RIO MAYO";"PASO RIO MAYO";"MAYO";"1984";"4.47";"2212";"Sistema Río Chubut";"Cuencadel Ríos Senguerr y Chico"
"PASO RIO MAYO";"PASO RIO MAYO";"MAYO";"1985";"25.46";"2212";"Sistema Río Chubut";"Cuencadel Ríos Senguerr y Chico"
"PASO RIO MAYO";"PASO RIO MAYO";"MAYO";"1986";"29.3";"2212";"Sistema Río Chubut";"Cuencadel Ríos Senguerr y Chico"
"PASO RIO MAYO";"PASO RIO MAYO";"MAYO";"1987";"3.73";"2212";"Sistema Río Chubut";"Cuencadel Ríos Senguerr y Chico"
"PASO RIO MAYO";"PASO RIO MAYO";"MAYO";"1988";"2.09";"2212";"Sistema Río Chubut";"Cuencadel Ríos Senguerr y Chico"
"PASO RIO MAYO";"PASO RIO MAYO";"MAYO";"1989";"6.3";"2212";"Sistema Río Chubut";"Cuencadel Ríos Senguerr y Chico"
"PASO RIO MAYO";"PASO RIO MAYO";"MAYO";"1990";"11.12";"2212";"Sistema Río Chubut";"Cuencadel Ríos Senguerr y Chico"
"PASO RIO MAYO";"PASO RIO MAYO";"MAYO";"1991";"15.11";"2212";"Sistema Río Chubut";"Cuencadel Ríos Senguerr y Chico"
"PASO RIO MAYO";"PASO RIO MAYO";"MAYO";"1992";"36.6";"2212";"Sistema Río Chubut";"Cuencadel Ríos Senguerr y Chico"
"PASO RIO MAYO";"PASO RIO MAYO";"MAYO";"1993";"6.66";"2212";"Sistema Río Chubut";"Cuencadel Ríos Senguerr y Chico"
"PASO RIO MAYO";"PASO RIO MAYO";"MAYO";"1994";"12.74";"2212";"Sistema Río Chubut";"Cuencadel Ríos Senguerr y Chico"
"PASO RIO MAYO";"PASO RIO MAYO";"MAYO";"1995";"12.55";"2212";"Sistema Río Chubut";"Cuencadel Ríos Senguerr y Chico"
"PASO RIO MAYO";"PASO RIO MAYO";"MAYO";"1996";"8.18";"2212";"Sistema Río Chubut";"Cuencadel Ríos Senguerr y Chico"
"PASO RIO MAYO";"PASO RIO MAYO";"MAYO";"1997";"13.38";"2212";"Sistema Río Chubut";"Cuencadel Ríos Senguerr y Chico"
"PASO RIO MAYO";"PASO RIO MAYO";"MAYO";"1998";"6.01";"2212";"Sistema Río Chubut";"Cuencadel Ríos Senguerr y Chico"
"PASO RIO MAYO";"PASO RIO MAYO";"MAYO";"1999";"4.83";"2212";"Sistema Río Chubut";"Cuencadel Ríos Senguerr y Chico"
"PASO RIO MAYO";"PASO RIO MAYO";"MAYO";"2000";"9.5";"2212";"Sistema Río Chubut";"Cuencadel Ríos Senguerr y Chico"
"PASO RIO MAYO";"PASO RIO MAYO";"MAYO";"2001";"11.12";"2212";"Sistema Río Chubut";"Cuencadel Ríos Senguerr y Chico"
"PASO RIO MAYO";"PASO RIO MAYO";"MAYO";"2002";"14.54";"2212";"Sistema Río Chubut";"Cuencadel Ríos Senguerr y Chico"
"PASO RIO MAYO";"PASO RIO MAYO";"MAYO";"2003";"13.04";"2212";"Sistema Río Chubut";"Cuencadel Ríos Senguerr y Chico"
"PASO RIO MAYO";"PASO RIO MAYO";"MAYO";"2004";"11.53";"2212";"Sistema Río Chubut";"Cuencadel Ríos Senguerr y Chico"
"PASO RIO MAYO";"PASO RIO MAYO";"MAYO";"2005";"12.57";"2212";"Sistema Río Chubut";"Cuencadel Ríos Senguerr y Chico"
"PASO RIO MAYO";"PASO RIO MAYO";"MAYO";"2006";"10.22";"2212";"Sistema Río Chubut";"Cuencadel Ríos Senguerr y Chico"
"PASO RIO MAYO";"PASO RIO MAYO";"MAYO";"2007";"3.86";"2212";"Sistema Río Chubut";"Cuencadel Ríos Senguerr y Chico"
"PASO RIO MAYO";"PASO RIO MAYO";"MAYO";"2008";"6.82";"2212";"Sistema Río Chubut";"Cuencadel Ríos Senguerr y Chico"
"PASO RIO MAYO";"PASO RIO MAYO";"MAYO";"2009";"6.99";"2212";"Sistema Río Chubut";"Cuencadel Ríos Senguerr y Chico"
"PASO RIO MAYO";"PASO RIO MAYO";"MAYO";"2010";"11.76";"2212";"Sistema Río Chubut";"Cuencadel Ríos Senguerr y Chico"
"PASO RIO MAYO";"PASO RIO MAYO";"MAYO";"2011";"5.04";"2212";"Sistema Río Chubut";"Cuencadel Ríos Senguerr y Chico"
"PASO RIO MAYO";"PASO RIO MAYO";"MAYO";"2012";"8.11";"2212";"Sistema Río Chubut";"Cuencadel Ríos Senguerr y Chico"
"PASO RIO MAYO";"PASO RIO MAYO";"MAYO";"2013";"8.31";"2212";"Sistema Río Chubut";"Cuencadel Ríos Senguerr y Chico"
"PASO RIO MAYO";"PASO RIO MAYO";"JUNIO";"2014";"12.01";"2212";"Sistema Río Chubut";"Cuencadel Ríos Senguerr y Chico"
"PASO RIO MAYO";"PASO RIO MAYO";"JULIO";"2015";"14.63";"2212";"Sistema Río Chubut";"Cuencadel Ríos Senguerr y Chico"
"PASO RIO MAYO";"PASO RIO MAYO";"AGOSTO";"2016";"7.94";"2212";"Sistema Río Chubut";"Cuencadel Ríos Senguerr y Chico"
"PASO RIO MAYO";"PASO RIO MAYO";"SEPTIEMBRE";"2017";"17.35";"2212";"Sistema Río Chubut";"Cuencadel Ríos Senguerr y Chico"
"PASO RIO MAYO";"PASO RIO MAYO";"OCTUBRE";"2018";"10.51";"2212";"Sistema Río Chubut";"Cuencadel Ríos Senguerr y Chico"
"PASO RIO MAYO";"PASO RIO MAYO";"NOVIEMBRE";"2019";"4.35";"2212";"Sistema Río Chubut";"Cuencadel Ríos Senguerr y Chico"
"PASO RIO MAYO";"PASO RIO MAYO";"DICIEMBRE";"2020";"6.95";"2212";"Sistema Río Chubut";"Cuencadel Ríos Senguerr y Chico"
"RUTA A CHILE";"RUTA A CHILE";"NANTY FALL";"1970";"1.52";"2213";"Sistema Océ ano Pacífico";"Cuencadel Río Futaleufú"
"RUTA A CHILE";"RUTA A CHILE";"NANTY FALL";"1971";"3.14";"2213";"Sistema Océ ano Pacífico";"Cuencadel Río Futaleufú"
"RUTA A CHILE";"RUTA A CHILE";"NANTY FALL";"1972";"4.05";"2213";"Sistema Océ ano Pacífico";"Cuencadel Río Futaleufú"
"RUTA A CHILE";"RUTA A CHILE";"NANTY FALL";"1973";"2.49";"2213";"Sistema Océ ano Pacífico";"Cuencadel Río Futaleufú"
"RUTA A CHILE";"RUTA A CHILE";"NANTY FALL";"1974";"1.61";"2213";"Sistema Océ ano Pacífico";"Cuencadel Río Futaleufú"
"RUTA A CHILE";"RUTA A CHILE";"NANTY FALL";"1975";"3.14";"2213";"Sistema Océ ano Pacífico";"Cuencadel Río Futaleufú"
"RUTA A CHILE";"RUTA A CHILE";"NANTY FALL";"1976";"2.75";"2213";"Sistema Océ ano Pacífico";"Cuencadel Río Futaleufú"
"RUTA A CHILE";"RUTA A CHILE";"NANTY FALL";"1977";"3.09";"2213";"Sistema Océ ano Pacífico";"Cuencadel Río Futaleufú"
"RUTA A CHILE";"RUTA A CHILE";"NANTY FALL";"1978";"2.63";"2213";"Sistema Océ ano Pacífico";"Cuencadel Río Futaleufú"
"RUTA A CHILE";"RUTA A CHILE";"NANTY FALL";"1979";"3.03";"2213";"Sistema Océ ano Pacífico";"Cuencadel Río Futaleufú"
"RUTA A CHILE";"RUTA A CHILE";"NANTY FALL";"1980";"3.66";"2213";"Sistema Océ ano Pacífico";"Cuencadel Río Futaleufú"
"RUTA A CHILE";"RUTA A CHILE";"NANTY FALL";"1981";"3.13";"2213";"Sistema Océ ano Pacífico";"Cuencadel Río Futaleufú"
"RUTA A CHILE";"RUTA A CHILE";"NANTY FALL";"1982";"2.82";"2213";"Sistema Océ ano Pacífico";"Cuencadel Río Futaleufú"
"RUTA A CHILE";"RUTA A CHILE";"NANTY FALL";"1983";"1.75";"2213";"Sistema Océ ano Pacífico";"Cuencadel Río Futaleufú"
"RUTA A CHILE";"RUTA A CHILE";"NANTY FALL";"1984";"2.51";"2213";"Sistema Océ ano Pacífico";"Cuencadel Río Futaleufú"
"RUTA A CHILE";"RUTA A CHILE";"NANTY FALL";"1985";"3.18";"2213";"Sistema Océ ano Pacífico";"Cuencadel Río Futaleufú"
"RUTA A CHILE";"RUTA A CHILE";"NANTY FALL";"1986";"1.68";"2213";"Sistema Océ ano Pacífico";"Cuencadel Río Futaleufú"
"RUTA A CHILE";"RUTA A CHILE";"NANTY FALL";"1987";"2.05";"2213";"Sistema Océ ano Pacífico";"Cuencadel Río Futaleufú"
"RUTA A CHILE";"RUTA A CHILE";"NANTY FALL";"1988";"1.32";"2213";"Sistema Océ ano Pacífico";"Cuencadel Río Futaleufú"
"RUTA A CHILE";"RUTA A CHILE";"NANTY FALL";"1989";"1.39";"2213";"Sistema Océ ano Pacífico";"Cuencadel Río Futaleufú"
"RUTA A CHILE";"RUTA A CHILE";"NANTY FALL";"1990";"2.41";"2213";"Sistema Océ ano Pacífico";"Cuencadel Río Futaleufú"
"RUTA A CHILE";"RUTA A CHILE";"NANTY FALL";"1991";"2.47";"2213";"Sistema Océ ano Pacífico";"Cuencadel Río Futaleufú"
"RUTA A CHILE";"RUTA A CHILE";"NANTY FALL";"1992";"2.88";"2213";"Sistema Océ ano Pacífico";"Cuencadel Río Futaleufú"
"RUTA A CHILE";"RUTA A CHILE";"NANTY FALL";"1993";"3.18";"2213";"Sistema Océ ano Pacífico";"Cuencadel Río Futaleufú"
"RUTA A CHILE";"RUTA A CHILE";"NANTY FALL";"1994";"0.35";"2213";"Sistema Océ ano Pacífico";"Cuencadel Río Futaleufú"
"RUTA A FUTALAUFQUEN";"RUTA A FUTALAUFQUEN";"PERCEY";"1992";"37.93";"2214";"Sistema Océ ano Pacífico";"Cuencade los Ríos Carrenleufú y Pico"
"RUTA A FUTALAUFQUEN";"RUTA A FUTALAUFQUEN";"PERCEY";"1993";"21.46";"2214";"Sistema Océ ano Pacífico";"Cuencade los Ríos Carrenleufú y Pico"
"RUTA A FUTALAUFQUEN";"RUTA A FUTALAUFQUEN";"PERCEY";"1994";"4.97";"2214";"Sistema Océ ano Pacífico";"Cuencade los Ríos Carrenleufú y Pico"
"NACIMIENTO";"NACIMIENTO";"SENGUERR";"1970";"36.93";"2215";"Sistema Río Chubut";"Cuencadel Ríos Senguerr y Chico"
"NACIMIENTO";"NACIMIENTO";"SENGUERR";"1971";"38.75";"2215";"Sistema Río Chubut";"Cuencadel Ríos Senguerr y Chico"
"NACIMIENTO";"NACIMIENTO";"SENGUERR";"1972";"36.58";"2215";"Sistema Río Chubut";"Cuencadel Ríos Senguerr y Chico"
"NACIMIENTO";"NACIMIENTO";"SENGUERR";"1973";"27.01";"2215";"Sistema Río Chubut";"Cuencadel Ríos Senguerr y Chico"
"NACIMIENTO";"NACIMIENTO";"SENGUERR";"1974";"26.86";"2215";"Sistema Río Chubut";"Cuencadel Ríos Senguerr y Chico"
"NACIMIENTO";"NACIMIENTO";"SENGUERR";"1975";"29.99";"2215";"Sistema Río Chubut";"Cuencadel Ríos Senguerr y Chico"
"NACIMIENTO";"NACIMIENTO";"SENGUERR";"1976";"46.64";"2215";"Sistema Río Chubut";"Cuencadel Ríos Senguerr y Chico"
"NACIMIENTO";"NACIMIENTO";"SENGUERR";"1984";"38.51";"2215";"Sistema Río Chubut";"Cuencadel Ríos Senguerr y Chico"
"NACIMIENTO";"NACIMIENTO";"SENGUERR";"1985";"36.64";"2215";"Sistema Río Chubut";"Cuencadel Ríos Senguerr y Chico"
"NACIMIENTO";"NACIMIENTO";"SENGUERR";"1986";"45.62";"2215";"Sistema Río Chubut";"Cuencadel Ríos Senguerr y Chico"
"NACIMIENTO";"NACIMIENTO";"SENGUERR";"1987";"31.9";"2215";"Sistema Río Chubut";"Cuencadel Ríos Senguerr y Chico"
"NACIMIENTO";"NACIMIENTO";"SENGUERR";"1988";"25.82";"2215";"Sistema Río Chubut";"Cuencadel Ríos Senguerr y Chico"
"NACIMIENTO";"NACIMIENTO";"SENGUERR";"1989";"28.6";"2215";"Sistema Río Chubut";"Cuencadel Ríos Senguerr y Chico"
"NACIMIENTO";"NACIMIENTO";"SENGUERR";"1990";"39.1";"2215";"Sistema Río Chubut";"Cuencadel Ríos Senguerr y Chico"
"NACIMIENTO";"NACIMIENTO";"SENGUERR";"1991";"29.7";"2215";"Sistema Río Chubut";"Cuencadel Ríos Senguerr y Chico"
"NACIMIENTO";"NACIMIENTO";"SENGUERR";"1992";"27.6";"2215";"Sistema Río Chubut";"Cuencadel Ríos Senguerr y Chico"
"NACIMIENTO";"NACIMIENTO";"SENGUERR";"1993";"33.06";"2215";"Sistema Río Chubut";"Cuencadel Ríos Senguerr y Chico"
"NACIMIENTO";"NACIMIENTO";"SENGUERR";"1994";"45.82";"2215";"Sistema Río Chubut";"Cuencadel Ríos Senguerr y Chico"
"NACIMIENTO";"NACIMIENTO";"SENGUERR";"1995";"41.55";"2215";"Sistema Río Chubut";"Cuencadel Ríos Senguerr y Chico"
"NACIMIENTO";"NACIMIENTO";"SENGUERR";"1996";"37.28";"2215";"Sistema Río Chubut";"Cuencadel Ríos Senguerr y Chico"
"NACIMIENTO";"NACIMIENTO";"SENGUERR";"1997";"37.94";"2215";"Sistema Río Chubut";"Cuencadel Ríos Senguerr y Chico"
"NACIMIENTO";"NACIMIENTO";"SENGUERR";"1998";"20.31";"2215";"Sistema Río Chubut";"Cuencadel Ríos Senguerr y Chico"
"NACIMIENTO";"NACIMIENTO";"SENGUERR";"1999";"22.52";"2215";"Sistema Río Chubut";"Cuencadel Ríos Senguerr y Chico"
"NACIMIENTO";"NACIMIENTO";"SENGUERR";"2000";"26.57";"2215";"Sistema Río Chubut";"Cuencadel Ríos Senguerr y Chico"
"NACIMIENTO";"NACIMIENTO";"SENGUERR";"2001";"38.2";"2215";"Sistema Río Chubut";"Cuencadel Ríos Senguerr y Chico"
"NACIMIENTO";"NACIMIENTO";"SENGUERR";"2002";"37.11";"2215";"Sistema Río Chubut";"Cuencadel Ríos Senguerr y Chico"
"NACIMIENTO";"NACIMIENTO";"SENGUERR";"2003";"37.88";"2215";"Sistema Río Chubut";"Cuencadel Ríos Senguerr y Chico"
"NACIMIENTO";"NACIMIENTO";"SENGUERR";"2004";"33.29";"2215";"Sistema Río Chubut";"Cuencadel Ríos Senguerr y Chico"
"NACIMIENTO";"NACIMIENTO";"SENGUERR";"2005";"28.76";"2215";"Sistema Río Chubut";"Cuencadel Ríos Senguerr y Chico"
"NACIMIENTO";"NACIMIENTO";"SENGUERR";"2006";"42.03";"2215";"Sistema Río Chubut";"Cuencadel Ríos Senguerr y Chico"
"NACIMIENTO";"NACIMIENTO";"SENGUERR";"2007";"22.67";"2215";"Sistema Río Chubut";"Cuencadel Ríos Senguerr y Chico"
"NACIMIENTO";"NACIMIENTO";"SENGUERR";"2008";"32.37";"2215";"Sistema Río Chubut";"Cuencadel Ríos Senguerr y Chico"
"NACIMIENTO";"NACIMIENTO";"SENGUERR";"2009";"33.84";"2215";"Sistema Río Chubut";"Cuencadel Ríos Senguerr y Chico"
"NACIMIENTO";"NACIMIENTO";"SENGUERR";"2010";"38.73";"2215";"Sistema Río Chubut";"Cuencadel Ríos Senguerr y Chico"
"NACIMIENTO";"NACIMIENTO";"SENGUERR";"2011";"27.82";"2215";"Sistema Río Chubut";"Cuencadel Ríos Senguerr y Chico"
"NACIMIENTO";"NACIMIENTO";"SENGUERR";"2012";"32.54";"2215";"Sistema Río Chubut";"Cuencadel Ríos Senguerr y Chico"
"NACIMIENTO";"NACIMIENTO";"SENGUERR";"2013";"33.81";"2215";"Sistema Río Chubut";"Cuencadel Ríos Senguerr y Chico"
"NACIMIENTO";"NACIMIENTO";"SENGUERR";"2014";"32.87";"2215";"Sistema Río Chubut";"Cuencadel Ríos Senguerr y Chico"
"NACIMIENTO";"NACIMIENTO";"SENGUERR";"2015";"35.41";"2215";"Sistema Río Chubut";"Cuencadel Ríos Senguerr y Chico"
"NACIMIENTO";"NACIMIENTO";"SENGUERR";"2016";"15.91";"2215";"Sistema Río Chubut";"Cuencadel Ríos Senguerr y Chico"
"NACIMIENTO";"NACIMIENTO";"SENGUERR";"2017";"46.09";"2215";"Sistema Río Chubut";"Cuencadel Ríos Senguerr y Chico"
"NACIMIENTO";"NACIMIENTO";"SENGUERR";"2018";"36.32";"2215";"Sistema Río Chubut";"Cuencadel Ríos Senguerr y Chico"
"NACIMIENTO";"NACIMIENTO";"SENGUERR";"2019";"24.45";"2215";"Sistema Río Chubut";"Cuencadel Ríos Senguerr y Chico"
"NACIMIENTO";"NACIMIENTO";"SENGUERR";"2020";"26.78";"2215";"Sistema Río Chubut";"Cuencadel Ríos Senguerr y Chico"
"ESCUELA Nº 90";"ESCUELA Nº 90";"SITUACIÓN";"1970";"2.09";"2217";"Sistema Océ ano Pacífico";"Cuencadel Río Futaleufú"
"ESCUELA Nº 90";"ESCUELA Nº 90";"SITUACIÓN";"1971";"1.36";"2217";"Sistema Océ ano Pacífico";"Cuencadel Río Futaleufú"
"ESCUELA Nº 90";"ESCUELA Nº 90";"SITUACIÓN";"1972";"1.51";"2217";"Sistema Océ ano Pacífico";"Cuencadel Río Futaleufú"
"ESCUELA Nº 90";"ESCUELA Nº 90";"SITUACIÓN";"1973";"1.2";"2217";"Sistema Océ ano Pacífico";"Cuencadel Río Futaleufú"
"ESCUELA Nº 90";"ESCUELA Nº 90";"SITUACIÓN";"1974";"1.29";"2217";"Sistema Océ ano Pacífico";"Cuencadel Río Futaleufú"
"ESCUELA Nº 90";"ESCUELA Nº 90";"SITUACIÓN";"1975";"1.34";"2217";"Sistema Océ ano Pacífico";"Cuencadel Río Futaleufú"
"ESCUELA Nº 90";"ESCUELA Nº 90";"SITUACIÓN";"1976";"1.69";"2217";"Sistema Océ ano Pacífico";"Cuencadel Río Futaleufú"
"ESCUELA Nº 90";"ESCUELA Nº 90";"SITUACIÓN";"1977";"1.23";"2217";"Sistema Océ ano Pacífico";"Cuencadel Río Futaleufú"
"ESCUELA Nº 90";"ESCUELA Nº 90";"SITUACIÓN";"1978";"1.96";"2217";"Sistema Océ ano Pacífico";"Cuencadel Río Futaleufú"
"ESCUELA Nº 90";"ESCUELA Nº 90";"SITUACIÓN";"1979";"1.77";"2217";"Sistema Océ ano Pacífico";"Cuencadel Río Futaleufú"
"ESCUELA Nº 90";"ESCUELA Nº 90";"SITUACIÓN";"1980";"1.67";"2217";"Sistema Océ ano Pacífico";"Cuencadel Río Futaleufú"
"ESCUELA Nº 90";"ESCUELA Nº 90";"SITUACIÓN";"1981";"1.69";"2217";"Sistema Océ ano Pacífico";"Cuencadel Río Futaleufú"
"ESCUELA Nº 90";"ESCUELA Nº 90";"SITUACIÓN";"1982";"1.75";"2217";"Sistema Océ ano Pacífico";"Cuencadel Río Futaleufú"
"ESCUELA Nº 90";"ESCUELA Nº 90";"SITUACIÓN";"1983";"1.18";"2217";"Sistema Océ ano Pacífico";"Cuencadel Río Futaleufú"
"ESCUELA Nº 90";"ESCUELA Nº 90";"SITUACIÓN";"1984";"1.37";"2217";"Sistema Océ ano Pacífico";"Cuencadel Río Futaleufú"
"ESCUELA Nº 90";"ESCUELA Nº 90";"SITUACIÓN";"1985";"2.29";"2217";"Sistema Océ ano Pacífico";"Cuencadel Río Futaleufú"
"ESCUELA Nº 90";"ESCUELA Nº 90";"SITUACIÓN";"1986";"1.21";"2217";"Sistema Océ ano Pacífico";"Cuencadel Río Futaleufú"
"ESCUELA Nº 90";"ESCUELA Nº 90";"SITUACIÓN";"1987";"0.99";"2217";"Sistema Océ ano Pacífico";"Cuencadel Río Futaleufú"
"ESCUELA Nº 90";"ESCUELA Nº 90";"SITUACIÓN";"1988";"0.96";"2217";"Sistema Océ ano Pacífico";"Cuencadel Río Futaleufú"
"ESCUELA Nº 90";"ESCUELA Nº 90";"SITUACIÓN";"1989";"0.48";"2217";"Sistema Océ ano Pacífico";"Cuencadel Río Futaleufú"
"ESCUELA Nº 90";"ESCUELA Nº 90";"SITUACIÓN";"1990";"0.23";"2217";"Sistema Océ ano Pacífico";"Cuencadel Río Futaleufú"
"ESTANCIA AMANCAY";"ESTANCIA AMANCAY";"FONTANA";"1970";"1.14";"2218";"Sistema Océ ano Pacífico";"Cuencadel Río Futaleufú"
"ESTANCIA AMANCAY";"ESTANCIA AMANCAY";"FONTANA";"1971";"1.63";"2218";"Sistema Océ ano Pacífico";"Cuencadel Río Futaleufú"
"ESTANCIA AMANCAY";"ESTANCIA AMANCAY";"FONTANA";"1972";"1.41";"2218";"Sistema Océ ano Pacífico";"Cuencadel Río Futaleufú"
"ESTANCIA AMANCAY";"ESTANCIA AMANCAY";"FONTANA";"1973";"1.57";"2218";"Sistema Océ ano Pacífico";"Cuencadel Río Futaleufú"
"ESTANCIA AMANCAY";"ESTANCIA AMANCAY";"FONTANA";"1974";"1.5";"2218";"Sistema Océ ano Pacífico";"Cuencadel Río Futaleufú"
"ESTANCIA AMANCAY";"ESTANCIA AMANCAY";"FONTANA";"1975";"1.72";"2218";"Sistema Océ ano Pacífico";"Cuencadel Río Futaleufú"
"ESTANCIA AMANCAY";"ESTANCIA AMANCAY";"FONTANA";"1976";"1.56";"2218";"Sistema Océ ano Pacífico";"Cuencadel Río Futaleufú"
"ESTANCIA AMANCAY";"ESTANCIA AMANCAY";"FONTANA";"1977";"1.51";"2218";"Sistema Océ ano Pacífico";"Cuencadel Río Futaleufú"
"ESTANCIA AMANCAY";"ESTANCIA AMANCAY";"FONTANA";"1978";"1.42";"2218";"Sistema Océ ano Pacífico";"Cuencadel Río Futaleufú"
"ESTANCIA AMANCAY";"ESTANCIA AMANCAY";"FONTANA";"1979";"1.46";"2218";"Sistema Océ ano Pacífico";"Cuencadel Río Futaleufú"
"ESTANCIA AMANCAY";"ESTANCIA AMANCAY";"FONTANA";"1980";"1.75";"2218";"Sistema Océ ano Pacífico";"Cuencadel Río Futaleufú"
"ESTANCIA AMANCAY";"ESTANCIA AMANCAY";"FONTANA";"1981";"1.7";"2218";"Sistema Océ ano Pacífico";"Cuencadel Río Futaleufú"
"ESTANCIA AMANCAY";"ESTANCIA AMANCAY";"FONTANA";"1982";"2.06";"2218";"Sistema Océ ano Pacífico";"Cuencadel Río Futaleufú"
"ESTANCIA AMANCAY";"ESTANCIA AMANCAY";"FONTANA";"1983";"1.25";"2218";"Sistema Océ ano Pacífico";"Cuencadel Río Futaleufú"
"ESTANCIA AMANCAY";"ESTANCIA AMANCAY";"FONTANA";"1984";"1.92";"2218";"Sistema Océ ano Pacífico";"Cuencadel Río Futaleufú"
"ESTANCIA AMANCAY";"ESTANCIA AMANCAY";"FONTANA";"1985";"1.92";"2218";"Sistema Océ ano Pacífico";"Cuencadel Río Futaleufú"
"ESTANCIA AMANCAY";"ESTANCIA AMANCAY";"FONTANA";"1986";"0.98";"2218";"Sistema Océ ano Pacífico";"Cuencadel Río Futaleufú"
"ESTANCIA AMANCAY";"ESTANCIA AMANCAY";"FONTANA";"1987";"0.74";"2218";"Sistema Océ ano Pacífico";"Cuencadel Río Futaleufú"
"ESTANCIA AMANCAY";"ESTANCIA AMANCAY";"FONTANA";"1988";"1.36";"2218";"Sistema Océ ano Pacífico";"Cuencadel Río Futaleufú"
"ESTANCIA AMANCAY";"ESTANCIA AMANCAY";"FONTANA";"1989";"1.38";"2218";"Sistema Océ ano Pacífico";"Cuencadel Río Futaleufú"
"ESTANCIA AMANCAY";"ESTANCIA AMANCAY";"FONTANA";"1990";"1.59";"2218";"Sistema Océ ano Pacífico";"Cuencadel Río Futaleufú"
"ESTANCIA AMANCAY";"ESTANCIA AMANCAY";"FONTANA";"1991";"1.21";"2218";"Sistema Océ ano Pacífico";"Cuencadel Río Futaleufú"
"ESTANCIA AMANCAY";"ESTANCIA AMANCAY";"FONTANA";"1992";"0.93";"2218";"Sistema Océ ano Pacífico";"Cuencadel Río Futaleufú"
"ESTANCIA AMANCAY";"ESTANCIA AMANCAY";"FONTANA";"1993";"2.02";"2218";"Sistema Océ ano Pacífico";"Cuencadel Río Futaleufú"
"ESTANCIA AMANCAY";"ESTANCIA AMANCAY";"FONTANA";"1994";"2.66";"2218";"Sistema Océ ano Pacífico";"Cuencadel Río Futaleufú"
"ESTANCIA AMANCAY";"ESTANCIA AMANCAY";"FONTANA";"1995";"2.4";"2218";"Sistema Océ ano Pacífico";"Cuencadel Río Futaleufú"
"ESTANCIA AMANCAY";"ESTANCIA AMANCAY";"FONTANA";"1996";"1.45";"2218";"Sistema Océ ano Pacífico";"Cuencadel Río Futaleufú"
"ESTANCIA AMANCAY";"ESTANCIA AMANCAY";"FONTANA";"1997";"0.96";"2218";"Sistema Océ ano Pacífico";"Cuencadel Río Futaleufú"
"ESTANCIA AMANCAY";"ESTANCIA AMANCAY";"FONTANA";"1998";"0.83";"2218";"Sistema Océ ano Pacífico";"Cuencadel Río Futaleufú"
"ESTANCIA AMANCAY";"ESTANCIA AMANCAY";"FONTANA";"1999";"0.88";"2218";"Sistema Océ ano Pacífico";"Cuencadel Río Futaleufú"
"ESTANCIA AMANCAY";"ESTANCIA AMANCAY";"FONTANA";"2000";"0.78";"2218";"Sistema Océ ano Pacífico";"Cuencadel Río Futaleufú"
"ESTANCIA AMANCAY";"ESTANCIA AMANCAY";"FONTANA";"2001";"1.55";"2218";"Sistema Océ ano Pacífico";"Cuencadel Río Futaleufú"
"ESTANCIA AMANCAY";"ESTANCIA AMANCAY";"FONTANA";"2002";"1.43";"2218";"Sistema Océ ano Pacífico";"Cuencadel Río Futaleufú"
"ESTANCIA AMANCAY";"ESTANCIA AMANCAY";"FONTANA";"2003";"1.79";"2218";"Sistema Océ ano Pacífico";"Cuencadel Río Futaleufú"
"ESTANCIA AMANCAY";"ESTANCIA AMANCAY";"FONTANA";"2004";"1.28";"2218";"Sistema Océ ano Pacífico";"Cuencadel Río Futaleufú"
"ESTANCIA AMANCAY";"ESTANCIA AMANCAY";"FONTANA";"2005";"1.9";"2218";"Sistema Océ ano Pacífico";"Cuencadel Río Futaleufú"
"ESTANCIA AMANCAY";"ESTANCIA AMANCAY";"FONTANA";"2006";"2.76";"2218";"Sistema Océ ano Pacífico";"Cuencadel Río Futaleufú"
"ESTANCIA AMANCAY";"ESTANCIA AMANCAY";"FONTANA";"2007";"1.82";"2218";"Sistema Océ ano Pacífico";"Cuencadel Río Futaleufú"
"ESTANCIA AMANCAY";"ESTANCIA AMANCAY";"FONTANA";"2008";"1.31";"2218";"Sistema Océ ano Pacífico";"Cuencadel Río Futaleufú"
"ESTANCIA AMANCAY";"ESTANCIA AMANCAY";"FONTANA";"2009";"0.51";"2218";"Sistema Océ ano Pacífico";"Cuencadel Río Futaleufú"
"ESTANCIA AMANCAY";"ESTANCIA AMANCAY";"FONTANA";"2010";"0.26";"2218";"Sistema Océ ano Pacífico";"Cuencadel Río Futaleufú"
"ESTANCIA AMANCAY";"ESTANCIA AMANCAY";"FONTANA";"2011";"0.26";"2218";"Sistema Océ ano Pacífico";"Cuencadel Río Futaleufú"
"ESTANCIA AMANCAY";"ESTANCIA AMANCAY";"FONTANA";"2012";"0.41";"2218";"Sistema Océ ano Pacífico";"Cuencadel Río Futaleufú"
"ESTANCIA AMANCAY";"ESTANCIA AMANCAY";"FONTANA";"2013";"0.38";"2218";"Sistema Océ ano Pacífico";"Cuencadel Río Futaleufú"
"ESTANCIA AMANCAY";"ESTANCIA AMANCAY";"FONTANA";"2014";"0.3";"2218";"Sistema Océ ano Pacífico";"Cuencadel Río Futaleufú"
"ESTANCIA AMANCAY";"ESTANCIA AMANCAY";"FONTANA";"2015";"0.48";"2218";"Sistema Océ ano Pacífico";"Cuencadel Río Futaleufú"
"ESTANCIA AMANCAY";"ESTANCIA AMANCAY";"FONTANA";"2016";"0.6";"2218";"Sistema Océ ano Pacífico";"Cuencadel Río Futaleufú"
"ESTANCIA AMANCAY";"ESTANCIA AMANCAY";"FONTANA";"2017";"0.28";"2218";"Sistema Océ ano Pacífico";"Cuencadel Río Futaleufú"
"ESTANCIA AMANCAY";"ESTANCIA AMANCAY";"FONTANA";"2018";"0.44";"2218";"Sistema Océ ano Pacífico";"Cuencadel Río Futaleufú"
"ESTANCIA AMANCAY";"ESTANCIA AMANCAY";"FONTANA";"2019";"0.64";"2218";"Sistema Océ ano Pacífico";"Cuencadel Río Futaleufú"
"ESTANCIA AMANCAY";"ESTANCIA AMANCAY";"FONTANA";"2020";"0.45";"2218";"Sistema Océ ano Pacífico";"Cuencadel Río Futaleufú"
"PUESTO RIOS";"PUESTO RIOS";"FUTALEUFÚ";"2009";"350.33";"2220";"Sistema Océ ano Pacífico";"Cuencadel Río Futaleufú"
"PUESTO RIOS";"PUESTO RIOS";"FUTALEUFÚ";"2010";"277.07";"2220";"Sistema Océ ano Pacífico";"Cuencadel Río Futaleufú"
"PUESTO RIOS";"PUESTO RIOS";"FUTALEUFÚ";"2011";"232.52";"2220";"Sistema Océ ano Pacífico";"Cuencadel Río Futaleufú"
"PUESTO RIOS";"PUESTO RIOS";"FUTALEUFÚ";"2012";"275.82";"2220";"Sistema Océ ano Pacífico";"Cuencadel Río Futaleufú"
"PUESTO RIOS";"PUESTO RIOS";"FUTALEUFÚ";"2013";"200.41";"2220";"Sistema Océ ano Pacífico";"Cuencadel Río Futaleufú"
"PUESTO RIOS";"PUESTO RIOS";"FUTALEUFÚ";"2014";"245.79";"2220";"Sistema Océ ano Pacífico";"Cuencadel Río Futaleufú"
"PUESTO RIOS";"PUESTO RIOS";"FUTALEUFÚ";"2015";"307.76";"2220";"Sistema Océ ano Pacífico";"Cuencadel Río Futaleufú"
"PUESTO RIOS";"PUESTO RIOS";"FUTALEUFÚ";"2016";"169.5";"2220";"Sistema Océ ano Pacífico";"Cuencadel Río Futaleufú"
"PUESTO RIOS";"PUESTO RIOS";"FUTALEUFÚ";"2017";"359.91";"2220";"Sistema Océ ano Pacífico";"Cuencadel Río Futaleufú"
"PUESTO RIOS";"PUESTO RIOS";"FUTALEUFÚ";"2018";"269.91";"2220";"Sistema Océ ano Pacífico";"Cuencadel Río Futaleufú"
"PUESTO RIOS";"PUESTO RIOS";"FUTALEUFÚ";"2019";"241.24";"2220";"Sistema Océ ano Pacífico";"Cuencadel Río Futaleufú"
"PUESTO RIOS";"PUESTO RIOS";"FUTALEUFÚ";"2020";"345.99";"2220";"Sistema Océ ano Pacífico";"Cuencadel Río Futaleufú"
"LAGO VERDE";"LAGO VERDE";"ARRAYANES";"2009";"184.57";"2221";"Sistema Océ ano Pacífico";"Cuencadel Río Futaleufú"
"LAGO VERDE";"LAGO VERDE";"ARRAYANES";"2010";"129.15";"2221";"Sistema Océ ano Pacífico";"Cuencadel Río Futaleufú"
"LAGO VERDE";"LAGO VERDE";"ARRAYANES";"2011";"125.76";"2221";"Sistema Océ ano Pacífico";"Cuencadel Río Futaleufú"
"LAGO VERDE";"LAGO VERDE";"ARRAYANES";"2012";"131.06";"2221";"Sistema Océ ano Pacífico";"Cuencadel Río Futaleufú"
"LAGO VERDE";"LAGO VERDE";"ARRAYANES";"2013";"99.82";"2221";"Sistema Océ ano Pacífico";"Cuencadel Río Futaleufú"
"LAGO VERDE";"LAGO VERDE";"ARRAYANES";"2014";"143.87";"2221";"Sistema Océ ano Pacífico";"Cuencadel Río Futaleufú"
"LAGO VERDE";"LAGO VERDE";"ARRAYANES";"2015";"147.91";"2221";"Sistema Océ ano Pacífico";"Cuencadel Río Futaleufú"
"LAGO VERDE";"LAGO VERDE";"ARRAYANES";"2016";"89.85";"2221";"Sistema Océ ano Pacífico";"Cuencadel Río Futaleufú"
"LAGO VERDE";"LAGO VERDE";"ARRAYANES";"2017";"143.44";"2221";"Sistema Océ ano Pacífico";"Cuencadel Río Futaleufú"
"LAGO VERDE";"LAGO VERDE";"ARRAYANES";"2018";"146.73";"2221";"Sistema Océ ano Pacífico";"Cuencadel Río Futaleufú"
"LAGO VERDE";"LAGO VERDE";"ARRAYANES";"2019";"107.81";"2221";"Sistema Océ ano Pacífico";"Cuencadel Río Futaleufú"
"LAGO VERDE";"LAGO VERDE";"ARRAYANES";"2020";"139.66";"2221";"Sistema Océ ano Pacífico";"Cuencadel Río Futaleufú"
"CONFLUENCIA";"CONFLUENCIA";"HIELO";"1970";"37.65";"2226";"Sistema Océ ano Pacífico";"Cuencade los Ríos Carrenleufú y Pico"
"CONFLUENCIA";"CONFLUENCIA";"HIELO";"1971";"36.18";"2226";"Sistema Océ ano Pacífico";"Cuencade los Ríos Carrenleufú y Pico"
"CONFLUENCIA";"CONFLUENCIA";"HIELO";"1972";"33.7";"2226";"Sistema Océ ano Pacífico";"Cuencade los Ríos Carrenleufú y Pico"
"CONFLUENCIA";"CONFLUENCIA";"HIELO";"1973";"29.92";"2226";"Sistema Océ ano Pacífico";"Cuencade los Ríos Carrenleufú y Pico"
"CONFLUENCIA";"CONFLUENCIA";"HIELO";"1974";"30.8";"2226";"Sistema Océ ano Pacífico";"Cuencade los Ríos Carrenleufú y Pico"
"CONFLUENCIA";"CONFLUENCIA";"HIELO";"1990";"22.98";"2226";"Sistema Océ ano Pacífico";"Cuencade los Ríos Carrenleufú y Pico"
"CONFLUENCIA";"CONFLUENCIA";"HIELO";"1993";"49.51";"2226";"Sistema Océ ano Pacífico";"Cuencade los Ríos Carrenleufú y Pico"
"CONFLUENCIA";"CONFLUENCIA";"HIELO";"1994";"46.81";"2226";"Sistema Océ ano Pacífico";"Cuencade los Ríos Carrenleufú y Pico"
"CONFLUENCIA";"CONFLUENCIA";"HIELO";"1995";"40.98";"2226";"Sistema Océ ano Pacífico";"Cuencade los Ríos Carrenleufú y Pico"
"CONFLUENCIA";"CONFLUENCIA";"HIELO";"1996";"36.28";"2226";"Sistema Océ ano Pacífico";"Cuencade los Ríos Carrenleufú y Pico"
"CONFLUENCIA";"CONFLUENCIA";"HIELO";"1997";"46.6";"2226";"Sistema Océ ano Pacífico";"Cuencade los Ríos Carrenleufú y Pico"
"CONFLUENCIA";"CONFLUENCIA";"HIELO";"1998";"26.34";"2226";"Sistema Océ ano Pacífico";"Cuencade los Ríos Carrenleufú y Pico"
"CONFLUENCIA";"CONFLUENCIA";"HIELO";"1999";"28.66";"2226";"Sistema Océ ano Pacífico";"Cuencade los Ríos Carrenleufú y Pico"
"CONFLUENCIA";"CONFLUENCIA";"HIELO";"2000";"27.54";"2226";"Sistema Océ ano Pacífico";"Cuencade los Ríos Carrenleufú y Pico"
"CONFLUENCIA";"CONFLUENCIA";"HIELO";"2001";"41.31";"2226";"Sistema Océ ano Pacífico";"Cuencade los Ríos Carrenleufú y Pico"
"CONFLUENCIA";"CONFLUENCIA";"HIELO";"2002";"49.4";"2226";"Sistema Océ ano Pacífico";"Cuencade los Ríos Carrenleufú y Pico"
"CONFLUENCIA";"CONFLUENCIA";"HIELO";"2003";"32.57";"2226";"Sistema Océ ano Pacífico";"Cuencade los Ríos Carrenleufú y Pico"
"CONFLUENCIA";"CONFLUENCIA";"HIELO";"2004";"35.88";"2226";"Sistema Océ ano Pacífico";"Cuencade los Ríos Carrenleufú y Pico"
"CONFLUENCIA";"CONFLUENCIA";"HIELO";"2005";"33.87";"2226";"Sistema Océ ano Pacífico";"Cuencade los Ríos Carrenleufú y Pico"
"CONFLUENCIA";"CONFLUENCIA";"HIELO";"2006";"34.64";"2226";"Sistema Océ ano Pacífico";"Cuencade los Ríos Carrenleufú y Pico"
"CONFLUENCIA";"CONFLUENCIA";"HIELO";"2007";"20.38";"2226";"Sistema Océ ano Pacífico";"Cuencade los Ríos Carrenleufú y Pico"
"CONFLUENCIA";"CONFLUENCIA";"HIELO";"2008";"36.64";"2226";"Sistema Océ ano Pacífico";"Cuencade los Ríos Carrenleufú y Pico"
"CONFLUENCIA";"CONFLUENCIA";"HIELO";"2009";"29.07";"2226";"Sistema Océ ano Pacífico";"Cuencade los Ríos Carrenleufú y Pico"
"CONFLUENCIA";"CONFLUENCIA";"HIELO";"2010";"22.5";"2226";"Sistema Océ ano Pacífico";"Cuencade los Ríos Carrenleufú y Pico"
"CONFLUENCIA";"CONFLUENCIA";"HIELO";"2011";"31.62";"2226";"Sistema Océ ano Pacífico";"Cuencade los Ríos Carrenleufú y Pico"
"CONFLUENCIA";"CONFLUENCIA";"HIELO";"2012";"29.73";"2226";"Sistema Océ ano Pacífico";"Cuencade los Ríos Carrenleufú y Pico"
"CONFLUENCIA";"CONFLUENCIA";"HIELO";"2013";"34.81";"2226";"Sistema Océ ano Pacífico";"Cuencade los Ríos Carrenleufú y Pico"
"CONFLUENCIA";"CONFLUENCIA";"HIELO";"2014";"36.21";"2226";"Sistema Océ ano Pacífico";"Cuencade los Ríos Carrenleufú y Pico"
"CONFLUENCIA";"CONFLUENCIA";"HIELO";"2015";"53.32";"2226";"Sistema Océ ano Pacífico";"Cuencade los Ríos Carrenleufú y Pico"
"CONFLUENCIA";"CONFLUENCIA";"HIELO";"2016";"16.98";"2226";"Sistema Océ ano Pacífico";"Cuencade los Ríos Carrenleufú y Pico"
"CONFLUENCIA";"CONFLUENCIA";"HIELO";"2017";"32.7";"2226";"Sistema Océ ano Pacífico";"Cuencade los Ríos Carrenleufú y Pico"
"CONFLUENCIA";"CONFLUENCIA";"HIELO";"2018";"23.82";"2226";"Sistema Océ ano Pacífico";"Cuencade los Ríos Carrenleufú y Pico"
"CONFLUENCIA";"CONFLUENCIA";"HIELO";"2019";"41.89";"2226";"Sistema Océ ano Pacífico";"Cuencade los Ríos Carrenleufú y Pico"
"CONFLUENCIA";"CONFLUENCIA";"HIELO";"2020";"15.47";"2226";"Sistema Océ ano Pacífico";"Cuencade los Ríos Carrenleufú y Pico"
"GUALJAINA";"GUALJAINA";"LEPÁ";"1991";"14.61";"2228";"Sistema Río Chubut";"Cuencadel Río Chubut"
"GUALJAINA";"GUALJAINA";"LEPÁ";"1992";"13.37";"2228";"Sistema Río Chubut";"Cuencadel Río Chubut"
"GUALJAINA";"GUALJAINA";"LEPÁ";"1993";"13.07";"2228";"Sistema Río Chubut";"Cuencadel Río Chubut"
"GUALJAINA";"GUALJAINA";"LEPÁ";"1994";"8.95";"2228";"Sistema Río Chubut";"Cuencadel Río Chubut"
"GUALJAINA";"GUALJAINA";"LEPÁ";"1995";"7.5";"2228";"Sistema Río Chubut";"Cuencadel Río Chubut"
"GUALJAINA";"GUALJAINA";"LEPÁ";"1996";"1.89";"2228";"Sistema Río Chubut";"Cuencadel Río Chubut"
"GUALJAINA";"GUALJAINA";"LEPÁ";"1997";"7.46";"2228";"Sistema Río Chubut";"Cuencadel Río Chubut"
"GUALJAINA";"GUALJAINA";"LEPÁ";"1998";"2.57";"2228";"Sistema Río Chubut";"Cuencadel Río Chubut"
"GUALJAINA";"GUALJAINA";"LEPÁ";"1999";"3.53";"2228";"Sistema Río Chubut";"Cuencadel Río Chubut"
"GUALJAINA";"GUALJAINA";"LEPÁ";"2000";"7.24";"2228";"Sistema Río Chubut";"Cuencadel Río Chubut"
"GUALJAINA";"GUALJAINA";"LEPÁ";"2001";"9.95";"2228";"Sistema Río Chubut";"Cuencadel Río Chubut"
"GUALJAINA";"GUALJAINA";"LEPÁ";"2002";"11.43";"2228";"Sistema Río Chubut";"Cuencadel Río Chubut"
"GUALJAINA";"GUALJAINA";"LEPÁ";"2003";"5.57";"2228";"Sistema Río Chubut";"Cuencadel Río Chubut"
"GUALJAINA";"GUALJAINA";"LEPÁ";"2004";"11.47";"2228";"Sistema Río Chubut";"Cuencadel Río Chubut"
"GUALJAINA";"GUALJAINA";"LEPÁ";"2005";"3.38";"2228";"Sistema Río Chubut";"Cuencadel Río Chubut"
"GUALJAINA";"GUALJAINA";"LEPÁ";"2006";"3.55";"2228";"Sistema Río Chubut";"Cuencadel Río Chubut"
"GUALJAINA";"GUALJAINA";"LEPÁ";"2007";"2.49";"2228";"Sistema Río Chubut";"Cuencadel Río Chubut"
"GUALJAINA";"GUALJAINA";"LEPÁ";"2008";"2.67";"2228";"Sistema Río Chubut";"Cuencadel Río Chubut"
"GUALJAINA";"GUALJAINA";"LEPÁ";"2009";"4.06";"2228";"Sistema Río Chubut";"Cuencadel Río Chubut"
"GUALJAINA";"GUALJAINA";"LEPÁ";"2010";"1.91";"2228";"Sistema Río Chubut";"Cuencadel Río Chubut"
"GUALJAINA";"GUALJAINA";"LEPÁ";"2011";"2.81";"2228";"Sistema Río Chubut";"Cuencadel Río Chubut"
"GUALJAINA";"GUALJAINA";"LEPÁ";"2012";"3.31";"2228";"Sistema Río Chubut";"Cuencadel Río Chubut"
"GUALJAINA";"GUALJAINA";"LEPÁ";"2013";"5.1";"2228";"Sistema Río Chubut";"Cuencadel Río Chubut"
"GUALJAINA";"GUALJAINA";"LEPÁ";"2014";"4.97";"2228";"Sistema Río Chubut";"Cuencadel Río Chubut"
"GUALJAINA";"GUALJAINA";"LEPÁ";"2015";"4.06";"2228";"Sistema Río Chubut";"Cuencadel Río Chubut"
"GUALJAINA";"GUALJAINA";"LEPÁ";"2016";"1.54";"2228";"Sistema Río Chubut";"Cuencadel Río Chubut"
"GUALJAINA";"GUALJAINA";"LEPÁ";"2017";"1.65";"2228";"Sistema Río Chubut";"Cuencadel Río Chubut"
"GUALJAINA";"GUALJAINA";"LEPÁ";"2018";"2.65";"2228";"Sistema Río Chubut";"Cuencadel Río Chubut"
"GUALJAINA";"GUALJAINA";"LEPÁ";"2019";"2.73";"2228";"Sistema Río Chubut";"Cuencadel Río Chubut"
"GUALJAINA";"GUALJAINA";"LEPÁ";"2020";"3.53";"2228";"Sistema Río Chubut";"Cuencadel Río Chubut"
"PARQUE NAC. LOS ALERCES";"PARQUE NAC. LOS ALERCES";"COHIHUES";"1970";"0.86";"2230";"Sistema Océ ano Pacífico";"Cuencadel Río Futaleufú"
"PARQUE NAC. LOS ALERCES";"PARQUE NAC. LOS ALERCES";"COHIHUES";"1971";"1.33";"2230";"Sistema Océ ano Pacífico";"Cuencadel Río Futaleufú"
"PARQUE NAC. LOS ALERCES";"PARQUE NAC. LOS ALERCES";"COHIHUES";"1972";"1.17";"2230";"Sistema Océ ano Pacífico";"Cuencadel Río Futaleufú"
"PARQUE NAC. LOS ALERCES";"PARQUE NAC. LOS ALERCES";"COHIHUES";"1973";"1.01";"2230";"Sistema Océ ano Pacífico";"Cuencadel Río Futaleufú"
"PARQUE NAC. LOS ALERCES";"PARQUE NAC. LOS ALERCES";"COHIHUES";"1974";"0.98";"2230";"Sistema Océ ano Pacífico";"Cuencadel Río Futaleufú"
"PARQUE NAC. LOS ALERCES";"PARQUE NAC. LOS ALERCES";"COHIHUES";"1975";"1.55";"2230";"Sistema Océ ano Pacífico";"Cuencadel Río Futaleufú"
"PARQUE NAC. LOS ALERCES";"PARQUE NAC. LOS ALERCES";"COHIHUES";"1976";"1.23";"2230";"Sistema Océ ano Pacífico";"Cuencadel Río Futaleufú"
"PARQUE NAC. LOS ALERCES";"PARQUE NAC. LOS ALERCES";"COHIHUES";"1978";"1.42";"2230";"Sistema Océ ano Pacífico";"Cuencadel Río Futaleufú"
"PARQUE NAC. LOS ALERCES";"PARQUE NAC. LOS ALERCES";"COHIHUES";"1979";"1.00";"2230";"Sistema Océ ano Pacífico";"Cuencadel Río Futaleufú"
"PARQUE NAC. LOS ALERCES";"PARQUE NAC. LOS ALERCES";"COHIHUES";"1980";"1.27";"2230";"Sistema Océ ano Pacífico";"Cuencadel Río Futaleufú"
"PARQUE NAC. LOS ALERCES";"PARQUE NAC. LOS ALERCES";"COHIHUES";"1981";"1.32";"2230";"Sistema Océ ano Pacífico";"Cuencadel Río Futaleufú"
"PARQUE NAC. LOS ALERCES";"PARQUE NAC. LOS ALERCES";"COHIHUES";"1982";"1.17";"2230";"Sistema Océ ano Pacífico";"Cuencadel Río Futaleufú"
"PARQUE NAC. LOS ALERCES";"PARQUE NAC. LOS ALERCES";"COHIHUES";"1983";"1.02";"2230";"Sistema Océ ano Pacífico";"Cuencadel Río Futaleufú"
"PARQUE NAC. LOS ALERCES";"PARQUE NAC. LOS ALERCES";"COHIHUES";"1984";"1.12";"2230";"Sistema Océ ano Pacífico";"Cuencadel Río Futaleufú"
"PARQUE NAC. LOS ALERCES";"PARQUE NAC. LOS ALERCES";"COHIHUES";"1985";"1.53";"2230";"Sistema Océ ano Pacífico";"Cuencadel Río Futaleufú"
"PARQUE NAC. LOS ALERCES";"PARQUE NAC. LOS ALERCES";"COHIHUES";"1986";"0.81";"2230";"Sistema Océ ano Pacífico";"Cuencadel Río Futaleufú"
"PARQUE NAC. LOS ALERCES";"PARQUE NAC. LOS ALERCES";"COHIHUES";"1987";"0.84";"2230";"Sistema Océ ano Pacífico";"Cuencadel Río Futaleufú"
"PARQUE NAC. LOS ALERCES";"PARQUE NAC. LOS ALERCES";"COHIHUES";"1988";"1.04";"2230";"Sistema Océ ano Pacífico";"Cuencadel Río Futaleufú"
"PARQUE NAC. LOS ALERCES";"PARQUE NAC. LOS ALERCES";"COHIHUES";"1989";"0.96";"2230";"Sistema Océ ano Pacífico";"Cuencadel Río Futaleufú"
"PARQUE NAC. LOS ALERCES";"PARQUE NAC. LOS ALERCES";"COHIHUES";"1990";"0.94";"2230";"Sistema Océ ano Pacífico";"Cuencadel Río Futaleufú"
"PARQUE NAC. LOS ALERCES";"PARQUE NAC. LOS ALERCES";"COHIHUES";"1991";"0.9";"2230";"Sistema Océ ano Pacífico";"Cuencadel Río Futaleufú"
"PARQUE NAC. LOS ALERCES";"PARQUE NAC. LOS ALERCES";"COHIHUES";"1993";"1.66";"2230";"Sistema Océ ano Pacífico";"Cuencadel Río Futaleufú"
"PARQUE NAC. LOS ALERCES";"PARQUE NAC. LOS ALERCES";"COHIHUES";"1994";"2.58";"2230";"Sistema Océ ano Pacífico";"Cuencadel Río Futaleufú"
"PARQUE NAC. LOS ALERCES";"PARQUE NAC. LOS ALERCES";"COHIHUES";"1995";"1.43";"2230";"Sistema Océ ano Pacífico";"Cuencadel Río Futaleufú"
"PARQUE NAC. LOS ALERCES";"PARQUE NAC. LOS ALERCES";"COHIHUES";"1996";"1.00";"2230";"Sistema Océ ano Pacífico";"Cuencadel Río Futaleufú"
"PARQUE NAC. LOS ALERCES";"PARQUE NAC. LOS ALERCES";"COHIHUES";"1997";"1.45";"2230";"Sistema Océ ano Pacífico";"Cuencadel Río Futaleufú"
"PARQUE NAC. LOS ALERCES";"PARQUE NAC. LOS ALERCES";"COHIHUES";"1998";"0.9";"2230";"Sistema Océ ano Pacífico";"Cuencadel Río Futaleufú"
"PARQUE NAC. LOS ALERCES";"PARQUE NAC. LOS ALERCES";"COHIHUES";"1999";"0.87";"2230";"Sistema Océ ano Pacífico";"Cuencadel Río Futaleufú"
"PARQUE NAC. LOS ALERCES";"PARQUE NAC. LOS ALERCES";"COHIHUES";"2000";"1.19";"2230";"Sistema Océ ano Pacífico";"Cuencadel Río Futaleufú"
"PARQUE NAC. LOS ALERCES";"PARQUE NAC. LOS ALERCES";"COHIHUES";"2001";"1.54";"2230";"Sistema Océ ano Pacífico";"Cuencadel Río Futaleufú"
"PARQUE NAC. LOS ALERCES";"PARQUE NAC. LOS ALERCES";"COHIHUES";"2002";"1.77";"2230";"Sistema Océ ano Pacífico";"Cuencadel Río Futaleufú"
"PARQUE NAC. LOS ALERCES";"PARQUE NAC. LOS ALERCES";"COHIHUES";"2003";"1.71";"2230";"Sistema Océ ano Pacífico";"Cuencadel Río Futaleufú"
"PARQUE NAC. LOS ALERCES";"PARQUE NAC. LOS ALERCES";"COHIHUES";"2004";"1.23";"2230";"Sistema Océ ano Pacífico";"Cuencadel Río Futaleufú"
"PARQUE NAC. LOS ALERCES";"PARQUE NAC. LOS ALERCES";"COHIHUES";"2005";"1.27";"2230";"Sistema Océ ano Pacífico";"Cuencadel Río Futaleufú"
"PARQUE NAC. LOS ALERCES";"PARQUE NAC. LOS ALERCES";"COHIHUES";"2006";"1.24";"2230";"Sistema Océ ano Pacífico";"Cuencadel Río Futaleufú"
"PARQUE NAC. LOS ALERCES";"PARQUE NAC. LOS ALERCES";"COHIHUES";"2007";"0.8";"2230";"Sistema Océ ano Pacífico";"Cuencadel Río Futaleufú"
"PARQUE NAC. LOS ALERCES";"PARQUE NAC. LOS ALERCES";"COHIHUES";"2008";"0.92";"2230";"Sistema Océ ano Pacífico";"Cuencadel Río Futaleufú"
"PARQUE NAC. LOS ALERCES";"PARQUE NAC. LOS ALERCES";"COHIHUES";"2009";"0.68";"2230";"Sistema Océ ano Pacífico";"Cuencadel Río Futaleufú"
"PARQUE NAC. LOS ALERCES";"PARQUE NAC. LOS ALERCES";"COHIHUES";"2010";"0.59";"2230";"Sistema Océ ano Pacífico";"Cuencadel Río Futaleufú"
"PARQUE NAC. LOS ALERCES";"PARQUE NAC. LOS ALERCES";"COHIHUES";"2011";"0.54";"2230";"Sistema Océ ano Pacífico";"Cuencadel Río Futaleufú"
"PARQUE NAC. LOS ALERCES";"PARQUE NAC. LOS ALERCES";"COHIHUES";"2012";"0.93";"2230";"Sistema Océ ano Pacífico";"Cuencadel Río Futaleufú"
"PARQUE NAC. LOS ALERCES";"PARQUE NAC. LOS ALERCES";"COHIHUES";"2013";"0.65";"2230";"Sistema Océ ano Pacífico";"Cuencadel Río Futaleufú"
"PARQUE NAC. LOS ALERCES";"PARQUE NAC. LOS ALERCES";"COHIHUES";"2014";"0.58";"2230";"Sistema Océ ano Pacífico";"Cuencadel Río Futaleufú"
"PARQUE NAC. LOS ALERCES";"PARQUE NAC. LOS ALERCES";"COHIHUES";"2015";"0.45";"2230";"Sistema Océ ano Pacífico";"Cuencadel Río Futaleufú"
"PARQUE NAC. LOS ALERCES";"PARQUE NAC. LOS ALERCES";"COHIHUES";"2016";"0.43";"2230";"Sistema Océ ano Pacífico";"Cuencadel Río Futaleufú"
"PARQUE NAC. LOS ALERCES";"PARQUE NAC. LOS ALERCES";"COHIHUES";"2017";"0.4";"2230";"Sistema Océ ano Pacífico";"Cuencadel Río Futaleufú"
"PARQUE NAC. LOS ALERCES";"PARQUE NAC. LOS ALERCES";"COHIHUES";"2018";"0.44";"2230";"Sistema Océ ano Pacífico";"Cuencadel Río Futaleufú"
"PARQUE NAC. LOS ALERCES";"PARQUE NAC. LOS ALERCES";"COHIHUES";"2019";"0.26";"2230";"Sistema Océ ano Pacífico";"Cuencadel Río Futaleufú"
"PARQUE NAC. LOS ALERCES";"PARQUE NAC. LOS ALERCES";"COHIHUES";"2020";"0.26";"2230";"Sistema Océ ano Pacífico";"Cuencadel Río Futaleufú"
"RUTA A CHILE";"RUTA A CHILE";"BAGGLITS";"1977";"7.87";"2239";"Sistema Océ ano Pacífico";"Cuencadel Río Futaleufú"
"RUTA A CHILE";"RUTA A CHILE";"BAGGLITS";"1978";"3.82";"2239";"Sistema Océ ano Pacífico";"Cuencadel Río Futaleufú"
"RUTA A CHILE";"RUTA A CHILE";"BAGGLITS";"1979";"6.31";"2239";"Sistema Océ ano Pacífico";"Cuencadel Río Futaleufú"
"RUTA A CHILE";"RUTA A CHILE";"BAGGLITS";"1980";"5.01";"2239";"Sistema Océ ano Pacífico";"Cuencadel Río Futaleufú"
"RUTA A CHILE";"RUTA A CHILE";"BAGGLITS";"1981";"4.83";"2239";"Sistema Océ ano Pacífico";"Cuencadel Río Futaleufú"
"RUTA A CHILE";"RUTA A CHILE";"BAGGLITS";"1982";"3.79";"2239";"Sistema Océ ano Pacífico";"Cuencadel Río Futaleufú"
"RUTA A CHILE";"RUTA A CHILE";"BAGGLITS";"1983";"3.21";"2239";"Sistema Océ ano Pacífico";"Cuencadel Río Futaleufú"
"RUTA A CHILE";"RUTA A CHILE";"BAGGLITS";"1984";"3.18";"2239";"Sistema Océ ano Pacífico";"Cuencadel Río Futaleufú"
"RUTA A CHILE";"RUTA A CHILE";"BAGGLITS";"1985";"4.68";"2239";"Sistema Océ ano Pacífico";"Cuencadel Río Futaleufú"
"RUTA A CHILE";"RUTA A CHILE";"BAGGLITS";"1986";"2.15";"2239";"Sistema Océ ano Pacífico";"Cuencadel Río Futaleufú"
"RUTA A CHILE";"RUTA A CHILE";"BAGGLITS";"1987";"4.06";"2239";"Sistema Océ ano Pacífico";"Cuencadel Río Futaleufú"
"RUTA A CHILE";"RUTA A CHILE";"BAGGLITS";"1988";"2.77";"2239";"Sistema Océ ano Pacífico";"Cuencadel Río Futaleufú"
"RUTA A CHILE";"RUTA A CHILE";"BAGGLITS";"1989";"2.18";"2239";"Sistema Océ ano Pacífico";"Cuencadel Río Futaleufú"
"RUTA A CHILE";"RUTA A CHILE";"BAGGLITS";"1990";"3.52";"2239";"Sistema Océ ano Pacífico";"Cuencadel Río Futaleufú"
"RUTA A CHILE";"RUTA A CHILE";"BAGGLITS";"1991";"3.04";"2239";"Sistema Océ ano Pacífico";"Cuencadel Río Futaleufú"
"RUTA A CHILE";"RUTA A CHILE";"BAGGLITS";"1992";"3.13";"2239";"Sistema Océ ano Pacífico";"Cuencadel Río Futaleufú"
"RUTA A CHILE";"RUTA A CHILE";"BAGGLITS";"1993";"5.25";"2239";"Sistema Océ ano Pacífico";"Cuencadel Río Futaleufú"
"RUTA A CHILE";"RUTA A CHILE";"BAGGLITS";"1994";"3.89";"2239";"Sistema Océ ano Pacífico";"Cuencadel Río Futaleufú"
"RUTA A CHILE";"RUTA A CHILE";"BAGGLITS";"1995";"8.12";"2239";"Sistema Océ ano Pacífico";"Cuencadel Río Futaleufú"
"RUTA A CHILE";"RUTA A CHILE";"BAGGLITS";"1996";"3.9";"2239";"Sistema Océ ano Pacífico";"Cuencadel Río Futaleufú"
"RUTA A CHILE";"RUTA A CHILE";"BAGGLITS";"1997";"2.73";"2239";"Sistema Océ ano Pacífico";"Cuencadel Río Futaleufú"
"RUTA A CHILE";"RUTA A CHILE";"BAGGLITS";"1998";"1.22";"2239";"Sistema Océ ano Pacífico";"Cuencadel Río Futaleufú"
"RUTA A CHILE";"RUTA A CHILE";"BAGGLITS";"1999";"2.64";"2239";"Sistema Océ ano Pacífico";"Cuencadel Río Futaleufú"
"RUTA A CHILE";"RUTA A CHILE";"BAGGLITS";"2000";"1.99";"2239";"Sistema Océ ano Pacífico";"Cuencadel Río Futaleufú"
"RUTA A CHILE";"RUTA A CHILE";"BAGGLITS";"2001";"3.04";"2239";"Sistema Océ ano Pacífico";"Cuencadel Río Futaleufú"
"RUTA A CHILE";"RUTA A CHILE";"BAGGLITS";"2002";"4.54";"2239";"Sistema Océ ano Pacífico";"Cuencadel Río Futaleufú"
"RUTA A CHILE";"RUTA A CHILE";"BAGGLITS";"2003";"3.38";"2239";"Sistema Océ ano Pacífico";"Cuencadel Río Futaleufú"
"RUTA A CHILE";"RUTA A CHILE";"BAGGLITS";"2004";"2.87";"2239";"Sistema Océ ano Pacífico";"Cuencadel Río Futaleufú"
"RUTA A CHILE";"RUTA A CHILE";"BAGGLITS";"2005";"3.24";"2239";"Sistema Océ ano Pacífico";"Cuencadel Río Futaleufú"
"RUTA A CHILE";"RUTA A CHILE";"BAGGLITS";"2006";"4.16";"2239";"Sistema Océ ano Pacífico";"Cuencadel Río Futaleufú"
"RUTA A CHILE";"RUTA A CHILE";"BAGGLITS";"2007";"3.41";"2239";"Sistema Océ ano Pacífico";"Cuencadel Río Futaleufú"
"RUTA A CHILE";"RUTA A CHILE";"BAGGLITS";"2008";"3.93";"2239";"Sistema Océ ano Pacífico";"Cuencadel Río Futaleufú"
"RUTA A CHILE";"RUTA A CHILE";"BAGGLITS";"2009";"3.39";"2239";"Sistema Océ ano Pacífico";"Cuencadel Río Futaleufú"
"RUTA A CHILE";"RUTA A CHILE";"BAGGLITS";"2010";"3.66";"2239";"Sistema Océ ano Pacífico";"Cuencadel Río Futaleufú"
"RUTA A CHILE";"RUTA A CHILE";"BAGGLITS";"2011";"3.38";"2239";"Sistema Océ ano Pacífico";"Cuencadel Río Futaleufú"
"RUTA A CHILE";"RUTA A CHILE";"BAGGLITS";"2012";"3.62";"2239";"Sistema Océ ano Pacífico";"Cuencadel Río Futaleufú"
"RUTA A CHILE";"RUTA A CHILE";"BAGGLITS";"2013";"3.24";"2239";"Sistema Océ ano Pacífico";"Cuencadel Río Futaleufú"
"RUTA A CHILE";"RUTA A CHILE";"BAGGLITS";"2014";"3.13";"2239";"Sistema Océ ano Pacífico";"Cuencadel Río Futaleufú"
"RUTA A CHILE";"RUTA A CHILE";"BAGGLITS";"2015";"3.25";"2239";"Sistema Océ ano Pacífico";"Cuencadel Río Futaleufú"
"RUTA A CHILE";"RUTA A CHILE";"BAGGLITS";"2016";"1.99";"2239";"Sistema Océ ano Pacífico";"Cuencadel Río Futaleufú"
"RUTA A CHILE";"RUTA A CHILE";"BAGGLITS";"2017";"2.97";"2239";"Sistema Océ ano Pacífico";"Cuencadel Río Futaleufú"
"RUTA A CHILE";"RUTA A CHILE";"BAGGLITS";"2018";"3.21";"2239";"Sistema Océ ano Pacífico";"Cuencadel Río Futaleufú"
"RUTA A CHILE";"RUTA A CHILE";"BAGGLITS";"2019";"2.45";"2239";"Sistema Océ ano Pacífico";"Cuencadel Río Futaleufú"
"RUTA A CHILE";"RUTA A CHILE";"BAGGLITS";"2020";"2.61";"2239";"Sistema Océ ano Pacífico";"Cuencadel Río Futaleufú"
"HOYO DE EPUYÉN";"HOYO DE EPUYÉN";"CATARATA";"1970";"0.87";"2240";"Sistema Océ ano Pacífico";"Cuencade los Ríos Manso y Puelo"
"HOYO DE EPUYÉN";"HOYO DE EPUYÉN";"CATARATA";"1971";"1.29";"2240";"Sistema Océ ano Pacífico";"Cuencade los Ríos Manso y Puelo"
"HOYO DE EPUYÉN";"HOYO DE EPUYÉN";"CATARATA";"1972";"1.08";"2240";"Sistema Océ ano Pacífico";"Cuencade los Ríos Manso y Puelo"
"HOYO DE EPUYÉN";"HOYO DE EPUYÉN";"CATARATA";"1973";"0.67";"2240";"Sistema Océ ano Pacífico";"Cuencade los Ríos Manso y Puelo"
"HOYO DE EPUYÉN";"HOYO DE EPUYÉN";"CATARATA";"1974";"0.62";"2240";"Sistema Océ ano Pacífico";"Cuencade los Ríos Manso y Puelo"
"HOYO DE EPUYÉN";"HOYO DE EPUYÉN";"CATARATA";"1975";"1.17";"2240";"Sistema Océ ano Pacífico";"Cuencade los Ríos Manso y Puelo"
"HOYO DE EPUYÉN";"HOYO DE EPUYÉN";"CATARATA";"1976";"1.48";"2240";"Sistema Océ ano Pacífico";"Cuencade los Ríos Manso y Puelo"
"HOYO DE EPUYÉN";"HOYO DE EPUYÉN";"CATARATA";"1977";"1.17";"2240";"Sistema Océ ano Pacífico";"Cuencade los Ríos Manso y Puelo"
"HOYO DE EPUYÉN";"HOYO DE EPUYÉN";"CATARATA";"1978";"1.12";"2240";"Sistema Océ ano Pacífico";"Cuencade los Ríos Manso y Puelo"
"HOYO DE EPUYÉN";"HOYO DE EPUYÉN";"CATARATA";"1979";"1.01";"2240";"Sistema Océ ano Pacífico";"Cuencade los Ríos Manso y Puelo"
"HOYO DE EPUYÉN";"HOYO DE EPUYÉN";"CATARATA";"1980";"1.03";"2240";"Sistema Océ ano Pacífico";"Cuencade los Ríos Manso y Puelo"
"HOYO DE EPUYÉN";"HOYO DE EPUYÉN";"CATARATA";"1981";"1.06";"2240";"Sistema Océ ano Pacífico";"Cuencade los Ríos Manso y Puelo"
"HOYO DE EPUYÉN";"HOYO DE EPUYÉN";"CATARATA";"1982";"0.71";"2240";"Sistema Océ ano Pacífico";"Cuencade los Ríos Manso y Puelo"
"HOYO DE EPUYÉN";"HOYO DE EPUYÉN";"CATARATA";"1983";"0.57";"2240";"Sistema Océ ano Pacífico";"Cuencade los Ríos Manso y Puelo"
"HOYO DE EPUYÉN";"HOYO DE EPUYÉN";"CATARATA";"1984";"0.63";"2240";"Sistema Océ ano Pacífico";"Cuencade los Ríos Manso y Puelo"
"HOYO DE EPUYÉN";"HOYO DE EPUYÉN";"CATARATA";"1985";"0.79";"2240";"Sistema Océ ano Pacífico";"Cuencade los Ríos Manso y Puelo"
"HOYO DE EPUYÉN";"HOYO DE EPUYÉN";"CATARATA";"1986";"0.57";"2240";"Sistema Océ ano Pacífico";"Cuencade los Ríos Manso y Puelo"
"HOYO DE EPUYÉN";"HOYO DE EPUYÉN";"CATARATA";"1987";"0.51";"2240";"Sistema Océ ano Pacífico";"Cuencade los Ríos Manso y Puelo"
"HOYO DE EPUYÉN";"HOYO DE EPUYÉN";"CATARATA";"1988";"0.41";"2240";"Sistema Océ ano Pacífico";"Cuencade los Ríos Manso y Puelo"
"HOYO DE EPUYÉN";"HOYO DE EPUYÉN";"CATARATA";"1989";"0.55";"2240";"Sistema Océ ano Pacífico";"Cuencade los Ríos Manso y Puelo"
"HOYO DE EPUYÉN";"HOYO DE EPUYÉN";"CATARATA";"1990";"0.21";"2240";"Sistema Océ ano Pacífico";"Cuencade los Ríos Manso y Puelo"
"NACIMIENTO";"NACIMIENTO";"FREY";"1970";"250.14";"2242";"Sistema Océ ano Pacífico";"Cuencadel Río Futaleufú"
"NACIMIENTO";"NACIMIENTO";"FREY";"1971";"282.23";"2242";"Sistema Océ ano Pacífico";"Cuencadel Río Futaleufú"
"NACIMIENTO";"NACIMIENTO";"FREY";"1972";"253.58";"2242";"Sistema Océ ano Pacífico";"Cuencadel Río Futaleufú"
"NACIMIENTO";"NACIMIENTO";"FREY";"1973";"195.88";"2242";"Sistema Océ ano Pacífico";"Cuencadel Río Futaleufú"
"NACIMIENTO";"NACIMIENTO";"FREY";"1974";"194.1";"2242";"Sistema Océ ano Pacífico";"Cuencadel Río Futaleufú"
"NACIMIENTO";"NACIMIENTO";"FREY";"1975";"231.88";"2242";"Sistema Océ ano Pacífico";"Cuencadel Río Futaleufú"
"NACIMIENTO";"NACIMIENTO";"FREY";"1976";"205.77";"2242";"Sistema Océ ano Pacífico";"Cuencadel Río Futaleufú"
"NACIMIENTO";"NACIMIENTO";"FREY";"1977";"274.33";"2242";"Sistema Océ ano Pacífico";"Cuencadel Río Futaleufú"
"NACIMIENTO";"NACIMIENTO";"FREY";"1978";"221.94";"2242";"Sistema Océ ano Pacífico";"Cuencadel Río Futaleufú"
"NACIMIENTO";"NACIMIENTO";"FREY";"1979";"245.53";"2242";"Sistema Océ ano Pacífico";"Cuencadel Río Futaleufú"
"NACIMIENTO";"NACIMIENTO";"FREY";"1980";"229.86";"2242";"Sistema Océ ano Pacífico";"Cuencadel Río Futaleufú"
"NACIMIENTO";"NACIMIENTO";"FREY";"1981";"220.9";"2242";"Sistema Océ ano Pacífico";"Cuencadel Río Futaleufú"
"NACIMIENTO";"NACIMIENTO";"FREY";"1982";"212.11";"2242";"Sistema Océ ano Pacífico";"Cuencadel Río Futaleufú"
"NACIMIENTO";"NACIMIENTO";"FREY";"1983";"172.79";"2242";"Sistema Océ ano Pacífico";"Cuencadel Río Futaleufú"
"NACIMIENTO";"NACIMIENTO";"FREY";"1984";"181.93";"2242";"Sistema Océ ano Pacífico";"Cuencadel Río Futaleufú"
"NACIMIENTO";"NACIMIENTO";"FREY";"1985";"211.36";"2242";"Sistema Océ ano Pacífico";"Cuencadel Río Futaleufú"
"NACIMIENTO";"NACIMIENTO";"FREY";"1986";"157.48";"2242";"Sistema Océ ano Pacífico";"Cuencadel Río Futaleufú"
"NACIMIENTO";"NACIMIENTO";"FREY";"1987";"180.8";"2242";"Sistema Océ ano Pacífico";"Cuencadel Río Futaleufú"
"NACIMIENTO";"NACIMIENTO";"FREY";"1988";"152.49";"2242";"Sistema Océ ano Pacífico";"Cuencadel Río Futaleufú"
"NACIMIENTO";"NACIMIENTO";"FREY";"1989";"179.47";"2242";"Sistema Océ ano Pacífico";"Cuencadel Río Futaleufú"
"NACIMIENTO";"NACIMIENTO";"FREY";"1990";"214.74";"2242";"Sistema Océ ano Pacífico";"Cuencadel Río Futaleufú"
"NACIMIENTO";"NACIMIENTO";"FREY";"1991";"207.36";"2242";"Sistema Océ ano Pacífico";"Cuencadel Río Futaleufú"
"NACIMIENTO";"NACIMIENTO";"FREY";"1992";"205.23";"2242";"Sistema Océ ano Pacífico";"Cuencadel Río Futaleufú"
"NACIMIENTO";"NACIMIENTO";"FREY";"1993";"231.37";"2242";"Sistema Océ ano Pacífico";"Cuencadel Río Futaleufú"
"NACIMIENTO";"NACIMIENTO";"FREY";"1994";"277.3";"2242";"Sistema Océ ano Pacífico";"Cuencadel Río Futaleufú"
"NACIMIENTO";"NACIMIENTO";"FREY";"1995";"155.84";"2242";"Sistema Océ ano Pacífico";"Cuencadel Río Futaleufú"
"FOFO CAHUEL";"FOFO CAHUEL";"CHICO";"1973";"8.02";"2245";"Sistema Río Chubut";"Cuencadel Río Chubut"
"FOFO CAHUEL";"FOFO CAHUEL";"CHICO";"1974";"5.33";"2245";"Sistema Río Chubut";"Cuencadel Río Chubut"
"FOFO CAHUEL";"FOFO CAHUEL";"CHICO";"1975";"5.45";"2245";"Sistema Río Chubut";"Cuencadel Río Chubut"
"FOFO CAHUEL";"FOFO CAHUEL";"CHICO";"1976";"1.58";"2245";"Sistema Río Chubut";"Cuencadel Río Chubut"
"FOFO CAHUEL";"FOFO CAHUEL";"CHICO";"1979";"9.45";"2245";"Sistema Río Chubut";"Cuencadel Río Chubut"
"FOFO CAHUEL";"FOFO CAHUEL";"CHICO";"1980";"34.26";"2245";"Sistema Río Chubut";"Cuencadel Río Chubut"
"FOFO CAHUEL";"FOFO CAHUEL";"CHICO";"1981";"10.94";"2245";"Sistema Río Chubut";"Cuencadel Río Chubut"
"FOFO CAHUEL";"FOFO CAHUEL";"CHICO";"1982";"18.34";"2245";"Sistema Río Chubut";"Cuencadel Río Chubut"
"FOFO CAHUEL";"FOFO CAHUEL";"CHICO";"1983";"5.48";"2245";"Sistema Río Chubut";"Cuencadel Río Chubut"
"FOFO CAHUEL";"FOFO CAHUEL";"CHICO";"1984";"0.09";"2245";"Sistema Río Chubut";"Cuencadel Río Chubut"
"EMBALSE";"EMBALSE";"FUTALEUFÚ";"1976";"286.43";"2259";"Sistema Océ ano Pacífico";"Cuencadel Río Futaleufú"
"EMBALSE";"EMBALSE";"FUTALEUFÚ";"1977";"366.17";"2259";"Sistema Océ ano Pacífico";"Cuencadel Río Futaleufú"
"EMBALSE";"EMBALSE";"FUTALEUFÚ";"1978";"255.09";"2259";"Sistema Océ ano Pacífico";"Cuencadel Río Futaleufú"
"EMBALSE";"EMBALSE";"FUTALEUFÚ";"1979";"298.34";"2259";"Sistema Océ ano Pacífico";"Cuencadel Río Futaleufú"
"EMBALSE";"EMBALSE";"FUTALEUFÚ";"1980";"290.84";"2259";"Sistema Océ ano Pacífico";"Cuencadel Río Futaleufú"
"EMBALSE";"EMBALSE";"FUTALEUFÚ";"1981";"276.75";"2259";"Sistema Océ ano Pacífico";"Cuencadel Río Futaleufú"
"EMBALSE";"EMBALSE";"FUTALEUFÚ";"1982";"271.83";"2259";"Sistema Océ ano Pacífico";"Cuencadel Río Futaleufú"
"EMBALSE";"EMBALSE";"FUTALEUFÚ";"1983";"224.42";"2259";"Sistema Océ ano Pacífico";"Cuencadel Río Futaleufú"
"EMBALSE";"EMBALSE";"FUTALEUFÚ";"1984";"254.67";"2259";"Sistema Océ ano Pacífico";"Cuencadel Río Futaleufú"
"EMBALSE";"EMBALSE";"FUTALEUFÚ";"1985";"310.59";"2259";"Sistema Océ ano Pacífico";"Cuencadel Río Futaleufú"
"EMBALSE";"EMBALSE";"FUTALEUFÚ";"1986";"241.35";"2259";"Sistema Océ ano Pacífico";"Cuencadel Río Futaleufú"
"EMBALSE";"EMBALSE";"FUTALEUFÚ";"1987";"205.51";"2259";"Sistema Océ ano Pacífico";"Cuencadel Río Futaleufú"
"EMBALSE";"EMBALSE";"FUTALEUFÚ";"1988";"192.19";"2259";"Sistema Océ ano Pacífico";"Cuencadel Río Futaleufú"
"EMBALSE";"EMBALSE";"FUTALEUFÚ";"1989";"227.43";"2259";"Sistema Océ ano Pacífico";"Cuencadel Río Futaleufú"
"EMBALSE";"EMBALSE";"FUTALEUFÚ";"1990";"271.14";"2259";"Sistema Océ ano Pacífico";"Cuencadel Río Futaleufú"
"EMBALSE";"EMBALSE";"FUTALEUFÚ";"1991";"232.26";"2259";"Sistema Océ ano Pacífico";"Cuencadel Río Futaleufú"
"EMBALSE";"EMBALSE";"FUTALEUFÚ";"1992";"236.36";"2259";"Sistema Océ ano Pacífico";"Cuencadel Río Futaleufú"
"EMBALSE";"EMBALSE";"FUTALEUFÚ";"1993";"290.53";"2259";"Sistema Océ ano Pacífico";"Cuencadel Río Futaleufú"
"EMBALSE";"EMBALSE";"FUTALEUFÚ";"1994";"334.8";"2259";"Sistema Océ ano Pacífico";"Cuencadel Río Futaleufú"
"EMBALSE";"EMBALSE";"FUTALEUFÚ";"1995";"298.57";"2259";"Sistema Océ ano Pacífico";"Cuencadel Río Futaleufú"
"EMBALSE";"EMBALSE";"FUTALEUFÚ";"1996";"233.94";"2259";"Sistema Océ ano Pacífico";"Cuencadel Río Futaleufú"
"EMBALSE";"EMBALSE";"FUTALEUFÚ";"1997";"289.04";"2259";"Sistema Océ ano Pacífico";"Cuencadel Río Futaleufú"
"EMBALSE";"EMBALSE";"FUTALEUFÚ";"1998";"163.45";"2259";"Sistema Océ ano Pacífico";"Cuencadel Río Futaleufú"
"EMBALSE";"EMBALSE";"FUTALEUFÚ";"1999";"193.87";"2259";"Sistema Océ ano Pacífico";"Cuencadel Río Futaleufú"
"EMBALSE";"EMBALSE";"FUTALEUFÚ";"2000";"228.08";"2259";"Sistema Océ ano Pacífico";"Cuencadel Río Futaleufú"
"EMBALSE";"EMBALSE";"FUTALEUFÚ";"2001";"300.82";"2259";"Sistema Océ ano Pacífico";"Cuencadel Río Futaleufú"
"EMBALSE";"EMBALSE";"FUTALEUFÚ";"2002";"236.31";"2259";"Sistema Océ ano Pacífico";"Cuencadel Río Futaleufú"
"EMBALSE";"EMBALSE";"FUTALEUFÚ";"2003";"276.4";"2259";"Sistema Océ ano Pacífico";"Cuencadel Río Futaleufú"
"EMBALSE";"EMBALSE";"FUTALEUFÚ";"2005";"342.28";"2259";"Sistema Océ ano Pacífico";"Cuencadel Río Futaleufú"
"EMBALSE";"EMBALSE";"FUTALEUFÚ";"2006";"330.68";"2259";"Sistema Océ ano Pacífico";"Cuencadel Río Futaleufú"
"EMBALSE";"EMBALSE";"FUTALEUFÚ";"2007";"209.32";"2259";"Sistema Océ ano Pacífico";"Cuencadel Río Futaleufú"
"EMBALSE";"EMBALSE";"FUTALEUFÚ";"2008";"289.84";"2259";"Sistema Océ ano Pacífico";"Cuencadel Río Futaleufú"
"EMBALSE";"EMBALSE";"FUTALEUFÚ";"2009";"292.99";"2259";"Sistema Océ ano Pacífico";"Cuencadel Río Futaleufú"
"EMBALSE";"EMBALSE";"FUTALEUFÚ";"2010";"228.47";"2259";"Sistema Océ ano Pacífico";"Cuencadel Río Futaleufú"
"EMBALSE";"EMBALSE";"FUTALEUFÚ";"2011";"188.94";"2259";"Sistema Océ ano Pacífico";"Cuencadel Río Futaleufú"
"EMBALSE";"EMBALSE";"FUTALEUFÚ";"2013";"268.76";"2259";"Sistema Océ ano Pacífico";"Cuencadel Río Futaleufú"
"EMBALSE";"EMBALSE";"FUTALEUFÚ";"2014";"244.1";"2259";"Sistema Océ ano Pacífico";"Cuencadel Río Futaleufú"
"EMBALSE";"EMBALSE";"FUTALEUFÚ";"2015";"272.00";"2259";"Sistema Océ ano Pacífico";"Cuencadel Río Futaleufú"
"EMBALSE";"EMBALSE";"FUTALEUFÚ";"2016";"112.59";"2259";"Sistema Océ ano Pacífico";"Cuencadel Río Futaleufú"
"EMBALSE";"EMBALSE";"FUTALEUFÚ";"2019";"129.24";"2259";"Sistema Océ ano Pacífico";"Cuencadel Río Futaleufú"
"EMBALSE";"EMBALSE";"FUTALEUFÚ";"2020";"155.19";"2259";"Sistema Océ ano Pacífico";"Cuencadel Río Futaleufú"
"PUENTE CAMINO BUEN PASTO";"PUENTE CAMINO BUEN PASTO";"SENGUERR";"1981";"23.45";"2264";"Sistema Río Chubut";"Cuencadel Ríos Senguerr y Chico"
"PUENTE CAMINO BUEN PASTO";"PUENTE CAMINO BUEN PASTO";"SENGUERR";"1982";"23.43";"2264";"Sistema Río Chubut";"Cuencadel Ríos Senguerr y Chico"
"PUENTE CAMINO BUEN PASTO";"PUENTE CAMINO BUEN PASTO";"SENGUERR";"1983";"8.3";"2264";"Sistema Río Chubut";"Cuencadel Ríos Senguerr y Chico"
"PUENTE CAMINO BUEN PASTO";"PUENTE CAMINO BUEN PASTO";"SENGUERR";"1984";"13.14";"2264";"Sistema Río Chubut";"Cuencadel Ríos Senguerr y Chico"
"PUENTE CAMINO BUEN PASTO";"PUENTE CAMINO BUEN PASTO";"SENGUERR";"1985";"26.75";"2264";"Sistema Río Chubut";"Cuencadel Ríos Senguerr y Chico"
"PUENTE CAMINO BUEN PASTO";"PUENTE CAMINO BUEN PASTO";"SENGUERR";"1986";"34.46";"2264";"Sistema Río Chubut";"Cuencadel Ríos Senguerr y Chico"
"PUENTE CAMINO BUEN PASTO";"PUENTE CAMINO BUEN PASTO";"SENGUERR";"1987";"17.67";"2264";"Sistema Río Chubut";"Cuencadel Ríos Senguerr y Chico"
"PUENTE CAMINO BUEN PASTO";"PUENTE CAMINO BUEN PASTO";"SENGUERR";"1988";"1.37";"2264";"Sistema Río Chubut";"Cuencadel Ríos Senguerr y Chico"
"PUENTE CAMINO BUEN PASTO";"PUENTE CAMINO BUEN PASTO";"SENGUERR";"1989";"4.34";"2264";"Sistema Río Chubut";"Cuencadel Ríos Senguerr y Chico"
"PUENTE CAMINO BUEN PASTO";"PUENTE CAMINO BUEN PASTO";"SENGUERR";"1990";"24.46";"2264";"Sistema Río Chubut";"Cuencadel Ríos Senguerr y Chico"
"PUENTE CAMINO BUEN PASTO";"PUENTE CAMINO BUEN PASTO";"SENGUERR";"1991";"20.00";"2264";"Sistema Río Chubut";"Cuencadel Ríos Senguerr y Chico"
"PUENTE CAMINO BUEN PASTO";"PUENTE CAMINO BUEN PASTO";"SENGUERR";"1992";"27.7";"2264";"Sistema Río Chubut";"Cuencadel Ríos Senguerr y Chico"
"PUENTE CAMINO BUEN PASTO";"PUENTE CAMINO BUEN PASTO";"SENGUERR";"1993";"28.29";"2264";"Sistema Río Chubut";"Cuencadel Ríos Senguerr y Chico"
"PUENTE CAMINO BUEN PASTO";"PUENTE CAMINO BUEN PASTO";"SENGUERR";"1994";"23.32";"2264";"Sistema Río Chubut";"Cuencadel Ríos Senguerr y Chico"
"PUENTE CAMINO BUEN PASTO";"PUENTE CAMINO BUEN PASTO";"SENGUERR";"1995";"33.82";"2264";"Sistema Río Chubut";"Cuencadel Ríos Senguerr y Chico"
"PUENTE CAMINO BUEN PASTO";"PUENTE CAMINO BUEN PASTO";"SENGUERR";"1996";"21.43";"2264";"Sistema Río Chubut";"Cuencadel Ríos Senguerr y Chico"
"PUENTE CAMINO BUEN PASTO";"PUENTE CAMINO BUEN PASTO";"SENGUERR";"1997";"29.91";"2264";"Sistema Río Chubut";"Cuencadel Ríos Senguerr y Chico"
"PUENTE CAMINO BUEN PASTO";"PUENTE CAMINO BUEN PASTO";"SENGUERR";"1998";"10.25";"2264";"Sistema Río Chubut";"Cuencadel Ríos Senguerr y Chico"
"PUENTE CAMINO BUEN PASTO";"PUENTE CAMINO BUEN PASTO";"SENGUERR";"1999";"0.61";"2264";"Sistema Río Chubut";"Cuencadel Ríos Senguerr y Chico"
"PUENTE CAMINO BUEN PASTO";"PUENTE CAMINO BUEN PASTO";"SENGUERR";"2000";"5.35";"2264";"Sistema Río Chubut";"Cuencadel Ríos Senguerr y Chico"
"PUENTE CAMINO BUEN PASTO";"PUENTE CAMINO BUEN PASTO";"SENGUERR";"2001";"34.48";"2264";"Sistema Río Chubut";"Cuencadel Ríos Senguerr y Chico"
"PUENTE CAMINO BUEN PASTO";"PUENTE CAMINO BUEN PASTO";"SENGUERR";"2002";"42.81";"2264";"Sistema Río Chubut";"Cuencadel Ríos Senguerr y Chico"
"PUENTE CAMINO BUEN PASTO";"PUENTE CAMINO BUEN PASTO";"SENGUERR";"2003";"37.68";"2264";"Sistema Río Chubut";"Cuencadel Ríos Senguerr y Chico"
"PUENTE CAMINO BUEN PASTO";"PUENTE CAMINO BUEN PASTO";"SENGUERR";"2004";"32.76";"2264";"Sistema Río Chubut";"Cuencadel Ríos Senguerr y Chico"
"PUENTE CAMINO BUEN PASTO";"PUENTE CAMINO BUEN PASTO";"SENGUERR";"2005";"34.93";"2264";"Sistema Río Chubut";"Cuencadel Ríos Senguerr y Chico"
"PUENTE CAMINO BUEN PASTO";"PUENTE CAMINO BUEN PASTO";"SENGUERR";"2006";"46.4";"2264";"Sistema Río Chubut";"Cuencadel Ríos Senguerr y Chico"
"PUENTE CAMINO BUEN PASTO";"PUENTE CAMINO BUEN PASTO";"SENGUERR";"2007";"9.34";"2264";"Sistema Río Chubut";"Cuencadel Ríos Senguerr y Chico"
"PUENTE CAMINO BUEN PASTO";"PUENTE CAMINO BUEN PASTO";"SENGUERR";"2008";"26.49";"2264";"Sistema Río Chubut";"Cuencadel Ríos Senguerr y Chico"
"PUENTE CAMINO BUEN PASTO";"PUENTE CAMINO BUEN PASTO";"SENGUERR";"2009";"12.5";"2264";"Sistema Río Chubut";"Cuencadel Ríos Senguerr y Chico"
"PUENTE CAMINO BUEN PASTO";"PUENTE CAMINO BUEN PASTO";"SENGUERR";"2010";"21.44";"2264";"Sistema Río Chubut";"Cuencadel Ríos Senguerr y Chico"
"PUENTE CAMINO BUEN PASTO";"PUENTE CAMINO BUEN PASTO";"SENGUERR";"2011";"11.53";"2264";"Sistema Río Chubut";"Cuencadel Ríos Senguerr y Chico"
"PUENTE CAMINO BUEN PASTO";"PUENTE CAMINO BUEN PASTO";"SENGUERR";"2012";"8.29";"2264";"Sistema Río Chubut";"Cuencadel Ríos Senguerr y Chico"
"PUENTE CAMINO BUEN PASTO";"PUENTE CAMINO BUEN PASTO";"SENGUERR";"2013";"17.58";"2264";"Sistema Río Chubut";"Cuencadel Ríos Senguerr y Chico"
"PUENTE CAMINO BUEN PASTO";"PUENTE CAMINO BUEN PASTO";"SENGUERR";"2014";"13.00";"2264";"Sistema Río Chubut";"Cuencadel Ríos Senguerr y Chico"
"PUENTE CAMINO BUEN PASTO";"PUENTE CAMINO BUEN PASTO";"SENGUERR";"2015";"14.07";"2264";"Sistema Río Chubut";"Cuencadel Ríos Senguerr y Chico"
"PUENTE CAMINO BUEN PASTO";"PUENTE CAMINO BUEN PASTO";"SENGUERR";"2016";"1.06";"2264";"Sistema Río Chubut";"Cuencadel Ríos Senguerr y Chico"
"PUENTE CAMINO BUEN PASTO";"PUENTE CAMINO BUEN PASTO";"SENGUERR";"2017";"18.1";"2264";"Sistema Río Chubut";"Cuencadel Ríos Senguerr y Chico"
"PUENTE CAMINO BUEN PASTO";"PUENTE CAMINO BUEN PASTO";"SENGUERR";"2018";"15.96";"2264";"Sistema Río Chubut";"Cuencadel Ríos Senguerr y Chico"
"PUENTE CAMINO BUEN PASTO";"PUENTE CAMINO BUEN PASTO";"SENGUERR";"2019";"5.72";"2264";"Sistema Río Chubut";"Cuencadel Ríos Senguerr y Chico"
"PUENTE CAMINO BUEN PASTO";"PUENTE CAMINO BUEN PASTO";"SENGUERR";"2020";"3.88";"2264";"Sistema Río Chubut";"Cuencadel Ríos Senguerr y Chico"
"NACIMIENTO";"NACIMIENTO";"ALTO CHUBUT";"1970";"6.78";"2267";"Sistema Río Chubut";"Cuencadel Río Chubut"
"NACIMIENTO";"NACIMIENTO";"ALTO CHUBUT";"1971";"8.77";"2267";"Sistema Río Chubut";"Cuencadel Río Chubut"
"NACIMIENTO";"NACIMIENTO";"ALTO CHUBUT";"1972";"8.7";"2267";"Sistema Río Chubut";"Cuencadel Río Chubut"
"NACIMIENTO";"NACIMIENTO";"ALTO CHUBUT";"1973";"6.98";"2267";"Sistema Río Chubut";"Cuencadel Río Chubut"
"NACIMIENTO";"NACIMIENTO";"ALTO CHUBUT";"1974";"6.94";"2267";"Sistema Río Chubut";"Cuencadel Río Chubut"
"NACIMIENTO";"NACIMIENTO";"ALTO CHUBUT";"1975";"7.55";"2267";"Sistema Río Chubut";"Cuencadel Río Chubut"
"NACIMIENTO";"NACIMIENTO";"ALTO CHUBUT";"1976";"6.22";"2267";"Sistema Río Chubut";"Cuencadel Río Chubut"
"NACIMIENTO";"NACIMIENTO";"ALTO CHUBUT";"1977";"7.48";"2267";"Sistema Río Chubut";"Cuencadel Río Chubut"
"NACIMIENTO";"NACIMIENTO";"ALTO CHUBUT";"1978";"6.95";"2267";"Sistema Río Chubut";"Cuencadel Río Chubut"
"NACIMIENTO";"NACIMIENTO";"ALTO CHUBUT";"1979";"7.14";"2267";"Sistema Río Chubut";"Cuencadel Río Chubut"
"NACIMIENTO";"NACIMIENTO";"ALTO CHUBUT";"1993";"9.22";"2267";"Sistema Río Chubut";"Cuencadel Río Chubut"
"NACIMIENTO";"NACIMIENTO";"ALTO CHUBUT";"1994";"7.87";"2267";"Sistema Río Chubut";"Cuencadel Río Chubut"
"NACIMIENTO";"NACIMIENTO";"ALTO CHUBUT";"1995";"7.63";"2267";"Sistema Río Chubut";"Cuencadel Río Chubut"
"NACIMIENTO";"NACIMIENTO";"ALTO CHUBUT";"1996";"4.41";"2267";"Sistema Río Chubut";"Cuencadel Río Chubut"
"NACIMIENTO";"NACIMIENTO";"ALTO CHUBUT";"1997";"7.82";"2267";"Sistema Río Chubut";"Cuencadel Río Chubut"
"NACIMIENTO";"NACIMIENTO";"ALTO CHUBUT";"1998";"3.38";"2267";"Sistema Río Chubut";"Cuencadel Río Chubut"
"NACIMIENTO";"NACIMIENTO";"ALTO CHUBUT";"1999";"9.48";"2267";"Sistema Río Chubut";"Cuencadel Río Chubut"
"NACIMIENTO";"NACIMIENTO";"ALTO CHUBUT";"2000";"9.78";"2267";"Sistema Río Chubut";"Cuencadel Río Chubut"
"NACIMIENTO";"NACIMIENTO";"ALTO CHUBUT";"2001";"9.51";"2267";"Sistema Río Chubut";"Cuencadel Río Chubut"
"NACIMIENTO";"NACIMIENTO";"ALTO CHUBUT";"2002";"10.59";"2267";"Sistema Río Chubut";"Cuencadel Río Chubut"
"NACIMIENTO";"NACIMIENTO";"ALTO CHUBUT";"2003";"7.5";"2267";"Sistema Río Chubut";"Cuencadel Río Chubut"
"NACIMIENTO";"NACIMIENTO";"ALTO CHUBUT";"2004";"10.79";"2267";"Sistema Río Chubut";"Cuencadel Río Chubut"
"NACIMIENTO";"NACIMIENTO";"ALTO CHUBUT";"2005";"9.56";"2267";"Sistema Río Chubut";"Cuencadel Río Chubut"
"NACIMIENTO";"NACIMIENTO";"ALTO CHUBUT";"2006";"9.75";"2267";"Sistema Río Chubut";"Cuencadel Río Chubut"
"NACIMIENTO";"NACIMIENTO";"ALTO CHUBUT";"2007";"6.84";"2267";"Sistema Río Chubut";"Cuencadel Río Chubut"
"NACIMIENTO";"NACIMIENTO";"ALTO CHUBUT";"2008";"9.98";"2267";"Sistema Río Chubut";"Cuencadel Río Chubut"
"NACIMIENTO";"NACIMIENTO";"ALTO CHUBUT";"2009";"9.99";"2267";"Sistema Río Chubut";"Cuencadel Río Chubut"
"NACIMIENTO";"NACIMIENTO";"ALTO CHUBUT";"2010";"4.64";"2267";"Sistema Río Chubut";"Cuencadel Río Chubut"
"NACIMIENTO";"NACIMIENTO";"ALTO CHUBUT";"2011";"5.01";"2267";"Sistema Río Chubut";"Cuencadel Río Chubut"
"NACIMIENTO";"NACIMIENTO";"ALTO CHUBUT";"2012";"6.48";"2267";"Sistema Río Chubut";"Cuencadel Río Chubut"
"NACIMIENTO";"NACIMIENTO";"ALTO CHUBUT";"2013";"4.19";"2267";"Sistema Río Chubut";"Cuencadel Río Chubut"
"NACIMIENTO";"NACIMIENTO";"ALTO CHUBUT";"2014";"8.4";"2267";"Sistema Río Chubut";"Cuencadel Río Chubut"
"NACIMIENTO";"NACIMIENTO";"ALTO CHUBUT";"2015";"9.66";"2267";"Sistema Río Chubut";"Cuencadel Río Chubut"
"NACIMIENTO";"NACIMIENTO";"ALTO CHUBUT";"2016";"7.57";"2267";"Sistema Río Chubut";"Cuencadel Río Chubut"
"NACIMIENTO";"NACIMIENTO";"ALTO CHUBUT";"2017";"8.03";"2267";"Sistema Río Chubut";"Cuencadel Río Chubut"
"NACIMIENTO";"NACIMIENTO";"ALTO CHUBUT";"2018";"8.47";"2267";"Sistema Río Chubut";"Cuencadel Río Chubut"
"NACIMIENTO";"NACIMIENTO";"ALTO CHUBUT";"2019";"8.38";"2267";"Sistema Río Chubut";"Cuencadel Río Chubut"
"NACIMIENTO";"NACIMIENTO";"ALTO CHUBUT";"2020";"6.19";"2267";"Sistema Río Chubut";"Cuencadel Río Chubut"
"ÑORQUINCO";"ÑORQUINCO";"ÑORQUINCO";"1982";"2.92";"2278";"Sistema Río Chubut";"Cuencadel Río Chubut"
"ÑORQUINCO";"ÑORQUINCO";"ÑORQUINCO";"1983";"0.95";"2278";"Sistema Río Chubut";"Cuencadel Río Chubut"
"ÑORQUINCO";"ÑORQUINCO";"ÑORQUINCO";"1984";"1.39";"2278";"Sistema Río Chubut";"Cuencadel Río Chubut"
"ÑORQUINCO";"ÑORQUINCO";"ÑORQUINCO";"1985";"0.76";"2278";"Sistema Río Chubut";"Cuencadel Río Chubut"
"ÑORQUINCO";"ÑORQUINCO";"ÑORQUINCO";"1986";"0.28";"2278";"Sistema Río Chubut";"Cuencadel Río Chubut"
"ÑORQUINCO";"ÑORQUINCO";"ÑORQUINCO";"1987";"1.07";"2278";"Sistema Río Chubut";"Cuencadel Río Chubut"
"ÑORQUINCO";"ÑORQUINCO";"ÑORQUINCO";"1988";"0.68";"2278";"Sistema Río Chubut";"Cuencadel Río Chubut"
"ÑORQUINCO";"ÑORQUINCO";"ÑORQUINCO";"1989";"0.35";"2278";"Sistema Río Chubut";"Cuencadel Río Chubut"
"ÑORQUINCO";"ÑORQUINCO";"ÑORQUINCO";"1990";"1.14";"2278";"Sistema Río Chubut";"Cuencadel Río Chubut"
"ÑORQUINCO";"ÑORQUINCO";"ÑORQUINCO";"1991";"4.05";"2278";"Sistema Río Chubut";"Cuencadel Río Chubut"
"ÑORQUINCO";"ÑORQUINCO";"ÑORQUINCO";"1992";"7.27";"2278";"Sistema Río Chubut";"Cuencadel Río Chubut"
"ÑORQUINCO";"ÑORQUINCO";"ÑORQUINCO";"1993";"3.08";"2278";"Sistema Río Chubut";"Cuencadel Río Chubut"
"ÑORQUINCO";"ÑORQUINCO";"ÑORQUINCO";"1994";"1.28";"2278";"Sistema Río Chubut";"Cuencadel Río Chubut"
"ÑORQUINCO";"ÑORQUINCO";"ÑORQUINCO";"1995";"1.19";"2278";"Sistema Río Chubut";"Cuencadel Río Chubut"
"ÑORQUINCO";"ÑORQUINCO";"ÑORQUINCO";"1996";"0.11";"2278";"Sistema Río Chubut";"Cuencadel Río Chubut"
"ÑORQUINCO";"ÑORQUINCO";"ÑORQUINCO";"1997";"2.08";"2278";"Sistema Río Chubut";"Cuencadel Río Chubut"
"ÑORQUINCO";"ÑORQUINCO";"ÑORQUINCO";"1998";"0.89";"2278";"Sistema Río Chubut";"Cuencadel Río Chubut"
"ÑORQUINCO";"ÑORQUINCO";"ÑORQUINCO";"1999";"2.25";"2278";"Sistema Río Chubut";"Cuencadel Río Chubut"
"ÑORQUINCO";"ÑORQUINCO";"ÑORQUINCO";"2000";"1.9";"2278";"Sistema Río Chubut";"Cuencadel Río Chubut"
"ÑORQUINCO";"ÑORQUINCO";"ÑORQUINCO";"2001";"2.85";"2278";"Sistema Río Chubut";"Cuencadel Río Chubut"
"ÑORQUINCO";"ÑORQUINCO";"ÑORQUINCO";"2002";"1.9";"2278";"Sistema Río Chubut";"Cuencadel Río Chubut"
"ÑORQUINCO";"ÑORQUINCO";"ÑORQUINCO";"2003";"0.64";"2278";"Sistema Río Chubut";"Cuencadel Río Chubut"
"ÑORQUINCO";"ÑORQUINCO";"ÑORQUINCO";"2004";"2.61";"2278";"Sistema Río Chubut";"Cuencadel Río Chubut"
"ÑORQUINCO";"ÑORQUINCO";"ÑORQUINCO";"2005";"1.35";"2278";"Sistema Río Chubut";"Cuencadel Río Chubut"
"ÑORQUINCO";"ÑORQUINCO";"ÑORQUINCO";"2006";"1.23";"2278";"Sistema Río Chubut";"Cuencadel Río Chubut"
"ÑORQUINCO";"ÑORQUINCO";"ÑORQUINCO";"2007";"0.28";"2278";"Sistema Río Chubut";"Cuencadel Río Chubut"
"ÑORQUINCO";"ÑORQUINCO";"ÑORQUINCO";"2008";"0.31";"2278";"Sistema Río Chubut";"Cuencadel Río Chubut"
"ÑORQUINCO";"ÑORQUINCO";"ÑORQUINCO";"2009";"0.56";"2278";"Sistema Río Chubut";"Cuencadel Río Chubut"
"ÑORQUINCO";"ÑORQUINCO";"ÑORQUINCO";"2010";"0.16";"2278";"Sistema Río Chubut";"Cuencadel Río Chubut"
"ÑORQUINCO";"ÑORQUINCO";"ÑORQUINCO";"2011";"0.24";"2278";"Sistema Río Chubut";"Cuencadel Río Chubut"
"ÑORQUINCO";"ÑORQUINCO";"ÑORQUINCO";"2012";"0.34";"2278";"Sistema Río Chubut";"Cuencadel Río Chubut"
"ÑORQUINCO";"ÑORQUINCO";"ÑORQUINCO";"2013";"0.04";"2278";"Sistema Río Chubut";"Cuencadel Río Chubut"
"ÑORQUINCO";"ÑORQUINCO";"ÑORQUINCO";"2014";"0.09";"2278";"Sistema Río Chubut";"Cuencadel Río Chubut"
"ÑORQUINCO";"ÑORQUINCO";"ÑORQUINCO";"2015";"0.27";"2278";"Sistema Río Chubut";"Cuencadel Río Chubut"
"ÑORQUINCO";"ÑORQUINCO";"ÑORQUINCO";"2016";"1.33";"2278";"Sistema Río Chubut";"Cuencadel Río Chubut"
"ÑORQUINCO";"ÑORQUINCO";"ÑORQUINCO";"2017";"0.76";"2278";"Sistema Río Chubut";"Cuencadel Río Chubut"
"ÑORQUINCO";"ÑORQUINCO";"ÑORQUINCO";"2018";"0.79";"2278";"Sistema Río Chubut";"Cuencadel Río Chubut"
"ÑORQUINCO";"ÑORQUINCO";"ÑORQUINCO";"2019";"1.02";"2278";"Sistema Río Chubut";"Cuencadel Río Chubut"
"ÑORQUINCO";"ÑORQUINCO";"ÑORQUINCO";"2020";"0.84";"2278";"Sistema Río Chubut";"Cuencadel Río Chubut"
"CORCOVADO";"CORCOVADO";"HUEMUL";"1990";"4.92";"2279";"Sistema Océ ano Pacífico";"Cuencade los Ríos Carrenleufú y Pico"
"CORCOVADO";"CORCOVADO";"HUEMUL";"1991";"1.99";"2279";"Sistema Océ ano Pacífico";"Cuencade los Ríos Carrenleufú y Pico"
"CORCOVADO";"CORCOVADO";"HUEMUL";"1992";"6.88";"2279";"Sistema Océ ano Pacífico";"Cuencade los Ríos Carrenleufú y Pico"
"CORCOVADO";"CORCOVADO";"HUEMUL";"1993";"5.82";"2279";"Sistema Océ ano Pacífico";"Cuencade los Ríos Carrenleufú y Pico"
"CORCOVADO";"CORCOVADO";"HUEMUL";"1994";"7.18";"2279";"Sistema Océ ano Pacífico";"Cuencade los Ríos Carrenleufú y Pico"
"CORCOVADO";"CORCOVADO";"HUEMUL";"1995";"7.15";"2279";"Sistema Océ ano Pacífico";"Cuencade los Ríos Carrenleufú y Pico"
"CORCOVADO";"CORCOVADO";"HUEMUL";"1996";"2.94";"2279";"Sistema Océ ano Pacífico";"Cuencade los Ríos Carrenleufú y Pico"
"CORCOVADO";"CORCOVADO";"HUEMUL";"1997";"5.4";"2279";"Sistema Océ ano Pacífico";"Cuencade los Ríos Carrenleufú y Pico"
"CORCOVADO";"CORCOVADO";"HUEMUL";"1998";"2.48";"2279";"Sistema Océ ano Pacífico";"Cuencade los Ríos Carrenleufú y Pico"
"CORCOVADO";"CORCOVADO";"HUEMUL";"1999";"3.72";"2279";"Sistema Océ ano Pacífico";"Cuencade los Ríos Carrenleufú y Pico"
"CORCOVADO";"CORCOVADO";"HUEMUL";"2000";"2.4";"2279";"Sistema Océ ano Pacífico";"Cuencade los Ríos Carrenleufú y Pico"
"CORCOVADO";"CORCOVADO";"HUEMUL";"2001";"6.04";"2279";"Sistema Océ ano Pacífico";"Cuencade los Ríos Carrenleufú y Pico"
"CORCOVADO";"CORCOVADO";"HUEMUL";"2002";"5.15";"2279";"Sistema Océ ano Pacífico";"Cuencade los Ríos Carrenleufú y Pico"
"CORCOVADO";"CORCOVADO";"HUEMUL";"2003";"3.79";"2279";"Sistema Océ ano Pacífico";"Cuencade los Ríos Carrenleufú y Pico"
"CORCOVADO";"CORCOVADO";"HUEMUL";"2004";"4.16";"2279";"Sistema Océ ano Pacífico";"Cuencade los Ríos Carrenleufú y Pico"
"CORCOVADO";"CORCOVADO";"HUEMUL";"2005";"3.08";"2279";"Sistema Océ ano Pacífico";"Cuencade los Ríos Carrenleufú y Pico"
"CORCOVADO";"CORCOVADO";"HUEMUL";"2006";"1.79";"2279";"Sistema Océ ano Pacífico";"Cuencade los Ríos Carrenleufú y Pico"
"CORCOVADO";"CORCOVADO";"HUEMUL";"2007";"1.07";"2279";"Sistema Océ ano Pacífico";"Cuencade los Ríos Carrenleufú y Pico"
"CORCOVADO";"CORCOVADO";"HUEMUL";"2008";"2.26";"2279";"Sistema Océ ano Pacífico";"Cuencade los Ríos Carrenleufú y Pico"
"CORCOVADO";"CORCOVADO";"HUEMUL";"2009";"1.63";"2279";"Sistema Océ ano Pacífico";"Cuencade los Ríos Carrenleufú y Pico"
"CORCOVADO";"CORCOVADO";"HUEMUL";"2010";"1.15";"2279";"Sistema Océ ano Pacífico";"Cuencade los Ríos Carrenleufú y Pico"
"CORCOVADO";"CORCOVADO";"HUEMUL";"2011";"1.2";"2279";"Sistema Océ ano Pacífico";"Cuencade los Ríos Carrenleufú y Pico"
"CORCOVADO";"CORCOVADO";"HUEMUL";"2012";"1.8";"2279";"Sistema Océ ano Pacífico";"Cuencade los Ríos Carrenleufú y Pico"
"CORCOVADO";"CORCOVADO";"HUEMUL";"2013";"2.61";"2279";"Sistema Océ ano Pacífico";"Cuencade los Ríos Carrenleufú y Pico"
"CORCOVADO";"CORCOVADO";"HUEMUL";"2014";"1.43";"2279";"Sistema Océ ano Pacífico";"Cuencade los Ríos Carrenleufú y Pico"
"CORCOVADO";"CORCOVADO";"HUEMUL";"2015";"4.69";"2279";"Sistema Océ ano Pacífico";"Cuencade los Ríos Carrenleufú y Pico"
"CORCOVADO";"CORCOVADO";"HUEMUL";"2016";"0.66";"2279";"Sistema Océ ano Pacífico";"Cuencade los Ríos Carrenleufú y Pico"
"CORCOVADO";"CORCOVADO";"HUEMUL";"2017";"1.4";"2279";"Sistema Océ ano Pacífico";"Cuencade los Ríos Carrenleufú y Pico"
"CORCOVADO";"CORCOVADO";"HUEMUL";"2018";"1.47";"2279";"Sistema Océ ano Pacífico";"Cuencade los Ríos Carrenleufú y Pico"
"CORCOVADO";"CORCOVADO";"HUEMUL";"2019";"3.66";"2279";"Sistema Océ ano Pacífico";"Cuencade los Ríos Carrenleufú y Pico"
"CORCOVADO";"CORCOVADO";"HUEMUL";"2020";"3.10";"2279";"Sistema Océ ano Pacífico";"Cuencade los Ríos Carrenleufú y Pico"
"AMEGHINO";"AMEGHINO";"CHUBUT";"1993";"53.72";"2281";"Sistema Río Chubut";"Cuencadel Río Chubut"
"AMEGHINO";"AMEGHINO";"CHUBUT";"1994";"50.79";"2281";"Sistema Río Chubut";"Cuencadel Río Chubut"
"AMEGHINO";"AMEGHINO";"CHUBUT";"1995";"42.74";"2281";"Sistema Río Chubut";"Cuencadel Río Chubut"
"AMEGHINO";"AMEGHINO";"CHUBUT";"1996";"43.18";"2281";"Sistema Río Chubut";"Cuencadel Río Chubut"
"AMEGHINO";"AMEGHINO";"CHUBUT";"1997";"31.01";"2281";"Sistema Río Chubut";"Cuencadel Río Chubut"
"AMEGHINO";"AMEGHINO";"CHUBUT";"1998";"36.9";"2281";"Sistema Río Chubut";"Cuencadel Río Chubut"
"AMEGHINO";"AMEGHINO";"CHUBUT";"1999";"32.94";"2281";"Sistema Río Chubut";"Cuencadel Río Chubut"
"AMEGHINO";"AMEGHINO";"CHUBUT";"2000";"34.2";"2281";"Sistema Río Chubut";"Cuencadel Río Chubut"
"AMEGHINO";"AMEGHINO";"CHUBUT";"2001";"63.38";"2281";"Sistema Río Chubut";"Cuencadel Río Chubut"
"AMEGHINO";"AMEGHINO";"CHUBUT";"2002";"62.34";"2281";"Sistema Río Chubut";"Cuencadel Río Chubut"
"AMEGHINO";"AMEGHINO";"CHUBUT";"2003";"58.42";"2281";"Sistema Río Chubut";"Cuencadel Río Chubut"
"AMEGHINO";"AMEGHINO";"CHUBUT";"2004";"60.09";"2281";"Sistema Río Chubut";"Cuencadel Río Chubut"
"AMEGHINO";"AMEGHINO";"CHUBUT";"2005";"51.64";"2281";"Sistema Río Chubut";"Cuencadel Río Chubut"
"AMEGHINO";"AMEGHINO";"CHUBUT";"2006";"75.04";"2281";"Sistema Río Chubut";"Cuencadel Río Chubut"
"AMEGHINO";"AMEGHINO";"CHUBUT";"2007";"48.77";"2281";"Sistema Río Chubut";"Cuencadel Río Chubut"
"AMEGHINO";"AMEGHINO";"CHUBUT";"2008";"37.33";"2281";"Sistema Río Chubut";"Cuencadel Río Chubut"
"AMEGHINO";"AMEGHINO";"CHUBUT";"2009";"42.08";"2281";"Sistema Río Chubut";"Cuencadel Río Chubut"
"AMEGHINO";"AMEGHINO";"CHUBUT";"2010";"46.16";"2281";"Sistema Río Chubut";"Cuencadel Río Chubut"
"AMEGHINO";"AMEGHINO";"CHUBUT";"2011";"31.5";"2281";"Sistema Río Chubut";"Cuencadel Río Chubut"
"AMEGHINO";"AMEGHINO";"CHUBUT";"2012";"31.45";"2281";"Sistema Río Chubut";"Cuencadel Río Chubut"
"AMEGHINO";"AMEGHINO";"CHUBUT";"2013";"43.33";"2281";"Sistema Río Chubut";"Cuencadel Río Chubut"
"AMEGHINO";"AMEGHINO";"CHUBUT";"2014";"39.99";"2281";"Sistema Río Chubut";"Cuencadel Río Chubut"
"AMEGHINO";"AMEGHINO";"CHUBUT";"2015";"53.19";"2281";"Sistema Río Chubut";"Cuencadel Río Chubut"
"AMEGHINO";"AMEGHINO";"CHUBUT";"2016";"39.35";"2281";"Sistema Río Chubut";"Cuencadel Río Chubut"
"AMEGHINO";"AMEGHINO";"CHUBUT";"2017";"53.14";"2281";"Sistema Río Chubut";"Cuencadel Río Chubut"
"AMEGHINO";"AMEGHINO";"CHUBUT";"2018";"34.19";"2281";"Sistema Río Chubut";"Cuencadel Río Chubut"
"AMEGHINO";"AMEGHINO";"CHUBUT";"2019";"32.33";"2281";"Sistema Río Chubut";"Cuencadel Río Chubut"
"AMEGHINO";"AMEGHINO";"CHUBUT";"2020";"36.00";"2281";"Sistema Río Chubut";"Cuencadel Río Chubut"
"PUENTE DE HIERRO";"PUENTE DE HIERRO";"CARRENLEUFÚ";"1990";"70.57";"2288";"Sistema Océ ano Pacífico";"Cuencade los Ríos Carrenleufú y Pico"
"PUENTE DE HIERRO";"PUENTE DE HIERRO";"CARRENLEUFÚ";"1991";"50.39";"2288";"Sistema Océ ano Pacífico";"Cuencade los Ríos Carrenleufú y Pico"
"PUENTE DE HIERRO";"PUENTE DE HIERRO";"CARRENLEUFÚ";"1992";"53.21";"2288";"Sistema Océ ano Pacífico";"Cuencade los Ríos Carrenleufú y Pico"
"PUENTE DE HIERRO";"PUENTE DE HIERRO";"CARRENLEUFÚ";"1993";"62.3";"2288";"Sistema Océ ano Pacífico";"Cuencade los Ríos Carrenleufú y Pico"
"PUENTE DE HIERRO";"PUENTE DE HIERRO";"CARRENLEUFÚ";"1994";"58.66";"2288";"Sistema Océ ano Pacífico";"Cuencade los Ríos Carrenleufú y Pico"
"PUENTE DE HIERRO";"PUENTE DE HIERRO";"CARRENLEUFÚ";"1995";"61.89";"2288";"Sistema Océ ano Pacífico";"Cuencade los Ríos Carrenleufú y Pico"
"PUENTE DE HIERRO";"PUENTE DE HIERRO";"CARRENLEUFÚ";"1996";"45.67";"2288";"Sistema Océ ano Pacífico";"Cuencade los Ríos Carrenleufú y Pico"
"PUENTE DE HIERRO";"PUENTE DE HIERRO";"CARRENLEUFÚ";"1997";"51.49";"2288";"Sistema Océ ano Pacífico";"Cuencade los Ríos Carrenleufú y Pico"
"PUENTE DE HIERRO";"PUENTE DE HIERRO";"CARRENLEUFÚ";"1998";"29.09";"2288";"Sistema Océ ano Pacífico";"Cuencade los Ríos Carrenleufú y Pico"
"PUENTE DE HIERRO";"PUENTE DE HIERRO";"CARRENLEUFÚ";"1999";"34.99";"2288";"Sistema Océ ano Pacífico";"Cuencade los Ríos Carrenleufú y Pico"
"PUENTE DE HIERRO";"PUENTE DE HIERRO";"CARRENLEUFÚ";"2000";"37.56";"2288";"Sistema Océ ano Pacífico";"Cuencade los Ríos Carrenleufú y Pico"
"PUENTE DE HIERRO";"PUENTE DE HIERRO";"CARRENLEUFÚ";"2001";"65.75";"2288";"Sistema Océ ano Pacífico";"Cuencade los Ríos Carrenleufú y Pico"
"PUENTE DE HIERRO";"PUENTE DE HIERRO";"CARRENLEUFÚ";"2002";"62.22";"2288";"Sistema Océ ano Pacífico";"Cuencade los Ríos Carrenleufú y Pico"
"PUENTE DE HIERRO";"PUENTE DE HIERRO";"CARRENLEUFÚ";"2003";"56.2";"2288";"Sistema Océ ano Pacífico";"Cuencade los Ríos Carrenleufú y Pico"
"PUENTE DE HIERRO";"PUENTE DE HIERRO";"CARRENLEUFÚ";"2004";"53.98";"2288";"Sistema Océ ano Pacífico";"Cuencade los Ríos Carrenleufú y Pico"
"PUENTE DE HIERRO";"PUENTE DE HIERRO";"CARRENLEUFÚ";"2005";"58.78";"2288";"Sistema Océ ano Pacífico";"Cuencade los Ríos Carrenleufú y Pico"
"PUENTE DE HIERRO";"PUENTE DE HIERRO";"CARRENLEUFÚ";"2006";"102.26";"2288";"Sistema Océ ano Pacífico";"Cuencade los Ríos Carrenleufú y Pico"
"PUENTE DE HIERRO";"PUENTE DE HIERRO";"CARRENLEUFÚ";"2007";"65.65";"2288";"Sistema Océ ano Pacífico";"Cuencade los Ríos Carrenleufú y Pico"
"PUENTE DE HIERRO";"PUENTE DE HIERRO";"CARRENLEUFÚ";"2008";"76.64";"2288";"Sistema Océ ano Pacífico";"Cuencade los Ríos Carrenleufú y Pico"
"PUENTE DE HIERRO";"PUENTE DE HIERRO";"CARRENLEUFÚ";"2009";"38.51";"2288";"Sistema Océ ano Pacífico";"Cuencade los Ríos Carrenleufú y Pico"
"PUENTE DE HIERRO";"PUENTE DE HIERRO";"CARRENLEUFÚ";"2010";"46.14";"2288";"Sistema Océ ano Pacífico";"Cuencade los Ríos Carrenleufú y Pico"
"PUENTE DE HIERRO";"PUENTE DE HIERRO";"CARRENLEUFÚ";"2011";"38.31";"2288";"Sistema Océ ano Pacífico";"Cuencade los Ríos Carrenleufú y Pico"
"PUENTE DE HIERRO";"PUENTE DE HIERRO";"CARRENLEUFÚ";"2012";"34.71";"2288";"Sistema Océ ano Pacífico";"Cuencade los Ríos Carrenleufú y Pico"
"PUENTE DE HIERRO";"PUENTE DE HIERRO";"CARRENLEUFÚ";"2013";"24.92";"2288";"Sistema Océ ano Pacífico";"Cuencade los Ríos Carrenleufú y Pico"
"PUENTE DE HIERRO";"PUENTE DE HIERRO";"CARRENLEUFÚ";"2014";"34.16";"2288";"Sistema Océ ano Pacífico";"Cuencade los Ríos Carrenleufú y Pico"
"PUENTE DE HIERRO";"PUENTE DE HIERRO";"CARRENLEUFÚ";"2015";"40.89";"2288";"Sistema Océ ano Pacífico";"Cuencade los Ríos Carrenleufú y Pico"
"PUENTE DE HIERRO";"PUENTE DE HIERRO";"CARRENLEUFÚ";"2016";"16.11";"2288";"Sistema Océ ano Pacífico";"Cuencade los Ríos Carrenleufú y Pico"
"PUENTE DE HIERRO";"PUENTE DE HIERRO";"CARRENLEUFÚ";"2017";"31.4";"2288";"Sistema Océ ano Pacífico";"Cuencade los Ríos Carrenleufú y Pico"
"PUENTE DE HIERRO";"PUENTE DE HIERRO";"CARRENLEUFÚ";"2018";"37.78";"2288";"Sistema Océ ano Pacífico";"Cuencade los Ríos Carrenleufú y Pico"
"PUENTE DE HIERRO";"PUENTE DE HIERRO";"CARRENLEUFÚ";"2019";"30.43";"2288";"Sistema Océ ano Pacífico";"Cuencade los Ríos Carrenleufú y Pico"
"PUENTE DE HIERRO";"PUENTE DE HIERRO";"CARRENLEUFÚ";"2020";"35.53";"2288";"Sistema Océ ano Pacífico";"Cuencade los Ríos Carrenleufú y Pico"
"PONCHO MORO";"PONCHO MORO";"CARRENLEUFÚ";"1991";"49.99";"2293";"Sistema Océ ano Pacífico";"Cuencade los Ríos Carrenleufú y Pico"
"PONCHO MORO";"PONCHO MORO";"CARRENLEUFÚ";"1992";"37.28";"2293";"Sistema Océ ano Pacífico";"Cuencade los Ríos Carrenleufú y Pico"
"PONCHO MORO";"PONCHO MORO";"CARRENLEUFÚ";"1993";"46.8";"2293";"Sistema Océ ano Pacífico";"Cuencade los Ríos Carrenleufú y Pico"
"PONCHO MORO";"PONCHO MORO";"CARRENLEUFÚ";"1994";"43.18";"2293";"Sistema Océ ano Pacífico";"Cuencade los Ríos Carrenleufú y Pico"
"PONCHO MORO";"PONCHO MORO";"CARRENLEUFÚ";"1995";"44.33";"2293";"Sistema Océ ano Pacífico";"Cuencade los Ríos Carrenleufú y Pico"
"PONCHO MORO";"PONCHO MORO";"CARRENLEUFÚ";"1996";"36.66";"2293";"Sistema Océ ano Pacífico";"Cuencade los Ríos Carrenleufú y Pico"
"PONCHO MORO";"PONCHO MORO";"CARRENLEUFÚ";"1997";"40.47";"2293";"Sistema Océ ano Pacífico";"Cuencade los Ríos Carrenleufú y Pico"
"PONCHO MORO";"PONCHO MORO";"CARRENLEUFÚ";"1998";"22.61";"2293";"Sistema Océ ano Pacífico";"Cuencade los Ríos Carrenleufú y Pico"
"PONCHO MORO";"PONCHO MORO";"CARRENLEUFÚ";"1999";"29.27";"2293";"Sistema Océ ano Pacífico";"Cuencade los Ríos Carrenleufú y Pico"
"PONCHO MORO";"PONCHO MORO";"CARRENLEUFÚ";"2000";"29.27";"2293";"Sistema Océ ano Pacífico";"Cuencade los Ríos Carrenleufú y Pico"
"PONCHO MORO";"PONCHO MORO";"CARRENLEUFÚ";"2001";"52.61";"2293";"Sistema Océ ano Pacífico";"Cuencade los Ríos Carrenleufú y Pico"
"PONCHO MORO";"PONCHO MORO";"CARRENLEUFÚ";"2002";"52.96";"2293";"Sistema Océ ano Pacífico";"Cuencade los Ríos Carrenleufú y Pico"
"PONCHO MORO";"PONCHO MORO";"CARRENLEUFÚ";"2003";"42.03";"2293";"Sistema Océ ano Pacífico";"Cuencade los Ríos Carrenleufú y Pico"
"PONCHO MORO";"PONCHO MORO";"CARRENLEUFÚ";"2004";"42.5";"2293";"Sistema Océ ano Pacífico";"Cuencade los Ríos Carrenleufú y Pico"
"PONCHO MORO";"PONCHO MORO";"CARRENLEUFÚ";"2005";"46.6";"2293";"Sistema Océ ano Pacífico";"Cuencade los Ríos Carrenleufú y Pico"
"PONCHO MORO";"PONCHO MORO";"CARRENLEUFÚ";"2006";"39.07";"2293";"Sistema Océ ano Pacífico";"Cuencade los Ríos Carrenleufú y Pico"
"PONCHO MORO";"PONCHO MORO";"CARRENLEUFÚ";"2007";"32.26";"2293";"Sistema Océ ano Pacífico";"Cuencade los Ríos Carrenleufú y Pico"
"PONCHO MORO";"PONCHO MORO";"CARRENLEUFÚ";"2008";"43.45";"2293";"Sistema Océ ano Pacífico";"Cuencade los Ríos Carrenleufú y Pico"
"PONCHO MORO";"PONCHO MORO";"CARRENLEUFÚ";"2009";"36.08";"2293";"Sistema Océ ano Pacífico";"Cuencade los Ríos Carrenleufú y Pico"
"PONCHO MORO";"PONCHO MORO";"CARRENLEUFÚ";"2010";"35.24";"2293";"Sistema Océ ano Pacífico";"Cuencade los Ríos Carrenleufú y Pico"
"PONCHO MORO";"PONCHO MORO";"CARRENLEUFÚ";"2011";"30.47";"2293";"Sistema Océ ano Pacífico";"Cuencade los Ríos Carrenleufú y Pico"
"PONCHO MORO";"PONCHO MORO";"CARRENLEUFÚ";"2012";"32.97";"2293";"Sistema Océ ano Pacífico";"Cuencade los Ríos Carrenleufú y Pico"
"PONCHO MORO";"PONCHO MORO";"CARRENLEUFÚ";"2013";"27.85";"2293";"Sistema Océ ano Pacífico";"Cuencade los Ríos Carrenleufú y Pico"
"PONCHO MORO";"PONCHO MORO";"CARRENLEUFÚ";"2014";"29.97";"2293";"Sistema Océ ano Pacífico";"Cuencade los Ríos Carrenleufú y Pico"
"PONCHO MORO";"PONCHO MORO";"CARRENLEUFÚ";"2015";"40.78";"2293";"Sistema Océ ano Pacífico";"Cuencade los Ríos Carrenleufú y Pico"
"PONCHO MORO";"PONCHO MORO";"CARRENLEUFÚ";"2016";"19.13";"2293";"Sistema Océ ano Pacífico";"Cuencade los Ríos Carrenleufú y Pico"
"PONCHO MORO";"PONCHO MORO";"CARRENLEUFÚ";"2017";"31.15";"2293";"Sistema Océ ano Pacífico";"Cuencade los Ríos Carrenleufú y Pico"
"PONCHO MORO";"PONCHO MORO";"CARRENLEUFÚ";"2018";"32.67";"2293";"Sistema Océ ano Pacífico";"Cuencade los Ríos Carrenleufú y Pico"
"PONCHO MORO";"PONCHO MORO";"CARRENLEUFÚ";"2019";"17.15";"2293";"Sistema Océ ano Pacífico";"Cuencade los Ríos Carrenleufú y Pico"
"PONCHO MORO";"PONCHO MORO";"CARRENLEUFÚ";"2020";"20.70";"2293";"Sistema Océ ano Pacífico";"Cuencade los Ríos Carrenleufú y Pico"
"LOS MOLINOS";"LOS MOLINOS";"SENGUERR";"1986";"39.62";"2297";"Sistema Río Chubut";"Cuencadel Ríos Senguerr y Chico"
"LOS MOLINOS";"LOS MOLINOS";"SENGUERR";"1987";"39.25";"2297";"Sistema Río Chubut";"Cuencadel Ríos Senguerr y Chico"
"LOS MOLINOS";"LOS MOLINOS";"SENGUERR";"1988";"28.22";"2297";"Sistema Río Chubut";"Cuencadel Ríos Senguerr y Chico"
"LOS MOLINOS";"LOS MOLINOS";"SENGUERR";"1989";"34.46";"2297";"Sistema Río Chubut";"Cuencadel Ríos Senguerr y Chico"
"LOS MOLINOS";"LOS MOLINOS";"SENGUERR";"1990";"56.66";"2297";"Sistema Río Chubut";"Cuencadel Ríos Senguerr y Chico"
"LOS MOLINOS";"LOS MOLINOS";"SENGUERR";"1991";"54.93";"2297";"Sistema Río Chubut";"Cuencadel Ríos Senguerr y Chico"
"LOS MOLINOS";"LOS MOLINOS";"SENGUERR";"1992";"48.3";"2297";"Sistema Río Chubut";"Cuencadel Ríos Senguerr y Chico"
"LOS MOLINOS";"LOS MOLINOS";"SENGUERR";"1993";"59.05";"2297";"Sistema Río Chubut";"Cuencadel Ríos Senguerr y Chico"
"LOS MOLINOS";"LOS MOLINOS";"SENGUERR";"1994";"60.43";"2297";"Sistema Río Chubut";"Cuencadel Ríos Senguerr y Chico"
"LOS MOLINOS";"LOS MOLINOS";"SENGUERR";"1995";"68.75";"2297";"Sistema Río Chubut";"Cuencadel Ríos Senguerr y Chico"
"LOS MOLINOS";"LOS MOLINOS";"SENGUERR";"1996";"50.92";"2297";"Sistema Río Chubut";"Cuencadel Ríos Senguerr y Chico"
"LOS MOLINOS";"LOS MOLINOS";"SENGUERR";"1997";"70.09";"2297";"Sistema Río Chubut";"Cuencadel Ríos Senguerr y Chico"
"LOS MOLINOS";"LOS MOLINOS";"SENGUERR";"1998";"32.06";"2297";"Sistema Río Chubut";"Cuencadel Ríos Senguerr y Chico"
"LOS MOLINOS";"LOS MOLINOS";"SENGUERR";"1999";"28.49";"2297";"Sistema Río Chubut";"Cuencadel Ríos Senguerr y Chico"
"LOS MOLINOS";"LOS MOLINOS";"SENGUERR";"2000";"40.47";"2297";"Sistema Río Chubut";"Cuencadel Ríos Senguerr y Chico"
"LOS MOLINOS";"LOS MOLINOS";"SENGUERR";"2001";"70.55";"2297";"Sistema Río Chubut";"Cuencadel Ríos Senguerr y Chico"
"LOS MOLINOS";"LOS MOLINOS";"SENGUERR";"2002";"78.84";"2297";"Sistema Río Chubut";"Cuencadel Ríos Senguerr y Chico"
"LOS MOLINOS";"LOS MOLINOS";"SENGUERR";"2003";"67.75";"2297";"Sistema Río Chubut";"Cuencadel Ríos Senguerr y Chico"
"LOS MOLINOS";"LOS MOLINOS";"SENGUERR";"2004";"53.96";"2297";"Sistema Río Chubut";"Cuencadel Ríos Senguerr y Chico"
"LOS MOLINOS";"LOS MOLINOS";"SENGUERR";"2005";"68.54";"2297";"Sistema Río Chubut";"Cuencadel Ríos Senguerr y Chico"
"LOS MOLINOS";"LOS MOLINOS";"SENGUERR";"2006";"66.99";"2297";"Sistema Río Chubut";"Cuencadel Ríos Senguerr y Chico"
"LOS MOLINOS";"LOS MOLINOS";"SENGUERR";"2007";"33.37";"2297";"Sistema Río Chubut";"Cuencadel Ríos Senguerr y Chico"
"LOS MOLINOS";"LOS MOLINOS";"SENGUERR";"2008";"54.14";"2297";"Sistema Río Chubut";"Cuencadel Ríos Senguerr y Chico"
"LOS MOLINOS";"LOS MOLINOS";"SENGUERR";"2009";"40.62";"2297";"Sistema Río Chubut";"Cuencadel Ríos Senguerr y Chico"
"LOS MOLINOS";"LOS MOLINOS";"SENGUERR";"2010";"49.7";"2297";"Sistema Río Chubut";"Cuencadel Ríos Senguerr y Chico"
"LOS MOLINOS";"LOS MOLINOS";"SENGUERR";"2011";"32.44";"2297";"Sistema Río Chubut";"Cuencadel Ríos Senguerr y Chico"
"LOS MOLINOS";"LOS MOLINOS";"SENGUERR";"2012";"45.32";"2297";"Sistema Río Chubut";"Cuencadel Ríos Senguerr y Chico"
"LOS MOLINOS";"LOS MOLINOS";"SENGUERR";"2013";"49.47";"2297";"Sistema Río Chubut";"Cuencadel Ríos Senguerr y Chico"
"LOS MOLINOS";"LOS MOLINOS";"SENGUERR";"2014";"37.69";"2297";"Sistema Río Chubut";"Cuencadel Ríos Senguerr y Chico"
"LOS MOLINOS";"LOS MOLINOS";"SENGUERR";"2015";"42.42";"2297";"Sistema Río Chubut";"Cuencadel Ríos Senguerr y Chico"
"LOS MOLINOS";"LOS MOLINOS";"SENGUERR";"2016";"15.00";"2297";"Sistema Río Chubut";"Cuencadel Ríos Senguerr y Chico"
"LOS MOLINOS";"LOS MOLINOS";"SENGUERR";"2017";"51.75";"2297";"Sistema Río Chubut";"Cuencadel Ríos Senguerr y Chico"
"LOS MOLINOS";"LOS MOLINOS";"SENGUERR";"2018";"33.64";"2297";"Sistema Río Chubut";"Cuencadel Ríos Senguerr y Chico"
"LOS MOLINOS";"LOS MOLINOS";"SENGUERR";"2019";"22.98";"2297";"Sistema Río Chubut";"Cuencadel Ríos Senguerr y Chico"
"LOS MOLINOS";"LOS MOLINOS";"SENGUERR";"2020";"26.00";"2297";"Sistema Río Chubut";"Cuencadel Ríos Senguerr y Chico"
"GUALJAINA";"GUALJAINA";"CHUBUT";"1990";"37.13";"2301";"Sistema Río Chubut";"Cuencadel Río Chubut"
"GUALJAINA";"GUALJAINA";"CHUBUT";"1991";"22.17";"2301";"Sistema Río Chubut";"Cuencadel Río Chubut"
"GUALJAINA";"GUALJAINA";"CHUBUT";"1992";"29.77";"2301";"Sistema Río Chubut";"Cuencadel Río Chubut"
"GUALJAINA";"GUALJAINA";"CHUBUT";"1993";"51.84";"2301";"Sistema Río Chubut";"Cuencadel Río Chubut"
"GUALJAINA";"GUALJAINA";"CHUBUT";"1994";"32.41";"2301";"Sistema Río Chubut";"Cuencadel Río Chubut"
"GUALJAINA";"GUALJAINA";"CHUBUT";"1995";"42.44";"2301";"Sistema Río Chubut";"Cuencadel Río Chubut"
"GUALJAINA";"GUALJAINA";"CHUBUT";"1996";"18.36";"2301";"Sistema Río Chubut";"Cuencadel Río Chubut"
"GUALJAINA";"GUALJAINA";"CHUBUT";"1997";"41.19";"2301";"Sistema Río Chubut";"Cuencadel Río Chubut"
"GUALJAINA";"GUALJAINA";"CHUBUT";"1998";"10.91";"2301";"Sistema Río Chubut";"Cuencadel Río Chubut"
"GUALJAINA";"GUALJAINA";"CHUBUT";"1999";"21.28";"2301";"Sistema Río Chubut";"Cuencadel Río Chubut"
"GUALJAINA";"GUALJAINA";"CHUBUT";"2000";"37.07";"2301";"Sistema Río Chubut";"Cuencadel Río Chubut"
"GUALJAINA";"GUALJAINA";"CHUBUT";"2001";"43.08";"2301";"Sistema Río Chubut";"Cuencadel Río Chubut"
"GUALJAINA";"GUALJAINA";"CHUBUT";"2002";"46.09";"2301";"Sistema Río Chubut";"Cuencadel Río Chubut"
"GUALJAINA";"GUALJAINA";"CHUBUT";"2003";"35.83";"2301";"Sistema Río Chubut";"Cuencadel Río Chubut"
"GUALJAINA";"GUALJAINA";"CHUBUT";"2004";"46.51";"2301";"Sistema Río Chubut";"Cuencadel Río Chubut"
"GUALJAINA";"GUALJAINA";"CHUBUT";"2005";"40.2";"2301";"Sistema Río Chubut";"Cuencadel Río Chubut"
"GUALJAINA";"GUALJAINA";"CHUBUT";"2006";"46.4";"2301";"Sistema Río Chubut";"Cuencadel Río Chubut"
"GUALJAINA";"GUALJAINA";"CHUBUT";"2007";"22.62";"2301";"Sistema Río Chubut";"Cuencadel Río Chubut"
"GUALJAINA";"GUALJAINA";"CHUBUT";"2008";"23.18";"2301";"Sistema Río Chubut";"Cuencadel Río Chubut"
"GUALJAINA";"GUALJAINA";"CHUBUT";"2009";"44.00";"2301";"Sistema Río Chubut";"Cuencadel Río Chubut"
"GUALJAINA";"GUALJAINA";"CHUBUT";"2010";"20.32";"2301";"Sistema Río Chubut";"Cuencadel Río Chubut"
"GUALJAINA";"GUALJAINA";"CHUBUT";"2011";"17.99";"2301";"Sistema Río Chubut";"Cuencadel Río Chubut"
"GUALJAINA";"GUALJAINA";"CHUBUT";"2012";"19.22";"2301";"Sistema Río Chubut";"Cuencadel Río Chubut"
"GUALJAINA";"GUALJAINA";"CHUBUT";"2013";"14.11";"2301";"Sistema Río Chubut";"Cuencadel Río Chubut"
"GUALJAINA";"GUALJAINA";"CHUBUT";"2014";"24.59";"2301";"Sistema Río Chubut";"Cuencadel Río Chubut"
"GUALJAINA";"GUALJAINA";"CHUBUT";"2015";"40.28";"2301";"Sistema Río Chubut";"Cuencadel Río Chubut"
"GUALJAINA";"GUALJAINA";"CHUBUT";"2016";"30.89";"2301";"Sistema Río Chubut";"Cuencadel Río Chubut"
"GUALJAINA";"GUALJAINA";"CHUBUT";"2017";"29.9";"2301";"Sistema Río Chubut";"Cuencadel Río Chubut"
"GUALJAINA";"GUALJAINA";"CHUBUT";"2018";"33.09";"2301";"Sistema Río Chubut";"Cuencadel Río Chubut"
"GUALJAINA";"GUALJAINA";"CHUBUT";"2019";"23.39";"2301";"Sistema Río Chubut";"Cuencadel Río Chubut"
"GUALJAINA";"GUALJAINA";"CHUBUT";"2020";"27.03";"2301";"Sistema Río Chubut";"Cuencadel Río Chubut"
"PUESTO 2";"PUESTO 2";"AZUL";"2009";"59.15";"2314";"Sistema Océ ano Pacífico";"Cuencade los Ríos Manso y Puelo"
"PUESTO 2";"PUESTO 2";"AZUL";"2010";"29.37";"2314";"Sistema Océ ano Pacífico";"Cuencade los Ríos Manso y Puelo"
"PUESTO 2";"PUESTO 2";"AZUL";"2011";"36.88";"2314";"Sistema Océ ano Pacífico";"Cuencade los Ríos Manso y Puelo"
"PUESTO 2";"PUESTO 2";"AZUL";"2012";"43.74";"2314";"Sistema Océ ano Pacífico";"Cuencade los Ríos Manso y Puelo"
"PUESTO 2";"PUESTO 2";"AZUL";"2013";"31.67";"2314";"Sistema Océ ano Pacífico";"Cuencade los Ríos Manso y Puelo"
"PUESTO 2";"PUESTO 2";"AZUL";"2014";"43.25";"2314";"Sistema Océ ano Pacífico";"Cuencade los Ríos Manso y Puelo"
"PUESTO 2";"PUESTO 2";"AZUL";"2015";"30.75";"2314";"Sistema Océ ano Pacífico";"Cuencade los Ríos Manso y Puelo"
"PUESTO 2";"PUESTO 2";"AZUL";"2016";"22.94";"2314";"Sistema Océ ano Pacífico";"Cuencade los Ríos Manso y Puelo"
"PUESTO 2";"PUESTO 2";"AZUL";"2017";"41.17";"2314";"Sistema Océ ano Pacífico";"Cuencade los Ríos Manso y Puelo"
"PUESTO 2";"PUESTO 2";"AZUL";"2018";"46.42";"2314";"Sistema Océ ano Pacífico";"Cuencade los Ríos Manso y Puelo"
"PUESTO 2";"PUESTO 2";"AZUL";"2019";"33.20";"2314";"Sistema Océ ano Pacífico";"Cuencade los Ríos Manso y Puelo"
"PUESTO 2";"PUESTO 2";"AZUL";"2020";"35.83";"2314";"Sistema Océ ano Pacífico";"Cuencade los Ríos Manso y Puelo"
"HITO FRONTERIZO";"HITO FRONTERIZO";"PUELO";"2009";"161.51";"2315";"Sistema Océ ano Pacífico";"Cuencade los Ríos Manso y Puelo"
"HITO FRONTERIZO";"HITO FRONTERIZO";"PUELO";"2010";"158.8";"2315";"Sistema Océ ano Pacífico";"Cuencade los Ríos Manso y Puelo"
"HITO FRONTERIZO";"HITO FRONTERIZO";"PUELO";"2011";"163.61";"2315";"Sistema Océ ano Pacífico";"Cuencade los Ríos Manso y Puelo"
"HITO FRONTERIZO";"HITO FRONTERIZO";"PUELO";"2012";"168.69";"2315";"Sistema Océ ano Pacífico";"Cuencade los Ríos Manso y Puelo"
"HITO FRONTERIZO";"HITO FRONTERIZO";"PUELO";"2013";"183.72";"2315";"Sistema Océ ano Pacífico";"Cuencade los Ríos Manso y Puelo"
"HITO FRONTERIZO";"HITO FRONTERIZO";"PUELO";"2014";"126.65";"2315";"Sistema Océ ano Pacífico";"Cuencade los Ríos Manso y Puelo"
"HITO FRONTERIZO";"HITO FRONTERIZO";"PUELO";"2015";"143.3";"2315";"Sistema Océ ano Pacífico";"Cuencade los Ríos Manso y Puelo"
"HITO FRONTERIZO";"HITO FRONTERIZO";"PUELO";"2016";"98.27";"2315";"Sistema Océ ano Pacífico";"Cuencade los Ríos Manso y Puelo"
"HITO FRONTERIZO";"HITO FRONTERIZO";"PUELO";"2017";"151.38";"2315";"Sistema Océ ano Pacífico";"Cuencade los Ríos Manso y Puelo"
"HITO FRONTERIZO";"HITO FRONTERIZO";"PUELO";"2018";"211.69";"2315";"Sistema Océ ano Pacífico";"Cuencade los Ríos Manso y Puelo"
"HITO FRONTERIZO";"HITO FRONTERIZO";"PUELO";"2019";"197.98";"2315";"Sistema Océ ano Pacífico";"Cuencade los Ríos Manso y Puelo"
"HITO FRONTERIZO";"HITO FRONTERIZO";"PUELO";"2020";"159.44";"2315";"Sistema Océ ano Pacífico";"Cuencade los Ríos Manso y Puelo"
"PTO BERMEJO";"PUERTO BERMEJO";"PARAGUAY";"1970";"2045.52";"2401";"Sistema Río Paraguay";"Cuencapropia del Río Paraguay en Argentina"
"PTO BERMEJO";"PUERTO BERMEJO";"PARAGUAY";"1971";"3575.94";"2401";"Sistema Río Paraguay";"Cuencapropia del Río Paraguay en Argentina"
"PTO BERMEJO";"PUERTO BERMEJO";"PARAGUAY";"1972";"2643.83";"2401";"Sistema Río Paraguay";"Cuencapropia del Río Paraguay en Argentina"
"PTO BERMEJO";"PUERTO BERMEJO";"PARAGUAY";"1973";"3323.71";"2401";"Sistema Río Paraguay";"Cuencapropia del Río Paraguay en Argentina"
"PTO BERMEJO";"PUERTO BERMEJO";"PARAGUAY";"1974";"4627.6";"2401";"Sistema Río Paraguay";"Cuencapropia del Río Paraguay en Argentina"
"PTO BERMEJO";"PUERTO BERMEJO";"PARAGUAY";"1975";"4002.59";"2401";"Sistema Río Paraguay";"Cuencapropia del Río Paraguay en Argentina"
"PTO BERMEJO";"PUERTO BERMEJO";"PARAGUAY";"1976";"3567.57";"2401";"Sistema Río Paraguay";"Cuencapropia del Río Paraguay en Argentina"
"PTO BERMEJO";"PUERTO BERMEJO";"PARAGUAY";"1977";"4296.83";"2401";"Sistema Río Paraguay";"Cuencapropia del Río Paraguay en Argentina"
"PTO BERMEJO";"PUERTO BERMEJO";"PARAGUAY";"1978";"3718.8";"2401";"Sistema Río Paraguay";"Cuencapropia del Río Paraguay en Argentina"
"PTO BERMEJO";"PUERTO BERMEJO";"PARAGUAY";"1979";"6080.65";"2401";"Sistema Río Paraguay";"Cuencapropia del Río Paraguay en Argentina"
"PTO BERMEJO";"PUERTO BERMEJO";"PARAGUAY";"1980";"5715.98";"2401";"Sistema Río Paraguay";"Cuencapropia del Río Paraguay en Argentina"
"PTO BERMEJO";"PUERTO BERMEJO";"PARAGUAY";"1981";"4972.41";"2401";"Sistema Río Paraguay";"Cuencapropia del Río Paraguay en Argentina"
"PTO BERMEJO";"PUERTO BERMEJO";"PARAGUAY";"1982";"6194.44";"2401";"Sistema Río Paraguay";"Cuencapropia del Río Paraguay en Argentina"
"PTO BERMEJO";"PUERTO BERMEJO";"PARAGUAY";"1983";"7097.06";"2401";"Sistema Río Paraguay";"Cuencapropia del Río Paraguay en Argentina"
"PTO BERMEJO";"PUERTO BERMEJO";"PARAGUAY";"1984";"4801.82";"2401";"Sistema Río Paraguay";"Cuencapropia del Río Paraguay en Argentina"
"PTO BERMEJO";"PUERTO BERMEJO";"PARAGUAY";"1985";"6014.23";"2401";"Sistema Río Paraguay";"Cuencapropia del Río Paraguay en Argentina"
"PTO BERMEJO";"PUERTO BERMEJO";"PARAGUAY";"1986";"4132.43";"2401";"Sistema Río Paraguay";"Cuencapropia del Río Paraguay en Argentina"
"PTO BERMEJO";"PUERTO BERMEJO";"PARAGUAY";"1987";"4870.66";"2401";"Sistema Río Paraguay";"Cuencapropia del Río Paraguay en Argentina"
"PTO BERMEJO";"PUERTO BERMEJO";"PARAGUAY";"1988";"5200.93";"2401";"Sistema Río Paraguay";"Cuencapropia del Río Paraguay en Argentina"
"PTO BERMEJO";"PUERTO BERMEJO";"PARAGUAY";"1989";"5802.89";"2401";"Sistema Río Paraguay";"Cuencapropia del Río Paraguay en Argentina"
"PTO BERMEJO";"PUERTO BERMEJO";"PARAGUAY";"1990";"5343.00";"2401";"Sistema Río Paraguay";"Cuencapropia del Río Paraguay en Argentina"
"PTO BERMEJO";"PUERTO BERMEJO";"PARAGUAY";"1991";"3978.77";"2401";"Sistema Río Paraguay";"Cuencapropia del Río Paraguay en Argentina"
"PTO BERMEJO";"PUERTO BERMEJO";"PARAGUAY";"1992";"6570.12";"2401";"Sistema Río Paraguay";"Cuencapropia del Río Paraguay en Argentina"
"PTO BERMEJO";"PUERTO BERMEJO";"PARAGUAY";"1993";"4120.00";"2401";"Sistema Río Paraguay";"Cuencapropia del Río Paraguay en Argentina"
"PTO BERMEJO";"PUERTO BERMEJO";"PARAGUAY";"1994";"4085.38";"2401";"Sistema Río Paraguay";"Cuencapropia del Río Paraguay en Argentina"
"PTO BERMEJO";"PUERTO BERMEJO";"PARAGUAY";"2016";"5061.41";"2401";"Sistema Río Paraguay";"Cuencapropia del Río Paraguay en Argentina"
"PTO BERMEJO";"PUERTO BERMEJO";"PARAGUAY";"2017";"4545.23";"2401";"Sistema Río Paraguay";"Cuencapropia del Río Paraguay en Argentina"
"PTO BERMEJO";"PUERTO BERMEJO";"PARAGUAY";"2018";"5098.22";"2401";"Sistema Río Paraguay";"Cuencapropia del Río Paraguay en Argentina"
"PTO BERMEJO";"PUERTO BERMEJO";"PARAGUAY";"2019";"5584.41";"2401";"Sistema Río Paraguay";"Cuencapropia del Río Paraguay en Argentina"
"EL COLORADO";"EL COLORADO";"BERMEJO";"1970";"229.25";"2602";"Sistema Río Paraguay";"Cuencadel Río Bermejo Medio e Inferior"
"EL COLORADO";"EL COLORADO";"BERMEJO";"1971";"288.74";"2602";"Sistema Río Paraguay";"Cuencadel Río Bermejo Medio e Inferior"
"EL COLORADO";"EL COLORADO";"BERMEJO";"1972";"197.92";"2602";"Sistema Río Paraguay";"Cuencadel Río Bermejo Medio e Inferior"
"EL COLORADO";"EL COLORADO";"BERMEJO";"1973";"378.5";"2602";"Sistema Río Paraguay";"Cuencadel Río Bermejo Medio e Inferior"
"EL COLORADO";"EL COLORADO";"BERMEJO";"1974";"512.83";"2602";"Sistema Río Paraguay";"Cuencadel Río Bermejo Medio e Inferior"
"EL COLORADO";"EL COLORADO";"BERMEJO";"1975";"390.42";"2602";"Sistema Río Paraguay";"Cuencadel Río Bermejo Medio e Inferior"
"EL COLORADO";"EL COLORADO";"BERMEJO";"1976";"429.00";"2602";"Sistema Río Paraguay";"Cuencadel Río Bermejo Medio e Inferior"
"EL COLORADO";"EL COLORADO";"BERMEJO";"1977";"448.49";"2602";"Sistema Río Paraguay";"Cuencadel Río Bermejo Medio e Inferior"
"EL COLORADO";"EL COLORADO";"BERMEJO";"1978";"369.07";"2602";"Sistema Río Paraguay";"Cuencadel Río Bermejo Medio e Inferior"
"EL COLORADO";"EL COLORADO";"BERMEJO";"1979";"526.01";"2602";"Sistema Río Paraguay";"Cuencadel Río Bermejo Medio e Inferior"
"EL COLORADO";"EL COLORADO";"BERMEJO";"1980";"599.99";"2602";"Sistema Río Paraguay";"Cuencadel Río Bermejo Medio e Inferior"
"EL COLORADO";"EL COLORADO";"BERMEJO";"1981";"795.5";"2602";"Sistema Río Paraguay";"Cuencadel Río Bermejo Medio e Inferior"
"EL COLORADO";"EL COLORADO";"BERMEJO";"1982";"658.5";"2602";"Sistema Río Paraguay";"Cuencadel Río Bermejo Medio e Inferior"
"EL COLORADO";"EL COLORADO";"BERMEJO";"1983";"315.63";"2602";"Sistema Río Paraguay";"Cuencadel Río Bermejo Medio e Inferior"
"EL COLORADO";"EL COLORADO";"BERMEJO";"1984";"512.01";"2602";"Sistema Río Paraguay";"Cuencadel Río Bermejo Medio e Inferior"
"EL COLORADO";"EL COLORADO";"BERMEJO";"1985";"814.04";"2602";"Sistema Río Paraguay";"Cuencadel Río Bermejo Medio e Inferior"
"EL COLORADO";"EL COLORADO";"BERMEJO";"1986";"469.33";"2602";"Sistema Río Paraguay";"Cuencadel Río Bermejo Medio e Inferior"
"EL COLORADO";"EL COLORADO";"BERMEJO";"1987";"392.7";"2602";"Sistema Río Paraguay";"Cuencadel Río Bermejo Medio e Inferior"
"EL COLORADO";"EL COLORADO";"BERMEJO";"1988";"493.6";"2602";"Sistema Río Paraguay";"Cuencadel Río Bermejo Medio e Inferior"
"EL COLORADO";"EL COLORADO";"BERMEJO";"1989";"274.39";"2602";"Sistema Río Paraguay";"Cuencadel Río Bermejo Medio e Inferior"
"EL COLORADO";"EL COLORADO";"BERMEJO";"1990";"306.22";"2602";"Sistema Río Paraguay";"Cuencadel Río Bermejo Medio e Inferior"
"EL COLORADO";"EL COLORADO";"BERMEJO";"1991";"624.6";"2602";"Sistema Río Paraguay";"Cuencadel Río Bermejo Medio e Inferior"
"EL COLORADO";"EL COLORADO";"BERMEJO";"1992";"476.32";"2602";"Sistema Río Paraguay";"Cuencadel Río Bermejo Medio e Inferior"
"EL COLORADO";"EL COLORADO";"BERMEJO";"1993";"423.67";"2602";"Sistema Río Paraguay";"Cuencadel Río Bermejo Medio e Inferior"
"EL COLORADO";"EL COLORADO";"BERMEJO";"1994";"424.21";"2602";"Sistema Río Paraguay";"Cuencadel Río Bermejo Medio e Inferior"
"EL COLORADO";"EL COLORADO";"BERMEJO";"1995";"461.75";"2602";"Sistema Río Paraguay";"Cuencadel Río Bermejo Medio e Inferior"
"EL COLORADO";"EL COLORADO";"BERMEJO";"1996";"410.72";"2602";"Sistema Río Paraguay";"Cuencadel Río Bermejo Medio e Inferior"
"EL COLORADO";"EL COLORADO";"BERMEJO";"1997";"501.24";"2602";"Sistema Río Paraguay";"Cuencadel Río Bermejo Medio e Inferior"
"EL COLORADO";"EL COLORADO";"BERMEJO";"1998";"351.29";"2602";"Sistema Río Paraguay";"Cuencadel Río Bermejo Medio e Inferior"
"EL COLORADO";"EL COLORADO";"BERMEJO";"1999";"577.12";"2602";"Sistema Río Paraguay";"Cuencadel Río Bermejo Medio e Inferior"
"EL COLORADO";"EL COLORADO";"BERMEJO";"2000";"566.74";"2602";"Sistema Río Paraguay";"Cuencadel Río Bermejo Medio e Inferior"
"EL COLORADO";"EL COLORADO";"BERMEJO";"2001";"473.4";"2602";"Sistema Río Paraguay";"Cuencadel Río Bermejo Medio e Inferior"
"EL COLORADO";"EL COLORADO";"BERMEJO";"2002";"463.2";"2602";"Sistema Río Paraguay";"Cuencadel Río Bermejo Medio e Inferior"
"EL COLORADO";"EL COLORADO";"BERMEJO";"2003";"389.59";"2602";"Sistema Río Paraguay";"Cuencadel Río Bermejo Medio e Inferior"
"EL COLORADO";"EL COLORADO";"BERMEJO";"2004";"400.02";"2602";"Sistema Río Paraguay";"Cuencadel Río Bermejo Medio e Inferior"
"EL COLORADO";"EL COLORADO";"BERMEJO";"2005";"307.57";"2602";"Sistema Río Paraguay";"Cuencadel Río Bermejo Medio e Inferior"
"EL COLORADO";"EL COLORADO";"BERMEJO";"2006";"598.4";"2602";"Sistema Río Paraguay";"Cuencadel Río Bermejo Medio e Inferior"
"EL COLORADO";"EL COLORADO";"BERMEJO";"2007";"598.7";"2602";"Sistema Río Paraguay";"Cuencadel Río Bermejo Medio e Inferior"
"EL COLORADO";"EL COLORADO";"BERMEJO";"2008";"584.68";"2602";"Sistema Río Paraguay";"Cuencadel Río Bermejo Medio e Inferior"
"EL COLORADO";"EL COLORADO";"BERMEJO";"2009";"460.36";"2602";"Sistema Río Paraguay";"Cuencadel Río Bermejo Medio e Inferior"
"EL COLORADO";"EL COLORADO";"BERMEJO";"2010";"380.63";"2602";"Sistema Río Paraguay";"Cuencadel Río Bermejo Medio e Inferior"
"EL COLORADO";"EL COLORADO";"BERMEJO";"2011";"471.48";"2602";"Sistema Río Paraguay";"Cuencadel Río Bermejo Medio e Inferior"
"EL COLORADO";"EL COLORADO";"BERMEJO";"2012";"437.67";"2602";"Sistema Río Paraguay";"Cuencadel Río Bermejo Medio e Inferior"
"EL COLORADO";"EL COLORADO";"BERMEJO";"2013";"283.77";"2602";"Sistema Río Paraguay";"Cuencadel Río Bermejo Medio e Inferior"
"EL COLORADO";"EL COLORADO";"BERMEJO";"2014";"333.76";"2602";"Sistema Río Paraguay";"Cuencadel Río Bermejo Medio e Inferior"
"EL COLORADO";"EL COLORADO";"BERMEJO";"2015";"474.56";"2602";"Sistema Río Paraguay";"Cuencadel Río Bermejo Medio e Inferior"
"EL COLORADO";"EL COLORADO";"BERMEJO";"2016";"410.66";"2602";"Sistema Río Paraguay";"Cuencadel Río Bermejo Medio e Inferior"
"EL COLORADO";"EL COLORADO";"BERMEJO";"2017";"490.2";"2602";"Sistema Río Paraguay";"Cuencadel Río Bermejo Medio e Inferior"
"EL COLORADO";"EL COLORADO";"BERMEJO";"2019";"513.69";"2602";"Sistema Río Paraguay";"Cuencadel Río Bermejo Medio e Inferior"
"EL COLORADO";"EL COLORADO";"BERMEJO";"2020";"531.29";"2602";"Sistema Río Paraguay";"Cuencadel Río Bermejo Medio e Inferior"
"PUERTO PILCOMAYO";"PUERTO PILCOMAYO";"PARAGUAY";"1970";"1277.85";"2606";"Sistema Río Paraguay";"Cuencapropia del Río Paraguay en Argentina"
"PUERTO PILCOMAYO";"PUERTO PILCOMAYO";"PARAGUAY";"1971";"2692.42";"2606";"Sistema Río Paraguay";"Cuencapropia del Río Paraguay en Argentina"
"PUERTO PILCOMAYO";"PUERTO PILCOMAYO";"PARAGUAY";"1972";"1727.27";"2606";"Sistema Río Paraguay";"Cuencapropia del Río Paraguay en Argentina"
"PUERTO PILCOMAYO";"PUERTO PILCOMAYO";"PARAGUAY";"1973";"2072.03";"2606";"Sistema Río Paraguay";"Cuencapropia del Río Paraguay en Argentina"
"PUERTO PILCOMAYO";"PUERTO PILCOMAYO";"PARAGUAY";"1974";"4184.99";"2606";"Sistema Río Paraguay";"Cuencapropia del Río Paraguay en Argentina"
"PUERTO PILCOMAYO";"PUERTO PILCOMAYO";"PARAGUAY";"1975";"3101.45";"2606";"Sistema Río Paraguay";"Cuencapropia del Río Paraguay en Argentina"
"PUERTO PILCOMAYO";"PUERTO PILCOMAYO";"PARAGUAY";"1976";"3134.92";"2606";"Sistema Río Paraguay";"Cuencapropia del Río Paraguay en Argentina"
"PUERTO PILCOMAYO";"PUERTO PILCOMAYO";"PARAGUAY";"1977";"4118.6";"2606";"Sistema Río Paraguay";"Cuencapropia del Río Paraguay en Argentina"
"PUERTO PILCOMAYO";"PUERTO PILCOMAYO";"PARAGUAY";"1978";"3385.24";"2606";"Sistema Río Paraguay";"Cuencapropia del Río Paraguay en Argentina"
"PUERTO PILCOMAYO";"PUERTO PILCOMAYO";"PARAGUAY";"1979";"5859.52";"2606";"Sistema Río Paraguay";"Cuencapropia del Río Paraguay en Argentina"
"PUERTO PILCOMAYO";"PUERTO PILCOMAYO";"PARAGUAY";"1980";"5188.49";"2606";"Sistema Río Paraguay";"Cuencapropia del Río Paraguay en Argentina"
"PUERTO PILCOMAYO";"PUERTO PILCOMAYO";"PARAGUAY";"1981";"4090.93";"2606";"Sistema Río Paraguay";"Cuencapropia del Río Paraguay en Argentina"
"PUERTO PILCOMAYO";"PUERTO PILCOMAYO";"PARAGUAY";"1982";"6634.39";"2606";"Sistema Río Paraguay";"Cuencapropia del Río Paraguay en Argentina"
"PUERTO PILCOMAYO";"PUERTO PILCOMAYO";"PARAGUAY";"1983";"7931.74";"2606";"Sistema Río Paraguay";"Cuencapropia del Río Paraguay en Argentina"
"PUERTO PILCOMAYO";"PUERTO PILCOMAYO";"PARAGUAY";"1984";"4405.95";"2606";"Sistema Río Paraguay";"Cuencapropia del Río Paraguay en Argentina"
"PUERTO PILCOMAYO";"PUERTO PILCOMAYO";"PARAGUAY";"1985";"5929.32";"2606";"Sistema Río Paraguay";"Cuencapropia del Río Paraguay en Argentina"
"PUERTO PILCOMAYO";"PUERTO PILCOMAYO";"PARAGUAY";"1986";"3170.82";"2606";"Sistema Río Paraguay";"Cuencapropia del Río Paraguay en Argentina"
"PUERTO PILCOMAYO";"PUERTO PILCOMAYO";"PARAGUAY";"1987";"4233.3";"2606";"Sistema Río Paraguay";"Cuencapropia del Río Paraguay en Argentina"
"PUERTO PILCOMAYO";"PUERTO PILCOMAYO";"PARAGUAY";"1988";"5373.79";"2606";"Sistema Río Paraguay";"Cuencapropia del Río Paraguay en Argentina"
"PUERTO PILCOMAYO";"PUERTO PILCOMAYO";"PARAGUAY";"1989";"5564.11";"2606";"Sistema Río Paraguay";"Cuencapropia del Río Paraguay en Argentina"
"PUERTO PILCOMAYO";"PUERTO PILCOMAYO";"PARAGUAY";"1990";"4270.78";"2606";"Sistema Río Paraguay";"Cuencapropia del Río Paraguay en Argentina"
"PUERTO PILCOMAYO";"PUERTO PILCOMAYO";"PARAGUAY";"1991";"3656.1";"2606";"Sistema Río Paraguay";"Cuencapropia del Río Paraguay en Argentina"
"PUERTO PILCOMAYO";"PUERTO PILCOMAYO";"PARAGUAY";"1992";"6761.35";"2606";"Sistema Río Paraguay";"Cuencapropia del Río Paraguay en Argentina"
"PUERTO PILCOMAYO";"PUERTO PILCOMAYO";"PARAGUAY";"1993";"3887.32";"2606";"Sistema Río Paraguay";"Cuencapropia del Río Paraguay en Argentina"
"PUERTO PILCOMAYO";"PUERTO PILCOMAYO";"PARAGUAY";"1994";"3015.69";"2606";"Sistema Río Paraguay";"Cuencapropia del Río Paraguay en Argentina"
"PUERTO PILCOMAYO";"PUERTO PILCOMAYO";"PARAGUAY";"1995";"5482.77";"2606";"Sistema Río Paraguay";"Cuencapropia del Río Paraguay en Argentina"
"PUERTO PILCOMAYO";"PUERTO PILCOMAYO";"PARAGUAY";"1996";"3817.43";"2606";"Sistema Río Paraguay";"Cuencapropia del Río Paraguay en Argentina"
"PUERTO PILCOMAYO";"PUERTO PILCOMAYO";"PARAGUAY";"1997";"4999.2";"2606";"Sistema Río Paraguay";"Cuencapropia del Río Paraguay en Argentina"
"PUERTO PILCOMAYO";"PUERTO PILCOMAYO";"PARAGUAY";"1998";"5685.47";"2606";"Sistema Río Paraguay";"Cuencapropia del Río Paraguay en Argentina"
"PUERTO PILCOMAYO";"PUERTO PILCOMAYO";"PARAGUAY";"1999";"3328.81";"2606";"Sistema Río Paraguay";"Cuencapropia del Río Paraguay en Argentina"
"PUERTO PILCOMAYO";"PUERTO PILCOMAYO";"PARAGUAY";"2000";"2910.48";"2606";"Sistema Río Paraguay";"Cuencapropia del Río Paraguay en Argentina"
"PUERTO PILCOMAYO";"PUERTO PILCOMAYO";"PARAGUAY";"2001";"2605.08";"2606";"Sistema Río Paraguay";"Cuencapropia del Río Paraguay en Argentina"
"PUERTO PILCOMAYO";"PUERTO PILCOMAYO";"PARAGUAY";"2002";"2877.24";"2606";"Sistema Río Paraguay";"Cuencapropia del Río Paraguay en Argentina"
"PUERTO PILCOMAYO";"PUERTO PILCOMAYO";"PARAGUAY";"2003";"2951.02";"2606";"Sistema Río Paraguay";"Cuencapropia del Río Paraguay en Argentina"
"PUERTO PILCOMAYO";"PUERTO PILCOMAYO";"PARAGUAY";"2004";"3075.58";"2606";"Sistema Río Paraguay";"Cuencapropia del Río Paraguay en Argentina"
"PUERTO PILCOMAYO";"PUERTO PILCOMAYO";"PARAGUAY";"2005";"2477.09";"2606";"Sistema Río Paraguay";"Cuencapropia del Río Paraguay en Argentina"
"PUERTO PILCOMAYO";"PUERTO PILCOMAYO";"PARAGUAY";"2006";"3001.35";"2606";"Sistema Río Paraguay";"Cuencapropia del Río Paraguay en Argentina"
"PUERTO PILCOMAYO";"PUERTO PILCOMAYO";"PARAGUAY";"2007";"3143.18";"2606";"Sistema Río Paraguay";"Cuencapropia del Río Paraguay en Argentina"
"PUERTO PILCOMAYO";"PUERTO PILCOMAYO";"PARAGUAY";"2008";"3013.53";"2606";"Sistema Río Paraguay";"Cuencapropia del Río Paraguay en Argentina"
"PUERTO PILCOMAYO";"PUERTO PILCOMAYO";"PARAGUAY";"2009";"2249.52";"2606";"Sistema Río Paraguay";"Cuencapropia del Río Paraguay en Argentina"
"PUERTO PILCOMAYO";"PUERTO PILCOMAYO";"PARAGUAY";"2010";"2854.93";"2606";"Sistema Río Paraguay";"Cuencapropia del Río Paraguay en Argentina"
"PUERTO PILCOMAYO";"PUERTO PILCOMAYO";"PARAGUAY";"2011";"3527.19";"2606";"Sistema Río Paraguay";"Cuencapropia del Río Paraguay en Argentina"
"PUERTO PILCOMAYO";"PUERTO PILCOMAYO";"PARAGUAY";"2012";"2627.05";"2606";"Sistema Río Paraguay";"Cuencapropia del Río Paraguay en Argentina"
"PUERTO PILCOMAYO";"PUERTO PILCOMAYO";"PARAGUAY";"2013";"2840.5";"2606";"Sistema Río Paraguay";"Cuencapropia del Río Paraguay en Argentina"
"PUERTO PILCOMAYO";"PUERTO PILCOMAYO";"PARAGUAY";"2014";"4859.05";"2606";"Sistema Río Paraguay";"Cuencapropia del Río Paraguay en Argentina"
"PUERTO PILCOMAYO";"PUERTO PILCOMAYO";"PARAGUAY";"2015";"4198.3";"2606";"Sistema Río Paraguay";"Cuencapropia del Río Paraguay en Argentina"
"PUERTO PILCOMAYO";"PUERTO PILCOMAYO";"PARAGUAY";"2016";"4972.5";"2606";"Sistema Río Paraguay";"Cuencapropia del Río Paraguay en Argentina"
"PUERTO PILCOMAYO";"PUERTO PILCOMAYO";"PARAGUAY";"2017";"3345.11";"2606";"Sistema Río Paraguay";"Cuencapropia del Río Paraguay en Argentina"
"PUERTO PILCOMAYO";"PUERTO PILCOMAYO";"PARAGUAY";"2018";"5424.93";"2606";"Sistema Río Paraguay";"Cuencapropia del Río Paraguay en Argentina"
"PUERTO PILCOMAYO";"PUERTO PILCOMAYO";"PARAGUAY";"2019";"5876.23";"2606";"Sistema Río Paraguay";"Cuencapropia del Río Paraguay en Argentina"
"PUERTO PILCOMAYO";"PUERTO PILCOMAYO";"PARAGUAY";"2020";"1673.75";"2606";"Sistema Río Paraguay";"Cuencapropia del Río Paraguay en Argentina"
"LA LEONA";"LA LEONA";"LA LEONA";"1970";"239.39";"2801";"Sistema Océ ano Pacífico";"Cuencadel Río Santa Cruz"
"LA LEONA";"LA LEONA";"LA LEONA";"1971";"172.57";"2801";"Sistema Océ ano Pacífico";"Cuencadel Río Santa Cruz"
"LA LEONA";"LA LEONA";"LA LEONA";"1972";"296.8";"2801";"Sistema Océ ano Pacífico";"Cuencadel Río Santa Cruz"
"LA LEONA";"LA LEONA";"LA LEONA";"1973";"125.78";"2801";"Sistema Océ ano Pacífico";"Cuencadel Río Santa Cruz"
"LA LEONA";"LA LEONA";"LA LEONA";"1974";"210.37";"2801";"Sistema Océ ano Pacífico";"Cuencadel Río Santa Cruz"
"LA LEONA";"LA LEONA";"LA LEONA";"1975";"96.82";"2801";"Sistema Océ ano Pacífico";"Cuencadel Río Santa Cruz"
"LA LEONA";"LA LEONA";"LA LEONA";"1976";"183.16";"2801";"Sistema Océ ano Pacífico";"Cuencadel Río Santa Cruz"
"LA LEONA";"LA LEONA";"LA LEONA";"1980";"197.54";"2801";"Sistema Océ ano Pacífico";"Cuencadel Río Santa Cruz"
"LA LEONA";"LA LEONA";"LA LEONA";"1981";"139.6";"2801";"Sistema Océ ano Pacífico";"Cuencadel Río Santa Cruz"
"LA LEONA";"LA LEONA";"LA LEONA";"1985";"136.06";"2801";"Sistema Océ ano Pacífico";"Cuencadel Río Santa Cruz"
"LA LEONA";"LA LEONA";"LA LEONA";"1986";"212.45";"2801";"Sistema Océ ano Pacífico";"Cuencadel Río Santa Cruz"
"LA LEONA";"LA LEONA";"LA LEONA";"1987";"266.52";"2801";"Sistema Océ ano Pacífico";"Cuencadel Río Santa Cruz"
"LA LEONA";"LA LEONA";"LA LEONA";"1988";"237.77";"2801";"Sistema Océ ano Pacífico";"Cuencadel Río Santa Cruz"
"LA LEONA";"LA LEONA";"LA LEONA";"1989";"253.41";"2801";"Sistema Océ ano Pacífico";"Cuencadel Río Santa Cruz"
"LA LEONA";"LA LEONA";"LA LEONA";"1991";"112.45";"2801";"Sistema Océ ano Pacífico";"Cuencadel Río Santa Cruz"
"LA LEONA";"LA LEONA";"LA LEONA";"1992";"270.91";"2801";"Sistema Océ ano Pacífico";"Cuencadel Río Santa Cruz"
"LA LEONA";"LA LEONA";"LA LEONA";"1993";"250.14";"2801";"Sistema Océ ano Pacífico";"Cuencadel Río Santa Cruz"
"LA LEONA";"LA LEONA";"LA LEONA";"1994";"253.89";"2801";"Sistema Océ ano Pacífico";"Cuencadel Río Santa Cruz"
"LA LEONA";"LA LEONA";"LA LEONA";"1995";"243.04";"2801";"Sistema Océ ano Pacífico";"Cuencadel Río Santa Cruz"
"LA LEONA";"LA LEONA";"LA LEONA";"1996";"265.55";"2801";"Sistema Océ ano Pacífico";"Cuencadel Río Santa Cruz"
"LA LEONA";"LA LEONA";"LA LEONA";"1997";"244.3";"2801";"Sistema Océ ano Pacífico";"Cuencadel Río Santa Cruz"
"LA LEONA";"LA LEONA";"LA LEONA";"1998";"287.01";"2801";"Sistema Océ ano Pacífico";"Cuencadel Río Santa Cruz"
"LA LEONA";"LA LEONA";"LA LEONA";"1999";"300.07";"2801";"Sistema Océ ano Pacífico";"Cuencadel Río Santa Cruz"
"LA LEONA";"LA LEONA";"LA LEONA";"2000";"203.8";"2801";"Sistema Océ ano Pacífico";"Cuencadel Río Santa Cruz"
"LA LEONA";"LA LEONA";"LA LEONA";"2001";"230.99";"2801";"Sistema Océ ano Pacífico";"Cuencadel Río Santa Cruz"
"LA LEONA";"LA LEONA";"LA LEONA";"2002";"259.81";"2801";"Sistema Océ ano Pacífico";"Cuencadel Río Santa Cruz"
"LA LEONA";"LA LEONA";"LA LEONA";"2003";"258.8";"2801";"Sistema Océ ano Pacífico";"Cuencadel Río Santa Cruz"
"LA LEONA";"LA LEONA";"LA LEONA";"2004";"296.58";"2801";"Sistema Océ ano Pacífico";"Cuencadel Río Santa Cruz"
"LA LEONA";"LA LEONA";"LA LEONA";"2005";"289.59";"2801";"Sistema Océ ano Pacífico";"Cuencadel Río Santa Cruz"
"LA LEONA";"LA LEONA";"LA LEONA";"2006";"244.05";"2801";"Sistema Océ ano Pacífico";"Cuencadel Río Santa Cruz"
"LA LEONA";"LA LEONA";"LA LEONA";"2007";"205.95";"2801";"Sistema Océ ano Pacífico";"Cuencadel Río Santa Cruz"
"LA LEONA";"LA LEONA";"LA LEONA";"2008";"300.92";"2801";"Sistema Océ ano Pacífico";"Cuencadel Río Santa Cruz"
"LA LEONA";"LA LEONA";"LA LEONA";"2009";"348.87";"2801";"Sistema Océ ano Pacífico";"Cuencadel Río Santa Cruz"
"LA LEONA";"LA LEONA";"LA LEONA";"2010";"237.12";"2801";"Sistema Océ ano Pacífico";"Cuencadel Río Santa Cruz"
"LA LEONA";"LA LEONA";"LA LEONA";"2011";"310.42";"2801";"Sistema Océ ano Pacífico";"Cuencadel Río Santa Cruz"
"LA LEONA";"LA LEONA";"LA LEONA";"2012";"356.75";"2801";"Sistema Océ ano Pacífico";"Cuencadel Río Santa Cruz"
"LA LEONA";"LA LEONA";"LA LEONA";"2013";"311.44";"2801";"Sistema Océ ano Pacífico";"Cuencadel Río Santa Cruz"
"LA LEONA";"LA LEONA";"LA LEONA";"2014";"260.47";"2801";"Sistema Océ ano Pacífico";"Cuencadel Río Santa Cruz"
"LA LEONA";"LA LEONA";"LA LEONA";"2015";"261.16";"2801";"Sistema Océ ano Pacífico";"Cuencadel Río Santa Cruz"
"LA LEONA";"LA LEONA";"LA LEONA";"2016";"261.37";"2801";"Sistema Océ ano Pacífico";"Cuencadel Río Santa Cruz"
"LA LEONA";"LA LEONA";"LA LEONA";"2017";"345.58";"2801";"Sistema Océ ano Pacífico";"Cuencadel Río Santa Cruz"
"LA LEONA";"LA LEONA";"LA LEONA";"2018";"287.16";"2801";"Sistema Océ ano Pacífico";"Cuencadel Río Santa Cruz"
"LA LEONA";"LA LEONA";"LA LEONA";"2019";"266.96";"2801";"Sistema Océ ano Pacífico";"Cuencadel Río Santa Cruz"
"LA LEONA";"LA LEONA";"LA LEONA";"2020";"378.39";"2801";"Sistema Océ ano Pacífico";"Cuencadel Río Santa Cruz"
"CHARLES FUHR";"CHARLES FUHR";"SANTA CRUZ";"1970";"686.74";"2802";"Sistema Océ ano Pacífico";"Cuencadel Río Santa Cruz"
"CHARLES FUHR";"CHARLES FUHR";"SANTA CRUZ";"1971";"463.9";"2802";"Sistema Océ ano Pacífico";"Cuencadel Río Santa Cruz"
"CHARLES FUHR";"CHARLES FUHR";"SANTA CRUZ";"1972";"684.75";"2802";"Sistema Océ ano Pacífico";"Cuencadel Río Santa Cruz"
"CHARLES FUHR";"CHARLES FUHR";"SANTA CRUZ";"1973";"646.34";"2802";"Sistema Océ ano Pacífico";"Cuencadel Río Santa Cruz"
"CHARLES FUHR";"CHARLES FUHR";"SANTA CRUZ";"1974";"669.08";"2802";"Sistema Océ ano Pacífico";"Cuencadel Río Santa Cruz"
"CHARLES FUHR";"CHARLES FUHR";"SANTA CRUZ";"1975";"694.84";"2802";"Sistema Océ ano Pacífico";"Cuencadel Río Santa Cruz"
"CHARLES FUHR";"CHARLES FUHR";"SANTA CRUZ";"1976";"540.13";"2802";"Sistema Océ ano Pacífico";"Cuencadel Río Santa Cruz"
"CHARLES FUHR";"CHARLES FUHR";"SANTA CRUZ";"1977";"457.53";"2802";"Sistema Océ ano Pacífico";"Cuencadel Río Santa Cruz"
"CHARLES FUHR";"CHARLES FUHR";"SANTA CRUZ";"1978";"733.08";"2802";"Sistema Océ ano Pacífico";"Cuencadel Río Santa Cruz"
"CHARLES FUHR";"CHARLES FUHR";"SANTA CRUZ";"1979";"689.75";"2802";"Sistema Océ ano Pacífico";"Cuencadel Río Santa Cruz"
"CHARLES FUHR";"CHARLES FUHR";"SANTA CRUZ";"1980";"855.42";"2802";"Sistema Océ ano Pacífico";"Cuencadel Río Santa Cruz"
"CHARLES FUHR";"CHARLES FUHR";"SANTA CRUZ";"1981";"739.17";"2802";"Sistema Océ ano Pacífico";"Cuencadel Río Santa Cruz"
"CHARLES FUHR";"CHARLES FUHR";"SANTA CRUZ";"1982";"626.07";"2802";"Sistema Océ ano Pacífico";"Cuencadel Río Santa Cruz"
"CHARLES FUHR";"CHARLES FUHR";"SANTA CRUZ";"1983";"697.93";"2802";"Sistema Océ ano Pacífico";"Cuencadel Río Santa Cruz"
"CHARLES FUHR";"CHARLES FUHR";"SANTA CRUZ";"1984";"777.01";"2802";"Sistema Océ ano Pacífico";"Cuencadel Río Santa Cruz"
"CHARLES FUHR";"CHARLES FUHR";"SANTA CRUZ";"1985";"757.92";"2802";"Sistema Océ ano Pacífico";"Cuencadel Río Santa Cruz"
"CHARLES FUHR";"CHARLES FUHR";"SANTA CRUZ";"1986";"591.17";"2802";"Sistema Océ ano Pacífico";"Cuencadel Río Santa Cruz"
"CHARLES FUHR";"CHARLES FUHR";"SANTA CRUZ";"1987";"723.52";"2802";"Sistema Océ ano Pacífico";"Cuencadel Río Santa Cruz"
"CHARLES FUHR";"CHARLES FUHR";"SANTA CRUZ";"1988";"816.75";"2802";"Sistema Océ ano Pacífico";"Cuencadel Río Santa Cruz"
"CHARLES FUHR";"CHARLES FUHR";"SANTA CRUZ";"1989";"708.69";"2802";"Sistema Océ ano Pacífico";"Cuencadel Río Santa Cruz"
"CHARLES FUHR";"CHARLES FUHR";"SANTA CRUZ";"1990";"725.55";"2802";"Sistema Océ ano Pacífico";"Cuencadel Río Santa Cruz"
"CHARLES FUHR";"CHARLES FUHR";"SANTA CRUZ";"1991";"778.42";"2802";"Sistema Océ ano Pacífico";"Cuencadel Río Santa Cruz"
"CHARLES FUHR";"CHARLES FUHR";"SANTA CRUZ";"1992";"397.86";"2802";"Sistema Océ ano Pacífico";"Cuencadel Río Santa Cruz"
"CHARLES FUHR";"CHARLES FUHR";"SANTA CRUZ";"1993";"682.63";"2802";"Sistema Océ ano Pacífico";"Cuencadel Río Santa Cruz"
"CHARLES FUHR";"CHARLES FUHR";"SANTA CRUZ";"1994";"671.85";"2802";"Sistema Océ ano Pacífico";"Cuencadel Río Santa Cruz"
"CHARLES FUHR";"CHARLES FUHR";"SANTA CRUZ";"1995";"665.48";"2802";"Sistema Océ ano Pacífico";"Cuencadel Río Santa Cruz"
"CHARLES FUHR";"CHARLES FUHR";"SANTA CRUZ";"1996";"722.67";"2802";"Sistema Océ ano Pacífico";"Cuencadel Río Santa Cruz"
"CHARLES FUHR";"CHARLES FUHR";"SANTA CRUZ";"1997";"669.81";"2802";"Sistema Océ ano Pacífico";"Cuencadel Río Santa Cruz"
"CHARLES FUHR";"CHARLES FUHR";"SANTA CRUZ";"1998";"790.71";"2802";"Sistema Océ ano Pacífico";"Cuencadel Río Santa Cruz"
"CHARLES FUHR";"CHARLES FUHR";"SANTA CRUZ";"1999";"763.73";"2802";"Sistema Océ ano Pacífico";"Cuencadel Río Santa Cruz"
"CHARLES FUHR";"CHARLES FUHR";"SANTA CRUZ";"2000";"606.51";"2802";"Sistema Océ ano Pacífico";"Cuencadel Río Santa Cruz"
"CHARLES FUHR";"CHARLES FUHR";"SANTA CRUZ";"2001";"652.75";"2802";"Sistema Océ ano Pacífico";"Cuencadel Río Santa Cruz"
"CHARLES FUHR";"CHARLES FUHR";"SANTA CRUZ";"2002";"675.84";"2802";"Sistema Océ ano Pacífico";"Cuencadel Río Santa Cruz"
"CHARLES FUHR";"CHARLES FUHR";"SANTA CRUZ";"2003";"717.43";"2802";"Sistema Océ ano Pacífico";"Cuencadel Río Santa Cruz"
"CHARLES FUHR";"CHARLES FUHR";"SANTA CRUZ";"2004";"747.68";"2802";"Sistema Océ ano Pacífico";"Cuencadel Río Santa Cruz"
"CHARLES FUHR";"CHARLES FUHR";"SANTA CRUZ";"2005";"712.51";"2802";"Sistema Océ ano Pacífico";"Cuencadel Río Santa Cruz"
"CHARLES FUHR";"CHARLES FUHR";"SANTA CRUZ";"2006";"715.36";"2802";"Sistema Océ ano Pacífico";"Cuencadel Río Santa Cruz"
"CHARLES FUHR";"CHARLES FUHR";"SANTA CRUZ";"2007";"647.51";"2802";"Sistema Océ ano Pacífico";"Cuencadel Río Santa Cruz"
"CHARLES FUHR";"CHARLES FUHR";"SANTA CRUZ";"2008";"834.64";"2802";"Sistema Océ ano Pacífico";"Cuencadel Río Santa Cruz"
"CHARLES FUHR";"CHARLES FUHR";"SANTA CRUZ";"2009";"919.52";"2802";"Sistema Océ ano Pacífico";"Cuencadel Río Santa Cruz"
"CHARLES FUHR";"CHARLES FUHR";"SANTA CRUZ";"2010";"692.44";"2802";"Sistema Océ ano Pacífico";"Cuencadel Río Santa Cruz"
"CHARLES FUHR";"CHARLES FUHR";"SANTA CRUZ";"2011";"799.19";"2802";"Sistema Océ ano Pacífico";"Cuencadel Río Santa Cruz"
"CHARLES FUHR";"CHARLES FUHR";"SANTA CRUZ";"2012";"792.95";"2802";"Sistema Océ ano Pacífico";"Cuencadel Río Santa Cruz"
"CHARLES FUHR";"CHARLES FUHR";"SANTA CRUZ";"2013";"915.47";"2802";"Sistema Océ ano Pacífico";"Cuencadel Río Santa Cruz"
"CHARLES FUHR";"CHARLES FUHR";"SANTA CRUZ";"2014";"755.91";"2802";"Sistema Océ ano Pacífico";"Cuencadel Río Santa Cruz"
"CHARLES FUHR";"CHARLES FUHR";"SANTA CRUZ";"2015";"816.96";"2802";"Sistema Océ ano Pacífico";"Cuencadel Río Santa Cruz"
"CHARLES FUHR";"CHARLES FUHR";"SANTA CRUZ";"2016";"783.86";"2802";"Sistema Océ ano Pacífico";"Cuencadel Río Santa Cruz"
"CHARLES FUHR";"CHARLES FUHR";"SANTA CRUZ";"2017";"978.7";"2802";"Sistema Océ ano Pacífico";"Cuencadel Río Santa Cruz"
"CHARLES FUHR";"CHARLES FUHR";"SANTA CRUZ";"2018";"1015.23";"2802";"Sistema Océ ano Pacífico";"Cuencadel Río Santa Cruz"
"CHARLES FUHR";"CHARLES FUHR";"SANTA CRUZ";"2019";"799.42";"2802";"Sistema Océ ano Pacífico";"Cuencadel Río Santa Cruz"
"CHARLES FUHR";"CHARLES FUHR";"SANTA CRUZ";"2020";"1062.29";"2802";"Sistema Océ ano Pacífico";"Cuencadel Río Santa Cruz"
"PUENTE BLANCO";"PUENTE BLANCO";"GALLEGOS";"1993";"25.64";"2818";"Sistema Océ ano Atlántico";"Cuencadel Ríos Gallego y Chico"
"PUENTE BLANCO";"PUENTE BLANCO";"GALLEGOS";"1994";"26.64";"2818";"Sistema Océ ano Atlántico";"Cuencadel Ríos Gallego y Chico"
"PUENTE BLANCO";"PUENTE BLANCO";"GALLEGOS";"1995";"45.39";"2818";"Sistema Océ ano Atlántico";"Cuencadel Ríos Gallego y Chico"
"PUENTE BLANCO";"PUENTE BLANCO";"GALLEGOS";"1996";"37.38";"2818";"Sistema Océ ano Atlántico";"Cuencadel Ríos Gallego y Chico"
"PUENTE BLANCO";"PUENTE BLANCO";"GALLEGOS";"1997";"29.71";"2818";"Sistema Océ ano Atlántico";"Cuencadel Ríos Gallego y Chico"
"PUENTE BLANCO";"PUENTE BLANCO";"GALLEGOS";"1998";"47.47";"2818";"Sistema Océ ano Atlántico";"Cuencadel Ríos Gallego y Chico"
"PUENTE BLANCO";"PUENTE BLANCO";"GALLEGOS";"1999";"26.46";"2818";"Sistema Océ ano Atlántico";"Cuencadel Ríos Gallego y Chico"
"PUENTE BLANCO";"PUENTE BLANCO";"GALLEGOS";"2000";"35.05";"2818";"Sistema Océ ano Atlántico";"Cuencadel Ríos Gallego y Chico"
"PUENTE BLANCO";"PUENTE BLANCO";"GALLEGOS";"2001";"28.18";"2818";"Sistema Océ ano Atlántico";"Cuencadel Ríos Gallego y Chico"
"PUENTE BLANCO";"PUENTE BLANCO";"GALLEGOS";"2002";"22.43";"2818";"Sistema Océ ano Atlántico";"Cuencadel Ríos Gallego y Chico"
"PUENTE BLANCO";"PUENTE BLANCO";"GALLEGOS";"2003";"31.5";"2818";"Sistema Océ ano Atlántico";"Cuencadel Ríos Gallego y Chico"
"PUENTE BLANCO";"PUENTE BLANCO";"GALLEGOS";"2004";"27.96";"2818";"Sistema Océ ano Atlántico";"Cuencadel Ríos Gallego y Chico"
"PUENTE BLANCO";"PUENTE BLANCO";"GALLEGOS";"2005";"26.57";"2818";"Sistema Océ ano Atlántico";"Cuencadel Ríos Gallego y Chico"
"PUENTE BLANCO";"PUENTE BLANCO";"GALLEGOS";"2006";"36.65";"2818";"Sistema Océ ano Atlántico";"Cuencadel Ríos Gallego y Chico"
"PUENTE BLANCO";"PUENTE BLANCO";"GALLEGOS";"2007";"31.29";"2818";"Sistema Océ ano Atlántico";"Cuencadel Ríos Gallego y Chico"
"PUENTE BLANCO";"PUENTE BLANCO";"GALLEGOS";"2008";"36.45";"2818";"Sistema Océ ano Atlántico";"Cuencadel Ríos Gallego y Chico"
"PUENTE BLANCO";"PUENTE BLANCO";"GALLEGOS";"2009";"38.06";"2818";"Sistema Océ ano Atlántico";"Cuencadel Ríos Gallego y Chico"
"PUENTE BLANCO";"PUENTE BLANCO";"GALLEGOS";"2010";"28.57";"2818";"Sistema Océ ano Atlántico";"Cuencadel Ríos Gallego y Chico"
"PUENTE BLANCO";"PUENTE BLANCO";"GALLEGOS";"2011";"25.69";"2818";"Sistema Océ ano Atlántico";"Cuencadel Ríos Gallego y Chico"
"PUENTE BLANCO";"PUENTE BLANCO";"GALLEGOS";"2012";"32.22";"2818";"Sistema Océ ano Atlántico";"Cuencadel Ríos Gallego y Chico"
"PUENTE BLANCO";"PUENTE BLANCO";"GALLEGOS";"2013";"24.99";"2818";"Sistema Océ ano Atlántico";"Cuencadel Ríos Gallego y Chico"
"PUENTE BLANCO";"PUENTE BLANCO";"GALLEGOS";"2014";"29.81";"2818";"Sistema Océ ano Atlántico";"Cuencadel Ríos Gallego y Chico"
"PUENTE BLANCO";"PUENTE BLANCO";"GALLEGOS";"2015";"31.71";"2818";"Sistema Océ ano Atlántico";"Cuencadel Ríos Gallego y Chico"
"PUENTE BLANCO";"PUENTE BLANCO";"GALLEGOS";"2016";"8.44";"2818";"Sistema Océ ano Atlántico";"Cuencadel Ríos Gallego y Chico"
"PUENTE BLANCO";"PUENTE BLANCO";"GALLEGOS";"2017";"7.24";"2818";"Sistema Océ ano Atlántico";"Cuencadel Ríos Gallego y Chico"
"PUENTE BLANCO";"PUENTE BLANCO";"GALLEGOS";"2018";"9.35";"2818";"Sistema Océ ano Atlántico";"Cuencadel Ríos Gallego y Chico"
"RINCÓN DE LOS MORROS";"RINCÓN DE LOS MORROS";"PENITENTES";"1988";"13.78";"2819";"Sistema Océ ano Atlántico";"Cuencadel Ríos Gallego y Chico"
"RINCÓN DE LOS MORROS";"RINCÓN DE LOS MORROS";"PENITENTES";"1989";"5.41";"2819";"Sistema Océ ano Atlántico";"Cuencadel Ríos Gallego y Chico"
"RINCÓN DE LOS MORROS";"RINCÓN DE LOS MORROS";"PENITENTES";"1993";"10.74";"2819";"Sistema Océ ano Atlántico";"Cuencadel Ríos Gallego y Chico"
"RINCÓN DE LOS MORROS";"RINCÓN DE LOS MORROS";"PENITENTES";"1994";"9.35";"2819";"Sistema Océ ano Atlántico";"Cuencadel Ríos Gallego y Chico"
"RINCÓN DE LOS MORROS";"RINCÓN DE LOS MORROS";"PENITENTES";"1995";"17.86";"2819";"Sistema Océ ano Atlántico";"Cuencadel Ríos Gallego y Chico"
"RINCÓN DE LOS MORROS";"RINCÓN DE LOS MORROS";"PENITENTES";"1996";"14.28";"2819";"Sistema Océ ano Atlántico";"Cuencadel Ríos Gallego y Chico"
"RINCÓN DE LOS MORROS";"RINCÓN DE LOS MORROS";"PENITENTES";"1997";"13.72";"2819";"Sistema Océ ano Atlántico";"Cuencadel Ríos Gallego y Chico"
"RINCÓN DE LOS MORROS";"RINCÓN DE LOS MORROS";"PENITENTES";"1998";"19.89";"2819";"Sistema Océ ano Atlántico";"Cuencadel Ríos Gallego y Chico"
"RINCÓN DE LOS MORROS";"RINCÓN DE LOS MORROS";"PENITENTES";"1999";"12.8";"2819";"Sistema Océ ano Atlántico";"Cuencadel Ríos Gallego y Chico"
"RINCÓN DE LOS MORROS";"RINCÓN DE LOS MORROS";"PENITENTES";"2000";"14.39";"2819";"Sistema Océ ano Atlántico";"Cuencadel Ríos Gallego y Chico"
"RINCÓN DE LOS MORROS";"RINCÓN DE LOS MORROS";"PENITENTES";"2001";"12.17";"2819";"Sistema Océ ano Atlántico";"Cuencadel Ríos Gallego y Chico"
"RINCÓN DE LOS MORROS";"RINCÓN DE LOS MORROS";"PENITENTES";"2002";"9.68";"2819";"Sistema Océ ano Atlántico";"Cuencadel Ríos Gallego y Chico"
"RINCÓN DE LOS MORROS";"RINCÓN DE LOS MORROS";"PENITENTES";"2003";"14.02";"2819";"Sistema Océ ano Atlántico";"Cuencadel Ríos Gallego y Chico"
"RINCÓN DE LOS MORROS";"RINCÓN DE LOS MORROS";"PENITENTES";"2004";"12.11";"2819";"Sistema Océ ano Atlántico";"Cuencadel Ríos Gallego y Chico"
"RINCÓN DE LOS MORROS";"RINCÓN DE LOS MORROS";"PENITENTES";"2005";"11.68";"2819";"Sistema Océ ano Atlántico";"Cuencadel Ríos Gallego y Chico"
"RINCÓN DE LOS MORROS";"RINCÓN DE LOS MORROS";"PENITENTES";"2006";"21.00";"2819";"Sistema Océ ano Atlántico";"Cuencadel Ríos Gallego y Chico"
"RINCÓN DE LOS MORROS";"RINCÓN DE LOS MORROS";"PENITENTES";"2007";"16.87";"2819";"Sistema Océ ano Atlántico";"Cuencadel Ríos Gallego y Chico"
"RINCÓN DE LOS MORROS";"RINCÓN DE LOS MORROS";"PENITENTES";"2008";"15.98";"2819";"Sistema Océ ano Atlántico";"Cuencadel Ríos Gallego y Chico"
"RINCÓN DE LOS MORROS";"RINCÓN DE LOS MORROS";"PENITENTES";"2009";"13.46";"2819";"Sistema Océ ano Atlántico";"Cuencadel Ríos Gallego y Chico"
"RINCÓN DE LOS MORROS";"RINCÓN DE LOS MORROS";"PENITENTES";"2010";"12.84";"2819";"Sistema Océ ano Atlántico";"Cuencadel Ríos Gallego y Chico"
"RINCÓN DE LOS MORROS";"RINCÓN DE LOS MORROS";"PENITENTES";"2011";"18.33";"2819";"Sistema Océ ano Atlántico";"Cuencadel Ríos Gallego y Chico"
"RINCÓN DE LOS MORROS";"RINCÓN DE LOS MORROS";"PENITENTES";"2012";"15.06";"2819";"Sistema Océ ano Atlántico";"Cuencadel Ríos Gallego y Chico"
"RINCÓN DE LOS MORROS";"RINCÓN DE LOS MORROS";"PENITENTES";"2013";"17.85";"2819";"Sistema Océ ano Atlántico";"Cuencadel Ríos Gallego y Chico"
"RINCÓN DE LOS MORROS";"RINCÓN DE LOS MORROS";"PENITENTES";"2014";"17.53";"2819";"Sistema Océ ano Atlántico";"Cuencadel Ríos Gallego y Chico"
"RINCÓN DE LOS MORROS";"RINCÓN DE LOS MORROS";"PENITENTES";"2015";"15.8";"2819";"Sistema Océ ano Atlántico";"Cuencadel Ríos Gallego y Chico"
"RINCÓN DE LOS MORROS";"RINCÓN DE LOS MORROS";"PENITENTES";"2016";"5.26";"2819";"Sistema Océ ano Atlántico";"Cuencadel Ríos Gallego y Chico"
"RINCÓN DE LOS MORROS";"RINCÓN DE LOS MORROS";"PENITENTES";"2017";"4.12";"2819";"Sistema Océ ano Atlántico";"Cuencadel Ríos Gallego y Chico"
"RINCÓN DE LOS MORROS";"RINCÓN DE LOS MORROS";"PENITENTES";"2018";"10.81";"2819";"Sistema Océ ano Atlántico";"Cuencadel Ríos Gallego y Chico"
"RINCÓN DE LOS MORROS";"RINCÓN DE LOS MORROS";"PENITENTES";"2019";"14.72";"2819";"Sistema Océ ano Atlántico";"Cuencadel Ríos Gallego y Chico"
"RINCÓN DE LOS MORROS";"RINCÓN DE LOS MORROS";"PENITENTES";"2020";"12.61";"2819";"Sistema Océ ano Atlántico";"Cuencadel Ríos Gallego y Chico"
"PARQUE NAC. LOS GLACIARES";"PARQUE NAC. LOS GLACIARES";"DE LAS VUELTAS";"1991";"48.6";"2820";"Sistema Océ ano Atlántico";"Zona de ríos y arroyos menores con vertiente atlántica del SE de Chubut y E de Santa Cruz"
"PARQUE NAC. LOS GLACIARES";"PARQUE NAC. LOS GLACIARES";"DE LAS VUELTAS";"1992";"45.14";"2820";"Sistema Océ ano Atlántico";"Zona de ríos y arroyos menores con vertiente atlántica del SE de Chubut y E de Santa Cruz"
"PARQUE NAC. LOS GLACIARES";"PARQUE NAC. LOS GLACIARES";"DE LAS VUELTAS";"1993";"52.52";"2820";"Sistema Océ ano Atlántico";"Zona de ríos y arroyos menores con vertiente atlántica del SE de Chubut y E de Santa Cruz"
"PARQUE NAC. LOS GLACIARES";"PARQUE NAC. LOS GLACIARES";"DE LAS VUELTAS";"1994";"47.05";"2820";"Sistema Océ ano Atlántico";"Zona de ríos y arroyos menores con vertiente atlántica del SE de Chubut y E de Santa Cruz"
"PARQUE NAC. LOS GLACIARES";"PARQUE NAC. LOS GLACIARES";"DE LAS VUELTAS";"1995";"56.00";"2820";"Sistema Océ ano Atlántico";"Zona de ríos y arroyos menores con vertiente atlántica del SE de Chubut y E de Santa Cruz"
"PARQUE NAC. LOS GLACIARES";"PARQUE NAC. LOS GLACIARES";"DE LAS VUELTAS";"1996";"53.22";"2820";"Sistema Océ ano Atlántico";"Zona de ríos y arroyos menores con vertiente atlántica del SE de Chubut y E de Santa Cruz"
"PARQUE NAC. LOS GLACIARES";"PARQUE NAC. LOS GLACIARES";"DE LAS VUELTAS";"1997";"44.22";"2820";"Sistema Océ ano Atlántico";"Zona de ríos y arroyos menores con vertiente atlántica del SE de Chubut y E de Santa Cruz"
"PARQUE NAC. LOS GLACIARES";"PARQUE NAC. LOS GLACIARES";"DE LAS VUELTAS";"1998";"60.98";"2820";"Sistema Océ ano Atlántico";"Zona de ríos y arroyos menores con vertiente atlántica del SE de Chubut y E de Santa Cruz"
"PARQUE NAC. LOS GLACIARES";"PARQUE NAC. LOS GLACIARES";"DE LAS VUELTAS";"1999";"52.11";"2820";"Sistema Océ ano Atlántico";"Zona de ríos y arroyos menores con vertiente atlántica del SE de Chubut y E de Santa Cruz"
"PARQUE NAC. LOS GLACIARES";"PARQUE NAC. LOS GLACIARES";"DE LAS VUELTAS";"2000";"47.91";"2820";"Sistema Océ ano Atlántico";"Zona de ríos y arroyos menores con vertiente atlántica del SE de Chubut y E de Santa Cruz"
"PARQUE NAC. LOS GLACIARES";"PARQUE NAC. LOS GLACIARES";"DE LAS VUELTAS";"2001";"52.53";"2820";"Sistema Océ ano Atlántico";"Zona de ríos y arroyos menores con vertiente atlántica del SE de Chubut y E de Santa Cruz"
"PARQUE NAC. LOS GLACIARES";"PARQUE NAC. LOS GLACIARES";"DE LAS VUELTAS";"2002";"50.41";"2820";"Sistema Océ ano Atlántico";"Zona de ríos y arroyos menores con vertiente atlántica del SE de Chubut y E de Santa Cruz"
"PARQUE NAC. LOS GLACIARES";"PARQUE NAC. LOS GLACIARES";"DE LAS VUELTAS";"2003";"47.4";"2820";"Sistema Océ ano Atlántico";"Zona de ríos y arroyos menores con vertiente atlántica del SE de Chubut y E de Santa Cruz"
"PARQUE NAC. LOS GLACIARES";"PARQUE NAC. LOS GLACIARES";"DE LAS VUELTAS";"2004";"59.68";"2820";"Sistema Océ ano Atlántico";"Zona de ríos y arroyos menores con vertiente atlántica del SE de Chubut y E de Santa Cruz"
"PARQUE NAC. LOS GLACIARES";"PARQUE NAC. LOS GLACIARES";"DE LAS VUELTAS";"2005";"64.2";"2820";"Sistema Océ ano Atlántico";"Zona de ríos y arroyos menores con vertiente atlántica del SE de Chubut y E de Santa Cruz"
"PARQUE NAC. LOS GLACIARES";"PARQUE NAC. LOS GLACIARES";"DE LAS VUELTAS";"2006";"52.02";"2820";"Sistema Océ ano Atlántico";"Zona de ríos y arroyos menores con vertiente atlántica del SE de Chubut y E de Santa Cruz"
"PARQUE NAC. LOS GLACIARES";"PARQUE NAC. LOS GLACIARES";"DE LAS VUELTAS";"2007";"30.22";"2820";"Sistema Océ ano Atlántico";"Zona de ríos y arroyos menores con vertiente atlántica del SE de Chubut y E de Santa Cruz"
"PARQUE NAC. LOS GLACIARES";"PARQUE NAC. LOS GLACIARES";"DE LAS VUELTAS";"2008";"58.01";"2820";"Sistema Océ ano Atlántico";"Zona de ríos y arroyos menores con vertiente atlántica del SE de Chubut y E de Santa Cruz"
"PARQUE NAC. LOS GLACIARES";"PARQUE NAC. LOS GLACIARES";"DE LAS VUELTAS";"2009";"51.92";"2820";"Sistema Océ ano Atlántico";"Zona de ríos y arroyos menores con vertiente atlántica del SE de Chubut y E de Santa Cruz"
"PARQUE NAC. LOS GLACIARES";"PARQUE NAC. LOS GLACIARES";"DE LAS VUELTAS";"2010";"52.35";"2820";"Sistema Océ ano Atlántico";"Zona de ríos y arroyos menores con vertiente atlántica del SE de Chubut y E de Santa Cruz"
"PARQUE NAC. LOS GLACIARES";"PARQUE NAC. LOS GLACIARES";"DE LAS VUELTAS";"2011";"78.35";"2820";"Sistema Océ ano Atlántico";"Zona de ríos y arroyos menores con vertiente atlántica del SE de Chubut y E de Santa Cruz"
"PARQUE NAC. LOS GLACIARES";"PARQUE NAC. LOS GLACIARES";"DE LAS VUELTAS";"2012";"66.46";"2820";"Sistema Océ ano Atlántico";"Zona de ríos y arroyos menores con vertiente atlántica del SE de Chubut y E de Santa Cruz"
"PARQUE NAC. LOS GLACIARES";"PARQUE NAC. LOS GLACIARES";"DE LAS VUELTAS";"2013";"79.94";"2820";"Sistema Océ ano Atlántico";"Zona de ríos y arroyos menores con vertiente atlántica del SE de Chubut y E de Santa Cruz"
"PARQUE NAC. LOS GLACIARES";"PARQUE NAC. LOS GLACIARES";"DE LAS VUELTAS";"2014";"48.22";"2820";"Sistema Océ ano Atlántico";"Zona de ríos y arroyos menores con vertiente atlántica del SE de Chubut y E de Santa Cruz"
"PARQUE NAC. LOS GLACIARES";"PARQUE NAC. LOS GLACIARES";"DE LAS VUELTAS";"2015";"40.1";"2820";"Sistema Océ ano Atlántico";"Zona de ríos y arroyos menores con vertiente atlántica del SE de Chubut y E de Santa Cruz"
"PARQUE NAC. LOS GLACIARES";"PARQUE NAC. LOS GLACIARES";"DE LAS VUELTAS";"2016";"21.04";"2820";"Sistema Océ ano Atlántico";"Zona de ríos y arroyos menores con vertiente atlántica del SE de Chubut y E de Santa Cruz"
"PARQUE NAC. LOS GLACIARES";"PARQUE NAC. LOS GLACIARES";"DE LAS VUELTAS";"2017";"28.32";"2820";"Sistema Océ ano Atlántico";"Zona de ríos y arroyos menores con vertiente atlántica del SE de Chubut y E de Santa Cruz"
"PARQUE NAC. LOS GLACIARES";"PARQUE NAC. LOS GLACIARES";"DE LAS VUELTAS";"2019";"45.46";"2820";"Sistema Océ ano Atlántico";"Zona de ríos y arroyos menores con vertiente atlántica del SE de Chubut y E de Santa Cruz"
"PARQUE NAC. LOS GLACIARES";"PARQUE NAC. LOS GLACIARES";"DE LAS VUELTAS";"2020";"40.00";"2820";"Sistema Océ ano Atlántico";"Zona de ríos y arroyos menores con vertiente atlántica del SE de Chubut y E de Santa Cruz"
"FRONTERA";"FRONTERA";"CARRERAS";"1993";"57.62";"2821";"Sistema Océ ano Pacífico";"Cuencadel Río Mayer y Lago San Martín"
"FRONTERA";"FRONTERA";"CARRERAS";"1994";"59.86";"2821";"Sistema Océ ano Pacífico";"Cuencadel Río Mayer y Lago San Martín"
"FRONTERA";"FRONTERA";"CARRERAS";"1995";"53.44";"2821";"Sistema Océ ano Pacífico";"Cuencadel Río Mayer y Lago San Martín"
"FRONTERA";"FRONTERA";"CARRERAS";"1996";"57.93";"2821";"Sistema Océ ano Pacífico";"Cuencadel Río Mayer y Lago San Martín"
"FRONTERA";"FRONTERA";"CARRERAS";"1997";"67.25";"2821";"Sistema Océ ano Pacífico";"Cuencadel Río Mayer y Lago San Martín"
"FRONTERA";"FRONTERA";"CARRERAS";"1998";"57.79";"2821";"Sistema Océ ano Pacífico";"Cuencadel Río Mayer y Lago San Martín"
"FRONTERA";"FRONTERA";"CARRERAS";"1999";"49.3";"2821";"Sistema Océ ano Pacífico";"Cuencadel Río Mayer y Lago San Martín"
"FRONTERA";"FRONTERA";"CARRERAS";"2000";"34.95";"2821";"Sistema Océ ano Pacífico";"Cuencadel Río Mayer y Lago San Martín"
"FRONTERA";"FRONTERA";"CARRERAS";"2001";"43.11";"2821";"Sistema Océ ano Pacífico";"Cuencadel Río Mayer y Lago San Martín"
"FRONTERA";"FRONTERA";"CARRERAS";"2002";"56.37";"2821";"Sistema Océ ano Pacífico";"Cuencadel Río Mayer y Lago San Martín"
"FRONTERA";"FRONTERA";"CARRERAS";"2003";"47.93";"2821";"Sistema Océ ano Pacífico";"Cuencadel Río Mayer y Lago San Martín"
"FRONTERA";"FRONTERA";"CARRERAS";"2004";"43.33";"2821";"Sistema Océ ano Pacífico";"Cuencadel Río Mayer y Lago San Martín"
"FRONTERA";"FRONTERA";"CARRERAS";"2005";"39.84";"2821";"Sistema Océ ano Pacífico";"Cuencadel Río Mayer y Lago San Martín"
"FRONTERA";"FRONTERA";"CARRERAS";"2006";"45.34";"2821";"Sistema Océ ano Pacífico";"Cuencadel Río Mayer y Lago San Martín"
"FRONTERA";"FRONTERA";"CARRERAS";"2007";"37.9";"2821";"Sistema Océ ano Pacífico";"Cuencadel Río Mayer y Lago San Martín"
"FRONTERA";"FRONTERA";"CARRERAS";"2008";"56.66";"2821";"Sistema Océ ano Pacífico";"Cuencadel Río Mayer y Lago San Martín"
"FRONTERA";"FRONTERA";"CARRERAS";"2009";"53.08";"2821";"Sistema Océ ano Pacífico";"Cuencadel Río Mayer y Lago San Martín"
"FRONTERA";"FRONTERA";"CARRERAS";"2010";"51.62";"2821";"Sistema Océ ano Pacífico";"Cuencadel Río Mayer y Lago San Martín"
"FRONTERA";"FRONTERA";"CARRERAS";"2011";"53.64";"2821";"Sistema Océ ano Pacífico";"Cuencadel Río Mayer y Lago San Martín"
"FRONTERA";"FRONTERA";"CARRERAS";"2012";"34.59";"2821";"Sistema Océ ano Pacífico";"Cuencadel Río Mayer y Lago San Martín"
"FRONTERA";"FRONTERA";"CARRERAS";"2013";"61.74";"2821";"Sistema Océ ano Pacífico";"Cuencadel Río Mayer y Lago San Martín"
"FRONTERA";"FRONTERA";"CARRERAS";"2014";"66.28";"2821";"Sistema Océ ano Pacífico";"Cuencadel Río Mayer y Lago San Martín"
"FRONTERA";"FRONTERA";"CARRERAS";"2015";"55.68";"2821";"Sistema Océ ano Pacífico";"Cuencadel Río Mayer y Lago San Martín"
"FRONTERA";"FRONTERA";"CARRERAS";"2016";"51.36";"2821";"Sistema Océ ano Pacífico";"Cuencadel Río Mayer y Lago San Martín"
"FRONTERA";"FRONTERA";"CARRERAS";"2017";"64.85";"2821";"Sistema Océ ano Pacífico";"Cuencadel Río Mayer y Lago San Martín"
"FRONTERA";"FRONTERA";"CARRERAS";"2018";"52.33";"2821";"Sistema Océ ano Pacífico";"Cuencadel Río Mayer y Lago San Martín"
"FRONTERA";"FRONTERA";"CARRERAS";"2019";"43.04";"2821";"Sistema Océ ano Pacífico";"Cuencadel Río Mayer y Lago San Martín"
"FRONTERA";"FRONTERA";"CARRERAS";"2020";"53.25";"2821";"Sistema Océ ano Pacífico";"Cuencadel Río Mayer y Lago San Martín"
"RUTA NACIONAL Nº 040";"RUTA NACIONAL Nº 040";"SHEHUEN-CHALIA";"2010";"1.95";"2827";"Sistema Océ ano Atlántico";"Cuencadel Río Chico"
"RUTA NACIONAL Nº 040";"RUTA NACIONAL Nº 040";"SHEHUEN-CHALIA";"2011";"2.4";"2827";"Sistema Océ ano Atlántico";"Cuencadel Río Chico"
"RUTA NACIONAL Nº 040";"RUTA NACIONAL Nº 040";"SHEHUEN-CHALIA";"2012";"1.83";"2827";"Sistema Océ ano Atlántico";"Cuencadel Río Chico"
"RUTA NACIONAL Nº 040";"RUTA NACIONAL Nº 040";"SHEHUEN-CHALIA";"2013";"1.69";"2827";"Sistema Océ ano Atlántico";"Cuencadel Río Chico"
"RUTA NACIONAL Nº 040";"RUTA NACIONAL Nº 040";"SHEHUEN-CHALIA";"2014";"0.78";"2827";"Sistema Océ ano Atlántico";"Cuencadel Río Chico"
"RUTA NACIONAL Nº 040";"RUTA NACIONAL Nº 040";"SHEHUEN-CHALIA";"2015";"1.42";"2827";"Sistema Océ ano Atlántico";"Cuencadel Río Chico"
"RUTA NACIONAL Nº 040";"RUTA NACIONAL Nº 040";"SHEHUEN-CHALIA";"2016";"1.77";"2827";"Sistema Océ ano Atlántico";"Cuencadel Río Chico"
"RUTA NACIONAL Nº 040";"RUTA NACIONAL Nº 040";"SHEHUEN-CHALIA";"2017";"4.08";"2827";"Sistema Océ ano Atlántico";"Cuencadel Río Chico"
"RUTA NACIONAL Nº 040";"RUTA NACIONAL Nº 040";"SHEHUEN-CHALIA";"2018";"3.26";"2827";"Sistema Océ ano Atlántico";"Cuencadel Río Chico"
"RUTA NACIONAL Nº 040";"RUTA NACIONAL Nº 040";"SHEHUEN-CHALIA";"2019";"1.05";"2827";"Sistema Océ ano Atlántico";"Cuencadel Río Chico"
"RUTA NACIONAL Nº 040";"RUTA NACIONAL Nº 040";"SHEHUEN-CHALIA";"2020";"0.75";"2827";"Sistema Océ ano Atlántico";"Cuencadel Río Chico"
"CERRO PALIQUE";"CERRO PALIQUE";"VIZCACHAS";"2010";"1.16";"2828";"Sistema Océ ano Pacífico";"Cuencadel Río Vizcachas"
"CERRO PALIQUE";"CERRO PALIQUE";"VIZCACHAS";"2011";"1.76";"2828";"Sistema Océ ano Pacífico";"Cuencadel Río Vizcachas"
"CERRO PALIQUE";"CERRO PALIQUE";"VIZCACHAS";"2012";"1.81";"2828";"Sistema Océ ano Pacífico";"Cuencadel Río Vizcachas"
"CERRO PALIQUE";"CERRO PALIQUE";"VIZCACHAS";"2013";"2.2";"2828";"Sistema Océ ano Pacífico";"Cuencadel Río Vizcachas"
"CERRO PALIQUE";"CERRO PALIQUE";"VIZCACHAS";"2014";"1.08";"2828";"Sistema Océ ano Pacífico";"Cuencadel Río Vizcachas"
"CERRO PALIQUE";"CERRO PALIQUE";"VIZCACHAS";"2015";"1.73";"2828";"Sistema Océ ano Pacífico";"Cuencadel Río Vizcachas"
"CERRO PALIQUE";"CERRO PALIQUE";"VIZCACHAS";"2016";"1.31";"2828";"Sistema Océ ano Pacífico";"Cuencadel Río Vizcachas"
"CERRO PALIQUE";"CERRO PALIQUE";"VIZCACHAS";"2017";"3.8";"2828";"Sistema Océ ano Pacífico";"Cuencadel Río Vizcachas"
"CERRO PALIQUE";"CERRO PALIQUE";"VIZCACHAS";"2018";"2.94";"2828";"Sistema Océ ano Pacífico";"Cuencadel Río Vizcachas"
"CERRO PALIQUE";"CERRO PALIQUE";"VIZCACHAS";"2019";"1.52";"2828";"Sistema Océ ano Pacífico";"Cuencadel Río Vizcachas"
"CERRO PALIQUE";"CERRO PALIQUE";"VIZCACHAS";"2020";"1.91";"2828";"Sistema Océ ano Pacífico";"Cuencadel Río Vizcachas"
"CHAPETON - PNA.BZO.PPAL";"CHAPETON - PNA.BZO.PPAL";"PARANA";"1975";"10331.48";"3000";"Sistema Río Paraná";"Cuencapropia del Paraná Medio"
"CHAPETON - PNA.BZO.PPAL";"CHAPETON - PNA.BZO.PPAL";"PARANA";"1976";"10710.09";"3000";"Sistema Río Paraná";"Cuencapropia del Paraná Medio"
"CHAPETON - PNA.BZO.PPAL";"CHAPETON - PNA.BZO.PPAL";"PARANA";"1977";"10794.25";"3000";"Sistema Río Paraná";"Cuencapropia del Paraná Medio"
"CHAPETON - PNA.BZO.PPAL";"CHAPETON - PNA.BZO.PPAL";"PARANA";"1978";"9758.24";"3000";"Sistema Río Paraná";"Cuencapropia del Paraná Medio"
"CHAPETON - PNA.BZO.PPAL";"CHAPETON - PNA.BZO.PPAL";"PARANA";"1979";"11060.91";"3000";"Sistema Río Paraná";"Cuencapropia del Paraná Medio"
"CHAPETON - PNA.BZO.PPAL";"CHAPETON - PNA.BZO.PPAL";"PARANA";"1980";"11525.34";"3000";"Sistema Río Paraná";"Cuencapropia del Paraná Medio"
"CHAPETON - PNA.BZO.PPAL";"CHAPETON - PNA.BZO.PPAL";"PARANA";"1981";"10559.42";"3000";"Sistema Río Paraná";"Cuencapropia del Paraná Medio"
"CHAPETON - PNA.BZO.PPAL";"CHAPETON - PNA.BZO.PPAL";"PARANA";"1982";"12321.92";"3000";"Sistema Río Paraná";"Cuencapropia del Paraná Medio"
"CHAPETON - PNA.BZO.PPAL";"CHAPETON - PNA.BZO.PPAL";"PARANA";"1983";"14693.26";"3000";"Sistema Río Paraná";"Cuencapropia del Paraná Medio"
"CHAPETON - PNA.BZO.PPAL";"CHAPETON - PNA.BZO.PPAL";"PARANA";"1984";"11376.43";"3000";"Sistema Río Paraná";"Cuencapropia del Paraná Medio"
"CHAPETON - PNA.BZO.PPAL";"CHAPETON - PNA.BZO.PPAL";"PARANA";"1985";"11453.74";"3000";"Sistema Río Paraná";"Cuencapropia del Paraná Medio"
"CHAPETON - PNA.BZO.PPAL";"CHAPETON - PNA.BZO.PPAL";"PARANA";"1986";"10707.76";"3000";"Sistema Río Paraná";"Cuencapropia del Paraná Medio"
"CHAPETON - PNA.BZO.PPAL";"CHAPETON - PNA.BZO.PPAL";"PARANA";"1987";"11250.82";"3000";"Sistema Río Paraná";"Cuencapropia del Paraná Medio"
"CHAPETON - PNA.BZO.PPAL";"CHAPETON - PNA.BZO.PPAL";"PARANA";"1988";"10609.92";"3000";"Sistema Río Paraná";"Cuencapropia del Paraná Medio"
"CHAPETON - PNA.BZO.PPAL";"CHAPETON - PNA.BZO.PPAL";"PARANA";"1989";"11314.26";"3000";"Sistema Río Paraná";"Cuencapropia del Paraná Medio"
"CHAPETON - PNA.BZO.PPAL";"CHAPETON - PNA.BZO.PPAL";"PARANA";"1990";"12205.33";"3000";"Sistema Río Paraná";"Cuencapropia del Paraná Medio"
"CHAPETON - PNA.BZO.PPAL";"CHAPETON - PNA.BZO.PPAL";"PARANA";"1991";"10806.09";"3000";"Sistema Río Paraná";"Cuencapropia del Paraná Medio"
"CHAPETON - PNA.BZO.PPAL";"CHAPETON - PNA.BZO.PPAL";"PARANA";"1992";"12685.5";"3000";"Sistema Río Paraná";"Cuencapropia del Paraná Medio"
"CHAPETON - PNA.BZO.PPAL";"CHAPETON - PNA.BZO.PPAL";"PARANA";"1993";"11475.41";"3000";"Sistema Río Paraná";"Cuencapropia del Paraná Medio"
"CHAPETON - PNA.BZO.PPAL";"CHAPETON - PNA.BZO.PPAL";"PARANA";"1994";"10895.76";"3000";"Sistema Río Paraná";"Cuencapropia del Paraná Medio"
"CHAPETON - PNA.BZO.PPAL";"CHAPETON - PNA.BZO.PPAL";"PARANA";"1995";"11289.99";"3000";"Sistema Río Paraná";"Cuencapropia del Paraná Medio"
"CHAPETON - PNA.BZO.PPAL";"CHAPETON - PNA.BZO.PPAL";"PARANA";"1996";"10914.74";"3000";"Sistema Río Paraná";"Cuencapropia del Paraná Medio"
"CHAPETON - PNA.BZO.PPAL";"CHAPETON - PNA.BZO.PPAL";"PARANA";"1997";"12106.26";"3000";"Sistema Río Paraná";"Cuencapropia del Paraná Medio"
"CHAPETON - PNA.BZO.PPAL";"CHAPETON - PNA.BZO.PPAL";"PARANA";"1998";"13320.18";"3000";"Sistema Río Paraná";"Cuencapropia del Paraná Medio"
"CHAPETON - PNA.BZO.PPAL";"CHAPETON - PNA.BZO.PPAL";"PARANA";"1999";"10610.28";"3000";"Sistema Río Paraná";"Cuencapropia del Paraná Medio"
"CHAPETON - PNA.BZO.PPAL";"CHAPETON - PNA.BZO.PPAL";"PARANA";"2000";"10705.75";"3000";"Sistema Río Paraná";"Cuencapropia del Paraná Medio"
"PASO MEDINA";"PASO MEDINA";"FELICIANO";"1975";"27.24";"3003";"Sistema Río Paraná";"Cuencadel Rio Feliciano"
"PASO MEDINA";"PASO MEDINA";"FELICIANO";"1976";"45.13";"3003";"Sistema Río Paraná";"Cuencadel Rio Feliciano"
"PASO MEDINA";"PASO MEDINA";"FELICIANO";"1977";"85.94";"3003";"Sistema Río Paraná";"Cuencadel Rio Feliciano"
"PASO MEDINA";"PASO MEDINA";"FELICIANO";"1978";"99.99";"3003";"Sistema Río Paraná";"Cuencadel Rio Feliciano"
"PASO MEDINA";"PASO MEDINA";"FELICIANO";"1979";"28.89";"3003";"Sistema Río Paraná";"Cuencadel Rio Feliciano"
"PASO MEDINA";"PASO MEDINA";"FELICIANO";"1980";"26.17";"3003";"Sistema Río Paraná";"Cuencadel Rio Feliciano"
"PASO MEDINA";"PASO MEDINA";"FELICIANO";"1981";"55.98";"3003";"Sistema Río Paraná";"Cuencadel Rio Feliciano"
"PASO MEDINA";"PASO MEDINA";"FELICIANO";"1982";"17.19";"3003";"Sistema Río Paraná";"Cuencadel Rio Feliciano"
"PASO MEDINA";"PASO MEDINA";"FELICIANO";"1983";"43.06";"3003";"Sistema Río Paraná";"Cuencadel Rio Feliciano"
"PASO MEDINA";"PASO MEDINA";"FELICIANO";"1984";"70.38";"3003";"Sistema Río Paraná";"Cuencadel Rio Feliciano"
"PASO MEDINA";"PASO MEDINA";"FELICIANO";"1985";"58.74";"3003";"Sistema Río Paraná";"Cuencadel Rio Feliciano"
"PASO MEDINA";"PASO MEDINA";"FELICIANO";"1986";"68.99";"3003";"Sistema Río Paraná";"Cuencadel Rio Feliciano"
"PASO MEDINA";"PASO MEDINA";"FELICIANO";"1987";"26.71";"3003";"Sistema Río Paraná";"Cuencadel Rio Feliciano"
"PASO MEDINA";"PASO MEDINA";"FELICIANO";"1988";"32.55";"3003";"Sistema Río Paraná";"Cuencadel Rio Feliciano"
"PASO MEDINA";"PASO MEDINA";"FELICIANO";"1989";"14.9";"3003";"Sistema Río Paraná";"Cuencadel Rio Feliciano"
"PASO MEDINA";"PASO MEDINA";"FELICIANO";"1990";"74.98";"3003";"Sistema Río Paraná";"Cuencadel Rio Feliciano"
"PASO MEDINA";"PASO MEDINA";"FELICIANO";"1991";"41.74";"3003";"Sistema Río Paraná";"Cuencadel Rio Feliciano"
"PASO MEDINA";"PASO MEDINA";"FELICIANO";"1992";"45.57";"3003";"Sistema Río Paraná";"Cuencadel Rio Feliciano"
"PASO MEDINA";"PASO MEDINA";"FELICIANO";"1993";"66.49";"3003";"Sistema Río Paraná";"Cuencadel Rio Feliciano"
"PASO MEDINA";"PASO MEDINA";"FELICIANO";"1994";"20.68";"3003";"Sistema Río Paraná";"Cuencadel Rio Feliciano"
"PASO MEDINA";"PASO MEDINA";"FELICIANO";"1995";"18.85";"3003";"Sistema Río Paraná";"Cuencadel Rio Feliciano"
"PASO MEDINA";"PASO MEDINA";"FELICIANO";"1996";"32.62";"3003";"Sistema Río Paraná";"Cuencadel Rio Feliciano"
"PASO MEDINA";"PASO MEDINA";"FELICIANO";"1997";"21.06";"3003";"Sistema Río Paraná";"Cuencadel Rio Feliciano"
"PASO MEDINA";"PASO MEDINA";"FELICIANO";"1998";"118.87";"3003";"Sistema Río Paraná";"Cuencadel Rio Feliciano"
"PASO MEDINA";"PASO MEDINA";"FELICIANO";"1999";"16.69";"3003";"Sistema Río Paraná";"Cuencadel Rio Feliciano"
"PASO MEDINA";"PASO MEDINA";"FELICIANO";"2000";"38.39";"3003";"Sistema Río Paraná";"Cuencadel Rio Feliciano"
"PASO MEDINA";"PASO MEDINA";"FELICIANO";"2001";"91.6";"3003";"Sistema Río Paraná";"Cuencadel Rio Feliciano"
"PASO MEDINA";"PASO MEDINA";"FELICIANO";"2002";"114.3";"3003";"Sistema Río Paraná";"Cuencadel Rio Feliciano"
"PASO MEDINA";"PASO MEDINA";"FELICIANO";"2003";"87.96";"3003";"Sistema Río Paraná";"Cuencadel Rio Feliciano"
"PASO MEDINA";"PASO MEDINA";"FELICIANO";"2004";"9.72";"3003";"Sistema Río Paraná";"Cuencadel Rio Feliciano"
"PASO MEDINA";"PASO MEDINA";"FELICIANO";"2005";"127.87";"3003";"Sistema Río Paraná";"Cuencadel Rio Feliciano"
"PASO MEDINA";"PASO MEDINA";"FELICIANO";"2006";"54.42";"3003";"Sistema Río Paraná";"Cuencadel Rio Feliciano"
"PASO MEDINA";"PASO MEDINA";"FELICIANO";"2007";"58.55";"3003";"Sistema Río Paraná";"Cuencadel Rio Feliciano"
"PASO MEDINA";"PASO MEDINA";"FELICIANO";"2008";"14.06";"3003";"Sistema Río Paraná";"Cuencadel Rio Feliciano"
"PASO MEDINA";"PASO MEDINA";"FELICIANO";"2009";"73.89";"3003";"Sistema Río Paraná";"Cuencadel Rio Feliciano"
"PASO MEDINA";"PASO MEDINA";"FELICIANO";"2010";"149.26";"3003";"Sistema Río Paraná";"Cuencadel Rio Feliciano"
"PASO MEDINA";"PASO MEDINA";"FELICIANO";"2011";"45.26";"3003";"Sistema Río Paraná";"Cuencadel Rio Feliciano"
"PASO MEDINA";"PASO MEDINA";"FELICIANO";"2012";"61.81";"3003";"Sistema Río Paraná";"Cuencadel Rio Feliciano"
"PASO MEDINA";"PASO MEDINA";"FELICIANO";"2013";"23.16";"3003";"Sistema Río Paraná";"Cuencadel Rio Feliciano"
"PASO MEDINA";"PASO MEDINA";"FELICIANO";"2014";"74.2";"3003";"Sistema Río Paraná";"Cuencadel Rio Feliciano"
"PASO MEDINA";"PASO MEDINA";"FELICIANO";"2015";"111.98";"3003";"Sistema Río Paraná";"Cuencadel Rio Feliciano"
"PASO MEDINA";"PASO MEDINA";"FELICIANO";"2016";"143.59";"3003";"Sistema Río Paraná";"Cuencadel Rio Feliciano"
"PASO MEDINA";"PASO MEDINA";"FELICIANO";"2017";"77.08";"3003";"Sistema Río Paraná";"Cuencadel Rio Feliciano"
"PASO MEDINA";"PASO MEDINA";"FELICIANO";"2018";"68.09";"3003";"Sistema Río Paraná";"Cuencadel Rio Feliciano"
"PASO MEDINA";"PASO MEDINA";"FELICIANO";"2019";"45.75";"3003";"Sistema Río Paraná";"Cuencadel Rio Feliciano"
"ROSARIO DEL TALA";"ROSARIO DEL TALA";"GUALEGUAY";"1992";"18.61";"3004";"Sistema Río Paraná";"Cuencadel Rio Gualeguay"
"ROSARIO DEL TALA";"ROSARIO DEL TALA";"GUALEGUAY";"1993";"180.94";"3004";"Sistema Río Paraná";"Cuencadel Rio Gualeguay"
"ROSARIO DEL TALA";"ROSARIO DEL TALA";"GUALEGUAY";"1994";"52.71";"3004";"Sistema Río Paraná";"Cuencadel Rio Gualeguay"
"ROSARIO DEL TALA";"ROSARIO DEL TALA";"GUALEGUAY";"1995";"53.75";"3004";"Sistema Río Paraná";"Cuencadel Rio Gualeguay"
"ROSARIO DEL TALA";"ROSARIO DEL TALA";"GUALEGUAY";"1996";"49.63";"3004";"Sistema Río Paraná";"Cuencadel Rio Gualeguay"
"ROSARIO DEL TALA";"ROSARIO DEL TALA";"GUALEGUAY";"1997";"25.64";"3004";"Sistema Río Paraná";"Cuencadel Rio Gualeguay"
"ROSARIO DEL TALA";"ROSARIO DEL TALA";"GUALEGUAY";"1998";"223.94";"3004";"Sistema Río Paraná";"Cuencadel Rio Gualeguay"
"ROSARIO DEL TALA";"ROSARIO DEL TALA";"GUALEGUAY";"1999";"83.64";"3004";"Sistema Río Paraná";"Cuencadel Rio Gualeguay"
"ROSARIO DEL TALA";"ROSARIO DEL TALA";"GUALEGUAY";"2000";"171.85";"3004";"Sistema Río Paraná";"Cuencadel Rio Gualeguay"
"ROSARIO DEL TALA";"ROSARIO DEL TALA";"GUALEGUAY";"2001";"223.52";"3004";"Sistema Río Paraná";"Cuencadel Rio Gualeguay"
"ROSARIO DEL TALA";"ROSARIO DEL TALA";"GUALEGUAY";"2002";"388.42";"3004";"Sistema Río Paraná";"Cuencadel Rio Gualeguay"
"ROSARIO DEL TALA";"ROSARIO DEL TALA";"GUALEGUAY";"2003";"305.44";"3004";"Sistema Río Paraná";"Cuencadel Rio Gualeguay"
"ROSARIO DEL TALA";"ROSARIO DEL TALA";"GUALEGUAY";"2004";"70.94";"3004";"Sistema Río Paraná";"Cuencadel Rio Gualeguay"
"ROSARIO DEL TALA";"ROSARIO DEL TALA";"GUALEGUAY";"2005";"257.43";"3004";"Sistema Río Paraná";"Cuencadel Rio Gualeguay"
"ROSARIO DEL TALA";"ROSARIO DEL TALA";"GUALEGUAY";"2006";"62.71";"3004";"Sistema Río Paraná";"Cuencadel Rio Gualeguay"
"ROSARIO DEL TALA";"ROSARIO DEL TALA";"GUALEGUAY";"2007";"238.59";"3004";"Sistema Río Paraná";"Cuencadel Rio Gualeguay"
"ROSARIO DEL TALA";"ROSARIO DEL TALA";"GUALEGUAY";"2008";"16.53";"3004";"Sistema Río Paraná";"Cuencadel Rio Gualeguay"
"ROSARIO DEL TALA";"ROSARIO DEL TALA";"GUALEGUAY";"2009";"80.09";"3004";"Sistema Río Paraná";"Cuencadel Rio Gualeguay"
"ROSARIO DEL TALA";"ROSARIO DEL TALA";"GUALEGUAY";"2010";"199.55";"3004";"Sistema Río Paraná";"Cuencadel Rio Gualeguay"
"ROSARIO DEL TALA";"ROSARIO DEL TALA";"GUALEGUAY";"2011";"89.75";"3004";"Sistema Río Paraná";"Cuencadel Rio Gualeguay"
"ROSARIO DEL TALA";"ROSARIO DEL TALA";"GUALEGUAY";"2012";"191.42";"3004";"Sistema Río Paraná";"Cuencadel Rio Gualeguay"
"ROSARIO DEL TALA";"ROSARIO DEL TALA";"GUALEGUAY";"2013";"104.66";"3004";"Sistema Río Paraná";"Cuencadel Rio Gualeguay"
"ROSARIO DEL TALA";"ROSARIO DEL TALA";"GUALEGUAY";"2014";"111.2";"3004";"Sistema Río Paraná";"Cuencadel Rio Gualeguay"
"ROSARIO DEL TALA";"ROSARIO DEL TALA";"GUALEGUAY";"2015";"140.37";"3004";"Sistema Río Paraná";"Cuencadel Rio Gualeguay"
"ROSARIO DEL TALA";"ROSARIO DEL TALA";"GUALEGUAY";"2016";"78.55";"3004";"Sistema Río Paraná";"Cuencadel Rio Gualeguay"
"ROSARIO DEL TALA";"ROSARIO DEL TALA";"GUALEGUAY";"2017";"199.62";"3004";"Sistema Río Paraná";"Cuencadel Rio Gualeguay"
"ROSARIO DEL TALA";"ROSARIO DEL TALA";"GUALEGUAY";"2018";"109.17";"3004";"Sistema Río Paraná";"Cuencadel Rio Gualeguay"
"ROSARIO DEL TALA";"ROSARIO DEL TALA";"GUALEGUAY";"2019";"278.42";"3004";"Sistema Río Paraná";"Cuencadel Rio Gualeguay"
"ROSARIO DEL TALA";"ROSARIO DEL TALA";"GUALEGUAY";"2020";"77.68";"3004";"Sistema Río Paraná";"Cuencadel Rio Gualeguay"
"CHAPETON";"CHAPETON";"PARANA";"1975";"16265.24";"3005";"Sistema Río Paraná";"Cuencapropia del Paraná Medio"
"CHAPETON";"CHAPETON";"PARANA";"1976";"17028.84";"3005";"Sistema Río Paraná";"Cuencapropia del Paraná Medio"
"CHAPETON";"CHAPETON";"PARANA";"1977";"17262.17";"3005";"Sistema Río Paraná";"Cuencapropia del Paraná Medio"
"CHAPETON";"CHAPETON";"PARANA";"1978";"15120.33";"3005";"Sistema Río Paraná";"Cuencapropia del Paraná Medio"
"CHAPETON";"CHAPETON";"PARANA";"1979";"17738.24";"3005";"Sistema Río Paraná";"Cuencapropia del Paraná Medio"
"CHAPETON";"CHAPETON";"PARANA";"1980";"18688.58";"3005";"Sistema Río Paraná";"Cuencapropia del Paraná Medio"
"CHAPETON";"CHAPETON";"PARANA";"1981";"16747.51";"3005";"Sistema Río Paraná";"Cuencapropia del Paraná Medio"
"CHAPETON";"CHAPETON";"PARANA";"1982";"20374.01";"3005";"Sistema Río Paraná";"Cuencapropia del Paraná Medio"
"CHAPETON";"CHAPETON";"PARANA";"1983";"25832.02";"3005";"Sistema Río Paraná";"Cuencapropia del Paraná Medio"
"CHAPETON";"CHAPETON";"PARANA";"1984";"18381.59";"3005";"Sistema Río Paraná";"Cuencapropia del Paraná Medio"
"CHAPETON";"CHAPETON";"PARANA";"1985";"18556.08";"3005";"Sistema Río Paraná";"Cuencapropia del Paraná Medio"
"CHAPETON";"CHAPETON";"PARANA";"1986";"17041.68";"3005";"Sistema Río Paraná";"Cuencapropia del Paraná Medio"
"CHAPETON";"CHAPETON";"PARANA";"1987";"18141.73";"3005";"Sistema Río Paraná";"Cuencapropia del Paraná Medio"
"CHAPETON";"CHAPETON";"PARANA";"1988";"16831.24";"3005";"Sistema Río Paraná";"Cuencapropia del Paraná Medio"
"CHAPETON";"CHAPETON";"PARANA";"1989";"18261.15";"3005";"Sistema Río Paraná";"Cuencapropia del Paraná Medio"
"CHAPETON";"CHAPETON";"PARANA";"1990";"20104.84";"3005";"Sistema Río Paraná";"Cuencapropia del Paraná Medio"
"CHAPETON";"CHAPETON";"PARANA";"1991";"17226.55";"3005";"Sistema Río Paraná";"Cuencapropia del Paraná Medio"
"CHAPETON";"CHAPETON";"PARANA";"1992";"21193.43";"3005";"Sistema Río Paraná";"Cuencapropia del Paraná Medio"
"CHAPETON";"CHAPETON";"PARANA";"1993";"18594.26";"3005";"Sistema Río Paraná";"Cuencapropia del Paraná Medio"
"CHAPETON";"CHAPETON";"PARANA";"1994";"17405.91";"3005";"Sistema Río Paraná";"Cuencapropia del Paraná Medio"
"CHAPETON";"CHAPETON";"PARANA";"1995";"18241.84";"3005";"Sistema Río Paraná";"Cuencapropia del Paraná Medio"
"CHAPETON";"CHAPETON";"PARANA";"1996";"17456.1";"3005";"Sistema Río Paraná";"Cuencapropia del Paraná Medio"
"CHAPETON";"CHAPETON";"PARANA";"1997";"19929.76";"3005";"Sistema Río Paraná";"Cuencapropia del Paraná Medio"
"CHAPETON";"CHAPETON";"PARANA";"1998";"22604.18";"3005";"Sistema Río Paraná";"Cuencapropia del Paraná Medio"
"CHAPETON";"CHAPETON";"PARANA";"1999";"16837.97";"3005";"Sistema Río Paraná";"Cuencapropia del Paraná Medio"
"CHAPETON";"CHAPETON";"PARANA";"2000";"16200.07";"3005";"Sistema Río Paraná";"Cuencapropia del Paraná Medio"
"CHAPETON";"CHAPETON";"PARANA";"2001";"15615.28";"3005";"Sistema Río Paraná";"Cuencapropia del Paraná Medio"
"CHAPETON";"CHAPETON";"PARANA";"2002";"16801.79";"3005";"Sistema Río Paraná";"Cuencapropia del Paraná Medio"
"CHAPETON";"CHAPETON";"PARANA";"2003";"16209.15";"3005";"Sistema Río Paraná";"Cuencapropia del Paraná Medio"
"CHAPETON";"CHAPETON";"PARANA";"2004";"15579.94";"3005";"Sistema Río Paraná";"Cuencapropia del Paraná Medio"
"CHAPETON";"CHAPETON";"PARANA";"2005";"16151.45";"3005";"Sistema Río Paraná";"Cuencapropia del Paraná Medio"
"CHAPETON";"CHAPETON";"PARANA";"2006";"14923.83";"3005";"Sistema Río Paraná";"Cuencapropia del Paraná Medio"
"CHAPETON";"CHAPETON";"PARANA";"2007";"17661.68";"3005";"Sistema Río Paraná";"Cuencapropia del Paraná Medio"
"CHAPETON";"CHAPETON";"PARANA";"2008";"15405.65";"3005";"Sistema Río Paraná";"Cuencapropia del Paraná Medio"
"CHAPETON";"CHAPETON";"PARANA";"2009";"15921.84";"3005";"Sistema Río Paraná";"Cuencapropia del Paraná Medio"
"CHAPETON";"CHAPETON";"PARANA";"2010";"19043.67";"3005";"Sistema Río Paraná";"Cuencapropia del Paraná Medio"
"CHAPETON";"CHAPETON";"PARANA";"2011";"18160.61";"3005";"Sistema Río Paraná";"Cuencapropia del Paraná Medio"
"CHAPETON";"CHAPETON";"PARANA";"2012";"15026.39";"3005";"Sistema Río Paraná";"Cuencapropia del Paraná Medio"
"CHAPETON";"CHAPETON";"PARANA";"2013";"16757.47";"3005";"Sistema Río Paraná";"Cuencapropia del Paraná Medio"
"CHAPETON";"CHAPETON";"PARANA";"2014";"18086.39";"3005";"Sistema Río Paraná";"Cuencapropia del Paraná Medio"
"CHAPETON";"CHAPETON";"PARANA";"2015";"17683.72";"3005";"Sistema Río Paraná";"Cuencapropia del Paraná Medio"
"CHAPETON";"CHAPETON";"PARANA";"2016";"20993.86";"3005";"Sistema Río Paraná";"Cuencapropia del Paraná Medio"
"CHAPETON";"CHAPETON";"PARANA";"2017";"17596.21";"3005";"Sistema Río Paraná";"Cuencapropia del Paraná Medio"
"CHAPETON";"CHAPETON";"PARANA";"2018";"17209.59";"3005";"Sistema Río Paraná";"Cuencapropia del Paraná Medio"
"CHAPETON";"CHAPETON";"PARANA";"2019";"16125.61";"3005";"Sistema Río Paraná";"Cuencapropia del Paraná Medio"
"CHAPETON";"CHAPETON";"PARANA";"2020";"11018.76";"3005";"Sistema Río Paraná";"Cuencapropia del Paraná Medio"
"CHAPETON - RIACHO ZAPATA";"CHAPETON - RIACHO ZAPATA";"PARANA";"1975";"3981.33";"3006";"Sistema Río Paraná";"Cuencapropia del Paraná Medio"
"CHAPETON - RIACHO ZAPATA";"CHAPETON - RIACHO ZAPATA";"PARANA";"1976";"4216.67";"3006";"Sistema Río Paraná";"Cuencapropia del Paraná Medio"
"CHAPETON - RIACHO ZAPATA";"CHAPETON - RIACHO ZAPATA";"PARANA";"1977";"4264.86";"3006";"Sistema Río Paraná";"Cuencapropia del Paraná Medio"
"CHAPETON - RIACHO ZAPATA";"CHAPETON - RIACHO ZAPATA";"PARANA";"1978";"3624.74";"3006";"Sistema Río Paraná";"Cuencapropia del Paraná Medio"
"CHAPETON - RIACHO ZAPATA";"CHAPETON - RIACHO ZAPATA";"PARANA";"1979";"4435.13";"3006";"Sistema Río Paraná";"Cuencapropia del Paraná Medio"
"CHAPETON - RIACHO ZAPATA";"CHAPETON - RIACHO ZAPATA";"PARANA";"1980";"4722.15";"3006";"Sistema Río Paraná";"Cuencapropia del Paraná Medio"
"CHAPETON - RIACHO ZAPATA";"CHAPETON - RIACHO ZAPATA";"PARANA";"1981";"4121.06";"3006";"Sistema Río Paraná";"Cuencapropia del Paraná Medio"
"CHAPETON - RIACHO ZAPATA";"CHAPETON - RIACHO ZAPATA";"PARANA";"1982";"5227.11";"3006";"Sistema Río Paraná";"Cuencapropia del Paraná Medio"
"CHAPETON - RIACHO ZAPATA";"CHAPETON - RIACHO ZAPATA";"PARANA";"1983";"6897.32";"3006";"Sistema Río Paraná";"Cuencapropia del Paraná Medio"
"CHAPETON - RIACHO ZAPATA";"CHAPETON - RIACHO ZAPATA";"PARANA";"1984";"4630.71";"3006";"Sistema Río Paraná";"Cuencapropia del Paraná Medio"
"CHAPETON - RIACHO ZAPATA";"CHAPETON - RIACHO ZAPATA";"PARANA";"1985";"4677.37";"3006";"Sistema Río Paraná";"Cuencapropia del Paraná Medio"
"CHAPETON - RIACHO ZAPATA";"CHAPETON - RIACHO ZAPATA";"PARANA";"1986";"4213.97";"3006";"Sistema Río Paraná";"Cuencapropia del Paraná Medio"
"CHAPETON - RIACHO ZAPATA";"CHAPETON - RIACHO ZAPATA";"PARANA";"1987";"4550.36";"3006";"Sistema Río Paraná";"Cuencapropia del Paraná Medio"
"CHAPETON - RIACHO ZAPATA";"CHAPETON - RIACHO ZAPATA";"PARANA";"1988";"4154.93";"3006";"Sistema Río Paraná";"Cuencapropia del Paraná Medio"
"CHAPETON - RIACHO ZAPATA";"CHAPETON - RIACHO ZAPATA";"PARANA";"1989";"4592.36";"3006";"Sistema Río Paraná";"Cuencapropia del Paraná Medio"
"CHAPETON - RIACHO ZAPATA";"CHAPETON - RIACHO ZAPATA";"PARANA";"1990";"5142.43";"3006";"Sistema Río Paraná";"Cuencapropia del Paraná Medio"
"CHAPETON - RIACHO ZAPATA";"CHAPETON - RIACHO ZAPATA";"PARANA";"1991";"4276.09";"3006";"Sistema Río Paraná";"Cuencapropia del Paraná Medio"
"CHAPETON - RIACHO ZAPATA";"CHAPETON - RIACHO ZAPATA";"PARANA";"1992";"5475.76";"3006";"Sistema Río Paraná";"Cuencapropia del Paraná Medio"
"CHAPETON - RIACHO ZAPATA";"CHAPETON - RIACHO ZAPATA";"PARANA";"1993";"4690.76";"3006";"Sistema Río Paraná";"Cuencapropia del Paraná Medio"
"CHAPETON - RIACHO ZAPATA";"CHAPETON - RIACHO ZAPATA";"PARANA";"1994";"4332.06";"3006";"Sistema Río Paraná";"Cuencapropia del Paraná Medio"
"CHAPETON - RIACHO ZAPATA";"CHAPETON - RIACHO ZAPATA";"PARANA";"1995";"4571.3";"3006";"Sistema Río Paraná";"Cuencapropia del Paraná Medio"
"CHAPETON - RIACHO ZAPATA";"CHAPETON - RIACHO ZAPATA";"PARANA";"1996";"4342.98";"3006";"Sistema Río Paraná";"Cuencapropia del Paraná Medio"
"CHAPETON - RIACHO ZAPATA";"CHAPETON - RIACHO ZAPATA";"PARANA";"1997";"5076.02";"3006";"Sistema Río Paraná";"Cuencapropia del Paraná Medio"
"CHAPETON - RIACHO ZAPATA";"CHAPETON - RIACHO ZAPATA";"PARANA";"1998";"5887.52";"3006";"Sistema Río Paraná";"Cuencapropia del Paraná Medio"
"CHAPETON - RIACHO ZAPATA";"CHAPETON - RIACHO ZAPATA";"PARANA";"1999";"4212.53";"3006";"Sistema Río Paraná";"Cuencapropia del Paraná Medio"
"CHAPETON - RIACHO ZAPATA";"CHAPETON - RIACHO ZAPATA";"PARANA";"2000";"3961.21";"3006";"Sistema Río Paraná";"Cuencapropia del Paraná Medio"
"CHAPETON - RIO COLORADO";"CHAPETON - RIO COLORADO";"PARANA";"1975";"1951.82";"3007";"Sistema Río Paraná";"Cuencapropia del Paraná Medio"
"CHAPETON - RIO COLORADO";"CHAPETON - RIO COLORADO";"PARANA";"1976";"2101.05";"3007";"Sistema Río Paraná";"Cuencapropia del Paraná Medio"
"CHAPETON - RIO COLORADO";"CHAPETON - RIO COLORADO";"PARANA";"1977";"2199.27";"3007";"Sistema Río Paraná";"Cuencapropia del Paraná Medio"
"CHAPETON - RIO COLORADO";"CHAPETON - RIO COLORADO";"PARANA";"1978";"1733.18";"3007";"Sistema Río Paraná";"Cuencapropia del Paraná Medio"
"CHAPETON - RIO COLORADO";"CHAPETON - RIO COLORADO";"PARANA";"1979";"2244.44";"3007";"Sistema Río Paraná";"Cuencapropia del Paraná Medio"
"CHAPETON - RIO COLORADO";"CHAPETON - RIO COLORADO";"PARANA";"1980";"2447.37";"3007";"Sistema Río Paraná";"Cuencapropia del Paraná Medio"
"CHAPETON - RIO COLORADO";"CHAPETON - RIO COLORADO";"PARANA";"1981";"2068.68";"3007";"Sistema Río Paraná";"Cuencapropia del Paraná Medio"
"CHAPETON - RIO COLORADO";"CHAPETON - RIO COLORADO";"PARANA";"1982";"2836.7";"3007";"Sistema Río Paraná";"Cuencapropia del Paraná Medio"
"CHAPETON - RIO COLORADO";"CHAPETON - RIO COLORADO";"PARANA";"1983";"4239.44";"3007";"Sistema Río Paraná";"Cuencapropia del Paraná Medio"
"CHAPETON - RIO COLORADO";"CHAPETON - RIO COLORADO";"PARANA";"1984";"2379.86";"3007";"Sistema Río Paraná";"Cuencapropia del Paraná Medio"
"CHAPETON - RIO COLORADO";"CHAPETON - RIO COLORADO";"PARANA";"1985";"2434.84";"3007";"Sistema Río Paraná";"Cuencapropia del Paraná Medio"
"CHAPETON - RIO COLORADO";"CHAPETON - RIO COLORADO";"PARANA";"1986";"2124.65";"3007";"Sistema Río Paraná";"Cuencapropia del Paraná Medio"
"CHAPETON - RIO COLORADO";"CHAPETON - RIO COLORADO";"PARANA";"1987";"2346.82";"3007";"Sistema Río Paraná";"Cuencapropia del Paraná Medio"
"CHAPETON - RIO COLORADO";"CHAPETON - RIO COLORADO";"PARANA";"1988";"2066.9";"3007";"Sistema Río Paraná";"Cuencapropia del Paraná Medio"
"CHAPETON - RIO COLORADO";"CHAPETON - RIO COLORADO";"PARANA";"1989";"2360.35";"3007";"Sistema Río Paraná";"Cuencapropia del Paraná Medio"
"CHAPETON - RIO COLORADO";"CHAPETON - RIO COLORADO";"PARANA";"1990";"2771.66";"3007";"Sistema Río Paraná";"Cuencapropia del Paraná Medio"
"CHAPETON - RIO COLORADO";"CHAPETON - RIO COLORADO";"PARANA";"1991";"2145.73";"3007";"Sistema Río Paraná";"Cuencapropia del Paraná Medio"
"CHAPETON - RIO COLORADO";"CHAPETON - RIO COLORADO";"PARANA";"1992";"3041.6";"3007";"Sistema Río Paraná";"Cuencapropia del Paraná Medio"
"CHAPETON - RIO COLORADO";"CHAPETON - RIO COLORADO";"PARANA";"1993";"2438.09";"3007";"Sistema Río Paraná";"Cuencapropia del Paraná Medio"
"CHAPETON - RIO COLORADO";"CHAPETON - RIO COLORADO";"PARANA";"1994";"2179.44";"3007";"Sistema Río Paraná";"Cuencapropia del Paraná Medio"
"CHAPETON - RIO COLORADO";"CHAPETON - RIO COLORADO";"PARANA";"1995";"2386.18";"3007";"Sistema Río Paraná";"Cuencapropia del Paraná Medio"
"CHAPETON - RIO COLORADO";"CHAPETON - RIO COLORADO";"PARANA";"1996";"2201.08";"3007";"Sistema Río Paraná";"Cuencapropia del Paraná Medio"
"CHAPETON - RIO COLORADO";"CHAPETON - RIO COLORADO";"PARANA";"1997";"2753.32";"3007";"Sistema Río Paraná";"Cuencapropia del Paraná Medio"
"CHAPETON - RIO COLORADO";"CHAPETON - RIO COLORADO";"PARANA";"1998";"3414.00";"3007";"Sistema Río Paraná";"Cuencapropia del Paraná Medio"
"CHAPETON - RIO COLORADO";"CHAPETON - RIO COLORADO";"PARANA";"1999";"2105.74";"3007";"Sistema Río Paraná";"Cuencapropia del Paraná Medio"
"CHAPETON - RIO COLORADO";"CHAPETON - RIO COLORADO";"PARANA";"2000";"1938.49";"3007";"Sistema Río Paraná";"Cuencapropia del Paraná Medio"
"CONCORDIA";"CONCORDIA";"YUQUERI GRANDE";"1991";"2.69";"3061";"Sistema Río Uruguay";"Cuencade los arroyos menores de EntreRíos afluentes del Río Uruguay"
"CONCORDIA";"CONCORDIA";"YUQUERI GRANDE";"1993";"6.9";"3061";"Sistema Río Uruguay";"Cuencade los arroyos menores de EntreRíos afluentes del Río Uruguay"
"CONCORDIA";"CONCORDIA";"YUQUERI GRANDE";"1994";"1.83";"3061";"Sistema Río Uruguay";"Cuencade los arroyos menores de EntreRíos afluentes del Río Uruguay"
"CONCORDIA";"CONCORDIA";"YUQUERI GRANDE";"1995";"0.84";"3061";"Sistema Río Uruguay";"Cuencade los arroyos menores de EntreRíos afluentes del Río Uruguay"
"CONCORDIA";"CONCORDIA";"YUQUERI GRANDE";"1996";"2.33";"3061";"Sistema Río Uruguay";"Cuencade los arroyos menores de EntreRíos afluentes del Río Uruguay"
"CONCORDIA";"CONCORDIA";"YUQUERI GRANDE";"1997";"0.6";"3061";"Sistema Río Uruguay";"Cuencade los arroyos menores de EntreRíos afluentes del Río Uruguay"
"CONCORDIA";"CONCORDIA";"YUQUERI GRANDE";"1998";"30.87";"3061";"Sistema Río Uruguay";"Cuencade los arroyos menores de EntreRíos afluentes del Río Uruguay"
"CONCORDIA";"CONCORDIA";"YUQUERI GRANDE";"1999";"5.45";"3061";"Sistema Río Uruguay";"Cuencade los arroyos menores de EntreRíos afluentes del Río Uruguay"
"CONCORDIA";"CONCORDIA";"YUQUERI GRANDE";"2000";"4.12";"3061";"Sistema Río Uruguay";"Cuencade los arroyos menores de EntreRíos afluentes del Río Uruguay"
"CONCORDIA";"CONCORDIA";"YUQUERI GRANDE";"2001";"7.88";"3061";"Sistema Río Uruguay";"Cuencade los arroyos menores de EntreRíos afluentes del Río Uruguay"
"CONCORDIA";"CONCORDIA";"YUQUERI GRANDE";"2002";"8.91";"3061";"Sistema Río Uruguay";"Cuencade los arroyos menores de EntreRíos afluentes del Río Uruguay"
"CONCORDIA";"CONCORDIA";"YUQUERI GRANDE";"2003";"6.6";"3061";"Sistema Río Uruguay";"Cuencade los arroyos menores de EntreRíos afluentes del Río Uruguay"
"CONCORDIA";"CONCORDIA";"YUQUERI GRANDE";"2004";"2.39";"3061";"Sistema Río Uruguay";"Cuencade los arroyos menores de EntreRíos afluentes del Río Uruguay"
"CONCORDIA";"CONCORDIA";"YUQUERI GRANDE";"2005";"6.82";"3061";"Sistema Río Uruguay";"Cuencade los arroyos menores de EntreRíos afluentes del Río Uruguay"
"CONCORDIA";"CONCORDIA";"YUQUERI GRANDE";"2006";"2.49";"3061";"Sistema Río Uruguay";"Cuencade los arroyos menores de EntreRíos afluentes del Río Uruguay"
"CONCORDIA";"CONCORDIA";"YUQUERI GRANDE";"2007";"7.14";"3061";"Sistema Río Uruguay";"Cuencade los arroyos menores de EntreRíos afluentes del Río Uruguay"
"CONCORDIA";"CONCORDIA";"YUQUERI GRANDE";"2008";"3.76";"3061";"Sistema Río Uruguay";"Cuencade los arroyos menores de EntreRíos afluentes del Río Uruguay"
"CONCORDIA";"CONCORDIA";"YUQUERI GRANDE";"2009";"7.74";"3061";"Sistema Río Uruguay";"Cuencade los arroyos menores de EntreRíos afluentes del Río Uruguay"
"CONCORDIA";"CONCORDIA";"YUQUERI GRANDE";"2010";"3.88";"3061";"Sistema Río Uruguay";"Cuencade los arroyos menores de EntreRíos afluentes del Río Uruguay"
"CONCORDIA";"CONCORDIA";"YUQUERI GRANDE";"2011";"0.9";"3061";"Sistema Río Uruguay";"Cuencade los arroyos menores de EntreRíos afluentes del Río Uruguay"
"CONCORDIA";"CONCORDIA";"YUQUERI GRANDE";"2012";"7.65";"3061";"Sistema Río Uruguay";"Cuencade los arroyos menores de EntreRíos afluentes del Río Uruguay"
"CONCORDIA";"CONCORDIA";"YUQUERI GRANDE";"2013";"3.6";"3061";"Sistema Río Uruguay";"Cuencade los arroyos menores de EntreRíos afluentes del Río Uruguay"
"CONCORDIA";"CONCORDIA";"YUQUERI GRANDE";"2014";"3.73";"3061";"Sistema Río Uruguay";"Cuencade los arroyos menores de EntreRíos afluentes del Río Uruguay"
"MARGARITA";"MARGARITA";"EL TOBA";"1976";"14.64";"3202";"Sistema Río Paraná";"Cuencadel Arroyo Saladillo y AfluentesMenores del Río San Javier"
"MARGARITA";"MARGARITA";"EL TOBA";"1977";"26.24";"3202";"Sistema Río Paraná";"Cuencadel Arroyo Saladillo y AfluentesMenores del Río San Javier"
"MARGARITA";"MARGARITA";"EL TOBA";"1978";"17.18";"3202";"Sistema Río Paraná";"Cuencadel Arroyo Saladillo y AfluentesMenores del Río San Javier"
"MARGARITA";"MARGARITA";"EL TOBA";"1979";"15.43";"3202";"Sistema Río Paraná";"Cuencadel Arroyo Saladillo y AfluentesMenores del Río San Javier"
"MARGARITA";"MARGARITA";"EL TOBA";"1980";"4.48";"3202";"Sistema Río Paraná";"Cuencadel Arroyo Saladillo y AfluentesMenores del Río San Javier"
"MARGARITA";"MARGARITA";"EL TOBA";"1981";"6.07";"3202";"Sistema Río Paraná";"Cuencadel Arroyo Saladillo y AfluentesMenores del Río San Javier"
"MARGARITA";"MARGARITA";"EL TOBA";"1982";"6.99";"3202";"Sistema Río Paraná";"Cuencadel Arroyo Saladillo y AfluentesMenores del Río San Javier"
"MARGARITA";"MARGARITA";"EL TOBA";"1983";"10.5";"3202";"Sistema Río Paraná";"Cuencadel Arroyo Saladillo y AfluentesMenores del Río San Javier"
"MARGARITA";"MARGARITA";"EL TOBA";"1984";"23.54";"3202";"Sistema Río Paraná";"Cuencadel Arroyo Saladillo y AfluentesMenores del Río San Javier"
"MARGARITA";"MARGARITA";"EL TOBA";"1985";"12.03";"3202";"Sistema Río Paraná";"Cuencadel Arroyo Saladillo y AfluentesMenores del Río San Javier"
"MARGARITA";"MARGARITA";"EL TOBA";"1986";"10.82";"3202";"Sistema Río Paraná";"Cuencadel Arroyo Saladillo y AfluentesMenores del Río San Javier"
"MARGARITA";"MARGARITA";"EL TOBA";"1987";"15.72";"3202";"Sistema Río Paraná";"Cuencadel Arroyo Saladillo y AfluentesMenores del Río San Javier"
"MARGARITA";"MARGARITA";"EL TOBA";"1988";"3.23";"3202";"Sistema Río Paraná";"Cuencadel Arroyo Saladillo y AfluentesMenores del Río San Javier"
"MARGARITA";"MARGARITA";"EL TOBA";"1989";"4.85";"3202";"Sistema Río Paraná";"Cuencadel Arroyo Saladillo y AfluentesMenores del Río San Javier"
"MARGARITA";"MARGARITA";"EL TOBA";"1990";"8.98";"3202";"Sistema Río Paraná";"Cuencadel Arroyo Saladillo y AfluentesMenores del Río San Javier"
"MARGARITA";"MARGARITA";"EL TOBA";"1991";"3.22";"3202";"Sistema Río Paraná";"Cuencadel Arroyo Saladillo y AfluentesMenores del Río San Javier"
"MARGARITA";"MARGARITA";"EL TOBA";"1992";"16.33";"3202";"Sistema Río Paraná";"Cuencadel Arroyo Saladillo y AfluentesMenores del Río San Javier"
"MARGARITA";"MARGARITA";"EL TOBA";"1993";"17.89";"3202";"Sistema Río Paraná";"Cuencadel Arroyo Saladillo y AfluentesMenores del Río San Javier"
"MARGARITA";"MARGARITA";"EL TOBA";"1994";"15.18";"3202";"Sistema Río Paraná";"Cuencadel Arroyo Saladillo y AfluentesMenores del Río San Javier"
"MARGARITA";"MARGARITA";"EL TOBA";"1995";"4.1";"3202";"Sistema Río Paraná";"Cuencadel Arroyo Saladillo y AfluentesMenores del Río San Javier"
"MARGARITA";"MARGARITA";"EL TOBA";"1996";"7.02";"3202";"Sistema Río Paraná";"Cuencadel Arroyo Saladillo y AfluentesMenores del Río San Javier"
"MARGARITA";"MARGARITA";"EL TOBA";"1997";"4.51";"3202";"Sistema Río Paraná";"Cuencadel Arroyo Saladillo y AfluentesMenores del Río San Javier"
"MARGARITA";"MARGARITA";"EL TOBA";"1998";"28.67";"3202";"Sistema Río Paraná";"Cuencadel Arroyo Saladillo y AfluentesMenores del Río San Javier"
"MARGARITA";"MARGARITA";"EL TOBA";"1999";"3.73";"3202";"Sistema Río Paraná";"Cuencadel Arroyo Saladillo y AfluentesMenores del Río San Javier"
"MARGARITA";"MARGARITA";"EL TOBA";"2000";"3.88";"3202";"Sistema Río Paraná";"Cuencadel Arroyo Saladillo y AfluentesMenores del Río San Javier"
"MARGARITA";"MARGARITA";"EL TOBA";"2001";"15.46";"3202";"Sistema Río Paraná";"Cuencadel Arroyo Saladillo y AfluentesMenores del Río San Javier"
"MARGARITA";"MARGARITA";"EL TOBA";"2002";"27.61";"3202";"Sistema Río Paraná";"Cuencadel Arroyo Saladillo y AfluentesMenores del Río San Javier"
"MARGARITA";"MARGARITA";"EL TOBA";"2003";"32.36";"3202";"Sistema Río Paraná";"Cuencadel Arroyo Saladillo y AfluentesMenores del Río San Javier"
"MARGARITA";"MARGARITA";"EL TOBA";"2004";"9.03";"3202";"Sistema Río Paraná";"Cuencadel Arroyo Saladillo y AfluentesMenores del Río San Javier"
"MARGARITA";"MARGARITA";"EL TOBA";"2005";"4.11";"3202";"Sistema Río Paraná";"Cuencadel Arroyo Saladillo y AfluentesMenores del Río San Javier"
"MARGARITA";"MARGARITA";"EL TOBA";"2006";"3.57";"3202";"Sistema Río Paraná";"Cuencadel Arroyo Saladillo y AfluentesMenores del Río San Javier"
"MARGARITA";"MARGARITA";"EL TOBA";"2007";"10.55";"3202";"Sistema Río Paraná";"Cuencadel Arroyo Saladillo y AfluentesMenores del Río San Javier"
"MARGARITA";"MARGARITA";"EL TOBA";"2008";"0.47";"3202";"Sistema Río Paraná";"Cuencadel Arroyo Saladillo y AfluentesMenores del Río San Javier"
"MARGARITA";"MARGARITA";"EL TOBA";"2009";"7.00";"3202";"Sistema Río Paraná";"Cuencadel Arroyo Saladillo y AfluentesMenores del Río San Javier"
"MARGARITA";"MARGARITA";"EL TOBA";"2010";"13.44";"3202";"Sistema Río Paraná";"Cuencadel Arroyo Saladillo y AfluentesMenores del Río San Javier"
"MARGARITA";"MARGARITA";"EL TOBA";"2011";"4.7";"3202";"Sistema Río Paraná";"Cuencadel Arroyo Saladillo y AfluentesMenores del Río San Javier"
"MARGARITA";"MARGARITA";"EL TOBA";"2012";"7.2";"3202";"Sistema Río Paraná";"Cuencadel Arroyo Saladillo y AfluentesMenores del Río San Javier"
"MARGARITA";"MARGARITA";"EL TOBA";"2013";"11.95";"3202";"Sistema Río Paraná";"Cuencadel Arroyo Saladillo y AfluentesMenores del Río San Javier"
"MARGARITA";"MARGARITA";"EL TOBA";"2014";"23.84";"3202";"Sistema Río Paraná";"Cuencadel Arroyo Saladillo y AfluentesMenores del Río San Javier"
"MARGARITA";"MARGARITA";"EL TOBA";"2015";"31.93";"3202";"Sistema Río Paraná";"Cuencadel Arroyo Saladillo y AfluentesMenores del Río San Javier"
"MARGARITA";"MARGARITA";"EL TOBA";"2016";"20.44";"3202";"Sistema Río Paraná";"Cuencadel Arroyo Saladillo y AfluentesMenores del Río San Javier"
"MARGARITA";"MARGARITA";"EL TOBA";"2017";"13.3";"3202";"Sistema Río Paraná";"Cuencadel Arroyo Saladillo y AfluentesMenores del Río San Javier"
"MARGARITA";"MARGARITA";"EL TOBA";"2018";"9.69";"3202";"Sistema Río Paraná";"Cuencadel Arroyo Saladillo y AfluentesMenores del Río San Javier"
"MARGARITA";"MARGARITA";"EL TOBA";"2019";"20.43";"3202";"Sistema Río Paraná";"Cuencadel Arroyo Saladillo y AfluentesMenores del Río San Javier"
"MARGARITA";"MARGARITA";"EL TOBA";"2020";"9.74";"3202";"Sistema Río Paraná";"Cuencadel Arroyo Saladillo y AfluentesMenores del Río San Javier"
"HELVECIA";"HELVECIA";"SAN JAVIER";"1970";"217.42";"3204";"Sistema Río Paraná";"Cuencapropia del Paraná Medio"
"HELVECIA";"HELVECIA";"SAN JAVIER";"1971";"306.31";"3204";"Sistema Río Paraná";"Cuencapropia del Paraná Medio"
"HELVECIA";"HELVECIA";"SAN JAVIER";"1972";"482.94";"3204";"Sistema Río Paraná";"Cuencapropia del Paraná Medio"
"HELVECIA";"HELVECIA";"SAN JAVIER";"1973";"872.4";"3204";"Sistema Río Paraná";"Cuencapropia del Paraná Medio"
"HELVECIA";"HELVECIA";"SAN JAVIER";"1974";"682.59";"3204";"Sistema Río Paraná";"Cuencapropia del Paraná Medio"
"HELVECIA";"HELVECIA";"SAN JAVIER";"1975";"416.51";"3204";"Sistema Río Paraná";"Cuencapropia del Paraná Medio"
"HELVECIA";"HELVECIA";"SAN JAVIER";"1976";"561.16";"3204";"Sistema Río Paraná";"Cuencapropia del Paraná Medio"
"HELVECIA";"HELVECIA";"SAN JAVIER";"1977";"774.41";"3204";"Sistema Río Paraná";"Cuencapropia del Paraná Medio"
"HELVECIA";"HELVECIA";"SAN JAVIER";"1978";"362.72";"3204";"Sistema Río Paraná";"Cuencapropia del Paraná Medio"
"HELVECIA";"HELVECIA";"SAN JAVIER";"1979";"647.57";"3204";"Sistema Río Paraná";"Cuencapropia del Paraná Medio"
"HELVECIA";"HELVECIA";"SAN JAVIER";"1980";"825.15";"3204";"Sistema Río Paraná";"Cuencapropia del Paraná Medio"
"HELVECIA";"HELVECIA";"SAN JAVIER";"1981";"584.52";"3204";"Sistema Río Paraná";"Cuencapropia del Paraná Medio"
"HELVECIA";"HELVECIA";"SAN JAVIER";"1982";"1277.92";"3204";"Sistema Río Paraná";"Cuencapropia del Paraná Medio"
"HELVECIA";"HELVECIA";"SAN JAVIER";"1983";"3072.15";"3204";"Sistema Río Paraná";"Cuencapropia del Paraná Medio"
"HELVECIA";"HELVECIA";"SAN JAVIER";"1984";"759.13";"3204";"Sistema Río Paraná";"Cuencapropia del Paraná Medio"
"HELVECIA";"HELVECIA";"SAN JAVIER";"1985";"932.42";"3204";"Sistema Río Paraná";"Cuencapropia del Paraná Medio"
"HELVECIA";"HELVECIA";"SAN JAVIER";"1986";"637.61";"3204";"Sistema Río Paraná";"Cuencapropia del Paraná Medio"
"HELVECIA";"HELVECIA";"SAN JAVIER";"1987";"767.65";"3204";"Sistema Río Paraná";"Cuencapropia del Paraná Medio"
"HELVECIA";"HELVECIA";"SAN JAVIER";"1988";"528.53";"3204";"Sistema Río Paraná";"Cuencapropia del Paraná Medio"
"HELVECIA";"HELVECIA";"SAN JAVIER";"1989";"744.7";"3204";"Sistema Río Paraná";"Cuencapropia del Paraná Medio"
"HELVECIA";"HELVECIA";"SAN JAVIER";"1990";"1078.62";"3204";"Sistema Río Paraná";"Cuencapropia del Paraná Medio"
"HELVECIA";"HELVECIA";"SAN JAVIER";"1991";"532.88";"3204";"Sistema Río Paraná";"Cuencapropia del Paraná Medio"
"HELVECIA";"HELVECIA";"SAN JAVIER";"1992";"1072.14";"3204";"Sistema Río Paraná";"Cuencapropia del Paraná Medio"
"HELVECIA";"HELVECIA";"SAN JAVIER";"1993";"736.06";"3204";"Sistema Río Paraná";"Cuencapropia del Paraná Medio"
"HELVECIA";"HELVECIA";"SAN JAVIER";"1994";"572.75";"3204";"Sistema Río Paraná";"Cuencapropia del Paraná Medio"
"HELVECIA";"HELVECIA";"SAN JAVIER";"1995";"815.47";"3204";"Sistema Río Paraná";"Cuencapropia del Paraná Medio"
"HELVECIA";"HELVECIA";"SAN JAVIER";"1996";"613.13";"3204";"Sistema Río Paraná";"Cuencapropia del Paraná Medio"
"HELVECIA";"HELVECIA";"SAN JAVIER";"1997";"1068.92";"3204";"Sistema Río Paraná";"Cuencapropia del Paraná Medio"
"HELVECIA";"HELVECIA";"SAN JAVIER";"1998";"1643.55";"3204";"Sistema Río Paraná";"Cuencapropia del Paraná Medio"
"HELVECIA";"HELVECIA";"SAN JAVIER";"1999";"560.5";"3204";"Sistema Río Paraná";"Cuencapropia del Paraná Medio"
"HELVECIA";"HELVECIA";"SAN JAVIER";"2000";"534.31";"3204";"Sistema Río Paraná";"Cuencapropia del Paraná Medio"
"HELVECIA";"HELVECIA";"SAN JAVIER";"2001";"701.51";"3204";"Sistema Río Paraná";"Cuencapropia del Paraná Medio"
"HELVECIA";"HELVECIA";"SAN JAVIER";"2002";"888.59";"3204";"Sistema Río Paraná";"Cuencapropia del Paraná Medio"
"HELVECIA";"HELVECIA";"SAN JAVIER";"2003";"855.93";"3204";"Sistema Río Paraná";"Cuencapropia del Paraná Medio"
"HELVECIA";"HELVECIA";"SAN JAVIER";"2004";"744.05";"3204";"Sistema Río Paraná";"Cuencapropia del Paraná Medio"
"HELVECIA";"HELVECIA";"SAN JAVIER";"2005";"747.84";"3204";"Sistema Río Paraná";"Cuencapropia del Paraná Medio"
"HELVECIA";"HELVECIA";"SAN JAVIER";"2006";"568.1";"3204";"Sistema Río Paraná";"Cuencapropia del Paraná Medio"
"HELVECIA";"HELVECIA";"SAN JAVIER";"2007";"960.44";"3204";"Sistema Río Paraná";"Cuencapropia del Paraná Medio"
"HELVECIA";"HELVECIA";"SAN JAVIER";"2008";"593.41";"3204";"Sistema Río Paraná";"Cuencapropia del Paraná Medio"
"HELVECIA";"HELVECIA";"SAN JAVIER";"2009";"675.36";"3204";"Sistema Río Paraná";"Cuencapropia del Paraná Medio"
"HELVECIA";"HELVECIA";"SAN JAVIER";"2010";"1190.45";"3204";"Sistema Río Paraná";"Cuencapropia del Paraná Medio"
"HELVECIA";"HELVECIA";"SAN JAVIER";"2011";"1012.77";"3204";"Sistema Río Paraná";"Cuencapropia del Paraná Medio"
"HELVECIA";"HELVECIA";"SAN JAVIER";"2012";"611.14";"3204";"Sistema Río Paraná";"Cuencapropia del Paraná Medio"
"HELVECIA";"HELVECIA";"SAN JAVIER";"2013";"858.24";"3204";"Sistema Río Paraná";"Cuencapropia del Paraná Medio"
"HELVECIA";"HELVECIA";"SAN JAVIER";"2014";"1065.09";"3204";"Sistema Río Paraná";"Cuencapropia del Paraná Medio"
"HELVECIA";"HELVECIA";"SAN JAVIER";"2015";"1021.46";"3204";"Sistema Río Paraná";"Cuencapropia del Paraná Medio"
"HELVECIA";"HELVECIA";"SAN JAVIER";"2016";"1588.63";"3204";"Sistema Río Paraná";"Cuencapropia del Paraná Medio"
"HELVECIA";"HELVECIA";"SAN JAVIER";"2017";"964.21";"3204";"Sistema Río Paraná";"Cuencapropia del Paraná Medio"
"HELVECIA";"HELVECIA";"SAN JAVIER";"2018";"937.12";"3204";"Sistema Río Paraná";"Cuencapropia del Paraná Medio"
"HELVECIA";"HELVECIA";"SAN JAVIER";"2019";"821.80";"3204";"Sistema Río Paraná";"Cuencapropia del Paraná Medio"
"HELVECIA";"HELVECIA";"SAN JAVIER";"2020";"240.05";"3204";"Sistema Río Paraná";"Cuencapropia del Paraná Medio"
"MOUSSY";"MOUSSY";"EL REY";"1970";"10.82";"3207";"Sistema Río Paraná";"Zona sin ríos ni arroyos de importanciaenSalta. Chaco. Santa Fe y Santiago del Estero"
"MOUSSY";"MOUSSY";"EL REY";"1971";"21.08";"3207";"Sistema Río Paraná";"Zona sin ríos ni arroyos de importanciaenSalta. Chaco. Santa Fe y Santiago del Estero"
"MOUSSY";"MOUSSY";"EL REY";"1972";"41.1";"3207";"Sistema Río Paraná";"Zona sin ríos ni arroyos de importanciaenSalta. Chaco. Santa Fe y Santiago del Estero"
"MOUSSY";"MOUSSY";"EL REY";"1973";"72.09";"3207";"Sistema Río Paraná";"Zona sin ríos ni arroyos de importanciaenSalta. Chaco. Santa Fe y Santiago del Estero"
"MOUSSY";"MOUSSY";"EL REY";"1974";"85.23";"3207";"Sistema Río Paraná";"Zona sin ríos ni arroyos de importanciaenSalta. Chaco. Santa Fe y Santiago del Estero"
"MOUSSY";"MOUSSY";"EL REY";"1975";"6.1";"3207";"Sistema Río Paraná";"Zona sin ríos ni arroyos de importanciaenSalta. Chaco. Santa Fe y Santiago del Estero"
"MOUSSY";"MOUSSY";"EL REY";"1976";"13.89";"3207";"Sistema Río Paraná";"Zona sin ríos ni arroyos de importanciaenSalta. Chaco. Santa Fe y Santiago del Estero"
"MOUSSY";"MOUSSY";"EL REY";"1977";"37.12";"3207";"Sistema Río Paraná";"Zona sin ríos ni arroyos de importanciaenSalta. Chaco. Santa Fe y Santiago del Estero"
"MOUSSY";"MOUSSY";"EL REY";"1981";"7.89";"3207";"Sistema Río Paraná";"Zona sin ríos ni arroyos de importanciaenSalta. Chaco. Santa Fe y Santiago del Estero"
"MOUSSY";"MOUSSY";"EL REY";"1982";"60.48";"3207";"Sistema Río Paraná";"Zona sin ríos ni arroyos de importanciaenSalta. Chaco. Santa Fe y Santiago del Estero"
"MOUSSY";"MOUSSY";"EL REY";"1983";"25.93";"3207";"Sistema Río Paraná";"Zona sin ríos ni arroyos de importanciaenSalta. Chaco. Santa Fe y Santiago del Estero"
"MOUSSY";"MOUSSY";"EL REY";"1984";"41.98";"3207";"Sistema Río Paraná";"Zona sin ríos ni arroyos de importanciaenSalta. Chaco. Santa Fe y Santiago del Estero"
"MOUSSY";"MOUSSY";"EL REY";"1985";"39.35";"3207";"Sistema Río Paraná";"Zona sin ríos ni arroyos de importanciaenSalta. Chaco. Santa Fe y Santiago del Estero"
"MOUSSY";"MOUSSY";"EL REY";"1986";"42.75";"3207";"Sistema Río Paraná";"Zona sin ríos ni arroyos de importanciaenSalta. Chaco. Santa Fe y Santiago del Estero"
"MOUSSY";"MOUSSY";"EL REY";"1987";"34.6";"3207";"Sistema Río Paraná";"Zona sin ríos ni arroyos de importanciaenSalta. Chaco. Santa Fe y Santiago del Estero"
"MOUSSY";"MOUSSY";"EL REY";"1988";"5.89";"3207";"Sistema Río Paraná";"Zona sin ríos ni arroyos de importanciaenSalta. Chaco. Santa Fe y Santiago del Estero"
"MOUSSY";"MOUSSY";"EL REY";"1989";"18.37";"3207";"Sistema Río Paraná";"Zona sin ríos ni arroyos de importanciaenSalta. Chaco. Santa Fe y Santiago del Estero"
"MOUSSY";"MOUSSY";"EL REY";"1990";"106.88";"3207";"Sistema Río Paraná";"Zona sin ríos ni arroyos de importanciaenSalta. Chaco. Santa Fe y Santiago del Estero"
"MOUSSY";"MOUSSY";"EL REY";"1991";"32.26";"3207";"Sistema Río Paraná";"Zona sin ríos ni arroyos de importanciaenSalta. Chaco. Santa Fe y Santiago del Estero"
"MOUSSY";"MOUSSY";"EL REY";"1992";"51.96";"3207";"Sistema Río Paraná";"Zona sin ríos ni arroyos de importanciaenSalta. Chaco. Santa Fe y Santiago del Estero"
"MOUSSY";"MOUSSY";"EL REY";"1993";"27.8";"3207";"Sistema Río Paraná";"Zona sin ríos ni arroyos de importanciaenSalta. Chaco. Santa Fe y Santiago del Estero"
"MOUSSY";"MOUSSY";"EL REY";"1994";"20.46";"3207";"Sistema Río Paraná";"Zona sin ríos ni arroyos de importanciaenSalta. Chaco. Santa Fe y Santiago del Estero"
"MOUSSY";"MOUSSY";"EL REY";"1995";"31.44";"3207";"Sistema Río Paraná";"Zona sin ríos ni arroyos de importanciaenSalta. Chaco. Santa Fe y Santiago del Estero"
"MOUSSY";"MOUSSY";"EL REY";"1996";"21.57";"3207";"Sistema Río Paraná";"Zona sin ríos ni arroyos de importanciaenSalta. Chaco. Santa Fe y Santiago del Estero"
"MOUSSY";"MOUSSY";"EL REY";"1997";"14.18";"3207";"Sistema Río Paraná";"Zona sin ríos ni arroyos de importanciaenSalta. Chaco. Santa Fe y Santiago del Estero"
"MOUSSY";"MOUSSY";"EL REY";"1998";"129.28";"3207";"Sistema Río Paraná";"Zona sin ríos ni arroyos de importanciaenSalta. Chaco. Santa Fe y Santiago del Estero"
"MOUSSY";"MOUSSY";"EL REY";"1999";"25.1";"3207";"Sistema Río Paraná";"Zona sin ríos ni arroyos de importanciaenSalta. Chaco. Santa Fe y Santiago del Estero"
"MOUSSY";"MOUSSY";"EL REY";"2000";"36.63";"3207";"Sistema Río Paraná";"Zona sin ríos ni arroyos de importanciaenSalta. Chaco. Santa Fe y Santiago del Estero"
"MOUSSY";"MOUSSY";"EL REY";"2001";"28.59";"3207";"Sistema Río Paraná";"Zona sin ríos ni arroyos de importanciaenSalta. Chaco. Santa Fe y Santiago del Estero"
"MOUSSY";"MOUSSY";"EL REY";"2002";"38.81";"3207";"Sistema Río Paraná";"Zona sin ríos ni arroyos de importanciaenSalta. Chaco. Santa Fe y Santiago del Estero"
"MOUSSY";"MOUSSY";"EL REY";"2003";"38.58";"3207";"Sistema Río Paraná";"Zona sin ríos ni arroyos de importanciaenSalta. Chaco. Santa Fe y Santiago del Estero"
"MOUSSY";"MOUSSY";"EL REY";"2004";"9.61";"3207";"Sistema Río Paraná";"Zona sin ríos ni arroyos de importanciaenSalta. Chaco. Santa Fe y Santiago del Estero"
"MOUSSY";"MOUSSY";"EL REY";"2005";"7.98";"3207";"Sistema Río Paraná";"Zona sin ríos ni arroyos de importanciaenSalta. Chaco. Santa Fe y Santiago del Estero"
"MOUSSY";"MOUSSY";"EL REY";"2006";"3.34";"3207";"Sistema Río Paraná";"Zona sin ríos ni arroyos de importanciaenSalta. Chaco. Santa Fe y Santiago del Estero"
"MOUSSY";"MOUSSY";"EL REY";"2007";"9.05";"3207";"Sistema Río Paraná";"Zona sin ríos ni arroyos de importanciaenSalta. Chaco. Santa Fe y Santiago del Estero"
"MOUSSY";"MOUSSY";"EL REY";"2008";"0.41";"3207";"Sistema Río Paraná";"Zona sin ríos ni arroyos de importanciaenSalta. Chaco. Santa Fe y Santiago del Estero"
"MOUSSY";"MOUSSY";"EL REY";"2009";"15.97";"3207";"Sistema Río Paraná";"Zona sin ríos ni arroyos de importanciaenSalta. Chaco. Santa Fe y Santiago del Estero"
"MOUSSY";"MOUSSY";"EL REY";"2010";"18.24";"3207";"Sistema Río Paraná";"Zona sin ríos ni arroyos de importanciaenSalta. Chaco. Santa Fe y Santiago del Estero"
"MOUSSY";"MOUSSY";"EL REY";"2011";"1.81";"3207";"Sistema Río Paraná";"Zona sin ríos ni arroyos de importanciaenSalta. Chaco. Santa Fe y Santiago del Estero"
"MOUSSY";"MOUSSY";"EL REY";"2012";"8.78";"3207";"Sistema Río Paraná";"Zona sin ríos ni arroyos de importanciaenSalta. Chaco. Santa Fe y Santiago del Estero"
"MOUSSY";"MOUSSY";"EL REY";"2013";"21.09";"3207";"Sistema Río Paraná";"Zona sin ríos ni arroyos de importanciaenSalta. Chaco. Santa Fe y Santiago del Estero"
"MOUSSY";"MOUSSY";"EL REY";"2014";"44.44";"3207";"Sistema Río Paraná";"Zona sin ríos ni arroyos de importanciaenSalta. Chaco. Santa Fe y Santiago del Estero"
"MOUSSY";"MOUSSY";"EL REY";"2015";"32.99";"3207";"Sistema Río Paraná";"Zona sin ríos ni arroyos de importanciaenSalta. Chaco. Santa Fe y Santiago del Estero"
"MOUSSY";"MOUSSY";"EL REY";"2016";"61.75";"3207";"Sistema Río Paraná";"Zona sin ríos ni arroyos de importanciaenSalta. Chaco. Santa Fe y Santiago del Estero"
"MOUSSY";"MOUSSY";"EL REY";"2017";"37.88";"3207";"Sistema Río Paraná";"Zona sin ríos ni arroyos de importanciaenSalta. Chaco. Santa Fe y Santiago del Estero"
"MOUSSY";"MOUSSY";"EL REY";"2018";"28.34";"3207";"Sistema Río Paraná";"Zona sin ríos ni arroyos de importanciaenSalta. Chaco. Santa Fe y Santiago del Estero"
"MOUSSY";"MOUSSY";"EL REY";"2019";"90.64";"3207";"Sistema Río Paraná";"Zona sin ríos ni arroyos de importanciaenSalta. Chaco. Santa Fe y Santiago del Estero"
"MOUSSY";"MOUSSY";"EL REY";"2020";"0.793";"3207";"Sistema Río Paraná";"Zona sin ríos ni arroyos de importanciaenSalta. Chaco. Santa Fe y Santiago del Estero"
"CIERRE LEYES RP Nº 002";"RUTA PROVINCIAL Nº 002";"CIERRE LEYES";"2019";"1224.92";"3221";"Sistema Río Paraná";"Cuencapropia del Paraná Medio"
"CIERRE LEYES RP Nº 003";"RUTA PROVINCIAL Nº 003";"CIERRE LEYES";"2020";"286.07";"3221";"Sistema Río Paraná";"Cuencapropia del Paraná Medio"
"CIERRE LEYES RP Nº 001";"RUTA PROVINCIAL Nº 001";"CIERRE LEYES";"1977";"574.3";"3222";"Sistema Río Paraná";"Cuencapropia del Paraná Medio"
"CIERRE LEYES RP Nº 001";"RUTA PROVINCIAL Nº 001";"CIERRE LEYES";"1978";"695.66";"3222";"Sistema Río Paraná";"Cuencapropia del Paraná Medio"
"CIERRE LEYES RP Nº 001";"RUTA PROVINCIAL Nº 001";"CIERRE LEYES";"1979";"1332.59";"3222";"Sistema Río Paraná";"Cuencapropia del Paraná Medio"
"CIERRE LEYES RP Nº 001";"RUTA PROVINCIAL Nº 001";"CIERRE LEYES";"1980";"1346.75";"3222";"Sistema Río Paraná";"Cuencapropia del Paraná Medio"
"CIERRE LEYES RP Nº 001";"RUTA PROVINCIAL Nº 001";"CIERRE LEYES";"1981";"1099.26";"3222";"Sistema Río Paraná";"Cuencapropia del Paraná Medio"
"CIERRE LEYES RP Nº 001";"RUTA PROVINCIAL Nº 001";"CIERRE LEYES";"1982";"2114.14";"3222";"Sistema Río Paraná";"Cuencapropia del Paraná Medio"
"CIERRE LEYES RP Nº 001";"RUTA PROVINCIAL Nº 001";"CIERRE LEYES";"1983";"5428.91";"3222";"Sistema Río Paraná";"Cuencapropia del Paraná Medio"
"CIERRE LEYES RP Nº 001";"RUTA PROVINCIAL Nº 001";"CIERRE LEYES";"1984";"1499.04";"3222";"Sistema Río Paraná";"Cuencapropia del Paraná Medio"
"CIERRE LEYES RP Nº 001";"RUTA PROVINCIAL Nº 001";"CIERRE LEYES";"1985";"1691.37";"3222";"Sistema Río Paraná";"Cuencapropia del Paraná Medio"
"CIERRE LEYES RP Nº 001";"RUTA PROVINCIAL Nº 001";"CIERRE LEYES";"1986";"1306.83";"3222";"Sistema Río Paraná";"Cuencapropia del Paraná Medio"
"CIERRE LEYES RP Nº 001";"RUTA PROVINCIAL Nº 001";"CIERRE LEYES";"1987";"1553.49";"3222";"Sistema Río Paraná";"Cuencapropia del Paraná Medio"
"CIERRE LEYES RP Nº 001";"RUTA PROVINCIAL Nº 001";"CIERRE LEYES";"1988";"1156.27";"3222";"Sistema Río Paraná";"Cuencapropia del Paraná Medio"
"CIERRE LEYES RP Nº 001";"RUTA PROVINCIAL Nº 001";"CIERRE LEYES";"1989";"1478.15";"3222";"Sistema Río Paraná";"Cuencapropia del Paraná Medio"
"CIERRE LEYES RP Nº 001";"RUTA PROVINCIAL Nº 001";"CIERRE LEYES";"1990";"2256.45";"3222";"Sistema Río Paraná";"Cuencapropia del Paraná Medio"
"CIERRE LEYES RP Nº 001";"RUTA PROVINCIAL Nº 001";"CIERRE LEYES";"1991";"1181.13";"3222";"Sistema Río Paraná";"Cuencapropia del Paraná Medio"
"CIERRE LEYES RP Nº 001";"RUTA PROVINCIAL Nº 001";"CIERRE LEYES";"1992";"3156.56";"3222";"Sistema Río Paraná";"Cuencapropia del Paraná Medio"
"CIERRE LEYES RP Nº 001";"RUTA PROVINCIAL Nº 001";"CIERRE LEYES";"1993";"1674.19";"3222";"Sistema Río Paraná";"Cuencapropia del Paraná Medio"
"CIERRE LEYES RP Nº 001";"RUTA PROVINCIAL Nº 001";"CIERRE LEYES";"1994";"1245.95";"3222";"Sistema Río Paraná";"Cuencapropia del Paraná Medio"
"CIERRE LEYES RP Nº 001";"RUTA PROVINCIAL Nº 001";"CIERRE LEYES";"1995";"1645.05";"3222";"Sistema Río Paraná";"Cuencapropia del Paraná Medio"
"CIERRE LEYES RP Nº 001";"RUTA PROVINCIAL Nº 001";"CIERRE LEYES";"1996";"1318.43";"3222";"Sistema Río Paraná";"Cuencapropia del Paraná Medio"
"CIERRE LEYES RP Nº 001";"RUTA PROVINCIAL Nº 001";"CIERRE LEYES";"1997";"2315.31";"3222";"Sistema Río Paraná";"Cuencapropia del Paraná Medio"
"CIERRE LEYES RP Nº 001";"RUTA PROVINCIAL Nº 001";"CIERRE LEYES";"1998";"4191.38";"3222";"Sistema Río Paraná";"Cuencapropia del Paraná Medio"
"CIERRE LEYES RP Nº 001";"RUTA PROVINCIAL Nº 001";"CIERRE LEYES";"1999";"1207.38";"3222";"Sistema Río Paraná";"Cuencapropia del Paraná Medio"
"CIERRE LEYES RP Nº 001";"RUTA PROVINCIAL Nº 001";"CIERRE LEYES";"2000";"950.88";"3222";"Sistema Río Paraná";"Cuencapropia del Paraná Medio"
"PUEBLO ANDINO";"PUEBLO ANDINO";"CARCARAÑÁ";"1980";"51.46";"3223";"Sistema Río Paraná";"Cuencadel Rio Carcarañá"
"PUEBLO ANDINO";"PUEBLO ANDINO";"CARCARAÑÁ";"1981";"91.27";"3223";"Sistema Río Paraná";"Cuencadel Rio Carcarañá"
"PUEBLO ANDINO";"PUEBLO ANDINO";"CARCARAÑÁ";"1982";"59.38";"3223";"Sistema Río Paraná";"Cuencadel Rio Carcarañá"
"PUEBLO ANDINO";"PUEBLO ANDINO";"CARCARAÑÁ";"1983";"56.03";"3223";"Sistema Río Paraná";"Cuencadel Rio Carcarañá"
"PUEBLO ANDINO";"PUEBLO ANDINO";"CARCARAÑÁ";"1984";"105.24";"3223";"Sistema Río Paraná";"Cuencadel Rio Carcarañá"
"PUEBLO ANDINO";"PUEBLO ANDINO";"CARCARAÑÁ";"1985";"78.06";"3223";"Sistema Río Paraná";"Cuencadel Rio Carcarañá"
"PUEBLO ANDINO";"PUEBLO ANDINO";"CARCARAÑÁ";"1986";"72.29";"3223";"Sistema Río Paraná";"Cuencadel Rio Carcarañá"
"PUEBLO ANDINO";"PUEBLO ANDINO";"CARCARAÑÁ";"1987";"74.46";"3223";"Sistema Río Paraná";"Cuencadel Rio Carcarañá"
"PUEBLO ANDINO";"PUEBLO ANDINO";"CARCARAÑÁ";"1988";"74.43";"3223";"Sistema Río Paraná";"Cuencadel Rio Carcarañá"
"PUEBLO ANDINO";"PUEBLO ANDINO";"CARCARAÑÁ";"1989";"42.16";"3223";"Sistema Río Paraná";"Cuencadel Rio Carcarañá"
"PUEBLO ANDINO";"PUEBLO ANDINO";"CARCARAÑÁ";"1990";"71.47";"3223";"Sistema Río Paraná";"Cuencadel Rio Carcarañá"
"PUEBLO ANDINO";"PUEBLO ANDINO";"CARCARAÑÁ";"1991";"113.08";"3223";"Sistema Río Paraná";"Cuencadel Rio Carcarañá"
"PUEBLO ANDINO";"PUEBLO ANDINO";"CARCARAÑÁ";"1993";"107.92";"3223";"Sistema Río Paraná";"Cuencadel Rio Carcarañá"
"PUEBLO ANDINO";"PUEBLO ANDINO";"CARCARAÑÁ";"1994";"89.44";"3223";"Sistema Río Paraná";"Cuencadel Rio Carcarañá"
"PUEBLO ANDINO";"PUEBLO ANDINO";"CARCARAÑÁ";"1995";"50.57";"3223";"Sistema Río Paraná";"Cuencadel Rio Carcarañá"
"PUEBLO ANDINO";"PUEBLO ANDINO";"CARCARAÑÁ";"1996";"57.67";"3223";"Sistema Río Paraná";"Cuencadel Rio Carcarañá"
"PUEBLO ANDINO";"PUEBLO ANDINO";"CARCARAÑÁ";"1997";"32.11";"3223";"Sistema Río Paraná";"Cuencadel Rio Carcarañá"
"PUEBLO ANDINO";"PUEBLO ANDINO";"CARCARAÑÁ";"1998";"101.62";"3223";"Sistema Río Paraná";"Cuencadel Rio Carcarañá"
"PUEBLO ANDINO";"PUEBLO ANDINO";"CARCARAÑÁ";"1999";"92.51";"3223";"Sistema Río Paraná";"Cuencadel Rio Carcarañá"
"PUEBLO ANDINO";"PUEBLO ANDINO";"CARCARAÑÁ";"2000";"114.67";"3223";"Sistema Río Paraná";"Cuencadel Rio Carcarañá"
"PUEBLO ANDINO";"PUEBLO ANDINO";"CARCARAÑÁ";"2001";"133.22";"3223";"Sistema Río Paraná";"Cuencadel Rio Carcarañá"
"PUEBLO ANDINO";"PUEBLO ANDINO";"CARCARAÑÁ";"2002";"139.26";"3223";"Sistema Río Paraná";"Cuencadel Rio Carcarañá"
"PUEBLO ANDINO";"PUEBLO ANDINO";"CARCARAÑÁ";"2003";"75.75";"3223";"Sistema Río Paraná";"Cuencadel Rio Carcarañá"
"PUEBLO ANDINO";"PUEBLO ANDINO";"CARCARAÑÁ";"2004";"70.73";"3223";"Sistema Río Paraná";"Cuencadel Rio Carcarañá"
"PUEBLO ANDINO";"PUEBLO ANDINO";"CARCARAÑÁ";"2005";"72.37";"3223";"Sistema Río Paraná";"Cuencadel Rio Carcarañá"
"PUEBLO ANDINO";"PUEBLO ANDINO";"CARCARAÑÁ";"2006";"64.16";"3223";"Sistema Río Paraná";"Cuencadel Rio Carcarañá"
"PUEBLO ANDINO";"PUEBLO ANDINO";"CARCARAÑÁ";"2007";"125.6";"3223";"Sistema Río Paraná";"Cuencadel Rio Carcarañá"
"PUEBLO ANDINO";"PUEBLO ANDINO";"CARCARAÑÁ";"2008";"51.41";"3223";"Sistema Río Paraná";"Cuencadel Rio Carcarañá"
"PUEBLO ANDINO";"PUEBLO ANDINO";"CARCARAÑÁ";"2009";"51.52";"3223";"Sistema Río Paraná";"Cuencadel Rio Carcarañá"
"PUEBLO ANDINO";"PUEBLO ANDINO";"CARCARAÑÁ";"2010";"88.52";"3223";"Sistema Río Paraná";"Cuencadel Rio Carcarañá"
"PUEBLO ANDINO";"PUEBLO ANDINO";"CARCARAÑÁ";"2011";"43.29";"3223";"Sistema Río Paraná";"Cuencadel Rio Carcarañá"
"PUEBLO ANDINO";"PUEBLO ANDINO";"CARCARAÑÁ";"2012";"138.27";"3223";"Sistema Río Paraná";"Cuencadel Rio Carcarañá"
"PUEBLO ANDINO";"PUEBLO ANDINO";"CARCARAÑÁ";"2013";"82.3";"3223";"Sistema Río Paraná";"Cuencadel Rio Carcarañá"
"PUEBLO ANDINO";"PUEBLO ANDINO";"CARCARAÑÁ";"2014";"117.54";"3223";"Sistema Río Paraná";"Cuencadel Rio Carcarañá"
"PUEBLO ANDINO";"PUEBLO ANDINO";"CARCARAÑÁ";"2015";"197.07";"3223";"Sistema Río Paraná";"Cuencadel Rio Carcarañá"
"PUEBLO ANDINO";"PUEBLO ANDINO";"CARCARAÑÁ";"2016";"212.18";"3223";"Sistema Río Paraná";"Cuencadel Rio Carcarañá"
"PUEBLO ANDINO";"PUEBLO ANDINO";"CARCARAÑÁ";"2017";"106.52";"3223";"Sistema Río Paraná";"Cuencadel Rio Carcarañá"
"PUEBLO ANDINO";"PUEBLO ANDINO";"CARCARAÑÁ";"2018";"66.25";"3223";"Sistema Río Paraná";"Cuencadel Rio Carcarañá"
"PUEBLO ANDINO";"PUEBLO ANDINO";"CARCARAÑÁ";"2019";"116.09";"3223";"Sistema Río Paraná";"Cuencadel Rio Carcarañá"
"PUEBLO ANDINO";"PUEBLO ANDINO";"CARCARAÑÁ";"2020";"63.98";"3223";"Sistema Río Paraná";"Cuencadel Rio Carcarañá"
"AUTOPISTA";"AUTOPISTA";"COLASTINÉ";"1984";"2.97";"3247";"Sistema Río Paraná";"Cuencadel Rio Colastine. Corralito y otros"
"AUTOPISTA";"AUTOPISTA";"COLASTINÉ";"1985";"2.11";"3247";"Sistema Río Paraná";"Cuencadel Rio Colastine. Corralito y otros"
"AUTOPISTA";"AUTOPISTA";"COLASTINÉ";"1986";"3.34";"3247";"Sistema Río Paraná";"Cuencadel Rio Colastine. Corralito y otros"
"AUTOPISTA";"AUTOPISTA";"COLASTINÉ";"1987";"4.51";"3247";"Sistema Río Paraná";"Cuencadel Rio Colastine. Corralito y otros"
"AUTOPISTA";"AUTOPISTA";"COLASTINÉ";"1988";"3.1";"3247";"Sistema Río Paraná";"Cuencadel Rio Colastine. Corralito y otros"
"AUTOPISTA";"AUTOPISTA";"COLASTINÉ";"1989";"1.96";"3247";"Sistema Río Paraná";"Cuencadel Rio Colastine. Corralito y otros"
"AUTOPISTA";"AUTOPISTA";"COLASTINÉ";"1990";"6.58";"3247";"Sistema Río Paraná";"Cuencadel Rio Colastine. Corralito y otros"
"AUTOPISTA";"AUTOPISTA";"COLASTINÉ";"1991";"13.52";"3247";"Sistema Río Paraná";"Cuencadel Rio Colastine. Corralito y otros"
"AUTOPISTA";"AUTOPISTA";"COLASTINÉ";"1992";"9.38";"3247";"Sistema Río Paraná";"Cuencadel Rio Colastine. Corralito y otros"
"AUTOPISTA";"AUTOPISTA";"COLASTINÉ";"1993";"10.57";"3247";"Sistema Río Paraná";"Cuencadel Rio Colastine. Corralito y otros"
"AUTOPISTA";"AUTOPISTA";"COLASTINÉ";"1994";"3.03";"3247";"Sistema Río Paraná";"Cuencadel Rio Colastine. Corralito y otros"
"AUTOPISTA";"AUTOPISTA";"COLASTINÉ";"1995";"3.97";"3247";"Sistema Río Paraná";"Cuencadel Rio Colastine. Corralito y otros"
"AUTOPISTA";"AUTOPISTA";"COLASTINÉ";"1996";"2.74";"3247";"Sistema Río Paraná";"Cuencadel Rio Colastine. Corralito y otros"
"AUTOPISTA";"AUTOPISTA";"COLASTINÉ";"1997";"2.81";"3247";"Sistema Río Paraná";"Cuencadel Rio Colastine. Corralito y otros"
"AUTOPISTA";"AUTOPISTA";"COLASTINÉ";"1998";"5.32";"3247";"Sistema Río Paraná";"Cuencadel Rio Colastine. Corralito y otros"
"AUTOPISTA";"AUTOPISTA";"COLASTINÉ";"1999";"9.02";"3247";"Sistema Río Paraná";"Cuencadel Rio Colastine. Corralito y otros"
"AUTOPISTA";"AUTOPISTA";"COLASTINÉ";"2017";"29.32";"3247";"Sistema Río Paraná";"Cuencadel Rio Colastine. Corralito y otros"
"RUTA NACIONAL Nº 168";"RUTA NACIONAL Nº 168";"COLASTINÉ";"1970";"1235.94";"3249";"Sistema Río Paraná";"Cuencapropia del Paraná Medio"
"RUTA NACIONAL Nº 168";"RUTA NACIONAL Nº 168";"COLASTINÉ";"1971";"1469.59";"3249";"Sistema Río Paraná";"Cuencapropia del Paraná Medio"
"RUTA NACIONAL Nº 168";"RUTA NACIONAL Nº 168";"COLASTINÉ";"1972";"1667.47";"3249";"Sistema Río Paraná";"Cuencapropia del Paraná Medio"
"RUTA NACIONAL Nº 168";"RUTA NACIONAL Nº 168";"COLASTINÉ";"1973";"2121.61";"3249";"Sistema Río Paraná";"Cuencapropia del Paraná Medio"
"RUTA NACIONAL Nº 168";"RUTA NACIONAL Nº 168";"COLASTINÉ";"1974";"1867.54";"3249";"Sistema Río Paraná";"Cuencapropia del Paraná Medio"
"RUTA NACIONAL Nº 168";"RUTA NACIONAL Nº 168";"COLASTINÉ";"1975";"1578.4";"3249";"Sistema Río Paraná";"Cuencapropia del Paraná Medio"
"RUTA NACIONAL Nº 168";"RUTA NACIONAL Nº 168";"COLASTINÉ";"1976";"1764.4";"3249";"Sistema Río Paraná";"Cuencapropia del Paraná Medio"
"RUTA NACIONAL Nº 168";"RUTA NACIONAL Nº 168";"COLASTINÉ";"1977";"1928.87";"3249";"Sistema Río Paraná";"Cuencapropia del Paraná Medio"
"RUTA NACIONAL Nº 168";"RUTA NACIONAL Nº 168";"COLASTINÉ";"1978";"1531.16";"3249";"Sistema Río Paraná";"Cuencapropia del Paraná Medio"
"RUTA NACIONAL Nº 168";"RUTA NACIONAL Nº 168";"COLASTINÉ";"1979";"1923.36";"3249";"Sistema Río Paraná";"Cuencapropia del Paraná Medio"
"RUTA NACIONAL Nº 168";"RUTA NACIONAL Nº 168";"COLASTINÉ";"1980";"2211.25";"3249";"Sistema Río Paraná";"Cuencapropia del Paraná Medio"
"RUTA NACIONAL Nº 168";"RUTA NACIONAL Nº 168";"COLASTINÉ";"1981";"1839.75";"3249";"Sistema Río Paraná";"Cuencapropia del Paraná Medio"
"RUTA NACIONAL Nº 168";"RUTA NACIONAL Nº 168";"COLASTINÉ";"1982";"2520.89";"3249";"Sistema Río Paraná";"Cuencapropia del Paraná Medio"
"RUTA NACIONAL Nº 168";"RUTA NACIONAL Nº 168";"COLASTINÉ";"1983";"4311.67";"3249";"Sistema Río Paraná";"Cuencapropia del Paraná Medio"
"RUTA NACIONAL Nº 168";"RUTA NACIONAL Nº 168";"COLASTINÉ";"1984";"2151.17";"3249";"Sistema Río Paraná";"Cuencapropia del Paraná Medio"
"RUTA NACIONAL Nº 168";"RUTA NACIONAL Nº 168";"COLASTINÉ";"1985";"2056.00";"3249";"Sistema Río Paraná";"Cuencapropia del Paraná Medio"
"RUTA NACIONAL Nº 168";"RUTA NACIONAL Nº 168";"COLASTINÉ";"1987";"2458.5";"3249";"Sistema Río Paraná";"Cuencapropia del Paraná Medio"
"RUTA NACIONAL Nº 168";"RUTA NACIONAL Nº 168";"COLASTINÉ";"1988";"1672.44";"3249";"Sistema Río Paraná";"Cuencapropia del Paraná Medio"
"RUTA NACIONAL Nº 168";"RUTA NACIONAL Nº 168";"COLASTINÉ";"1989";"2276.5";"3249";"Sistema Río Paraná";"Cuencapropia del Paraná Medio"
"RUTA NACIONAL Nº 168";"RUTA NACIONAL Nº 168";"COLASTINÉ";"1990";"2765.5";"3249";"Sistema Río Paraná";"Cuencapropia del Paraná Medio"
"RUTA NACIONAL Nº 168";"RUTA NACIONAL Nº 168";"COLASTINÉ";"1991";"1802.38";"3249";"Sistema Río Paraná";"Cuencapropia del Paraná Medio"
"RUTA NACIONAL Nº 168";"RUTA NACIONAL Nº 168";"COLASTINÉ";"1992";"2784.09";"3249";"Sistema Río Paraná";"Cuencapropia del Paraná Medio"
"RUTA NACIONAL Nº 168";"RUTA NACIONAL Nº 168";"COLASTINÉ";"1993";"2055.86";"3249";"Sistema Río Paraná";"Cuencapropia del Paraná Medio"
"RUTA NACIONAL Nº 168";"RUTA NACIONAL Nº 168";"COLASTINÉ";"1994";"1862.5";"3249";"Sistema Río Paraná";"Cuencapropia del Paraná Medio"
"RUTA NACIONAL Nº 168";"RUTA NACIONAL Nº 168";"COLASTINÉ";"1995";"2085.94";"3249";"Sistema Río Paraná";"Cuencapropia del Paraná Medio"
"RUTA NACIONAL Nº 168";"RUTA NACIONAL Nº 168";"COLASTINÉ";"1996";"1925.37";"3249";"Sistema Río Paraná";"Cuencapropia del Paraná Medio"
"RUTA NACIONAL Nº 168";"RUTA NACIONAL Nº 168";"COLASTINÉ";"1997";"2427.76";"3249";"Sistema Río Paraná";"Cuencapropia del Paraná Medio"
"RUTA NACIONAL Nº 168";"RUTA NACIONAL Nº 168";"COLASTINÉ";"1998";"3275.51";"3249";"Sistema Río Paraná";"Cuencapropia del Paraná Medio"
"RUTA NACIONAL Nº 168";"RUTA NACIONAL Nº 168";"COLASTINÉ";"1999";"1769.53";"3249";"Sistema Río Paraná";"Cuencapropia del Paraná Medio"
"RUTA NACIONAL Nº 168";"RUTA NACIONAL Nº 168";"COLASTINÉ";"2000";"1742.23";"3249";"Sistema Río Paraná";"Cuencapropia del Paraná Medio"
"RUTA NACIONAL Nº 168";"RUTA NACIONAL Nº 168";"COLASTINÉ";"2001";"1840.18";"3249";"Sistema Río Paraná";"Cuencapropia del Paraná Medio"
"RUTA NACIONAL Nº 168";"RUTA NACIONAL Nº 168";"COLASTINÉ";"2002";"2135.91";"3249";"Sistema Río Paraná";"Cuencapropia del Paraná Medio"
"RUTA NACIONAL Nº 168";"RUTA NACIONAL Nº 168";"COLASTINÉ";"2003";"1915.74";"3249";"Sistema Río Paraná";"Cuencapropia del Paraná Medio"
"RUTA NACIONAL Nº 168";"RUTA NACIONAL Nº 168";"COLASTINÉ";"2004";"1732.23";"3249";"Sistema Río Paraná";"Cuencapropia del Paraná Medio"
"RUTA NACIONAL Nº 168";"RUTA NACIONAL Nº 168";"COLASTINÉ";"2005";"1828.32";"3249";"Sistema Río Paraná";"Cuencapropia del Paraná Medio"
"RUTA NACIONAL Nº 168";"RUTA NACIONAL Nº 168";"COLASTINÉ";"2006";"1649.39";"3249";"Sistema Río Paraná";"Cuencapropia del Paraná Medio"
"RUTA NACIONAL Nº 168";"RUTA NACIONAL Nº 168";"COLASTINÉ";"2007";"2117.01";"3249";"Sistema Río Paraná";"Cuencapropia del Paraná Medio"
"RUTA NACIONAL Nº 168";"RUTA NACIONAL Nº 168";"COLASTINÉ";"2008";"1740.82";"3249";"Sistema Río Paraná";"Cuencapropia del Paraná Medio"
"RUTA NACIONAL Nº 168";"RUTA NACIONAL Nº 168";"COLASTINÉ";"2009";"1891.28";"3249";"Sistema Río Paraná";"Cuencapropia del Paraná Medio"
"RUTA NACIONAL Nº 168";"RUTA NACIONAL Nº 168";"COLASTINÉ";"2010";"2363.45";"3249";"Sistema Río Paraná";"Cuencapropia del Paraná Medio"
"RUTA NACIONAL Nº 168";"RUTA NACIONAL Nº 168";"COLASTINÉ";"2011";"2268.73";"3249";"Sistema Río Paraná";"Cuencapropia del Paraná Medio"
"RUTA NACIONAL Nº 168";"RUTA NACIONAL Nº 168";"COLASTINÉ";"2012";"1697.53";"3249";"Sistema Río Paraná";"Cuencapropia del Paraná Medio"
"RUTA NACIONAL Nº 168";"RUTA NACIONAL Nº 168";"COLASTINÉ";"2013";"1947.02";"3249";"Sistema Río Paraná";"Cuencapropia del Paraná Medio"
"RUTA NACIONAL Nº 168";"RUTA NACIONAL Nº 168";"COLASTINÉ";"2014";"2231.8";"3249";"Sistema Río Paraná";"Cuencapropia del Paraná Medio"
"RUTA NACIONAL Nº 168";"RUTA NACIONAL Nº 168";"COLASTINÉ";"2015";"2062.87";"3249";"Sistema Río Paraná";"Cuencapropia del Paraná Medio"
"RUTA NACIONAL Nº 168";"RUTA NACIONAL Nº 168";"COLASTINÉ";"2016";"2612.66";"3249";"Sistema Río Paraná";"Cuencapropia del Paraná Medio"
"RUTA NACIONAL Nº 168";"RUTA NACIONAL Nº 168";"COLASTINÉ";"2017";"2069.12";"3249";"Sistema Río Paraná";"Cuencapropia del Paraná Medio"
"RUTA NACIONAL Nº 168";"RUTA NACIONAL Nº 168";"COLASTINÉ";"2018";"1950.1";"3249";"Sistema Río Paraná";"Cuencapropia del Paraná Medio"
"RUTA NACIONAL Nº 168";"RUTA NACIONAL Nº 168";"COLASTINÉ";"2019";"1807.90";"3249";"Sistema Río Paraná";"Cuencapropia del Paraná Medio"
"RUTA NACIONAL Nº 168";"RUTA NACIONAL Nº 168";"COLASTINÉ";"2020";"977.64";"3249";"Sistema Río Paraná";"Cuencapropia del Paraná Medio"
"LA EMILIA";"LA EMILIA";"DEL MEDIO";"1993";"20.72";"3260";"Sistema Río Paraná";"Cuencade Arroyos del SE de Santa Fe yNorte de Buenos Aires"
"LA EMILIA";"LA EMILIA";"DEL MEDIO";"1994";"4.69";"3260";"Sistema Río Paraná";"Cuencade Arroyos del SE de Santa Fe yNorte de Buenos Aires"
"LA EMILIA";"LA EMILIA";"DEL MEDIO";"1995";"5.1";"3260";"Sistema Río Paraná";"Cuencade Arroyos del SE de Santa Fe yNorte de Buenos Aires"
"LA EMILIA";"LA EMILIA";"DEL MEDIO";"1996";"2.29";"3260";"Sistema Río Paraná";"Cuencade Arroyos del SE de Santa Fe yNorte de Buenos Aires"
"LA EMILIA";"LA EMILIA";"DEL MEDIO";"1997";"3.99";"3260";"Sistema Río Paraná";"Cuencade Arroyos del SE de Santa Fe yNorte de Buenos Aires"
"LA EMILIA";"LA EMILIA";"DEL MEDIO";"1998";"4.48";"3260";"Sistema Río Paraná";"Cuencade Arroyos del SE de Santa Fe yNorte de Buenos Aires"
"LA EMILIA";"LA EMILIA";"DEL MEDIO";"1999";"4.29";"3260";"Sistema Río Paraná";"Cuencade Arroyos del SE de Santa Fe yNorte de Buenos Aires"
"LA EMILIA";"LA EMILIA";"DEL MEDIO";"2000";"12.85";"3260";"Sistema Río Paraná";"Cuencade Arroyos del SE de Santa Fe yNorte de Buenos Aires"
"LA EMILIA";"LA EMILIA";"DEL MEDIO";"2001";"20.23";"3260";"Sistema Río Paraná";"Cuencade Arroyos del SE de Santa Fe yNorte de Buenos Aires"
"LA EMILIA";"LA EMILIA";"DEL MEDIO";"2002";"21.97";"3260";"Sistema Río Paraná";"Cuencade Arroyos del SE de Santa Fe yNorte de Buenos Aires"
"LA EMILIA";"LA EMILIA";"DEL MEDIO";"2003";"16.24";"3260";"Sistema Río Paraná";"Cuencade Arroyos del SE de Santa Fe yNorte de Buenos Aires"
"LA EMILIA";"LA EMILIA";"DEL MEDIO";"2004";"4.67";"3260";"Sistema Río Paraná";"Cuencade Arroyos del SE de Santa Fe yNorte de Buenos Aires"
"LA EMILIA";"LA EMILIA";"DEL MEDIO";"2005";"3.46";"3260";"Sistema Río Paraná";"Cuencade Arroyos del SE de Santa Fe yNorte de Buenos Aires"
"LA EMILIA";"LA EMILIA";"DEL MEDIO";"2006";"5.62";"3260";"Sistema Río Paraná";"Cuencade Arroyos del SE de Santa Fe yNorte de Buenos Aires"
"LA EMILIA";"LA EMILIA";"DEL MEDIO";"2007";"19.19";"3260";"Sistema Río Paraná";"Cuencade Arroyos del SE de Santa Fe yNorte de Buenos Aires"
"LA EMILIA";"LA EMILIA";"DEL MEDIO";"2008";"2.85";"3260";"Sistema Río Paraná";"Cuencade Arroyos del SE de Santa Fe yNorte de Buenos Aires"
"LA EMILIA";"LA EMILIA";"DEL MEDIO";"2009";"15.78";"3260";"Sistema Río Paraná";"Cuencade Arroyos del SE de Santa Fe yNorte de Buenos Aires"
"LA EMILIA";"LA EMILIA";"DEL MEDIO";"2010";"12.34";"3260";"Sistema Río Paraná";"Cuencade Arroyos del SE de Santa Fe yNorte de Buenos Aires"
"LA EMILIA";"LA EMILIA";"DEL MEDIO";"2011";"6.24";"3260";"Sistema Río Paraná";"Cuencade Arroyos del SE de Santa Fe yNorte de Buenos Aires"
"LA EMILIA";"LA EMILIA";"DEL MEDIO";"2012";"21.23";"3260";"Sistema Río Paraná";"Cuencade Arroyos del SE de Santa Fe yNorte de Buenos Aires"
"LA EMILIA";"LA EMILIA";"DEL MEDIO";"2013";"3.16";"3260";"Sistema Río Paraná";"Cuencade Arroyos del SE de Santa Fe yNorte de Buenos Aires"
"LA EMILIA";"LA EMILIA";"DEL MEDIO";"2014";"22.05";"3260";"Sistema Río Paraná";"Cuencade Arroyos del SE de Santa Fe yNorte de Buenos Aires"
"LA EMILIA";"LA EMILIA";"DEL MEDIO";"2015";"20.04";"3260";"Sistema Río Paraná";"Cuencade Arroyos del SE de Santa Fe yNorte de Buenos Aires"
"LA EMILIA";"LA EMILIA";"DEL MEDIO";"2016";"16.00";"3260";"Sistema Río Paraná";"Cuencade Arroyos del SE de Santa Fe yNorte de Buenos Aires"
"LA EMILIA";"LA EMILIA";"DEL MEDIO";"2017";"21.81";"3260";"Sistema Río Paraná";"Cuencade Arroyos del SE de Santa Fe yNorte de Buenos Aires"
"LA EMILIA";"LA EMILIA";"DEL MEDIO";"2018";"10.11";"3260";"Sistema Río Paraná";"Cuencade Arroyos del SE de Santa Fe yNorte de Buenos Aires"
"LA EMILIA";"LA EMILIA";"DEL MEDIO";"2019";"6.84";"3260";"Sistema Río Paraná";"Cuencade Arroyos del SE de Santa Fe yNorte de Buenos Aires"
"LA EMILIA";"LA EMILIA";"DEL MEDIO";"2020";"3.34";"3260";"Sistema Río Paraná";"Cuencade Arroyos del SE de Santa Fe yNorte de Buenos Aires"
"AUTOPISTA";"AUTOPISTA";"EL MONJE";"1988";"1.32";"3265";"Sistema Río Paraná";"Cuencadel Rio Colastine. Corralito y otros"
"AUTOPISTA";"AUTOPISTA";"EL MONJE";"1989";"4.86";"3265";"Sistema Río Paraná";"Cuencadel Rio Colastine. Corralito y otros"
"AUTOPISTA";"AUTOPISTA";"EL MONJE";"1990";"103.29";"3265";"Sistema Río Paraná";"Cuencadel Rio Colastine. Corralito y otros"
"AUTOPISTA";"AUTOPISTA";"EL MONJE";"1991";"24.32";"3265";"Sistema Río Paraná";"Cuencadel Rio Colastine. Corralito y otros"
"AUTOPISTA";"AUTOPISTA";"EL MONJE";"1992";"33.52";"3265";"Sistema Río Paraná";"Cuencadel Rio Colastine. Corralito y otros"
"AUTOPISTA";"AUTOPISTA";"EL MONJE";"1993";"39.49";"3265";"Sistema Río Paraná";"Cuencadel Rio Colastine. Corralito y otros"
"AUTOPISTA";"AUTOPISTA";"EL MONJE";"1994";"15.17";"3265";"Sistema Río Paraná";"Cuencadel Rio Colastine. Corralito y otros"
"AUTOPISTA";"AUTOPISTA";"EL MONJE";"1995";"8.24";"3265";"Sistema Río Paraná";"Cuencadel Rio Colastine. Corralito y otros"
"AUTOPISTA";"AUTOPISTA";"EL MONJE";"1996";"3.46";"3265";"Sistema Río Paraná";"Cuencadel Rio Colastine. Corralito y otros"
"AUTOPISTA";"AUTOPISTA";"EL MONJE";"1997";"2.95";"3265";"Sistema Río Paraná";"Cuencadel Rio Colastine. Corralito y otros"
"AUTOPISTA";"AUTOPISTA";"EL MONJE";"1998";"15.93";"3265";"Sistema Río Paraná";"Cuencadel Rio Colastine. Corralito y otros"
"AUTOPISTA";"AUTOPISTA";"EL MONJE";"1999";"3.5";"3265";"Sistema Río Paraná";"Cuencadel Rio Colastine. Corralito y otros"
"AUTOPISTA";"AUTOPISTA";"EL MONJE";"2017";"19.12";"3265";"Sistema Río Paraná";"Cuencadel Rio Colastine. Corralito y otros"
"RUTA NACIONAL Nº 011";"RUTA NACIONAL Nº 011";"MALABRIGO";"1985";"5.52";"3300";"Sistema Río Paraná";"Cuencadel Arroyo Saladillo y AfluentesMenores del Río San Javier"
"RUTA NACIONAL Nº 011";"RUTA NACIONAL Nº 011";"MALABRIGO";"1986";"40.4";"3300";"Sistema Río Paraná";"Cuencadel Arroyo Saladillo y AfluentesMenores del Río San Javier"
"RUTA NACIONAL Nº 011";"RUTA NACIONAL Nº 011";"MALABRIGO";"1987";"16.34";"3300";"Sistema Río Paraná";"Cuencadel Arroyo Saladillo y AfluentesMenores del Río San Javier"
"RUTA NACIONAL Nº 011";"RUTA NACIONAL Nº 011";"MALABRIGO";"1988";"5.74";"3300";"Sistema Río Paraná";"Cuencadel Arroyo Saladillo y AfluentesMenores del Río San Javier"
"RUTA NACIONAL Nº 011";"RUTA NACIONAL Nº 011";"MALABRIGO";"1989";"10.1";"3300";"Sistema Río Paraná";"Cuencadel Arroyo Saladillo y AfluentesMenores del Río San Javier"
"RUTA NACIONAL Nº 011";"RUTA NACIONAL Nº 011";"MALABRIGO";"1990";"20.36";"3300";"Sistema Río Paraná";"Cuencadel Arroyo Saladillo y AfluentesMenores del Río San Javier"
"RUTA NACIONAL Nº 011";"RUTA NACIONAL Nº 011";"MALABRIGO";"1991";"4.82";"3300";"Sistema Río Paraná";"Cuencadel Arroyo Saladillo y AfluentesMenores del Río San Javier"
"RUTA NACIONAL Nº 011";"RUTA NACIONAL Nº 011";"MALABRIGO";"1992";"23.02";"3300";"Sistema Río Paraná";"Cuencadel Arroyo Saladillo y AfluentesMenores del Río San Javier"
"RUTA NACIONAL Nº 011";"RUTA NACIONAL Nº 011";"MALABRIGO";"1993";"15.12";"3300";"Sistema Río Paraná";"Cuencadel Arroyo Saladillo y AfluentesMenores del Río San Javier"
"RUTA NACIONAL Nº 011";"RUTA NACIONAL Nº 011";"MALABRIGO";"1994";"10.65";"3300";"Sistema Río Paraná";"Cuencadel Arroyo Saladillo y AfluentesMenores del Río San Javier"
"RUTA NACIONAL Nº 011";"RUTA NACIONAL Nº 011";"MALABRIGO";"1995";"8.12";"3300";"Sistema Río Paraná";"Cuencadel Arroyo Saladillo y AfluentesMenores del Río San Javier"
"RUTA NACIONAL Nº 011";"RUTA NACIONAL Nº 011";"MALABRIGO";"1996";"12.15";"3300";"Sistema Río Paraná";"Cuencadel Arroyo Saladillo y AfluentesMenores del Río San Javier"
"RUTA NACIONAL Nº 011";"RUTA NACIONAL Nº 011";"MALABRIGO";"1997";"7.69";"3300";"Sistema Río Paraná";"Cuencadel Arroyo Saladillo y AfluentesMenores del Río San Javier"
"RUTA NACIONAL Nº 011";"RUTA NACIONAL Nº 011";"MALABRIGO";"1998";"39.07";"3300";"Sistema Río Paraná";"Cuencadel Arroyo Saladillo y AfluentesMenores del Río San Javier"
"RUTA NACIONAL Nº 011";"RUTA NACIONAL Nº 011";"MALABRIGO";"1999";"8.5";"3300";"Sistema Río Paraná";"Cuencadel Arroyo Saladillo y AfluentesMenores del Río San Javier"
"RUTA NACIONAL Nº 011";"RUTA NACIONAL Nº 011";"MALABRIGO";"2000";"6.8";"3300";"Sistema Río Paraná";"Cuencadel Arroyo Saladillo y AfluentesMenores del Río San Javier"
"RUTA NACIONAL Nº 011";"RUTA NACIONAL Nº 011";"MALABRIGO";"2001";"8.88";"3300";"Sistema Río Paraná";"Cuencadel Arroyo Saladillo y AfluentesMenores del Río San Javier"
"RUTA NACIONAL Nº 011";"RUTA NACIONAL Nº 011";"MALABRIGO";"2002";"21.12";"3300";"Sistema Río Paraná";"Cuencadel Arroyo Saladillo y AfluentesMenores del Río San Javier"
"RUTA NACIONAL Nº 011";"RUTA NACIONAL Nº 011";"MALABRIGO";"2003";"19.57";"3300";"Sistema Río Paraná";"Cuencadel Arroyo Saladillo y AfluentesMenores del Río San Javier"
"RUTA NACIONAL Nº 011";"RUTA NACIONAL Nº 011";"MALABRIGO";"2004";"7.33";"3300";"Sistema Río Paraná";"Cuencadel Arroyo Saladillo y AfluentesMenores del Río San Javier"
"RUTA NACIONAL Nº 011";"RUTA NACIONAL Nº 011";"MALABRIGO";"2005";"3.39";"3300";"Sistema Río Paraná";"Cuencadel Arroyo Saladillo y AfluentesMenores del Río San Javier"
"RUTA NACIONAL Nº 011";"RUTA NACIONAL Nº 011";"MALABRIGO";"2006";"2.65";"3300";"Sistema Río Paraná";"Cuencadel Arroyo Saladillo y AfluentesMenores del Río San Javier"
"RUTA NACIONAL Nº 011";"RUTA NACIONAL Nº 011";"MALABRIGO";"2007";"9.13";"3300";"Sistema Río Paraná";"Cuencadel Arroyo Saladillo y AfluentesMenores del Río San Javier"
"RUTA NACIONAL Nº 011";"RUTA NACIONAL Nº 011";"MALABRIGO";"2008";"0.99";"3300";"Sistema Río Paraná";"Cuencadel Arroyo Saladillo y AfluentesMenores del Río San Javier"
"RUTA NACIONAL Nº 011";"RUTA NACIONAL Nº 011";"MALABRIGO";"2009";"6.72";"3300";"Sistema Río Paraná";"Cuencadel Arroyo Saladillo y AfluentesMenores del Río San Javier"
"RUTA NACIONAL Nº 011";"RUTA NACIONAL Nº 011";"MALABRIGO";"2010";"11.83";"3300";"Sistema Río Paraná";"Cuencadel Arroyo Saladillo y AfluentesMenores del Río San Javier"
"RUTA NACIONAL Nº 011";"RUTA NACIONAL Nº 011";"MALABRIGO";"2011";"3.97";"3300";"Sistema Río Paraná";"Cuencadel Arroyo Saladillo y AfluentesMenores del Río San Javier"
"RUTA NACIONAL Nº 011";"RUTA NACIONAL Nº 011";"MALABRIGO";"2012";"4.27";"3300";"Sistema Río Paraná";"Cuencadel Arroyo Saladillo y AfluentesMenores del Río San Javier"
"RUTA NACIONAL Nº 011";"RUTA NACIONAL Nº 011";"MALABRIGO";"2013";"8.49";"3300";"Sistema Río Paraná";"Cuencadel Arroyo Saladillo y AfluentesMenores del Río San Javier"
"RUTA NACIONAL Nº 011";"RUTA NACIONAL Nº 011";"MALABRIGO";"2014";"14.1";"3300";"Sistema Río Paraná";"Cuencadel Arroyo Saladillo y AfluentesMenores del Río San Javier"
"RUTA NACIONAL Nº 011";"RUTA NACIONAL Nº 011";"MALABRIGO";"2015";"27.57";"3300";"Sistema Río Paraná";"Cuencadel Arroyo Saladillo y AfluentesMenores del Río San Javier"
"RUTA NACIONAL Nº 011";"RUTA NACIONAL Nº 011";"MALABRIGO";"2016";"13.27";"3300";"Sistema Río Paraná";"Cuencadel Arroyo Saladillo y AfluentesMenores del Río San Javier"
"RUTA NACIONAL Nº 011";"RUTA NACIONAL Nº 011";"MALABRIGO";"2017";"15.07";"3300";"Sistema Río Paraná";"Cuencadel Arroyo Saladillo y AfluentesMenores del Río San Javier"
"RUTA NACIONAL Nº 011";"RUTA NACIONAL Nº 011";"MALABRIGO";"2018";"14.53";"3300";"Sistema Río Paraná";"Cuencadel Arroyo Saladillo y AfluentesMenores del Río San Javier"
"RUTA NACIONAL Nº 011";"RUTA NACIONAL Nº 011";"MALABRIGO";"2019";"14.16";"3300";"Sistema Río Paraná";"Cuencadel Arroyo Saladillo y AfluentesMenores del Río San Javier"
"RUTA NACIONAL Nº 011";"RUTA NACIONAL Nº 011";"MALABRIGO";"2020";"3.84";"3300";"Sistema Río Paraná";"Cuencadel Arroyo Saladillo y AfluentesMenores del Río San Javier"
"CNEL. BOGADO";"CNEL. BOGADO";"PAVÓN";"1988";"3.61";"3318";"Sistema Río Paraná";"Cuencade Arroyos del SE de Santa Fe yNorte de Buenos Aires"
"CNEL. BOGADO";"CNEL. BOGADO";"PAVÓN";"1989";"4.32";"3318";"Sistema Río Paraná";"Cuencade Arroyos del SE de Santa Fe yNorte de Buenos Aires"
"CNEL. BOGADO";"CNEL. BOGADO";"PAVÓN";"1990";"10.98";"3318";"Sistema Río Paraná";"Cuencade Arroyos del SE de Santa Fe yNorte de Buenos Aires"
"CNEL. BOGADO";"CNEL. BOGADO";"PAVÓN";"1991";"16.26";"3318";"Sistema Río Paraná";"Cuencade Arroyos del SE de Santa Fe yNorte de Buenos Aires"
"CNEL. BOGADO";"CNEL. BOGADO";"PAVÓN";"1992";"11.92";"3318";"Sistema Río Paraná";"Cuencade Arroyos del SE de Santa Fe yNorte de Buenos Aires"
"CNEL. BOGADO";"CNEL. BOGADO";"PAVÓN";"1993";"20.88";"3318";"Sistema Río Paraná";"Cuencade Arroyos del SE de Santa Fe yNorte de Buenos Aires"
"CNEL. BOGADO";"CNEL. BOGADO";"PAVÓN";"1994";"7.51";"3318";"Sistema Río Paraná";"Cuencade Arroyos del SE de Santa Fe yNorte de Buenos Aires"
"CNEL. BOGADO";"CNEL. BOGADO";"PAVÓN";"1995";"7.51";"3318";"Sistema Río Paraná";"Cuencade Arroyos del SE de Santa Fe yNorte de Buenos Aires"
"CNEL. BOGADO";"CNEL. BOGADO";"PAVÓN";"1996";"3.96";"3318";"Sistema Río Paraná";"Cuencade Arroyos del SE de Santa Fe yNorte de Buenos Aires"
"CNEL. BOGADO";"CNEL. BOGADO";"PAVÓN";"1997";"5.83";"3318";"Sistema Río Paraná";"Cuencade Arroyos del SE de Santa Fe yNorte de Buenos Aires"
"CNEL. BOGADO";"CNEL. BOGADO";"PAVÓN";"1998";"8.38";"3318";"Sistema Río Paraná";"Cuencade Arroyos del SE de Santa Fe yNorte de Buenos Aires"
"CNEL. BOGADO";"CNEL. BOGADO";"PAVÓN";"1999";"5.82";"3318";"Sistema Río Paraná";"Cuencade Arroyos del SE de Santa Fe yNorte de Buenos Aires"
"CNEL. BOGADO";"CNEL. BOGADO";"PAVÓN";"2000";"11.93";"3318";"Sistema Río Paraná";"Cuencade Arroyos del SE de Santa Fe yNorte de Buenos Aires"
"CNEL. BOGADO";"CNEL. BOGADO";"PAVÓN";"2001";"15.13";"3318";"Sistema Río Paraná";"Cuencade Arroyos del SE de Santa Fe yNorte de Buenos Aires"
"CNEL. BOGADO";"CNEL. BOGADO";"PAVÓN";"2002";"12.74";"3318";"Sistema Río Paraná";"Cuencade Arroyos del SE de Santa Fe yNorte de Buenos Aires"
"CNEL. BOGADO";"CNEL. BOGADO";"PAVÓN";"2003";"13.38";"3318";"Sistema Río Paraná";"Cuencade Arroyos del SE de Santa Fe yNorte de Buenos Aires"
"CNEL. BOGADO";"CNEL. BOGADO";"PAVÓN";"2004";"4.92";"3318";"Sistema Río Paraná";"Cuencade Arroyos del SE de Santa Fe yNorte de Buenos Aires"
"CNEL. BOGADO";"CNEL. BOGADO";"PAVÓN";"2005";"3.76";"3318";"Sistema Río Paraná";"Cuencade Arroyos del SE de Santa Fe yNorte de Buenos Aires"
"CNEL. BOGADO";"CNEL. BOGADO";"PAVÓN";"2006";"10.73";"3318";"Sistema Río Paraná";"Cuencade Arroyos del SE de Santa Fe yNorte de Buenos Aires"
"CNEL. BOGADO";"CNEL. BOGADO";"PAVÓN";"2007";"18.48";"3318";"Sistema Río Paraná";"Cuencade Arroyos del SE de Santa Fe yNorte de Buenos Aires"
"CNEL. BOGADO";"CNEL. BOGADO";"PAVÓN";"2008";"8.4";"3318";"Sistema Río Paraná";"Cuencade Arroyos del SE de Santa Fe yNorte de Buenos Aires"
"CNEL. BOGADO";"CNEL. BOGADO";"PAVÓN";"2009";"17.45";"3318";"Sistema Río Paraná";"Cuencade Arroyos del SE de Santa Fe yNorte de Buenos Aires"
"CNEL. BOGADO";"CNEL. BOGADO";"PAVÓN";"2010";"17.69";"3318";"Sistema Río Paraná";"Cuencade Arroyos del SE de Santa Fe yNorte de Buenos Aires"
"CNEL. BOGADO";"CNEL. BOGADO";"PAVÓN";"2011";"6.38";"3318";"Sistema Río Paraná";"Cuencade Arroyos del SE de Santa Fe yNorte de Buenos Aires"
"CNEL. BOGADO";"CNEL. BOGADO";"PAVÓN";"2012";"20.57";"3318";"Sistema Río Paraná";"Cuencade Arroyos del SE de Santa Fe yNorte de Buenos Aires"
"CNEL. BOGADO";"CNEL. BOGADO";"PAVÓN";"2013";"8.01";"3318";"Sistema Río Paraná";"Cuencade Arroyos del SE de Santa Fe yNorte de Buenos Aires"
"CNEL. BOGADO";"CNEL. BOGADO";"PAVÓN";"2014";"31.23";"3318";"Sistema Río Paraná";"Cuencade Arroyos del SE de Santa Fe yNorte de Buenos Aires"
"CNEL. BOGADO";"CNEL. BOGADO";"PAVÓN";"2015";"30.85";"3318";"Sistema Río Paraná";"Cuencade Arroyos del SE de Santa Fe yNorte de Buenos Aires"
"CNEL. BOGADO";"CNEL. BOGADO";"PAVÓN";"2016";"37.01";"3318";"Sistema Río Paraná";"Cuencade Arroyos del SE de Santa Fe yNorte de Buenos Aires"
"CNEL. BOGADO";"CNEL. BOGADO";"PAVÓN";"2017";"34.4";"3318";"Sistema Río Paraná";"Cuencade Arroyos del SE de Santa Fe yNorte de Buenos Aires"
"CNEL. BOGADO";"CNEL. BOGADO";"PAVÓN";"2018";"17.9";"3318";"Sistema Río Paraná";"Cuencade Arroyos del SE de Santa Fe yNorte de Buenos Aires"
"CNEL. BOGADO";"CNEL. BOGADO";"PAVÓN";"2019";"10.40";"3318";"Sistema Río Paraná";"Cuencade Arroyos del SE de Santa Fe yNorte de Buenos Aires"
"CNEL. BOGADO";"CNEL. BOGADO";"PAVÓN";"2020";"9.04";"3318";"Sistema Río Paraná";"Cuencade Arroyos del SE de Santa Fe yNorte de Buenos Aires"
"AUTOPISTA";"AUTOPISTA";"SALADILLO";"1984";"4.22";"3321";"Sistema Río Paraná";"Cuencade Arroyos del SE de Santa Fe yNorte de Buenos Aires"
"AUTOPISTA";"AUTOPISTA";"SALADILLO";"1985";"3.63";"3321";"Sistema Río Paraná";"Cuencade Arroyos del SE de Santa Fe yNorte de Buenos Aires"
"AUTOPISTA";"AUTOPISTA";"SALADILLO";"1986";"33.51";"3321";"Sistema Río Paraná";"Cuencade Arroyos del SE de Santa Fe yNorte de Buenos Aires"
"AUTOPISTA";"AUTOPISTA";"SALADILLO";"1987";"9.97";"3321";"Sistema Río Paraná";"Cuencade Arroyos del SE de Santa Fe yNorte de Buenos Aires"
"AUTOPISTA";"AUTOPISTA";"SALADILLO";"1988";"3.39";"3321";"Sistema Río Paraná";"Cuencade Arroyos del SE de Santa Fe yNorte de Buenos Aires"
"AUTOPISTA";"AUTOPISTA";"SALADILLO";"1989";"4.04";"3321";"Sistema Río Paraná";"Cuencade Arroyos del SE de Santa Fe yNorte de Buenos Aires"
"AUTOPISTA";"AUTOPISTA";"SALADILLO";"1990";"23.52";"3321";"Sistema Río Paraná";"Cuencade Arroyos del SE de Santa Fe yNorte de Buenos Aires"
"AUTOPISTA";"AUTOPISTA";"SALADILLO";"1991";"13.62";"3321";"Sistema Río Paraná";"Cuencade Arroyos del SE de Santa Fe yNorte de Buenos Aires"
"AUTOPISTA";"AUTOPISTA";"SALADILLO";"1992";"12.2";"3321";"Sistema Río Paraná";"Cuencade Arroyos del SE de Santa Fe yNorte de Buenos Aires"
"AUTOPISTA";"AUTOPISTA";"SALADILLO";"1993";"22.74";"3321";"Sistema Río Paraná";"Cuencade Arroyos del SE de Santa Fe yNorte de Buenos Aires"
"AUTOPISTA";"AUTOPISTA";"SALADILLO";"1994";"15.12";"3321";"Sistema Río Paraná";"Cuencade Arroyos del SE de Santa Fe yNorte de Buenos Aires"
"AUTOPISTA";"AUTOPISTA";"SALADILLO";"1995";"8.11";"3321";"Sistema Río Paraná";"Cuencade Arroyos del SE de Santa Fe yNorte de Buenos Aires"
"AUTOPISTA";"AUTOPISTA";"SALADILLO";"1996";"5.25";"3321";"Sistema Río Paraná";"Cuencade Arroyos del SE de Santa Fe yNorte de Buenos Aires"
"AUTOPISTA";"AUTOPISTA";"SALADILLO";"1997";"1.38";"3321";"Sistema Río Paraná";"Cuencade Arroyos del SE de Santa Fe yNorte de Buenos Aires"
"AUTOPISTA";"AUTOPISTA";"SALADILLO";"1998";"0.81";"3321";"Sistema Río Paraná";"Cuencade Arroyos del SE de Santa Fe yNorte de Buenos Aires"
"AUTOPISTA";"AUTOPISTA";"SALADILLO";"1999";"1.03";"3321";"Sistema Río Paraná";"Cuencade Arroyos del SE de Santa Fe yNorte de Buenos Aires"
"FLORENCIA";"FLORENCIA";"TAPENAGÁ";"1970";"4.96";"3340";"Sistema Río Paraná";"Zona sin ríos ni arroyos de importanciaenSalta. Chaco. Santa Fe y Santiago del Estero"
"FLORENCIA";"FLORENCIA";"TAPENAGÁ";"1971";"5.47";"3340";"Sistema Río Paraná";"Zona sin ríos ni arroyos de importanciaenSalta. Chaco. Santa Fe y Santiago del Estero"
"FLORENCIA";"FLORENCIA";"TAPENAGÁ";"1972";"9.6";"3340";"Sistema Río Paraná";"Zona sin ríos ni arroyos de importanciaenSalta. Chaco. Santa Fe y Santiago del Estero"
"FLORENCIA";"FLORENCIA";"TAPENAGÁ";"1974";"10.68";"3340";"Sistema Río Paraná";"Zona sin ríos ni arroyos de importanciaenSalta. Chaco. Santa Fe y Santiago del Estero"
"FLORENCIA";"FLORENCIA";"TAPENAGÁ";"1975";"9.73";"3340";"Sistema Río Paraná";"Zona sin ríos ni arroyos de importanciaenSalta. Chaco. Santa Fe y Santiago del Estero"
"FLORENCIA";"FLORENCIA";"TAPENAGÁ";"1976";"3.78";"3340";"Sistema Río Paraná";"Zona sin ríos ni arroyos de importanciaenSalta. Chaco. Santa Fe y Santiago del Estero"
"FLORENCIA";"FLORENCIA";"TAPENAGÁ";"1977";"9.89";"3340";"Sistema Río Paraná";"Zona sin ríos ni arroyos de importanciaenSalta. Chaco. Santa Fe y Santiago del Estero"
"FLORENCIA";"FLORENCIA";"TAPENAGÁ";"1980";"12.59";"3340";"Sistema Río Paraná";"Zona sin ríos ni arroyos de importanciaenSalta. Chaco. Santa Fe y Santiago del Estero"
"FLORENCIA";"FLORENCIA";"TAPENAGÁ";"1981";"41.22";"3340";"Sistema Río Paraná";"Zona sin ríos ni arroyos de importanciaenSalta. Chaco. Santa Fe y Santiago del Estero"
"FLORENCIA";"FLORENCIA";"TAPENAGÁ";"1982";"24.55";"3340";"Sistema Río Paraná";"Zona sin ríos ni arroyos de importanciaenSalta. Chaco. Santa Fe y Santiago del Estero"
"FLORENCIA";"FLORENCIA";"TAPENAGÁ";"1983";"49.35";"3340";"Sistema Río Paraná";"Zona sin ríos ni arroyos de importanciaenSalta. Chaco. Santa Fe y Santiago del Estero"
"FLORENCIA";"FLORENCIA";"TAPENAGÁ";"1984";"22.39";"3340";"Sistema Río Paraná";"Zona sin ríos ni arroyos de importanciaenSalta. Chaco. Santa Fe y Santiago del Estero"
"FLORENCIA";"FLORENCIA";"TAPENAGÁ";"1985";"18.2";"3340";"Sistema Río Paraná";"Zona sin ríos ni arroyos de importanciaenSalta. Chaco. Santa Fe y Santiago del Estero"
"FLORENCIA";"FLORENCIA";"TAPENAGÁ";"1986";"45.85";"3340";"Sistema Río Paraná";"Zona sin ríos ni arroyos de importanciaenSalta. Chaco. Santa Fe y Santiago del Estero"
"FLORENCIA";"FLORENCIA";"TAPENAGÁ";"1987";"8.22";"3340";"Sistema Río Paraná";"Zona sin ríos ni arroyos de importanciaenSalta. Chaco. Santa Fe y Santiago del Estero"
"FLORENCIA";"FLORENCIA";"TAPENAGÁ";"1988";"3.66";"3340";"Sistema Río Paraná";"Zona sin ríos ni arroyos de importanciaenSalta. Chaco. Santa Fe y Santiago del Estero"
"FLORENCIA";"FLORENCIA";"TAPENAGÁ";"1989";"11.11";"3340";"Sistema Río Paraná";"Zona sin ríos ni arroyos de importanciaenSalta. Chaco. Santa Fe y Santiago del Estero"
"FLORENCIA";"FLORENCIA";"TAPENAGÁ";"1990";"30.38";"3340";"Sistema Río Paraná";"Zona sin ríos ni arroyos de importanciaenSalta. Chaco. Santa Fe y Santiago del Estero"
"FLORENCIA";"FLORENCIA";"TAPENAGÁ";"1991";"18.03";"3340";"Sistema Río Paraná";"Zona sin ríos ni arroyos de importanciaenSalta. Chaco. Santa Fe y Santiago del Estero"
"FLORENCIA";"FLORENCIA";"TAPENAGÁ";"1992";"18.5";"3340";"Sistema Río Paraná";"Zona sin ríos ni arroyos de importanciaenSalta. Chaco. Santa Fe y Santiago del Estero"
"FLORENCIA";"FLORENCIA";"TAPENAGÁ";"1993";"7.67";"3340";"Sistema Río Paraná";"Zona sin ríos ni arroyos de importanciaenSalta. Chaco. Santa Fe y Santiago del Estero"
"FLORENCIA";"FLORENCIA";"TAPENAGÁ";"1994";"11.59";"3340";"Sistema Río Paraná";"Zona sin ríos ni arroyos de importanciaenSalta. Chaco. Santa Fe y Santiago del Estero"
"FLORENCIA";"FLORENCIA";"TAPENAGÁ";"1995";"13.83";"3340";"Sistema Río Paraná";"Zona sin ríos ni arroyos de importanciaenSalta. Chaco. Santa Fe y Santiago del Estero"
"FLORENCIA";"FLORENCIA";"TAPENAGÁ";"1996";"10.81";"3340";"Sistema Río Paraná";"Zona sin ríos ni arroyos de importanciaenSalta. Chaco. Santa Fe y Santiago del Estero"
"FLORENCIA";"FLORENCIA";"TAPENAGÁ";"1997";"9.24";"3340";"Sistema Río Paraná";"Zona sin ríos ni arroyos de importanciaenSalta. Chaco. Santa Fe y Santiago del Estero"
"FLORENCIA";"FLORENCIA";"TAPENAGÁ";"1998";"56.48";"3340";"Sistema Río Paraná";"Zona sin ríos ni arroyos de importanciaenSalta. Chaco. Santa Fe y Santiago del Estero"
"FLORENCIA";"FLORENCIA";"TAPENAGÁ";"1999";"5.19";"3340";"Sistema Río Paraná";"Zona sin ríos ni arroyos de importanciaenSalta. Chaco. Santa Fe y Santiago del Estero"
"FLORENCIA";"FLORENCIA";"TAPENAGÁ";"2000";"12.29";"3340";"Sistema Río Paraná";"Zona sin ríos ni arroyos de importanciaenSalta. Chaco. Santa Fe y Santiago del Estero"
"FLORENCIA";"FLORENCIA";"TAPENAGÁ";"2001";"8.02";"3340";"Sistema Río Paraná";"Zona sin ríos ni arroyos de importanciaenSalta. Chaco. Santa Fe y Santiago del Estero"
"FLORENCIA";"FLORENCIA";"TAPENAGÁ";"2002";"27.97";"3340";"Sistema Río Paraná";"Zona sin ríos ni arroyos de importanciaenSalta. Chaco. Santa Fe y Santiago del Estero"
"FLORENCIA";"FLORENCIA";"TAPENAGÁ";"2003";"8.82";"3340";"Sistema Río Paraná";"Zona sin ríos ni arroyos de importanciaenSalta. Chaco. Santa Fe y Santiago del Estero"
"FLORENCIA";"FLORENCIA";"TAPENAGÁ";"2004";"10.1";"3340";"Sistema Río Paraná";"Zona sin ríos ni arroyos de importanciaenSalta. Chaco. Santa Fe y Santiago del Estero"
"FLORENCIA";"FLORENCIA";"TAPENAGÁ";"2005";"7.01";"3340";"Sistema Río Paraná";"Zona sin ríos ni arroyos de importanciaenSalta. Chaco. Santa Fe y Santiago del Estero"
"FLORENCIA";"FLORENCIA";"TAPENAGÁ";"2006";"0.71";"3340";"Sistema Río Paraná";"Zona sin ríos ni arroyos de importanciaenSalta. Chaco. Santa Fe y Santiago del Estero"
"FLORENCIA";"FLORENCIA";"TAPENAGÁ";"2007";"12.38";"3340";"Sistema Río Paraná";"Zona sin ríos ni arroyos de importanciaenSalta. Chaco. Santa Fe y Santiago del Estero"
"FLORENCIA";"FLORENCIA";"TAPENAGÁ";"2008";"1.95";"3340";"Sistema Río Paraná";"Zona sin ríos ni arroyos de importanciaenSalta. Chaco. Santa Fe y Santiago del Estero"
"FLORENCIA";"FLORENCIA";"TAPENAGÁ";"2009";"6.52";"3340";"Sistema Río Paraná";"Zona sin ríos ni arroyos de importanciaenSalta. Chaco. Santa Fe y Santiago del Estero"
"FLORENCIA";"FLORENCIA";"TAPENAGÁ";"2010";"13.7";"3340";"Sistema Río Paraná";"Zona sin ríos ni arroyos de importanciaenSalta. Chaco. Santa Fe y Santiago del Estero"
"FLORENCIA";"FLORENCIA";"TAPENAGÁ";"2011";"5.36";"3340";"Sistema Río Paraná";"Zona sin ríos ni arroyos de importanciaenSalta. Chaco. Santa Fe y Santiago del Estero"
"FLORENCIA";"FLORENCIA";"TAPENAGÁ";"2012";"3.94";"3340";"Sistema Río Paraná";"Zona sin ríos ni arroyos de importanciaenSalta. Chaco. Santa Fe y Santiago del Estero"
"FLORENCIA";"FLORENCIA";"TAPENAGÁ";"2013";"8.7";"3340";"Sistema Río Paraná";"Zona sin ríos ni arroyos de importanciaenSalta. Chaco. Santa Fe y Santiago del Estero"
"FLORENCIA";"FLORENCIA";"TAPENAGÁ";"2014";"16.83";"3340";"Sistema Río Paraná";"Zona sin ríos ni arroyos de importanciaenSalta. Chaco. Santa Fe y Santiago del Estero"
"FLORENCIA";"FLORENCIA";"TAPENAGÁ";"2015";"5.7";"3340";"Sistema Río Paraná";"Zona sin ríos ni arroyos de importanciaenSalta. Chaco. Santa Fe y Santiago del Estero"
"FLORENCIA";"FLORENCIA";"TAPENAGÁ";"2016";"18.71";"3340";"Sistema Río Paraná";"Zona sin ríos ni arroyos de importanciaenSalta. Chaco. Santa Fe y Santiago del Estero"
"FLORENCIA";"FLORENCIA";"TAPENAGÁ";"2017";"15.00";"3340";"Sistema Río Paraná";"Zona sin ríos ni arroyos de importanciaenSalta. Chaco. Santa Fe y Santiago del Estero"
"FLORENCIA";"FLORENCIA";"TAPENAGÁ";"2018";"8.81";"3340";"Sistema Río Paraná";"Zona sin ríos ni arroyos de importanciaenSalta. Chaco. Santa Fe y Santiago del Estero"
"FLORENCIA";"FLORENCIA";"TAPENAGÁ";"2019";"24.79";"3340";"Sistema Río Paraná";"Zona sin ríos ni arroyos de importanciaenSalta. Chaco. Santa Fe y Santiago del Estero"
"FLORENCIA";"FLORENCIA";"TAPENAGÁ";"2020";"1.38";"3340";"Sistema Río Paraná";"Zona sin ríos ni arroyos de importanciaenSalta. Chaco. Santa Fe y Santiago del Estero"
"POSADAS (ITA CUÁ)";"POSADAS (ITA CUÁ)";"PARANA";"1970";"9795.02";"3402";"Sistema Río Paraná";"Cuencapropia del Río Paraná hasta Confluencia con Río Paraguay"
"POSADAS (ITA CUÁ)";"POSADAS (ITA CUÁ)";"PARANA";"1971";"10524.75";"3402";"Sistema Río Paraná";"Cuencapropia del Río Paraná hasta Confluencia con Río Paraguay"
"POSADAS (ITA CUÁ)";"POSADAS (ITA CUÁ)";"PARANA";"1972";"14138.17";"3402";"Sistema Río Paraná";"Cuencapropia del Río Paraná hasta Confluencia con Río Paraguay"
"POSADAS (ITA CUÁ)";"POSADAS (ITA CUÁ)";"PARANA";"1973";"14045.2";"3402";"Sistema Río Paraná";"Cuencapropia del Río Paraná hasta Confluencia con Río Paraguay"
"POSADAS (ITA CUÁ)";"POSADAS (ITA CUÁ)";"PARANA";"1974";"12924.47";"3402";"Sistema Río Paraná";"Cuencapropia del Río Paraná hasta Confluencia con Río Paraguay"
"POSADAS (ITA CUÁ)";"POSADAS (ITA CUÁ)";"PARANA";"1975";"11813.3";"3402";"Sistema Río Paraná";"Cuencapropia del Río Paraná hasta Confluencia con Río Paraguay"
"POSADAS (ITA CUÁ)";"POSADAS (ITA CUÁ)";"PARANA";"1976";"13734.28";"3402";"Sistema Río Paraná";"Cuencapropia del Río Paraná hasta Confluencia con Río Paraguay"
"POSADAS (ITA CUÁ)";"POSADAS (ITA CUÁ)";"PARANA";"1977";"12870.48";"3402";"Sistema Río Paraná";"Cuencapropia del Río Paraná hasta Confluencia con Río Paraguay"
"POSADAS (ITA CUÁ)";"POSADAS (ITA CUÁ)";"PARANA";"1978";"10326.73";"3402";"Sistema Río Paraná";"Cuencapropia del Río Paraná hasta Confluencia con Río Paraguay"
"POSADAS (ITA CUÁ)";"POSADAS (ITA CUÁ)";"PARANA";"1979";"12698.75";"3402";"Sistema Río Paraná";"Cuencapropia del Río Paraná hasta Confluencia con Río Paraguay"
"POSADAS (ITA CUÁ)";"POSADAS (ITA CUÁ)";"PARANA";"1980";"13930.29";"3402";"Sistema Río Paraná";"Cuencapropia del Río Paraná hasta Confluencia con Río Paraguay"
"POSADAS (ITA CUÁ)";"POSADAS (ITA CUÁ)";"PARANA";"1981";"11671.38";"3402";"Sistema Río Paraná";"Cuencapropia del Río Paraná hasta Confluencia con Río Paraguay"
"POSADAS (ITA CUÁ)";"POSADAS (ITA CUÁ)";"PARANA";"1982";"16917.52";"3402";"Sistema Río Paraná";"Cuencapropia del Río Paraná hasta Confluencia con Río Paraguay"
"POSADAS (ITA CUÁ)";"POSADAS (ITA CUÁ)";"PARANA";"1983";"28283.65";"3402";"Sistema Río Paraná";"Cuencapropia del Río Paraná hasta Confluencia con Río Paraguay"
"POSADAS (ITA CUÁ)";"POSADAS (ITA CUÁ)";"PARANA";"1984";"13986.99";"3402";"Sistema Río Paraná";"Cuencapropia del Río Paraná hasta Confluencia con Río Paraguay"
"POSADAS (ITA CUÁ)";"POSADAS (ITA CUÁ)";"PARANA";"1985";"13458.23";"3402";"Sistema Río Paraná";"Cuencapropia del Río Paraná hasta Confluencia con Río Paraguay"
"POSADAS (ITA CUÁ)";"POSADAS (ITA CUÁ)";"PARANA";"1986";"12019.61";"3402";"Sistema Río Paraná";"Cuencapropia del Río Paraná hasta Confluencia con Río Paraguay"
"POSADAS (ITA CUÁ)";"POSADAS (ITA CUÁ)";"PARANA";"1987";"13806.65";"3402";"Sistema Río Paraná";"Cuencapropia del Río Paraná hasta Confluencia con Río Paraguay"
"POSADAS (ITA CUÁ)";"POSADAS (ITA CUÁ)";"PARANA";"1988";"12741.85";"3402";"Sistema Río Paraná";"Cuencapropia del Río Paraná hasta Confluencia con Río Paraguay"
"POSADAS (ITA CUÁ)";"POSADAS (ITA CUÁ)";"PARANA";"1989";"14932.08";"3402";"Sistema Río Paraná";"Cuencapropia del Río Paraná hasta Confluencia con Río Paraguay"
"POSADAS (ITA CUÁ)";"POSADAS (ITA CUÁ)";"PARANA";"1990";"17130.55";"3402";"Sistema Río Paraná";"Cuencapropia del Río Paraná hasta Confluencia con Río Paraguay"
"POSADAS (ITA CUÁ)";"POSADAS (ITA CUÁ)";"PARANA";"1991";"13238.15";"3402";"Sistema Río Paraná";"Cuencapropia del Río Paraná hasta Confluencia con Río Paraguay"
"POSADAS (ITA CUÁ)";"POSADAS (ITA CUÁ)";"PARANA";"1992";"17687.2";"3402";"Sistema Río Paraná";"Cuencapropia del Río Paraná hasta Confluencia con Río Paraguay"
"POSADAS (ITA CUÁ)";"POSADAS (ITA CUÁ)";"PARANA";"1993";"15113.72";"3402";"Sistema Río Paraná";"Cuencapropia del Río Paraná hasta Confluencia con Río Paraguay"
"POSADAS (ITA CUÁ)";"POSADAS (ITA CUÁ)";"PARANA";"1994";"14478.00";"3402";"Sistema Río Paraná";"Cuencapropia del Río Paraná hasta Confluencia con Río Paraguay"
"POSADAS (ITA CUÁ)";"POSADAS (ITA CUÁ)";"PARANA";"1995";"14754.48";"3402";"Sistema Río Paraná";"Cuencapropia del Río Paraná hasta Confluencia con Río Paraguay"
"POSADAS (ITA CUÁ)";"POSADAS (ITA CUÁ)";"PARANA";"1996";"14371.77";"3402";"Sistema Río Paraná";"Cuencapropia del Río Paraná hasta Confluencia con Río Paraguay"
"POSADAS (ITA CUÁ)";"POSADAS (ITA CUÁ)";"PARANA";"1997";"18137.13";"3402";"Sistema Río Paraná";"Cuencapropia del Río Paraná hasta Confluencia con Río Paraguay"
"POSADAS (ITA CUÁ)";"POSADAS (ITA CUÁ)";"PARANA";"1998";"18487.16";"3402";"Sistema Río Paraná";"Cuencapropia del Río Paraná hasta Confluencia con Río Paraguay"
"POSADAS (ITA CUÁ)";"POSADAS (ITA CUÁ)";"PARANA";"1999";"13415.66";"3402";"Sistema Río Paraná";"Cuencapropia del Río Paraná hasta Confluencia con Río Paraguay"
"POSADAS (ITA CUÁ)";"POSADAS (ITA CUÁ)";"PARANA";"2000";"12278.67";"3402";"Sistema Río Paraná";"Cuencapropia del Río Paraná hasta Confluencia con Río Paraguay"
"PINAR CIBA";"PINAR CIBA";"PIRAY GUAZU";"1970";"13.88";"3403";"Sistema Río Paraná";"Cuencade los Arroyos de Misiones sobreelRío Paraná hasta Posadas"
"PINAR CIBA";"PINAR CIBA";"PIRAY GUAZU";"1971";"34.79";"3403";"Sistema Río Paraná";"Cuencade los Arroyos de Misiones sobreelRío Paraná hasta Posadas"
"PINAR CIBA";"PINAR CIBA";"PIRAY GUAZU";"1972";"43.43";"3403";"Sistema Río Paraná";"Cuencade los Arroyos de Misiones sobreelRío Paraná hasta Posadas"
"PINAR CIBA";"PINAR CIBA";"PIRAY GUAZU";"1973";"46.18";"3403";"Sistema Río Paraná";"Cuencade los Arroyos de Misiones sobreelRío Paraná hasta Posadas"
"PINAR CIBA";"PINAR CIBA";"PIRAY GUAZU";"1974";"23.01";"3403";"Sistema Río Paraná";"Cuencade los Arroyos de Misiones sobreelRío Paraná hasta Posadas"
"PINAR CIBA";"PINAR CIBA";"PIRAY GUAZU";"1975";"32.15";"3403";"Sistema Río Paraná";"Cuencade los Arroyos de Misiones sobreelRío Paraná hasta Posadas"
"PINAR CIBA";"PINAR CIBA";"PIRAY GUAZU";"1976";"19.03";"3403";"Sistema Río Paraná";"Cuencade los Arroyos de Misiones sobreelRío Paraná hasta Posadas"
"PINAR CIBA";"PINAR CIBA";"PIRAY GUAZU";"1977";"16.5";"3403";"Sistema Río Paraná";"Cuencade los Arroyos de Misiones sobreelRío Paraná hasta Posadas"
"PINAR CIBA";"PINAR CIBA";"PIRAY GUAZU";"1978";"10.89";"3403";"Sistema Río Paraná";"Cuencade los Arroyos de Misiones sobreelRío Paraná hasta Posadas"
"PINAR CIBA";"PINAR CIBA";"PIRAY GUAZU";"1979";"46.35";"3403";"Sistema Río Paraná";"Cuencade los Arroyos de Misiones sobreelRío Paraná hasta Posadas"
"PINAR CIBA";"PINAR CIBA";"PIRAY GUAZU";"1980";"11.69";"3403";"Sistema Río Paraná";"Cuencade los Arroyos de Misiones sobreelRío Paraná hasta Posadas"
"PINAR CIBA";"PINAR CIBA";"PIRAY GUAZU";"1981";"14.65";"3403";"Sistema Río Paraná";"Cuencade los Arroyos de Misiones sobreelRío Paraná hasta Posadas"
"PINAR CIBA";"PINAR CIBA";"PIRAY GUAZU";"1982";"15.76";"3403";"Sistema Río Paraná";"Cuencade los Arroyos de Misiones sobreelRío Paraná hasta Posadas"
"PINAR CIBA";"PINAR CIBA";"PIRAY GUAZU";"1983";"19.06";"3403";"Sistema Río Paraná";"Cuencade los Arroyos de Misiones sobreelRío Paraná hasta Posadas"
"PINAR CIBA";"PINAR CIBA";"PIRAY GUAZU";"1984";"15.15";"3403";"Sistema Río Paraná";"Cuencade los Arroyos de Misiones sobreelRío Paraná hasta Posadas"
"PINAR CIBA";"PINAR CIBA";"PIRAY GUAZU";"1985";"15.12";"3403";"Sistema Río Paraná";"Cuencade los Arroyos de Misiones sobreelRío Paraná hasta Posadas"
"PINAR CIBA";"PINAR CIBA";"PIRAY GUAZU";"1987";"39.53";"3403";"Sistema Río Paraná";"Cuencade los Arroyos de Misiones sobreelRío Paraná hasta Posadas"
"PINAR CIBA";"PINAR CIBA";"PIRAY GUAZU";"1988";"3.93";"3403";"Sistema Río Paraná";"Cuencade los Arroyos de Misiones sobreelRío Paraná hasta Posadas"
"PINAR CIBA";"PINAR CIBA";"PIRAY GUAZU";"1989";"27.24";"3403";"Sistema Río Paraná";"Cuencade los Arroyos de Misiones sobreelRío Paraná hasta Posadas"
"PINAR CIBA";"PINAR CIBA";"PIRAY GUAZU";"1990";"72.88";"3403";"Sistema Río Paraná";"Cuencade los Arroyos de Misiones sobreelRío Paraná hasta Posadas"
"PINAR CIBA";"PINAR CIBA";"PIRAY GUAZU";"1991";"37.63";"3403";"Sistema Río Paraná";"Cuencade los Arroyos de Misiones sobreelRío Paraná hasta Posadas"
"PINAR CIBA";"PINAR CIBA";"PIRAY GUAZU";"1992";"65.84";"3403";"Sistema Río Paraná";"Cuencade los Arroyos de Misiones sobreelRío Paraná hasta Posadas"
"PINAR CIBA";"PINAR CIBA";"PIRAY GUAZU";"1993";"24.56";"3403";"Sistema Río Paraná";"Cuencade los Arroyos de Misiones sobreelRío Paraná hasta Posadas"
"PINAR CIBA";"PINAR CIBA";"PIRAY GUAZU";"1994";"35.56";"3403";"Sistema Río Paraná";"Cuencade los Arroyos de Misiones sobreelRío Paraná hasta Posadas"
"PINAR CIBA";"PINAR CIBA";"PIRAY GUAZU";"1995";"27.06";"3403";"Sistema Río Paraná";"Cuencade los Arroyos de Misiones sobreelRío Paraná hasta Posadas"
"PINAR CIBA";"PINAR CIBA";"PIRAY GUAZU";"1996";"36.78";"3403";"Sistema Río Paraná";"Cuencade los Arroyos de Misiones sobreelRío Paraná hasta Posadas"
"PINAR CIBA";"PINAR CIBA";"PIRAY GUAZU";"1997";"50.51";"3403";"Sistema Río Paraná";"Cuencade los Arroyos de Misiones sobreelRío Paraná hasta Posadas"
"PINAR CIBA";"PINAR CIBA";"PIRAY GUAZU";"1998";"62.92";"3403";"Sistema Río Paraná";"Cuencade los Arroyos de Misiones sobreelRío Paraná hasta Posadas"
"PINAR CIBA";"PINAR CIBA";"PIRAY GUAZU";"1999";"11.96";"3403";"Sistema Río Paraná";"Cuencade los Arroyos de Misiones sobreelRío Paraná hasta Posadas"
"PINAR CIBA";"PINAR CIBA";"PIRAY GUAZU";"2000";"33.83";"3403";"Sistema Río Paraná";"Cuencade los Arroyos de Misiones sobreelRío Paraná hasta Posadas"
"PINAR CIBA";"PINAR CIBA";"PIRAY GUAZU";"2001";"29.17";"3403";"Sistema Río Paraná";"Cuencade los Arroyos de Misiones sobreelRío Paraná hasta Posadas"
"PINAR CIBA";"PINAR CIBA";"PIRAY GUAZU";"2002";"41.89";"3403";"Sistema Río Paraná";"Cuencade los Arroyos de Misiones sobreelRío Paraná hasta Posadas"
"PINAR CIBA";"PINAR CIBA";"PIRAY GUAZU";"2003";"21.45";"3403";"Sistema Río Paraná";"Cuencade los Arroyos de Misiones sobreelRío Paraná hasta Posadas"
"PINAR CIBA";"PINAR CIBA";"PIRAY GUAZU";"2004";"17.65";"3403";"Sistema Río Paraná";"Cuencade los Arroyos de Misiones sobreelRío Paraná hasta Posadas"
"PINAR CIBA";"PINAR CIBA";"PIRAY GUAZU";"2005";"26.65";"3403";"Sistema Río Paraná";"Cuencade los Arroyos de Misiones sobreelRío Paraná hasta Posadas"
"PINAR CIBA";"PINAR CIBA";"PIRAY GUAZU";"2006";"22.6";"3403";"Sistema Río Paraná";"Cuencade los Arroyos de Misiones sobreelRío Paraná hasta Posadas"
"PINAR CIBA";"PINAR CIBA";"PIRAY GUAZU";"2007";"40.58";"3403";"Sistema Río Paraná";"Cuencade los Arroyos de Misiones sobreelRío Paraná hasta Posadas"
"PINAR CIBA";"PINAR CIBA";"PIRAY GUAZU";"2008";"17.47";"3403";"Sistema Río Paraná";"Cuencade los Arroyos de Misiones sobreelRío Paraná hasta Posadas"
"PINAR CIBA";"PINAR CIBA";"PIRAY GUAZU";"2009";"33.91";"3403";"Sistema Río Paraná";"Cuencade los Arroyos de Misiones sobreelRío Paraná hasta Posadas"
"PINAR CIBA";"PINAR CIBA";"PIRAY GUAZU";"2010";"37.46";"3403";"Sistema Río Paraná";"Cuencade los Arroyos de Misiones sobreelRío Paraná hasta Posadas"
"PINAR CIBA";"PINAR CIBA";"PIRAY GUAZU";"2011";"37.5";"3403";"Sistema Río Paraná";"Cuencade los Arroyos de Misiones sobreelRío Paraná hasta Posadas"
"PINAR CIBA";"PINAR CIBA";"PIRAY GUAZU";"2012";"12.93";"3403";"Sistema Río Paraná";"Cuencade los Arroyos de Misiones sobreelRío Paraná hasta Posadas"
"PINAR CIBA";"PINAR CIBA";"PIRAY GUAZU";"2013";"44.08";"3403";"Sistema Río Paraná";"Cuencade los Arroyos de Misiones sobreelRío Paraná hasta Posadas"
"PINAR CIBA";"PINAR CIBA";"PIRAY GUAZU";"2014";"62.87";"3403";"Sistema Río Paraná";"Cuencade los Arroyos de Misiones sobreelRío Paraná hasta Posadas"
"PINAR CIBA";"PINAR CIBA";"PIRAY GUAZU";"2015";"56.25";"3403";"Sistema Río Paraná";"Cuencade los Arroyos de Misiones sobreelRío Paraná hasta Posadas"
"PINAR CIBA";"PINAR CIBA";"PIRAY GUAZU";"2016";"25.5";"3403";"Sistema Río Paraná";"Cuencade los Arroyos de Misiones sobreelRío Paraná hasta Posadas"
"PINAR CIBA";"PINAR CIBA";"PIRAY GUAZU";"2017";"13.31";"3403";"Sistema Río Paraná";"Cuencade los Arroyos de Misiones sobreelRío Paraná hasta Posadas"
"PINAR CIBA";"PINAR CIBA";"PIRAY GUAZU";"2019";"22.12";"3403";"Sistema Río Paraná";"Cuencade los Arroyos de Misiones sobreelRío Paraná hasta Posadas"
"PINAR CIBA";"PINAR CIBA";"PIRAY GUAZU";"2020";"10.12";"3403";"Sistema Río Paraná";"Cuencade los Arroyos de Misiones sobreelRío Paraná hasta Posadas"
"COLONIA MARTIRES";"COLONIA MARTIRES";"YABEBIRI";"1970";"9.66";"3404";"Sistema Río Paraná";"Cuencade los Arroyos de Misiones sobreelRío Paraná hasta Posadas"
"COLONIA MARTIRES";"COLONIA MARTIRES";"YABEBIRI";"1971";"5.87";"3404";"Sistema Río Paraná";"Cuencade los Arroyos de Misiones sobreelRío Paraná hasta Posadas"
"COLONIA MARTIRES";"COLONIA MARTIRES";"YABEBIRI";"1972";"19.3";"3404";"Sistema Río Paraná";"Cuencade los Arroyos de Misiones sobreelRío Paraná hasta Posadas"
"COLONIA MARTIRES";"COLONIA MARTIRES";"YABEBIRI";"1973";"19.76";"3404";"Sistema Río Paraná";"Cuencade los Arroyos de Misiones sobreelRío Paraná hasta Posadas"
"COLONIA MARTIRES";"COLONIA MARTIRES";"YABEBIRI";"1974";"8.83";"3404";"Sistema Río Paraná";"Cuencade los Arroyos de Misiones sobreelRío Paraná hasta Posadas"
"COLONIA MARTIRES";"COLONIA MARTIRES";"YABEBIRI";"1975";"16.16";"3404";"Sistema Río Paraná";"Cuencade los Arroyos de Misiones sobreelRío Paraná hasta Posadas"
"COLONIA MARTIRES";"COLONIA MARTIRES";"YABEBIRI";"1976";"8.43";"3404";"Sistema Río Paraná";"Cuencade los Arroyos de Misiones sobreelRío Paraná hasta Posadas"
"COLONIA MARTIRES";"COLONIA MARTIRES";"YABEBIRI";"1977";"7.71";"3404";"Sistema Río Paraná";"Cuencade los Arroyos de Misiones sobreelRío Paraná hasta Posadas"
"PUENTE VIEJO RN 12";"PUENTE VIEJO RN12";"URUGUA-Í";"1970";"43.23";"3405";"Sistema Río Paraná";"Cuencade los Arroyos de Misiones sobreelRío Paraná hasta Posadas"
"PUENTE VIEJO RN 12";"PUENTE VIEJO RN12";"URUGUA-Í";"1971";"62.02";"3405";"Sistema Río Paraná";"Cuencade los Arroyos de Misiones sobreelRío Paraná hasta Posadas"
"PUENTE VIEJO RN 12";"PUENTE VIEJO RN12";"URUGUA-Í";"1972";"101.33";"3405";"Sistema Río Paraná";"Cuencade los Arroyos de Misiones sobreelRío Paraná hasta Posadas"
"PUENTE VIEJO RN 12";"PUENTE VIEJO RN12";"URUGUA-Í";"1973";"78.36";"3405";"Sistema Río Paraná";"Cuencade los Arroyos de Misiones sobreelRío Paraná hasta Posadas"
"PUENTE VIEJO RN 12";"PUENTE VIEJO RN12";"URUGUA-Í";"1974";"42.31";"3405";"Sistema Río Paraná";"Cuencade los Arroyos de Misiones sobreelRío Paraná hasta Posadas"
"PUENTE VIEJO RN 12";"PUENTE VIEJO RN12";"URUGUA-Í";"1975";"56.78";"3405";"Sistema Río Paraná";"Cuencade los Arroyos de Misiones sobreelRío Paraná hasta Posadas"
"PUENTE VIEJO RN 12";"PUENTE VIEJO RN12";"URUGUA-Í";"1976";"25.75";"3405";"Sistema Río Paraná";"Cuencade los Arroyos de Misiones sobreelRío Paraná hasta Posadas"
"PUENTE VIEJO RN 12";"PUENTE VIEJO RN12";"URUGUA-Í";"1977";"10.85";"3405";"Sistema Río Paraná";"Cuencade los Arroyos de Misiones sobreelRío Paraná hasta Posadas"
"EL ALCAZAR";"EL ALCAZAR";"PARANAY";"1972";"45.22";"3414";"Sistema Río Paraná";"Cuencade los Arroyos de Misiones sobreelRío Paraná hasta Posadas"
"EL ALCAZAR";"EL ALCAZAR";"PARANAY";"1973";"31.38";"3414";"Sistema Río Paraná";"Cuencade los Arroyos de Misiones sobreelRío Paraná hasta Posadas"
"EL ALCAZAR";"EL ALCAZAR";"PARANAY";"1974";"17.76";"3414";"Sistema Río Paraná";"Cuencade los Arroyos de Misiones sobreelRío Paraná hasta Posadas"
"EL ALCAZAR";"EL ALCAZAR";"PARANAY";"1975";"22.59";"3414";"Sistema Río Paraná";"Cuencade los Arroyos de Misiones sobreelRío Paraná hasta Posadas"
"EL ALCAZAR";"EL ALCAZAR";"PARANAY";"1976";"13.67";"3414";"Sistema Río Paraná";"Cuencade los Arroyos de Misiones sobreelRío Paraná hasta Posadas"
"EL ALCAZAR";"EL ALCAZAR";"PARANAY";"1977";"12.07";"3414";"Sistema Río Paraná";"Cuencade los Arroyos de Misiones sobreelRío Paraná hasta Posadas"
"EL ALCAZAR";"EL ALCAZAR";"PARANAY";"1978";"9.46";"3414";"Sistema Río Paraná";"Cuencade los Arroyos de Misiones sobreelRío Paraná hasta Posadas"
"EL ALCAZAR";"EL ALCAZAR";"PARANAY";"1979";"29.97";"3414";"Sistema Río Paraná";"Cuencade los Arroyos de Misiones sobreelRío Paraná hasta Posadas"
"EL ALCAZAR";"EL ALCAZAR";"PARANAY";"1980";"8.6";"3414";"Sistema Río Paraná";"Cuencade los Arroyos de Misiones sobreelRío Paraná hasta Posadas"
"EL ALCAZAR";"EL ALCAZAR";"PARANAY";"1981";"5.01";"3414";"Sistema Río Paraná";"Cuencade los Arroyos de Misiones sobreelRío Paraná hasta Posadas"
"EL ALCAZAR";"EL ALCAZAR";"PARANAY";"1982";"19.59";"3414";"Sistema Río Paraná";"Cuencade los Arroyos de Misiones sobreelRío Paraná hasta Posadas"
"EL ALCAZAR";"EL ALCAZAR";"PARANAY";"1983";"15.55";"3414";"Sistema Río Paraná";"Cuencade los Arroyos de Misiones sobreelRío Paraná hasta Posadas"
"EL ALCAZAR";"EL ALCAZAR";"PARANAY";"1984";"19.48";"3414";"Sistema Río Paraná";"Cuencade los Arroyos de Misiones sobreelRío Paraná hasta Posadas"
"EL ALCAZAR";"EL ALCAZAR";"PARANAY";"1985";"22.7";"3414";"Sistema Río Paraná";"Cuencade los Arroyos de Misiones sobreelRío Paraná hasta Posadas"
"EL ALCAZAR";"EL ALCAZAR";"PARANAY";"1986";"23.1";"3414";"Sistema Río Paraná";"Cuencade los Arroyos de Misiones sobreelRío Paraná hasta Posadas"
"EL ALCAZAR";"EL ALCAZAR";"PARANAY";"1987";"25.84";"3414";"Sistema Río Paraná";"Cuencade los Arroyos de Misiones sobreelRío Paraná hasta Posadas"
"EL ALCAZAR";"EL ALCAZAR";"PARANAY";"1988";"9.35";"3414";"Sistema Río Paraná";"Cuencade los Arroyos de Misiones sobreelRío Paraná hasta Posadas"
"EL ALCAZAR";"EL ALCAZAR";"PARANAY";"1989";"20.62";"3414";"Sistema Río Paraná";"Cuencade los Arroyos de Misiones sobreelRío Paraná hasta Posadas"
"EL ALCAZAR";"EL ALCAZAR";"PARANAY";"1990";"38.23";"3414";"Sistema Río Paraná";"Cuencade los Arroyos de Misiones sobreelRío Paraná hasta Posadas"
"EL ALCAZAR";"EL ALCAZAR";"PARANAY";"1991";"12.32";"3414";"Sistema Río Paraná";"Cuencade los Arroyos de Misiones sobreelRío Paraná hasta Posadas"
"EL ALCAZAR";"EL ALCAZAR";"PARANAY";"1992";"34.47";"3414";"Sistema Río Paraná";"Cuencade los Arroyos de Misiones sobreelRío Paraná hasta Posadas"
"EL ALCAZAR";"EL ALCAZAR";"PARANAY";"1993";"14.2";"3414";"Sistema Río Paraná";"Cuencade los Arroyos de Misiones sobreelRío Paraná hasta Posadas"
"EL ALCAZAR";"EL ALCAZAR";"PARANAY";"1994";"32.4";"3414";"Sistema Río Paraná";"Cuencade los Arroyos de Misiones sobreelRío Paraná hasta Posadas"
"EL ALCAZAR";"EL ALCAZAR";"PARANAY";"1995";"17.16";"3414";"Sistema Río Paraná";"Cuencade los Arroyos de Misiones sobreelRío Paraná hasta Posadas"
"EL ALCAZAR";"EL ALCAZAR";"PARANAY";"1996";"30.47";"3414";"Sistema Río Paraná";"Cuencade los Arroyos de Misiones sobreelRío Paraná hasta Posadas"
"EL ALCAZAR";"EL ALCAZAR";"PARANAY";"1997";"35.77";"3414";"Sistema Río Paraná";"Cuencade los Arroyos de Misiones sobreelRío Paraná hasta Posadas"
"EL ALCAZAR";"EL ALCAZAR";"PARANAY";"1998";"48.45";"3414";"Sistema Río Paraná";"Cuencade los Arroyos de Misiones sobreelRío Paraná hasta Posadas"
"EL ALCAZAR";"EL ALCAZAR";"PARANAY";"1999";"10.78";"3414";"Sistema Río Paraná";"Cuencade los Arroyos de Misiones sobreelRío Paraná hasta Posadas"
"EL ALCAZAR";"EL ALCAZAR";"PARANAY";"2000";"21.04";"3414";"Sistema Río Paraná";"Cuencade los Arroyos de Misiones sobreelRío Paraná hasta Posadas"
"EL ALCAZAR";"EL ALCAZAR";"PARANAY";"2001";"18.52";"3414";"Sistema Río Paraná";"Cuencade los Arroyos de Misiones sobreelRío Paraná hasta Posadas"
"EL ALCAZAR";"EL ALCAZAR";"PARANAY";"2002";"31.36";"3414";"Sistema Río Paraná";"Cuencade los Arroyos de Misiones sobreelRío Paraná hasta Posadas"
"EL ALCAZAR";"EL ALCAZAR";"PARANAY";"2003";"21.03";"3414";"Sistema Río Paraná";"Cuencade los Arroyos de Misiones sobreelRío Paraná hasta Posadas"
"EL ALCAZAR";"EL ALCAZAR";"PARANAY";"2004";"11.63";"3414";"Sistema Río Paraná";"Cuencade los Arroyos de Misiones sobreelRío Paraná hasta Posadas"
"EL ALCAZAR";"EL ALCAZAR";"PARANAY";"2005";"25.12";"3414";"Sistema Río Paraná";"Cuencade los Arroyos de Misiones sobreelRío Paraná hasta Posadas"
"EL ALCAZAR";"EL ALCAZAR";"PARANAY";"2006";"19.87";"3414";"Sistema Río Paraná";"Cuencade los Arroyos de Misiones sobreelRío Paraná hasta Posadas"
"EL ALCAZAR";"EL ALCAZAR";"PARANAY";"2007";"37.88";"3414";"Sistema Río Paraná";"Cuencade los Arroyos de Misiones sobreelRío Paraná hasta Posadas"
"EL ALCAZAR";"EL ALCAZAR";"PARANAY";"2008";"22.96";"3414";"Sistema Río Paraná";"Cuencade los Arroyos de Misiones sobreelRío Paraná hasta Posadas"
"EL ALCAZAR";"EL ALCAZAR";"PARANAY";"2009";"11.25";"3414";"Sistema Río Paraná";"Cuencade los Arroyos de Misiones sobreelRío Paraná hasta Posadas"
"EL ALCAZAR";"EL ALCAZAR";"PARANAY";"2010";"22.78";"3414";"Sistema Río Paraná";"Cuencade los Arroyos de Misiones sobreelRío Paraná hasta Posadas"
"EL ALCAZAR";"EL ALCAZAR";"PARANAY";"2011";"24.72";"3414";"Sistema Río Paraná";"Cuencade los Arroyos de Misiones sobreelRío Paraná hasta Posadas"
"EL ALCAZAR";"EL ALCAZAR";"PARANAY";"2012";"11.41";"3414";"Sistema Río Paraná";"Cuencade los Arroyos de Misiones sobreelRío Paraná hasta Posadas"
"EL ALCAZAR";"EL ALCAZAR";"PARANAY";"2013";"22.35";"3414";"Sistema Río Paraná";"Cuencade los Arroyos de Misiones sobreelRío Paraná hasta Posadas"
"EL ALCAZAR";"EL ALCAZAR";"PARANAY";"2014";"44.14";"3414";"Sistema Río Paraná";"Cuencade los Arroyos de Misiones sobreelRío Paraná hasta Posadas"
"EL ALCAZAR";"EL ALCAZAR";"PARANAY";"2015";"46.58";"3414";"Sistema Río Paraná";"Cuencade los Arroyos de Misiones sobreelRío Paraná hasta Posadas"
"EL ALCAZAR";"EL ALCAZAR";"PARANAY";"2016";"17.21";"3414";"Sistema Río Paraná";"Cuencade los Arroyos de Misiones sobreelRío Paraná hasta Posadas"
"EL ALCAZAR";"EL ALCAZAR";"PARANAY";"2017";"44.62";"3414";"Sistema Río Paraná";"Cuencade los Arroyos de Misiones sobreelRío Paraná hasta Posadas"
"EL ALCAZAR";"EL ALCAZAR";"PARANAY";"2018";"24.86";"3414";"Sistema Río Paraná";"Cuencade los Arroyos de Misiones sobreelRío Paraná hasta Posadas"
"EL ALCAZAR";"EL ALCAZAR";"PARANAY";"2019";"16.88";"3414";"Sistema Río Paraná";"Cuencade los Arroyos de Misiones sobreelRío Paraná hasta Posadas"
"EL ALCAZAR";"EL ALCAZAR";"PARANAY";"2020";"13.30";"3414";"Sistema Río Paraná";"Cuencade los Arroyos de Misiones sobreelRío Paraná hasta Posadas"
"EL SOBERBIO";"EL SOBERBIO";"URUGUAY";"1980";"2114.45";"3442";"Sistema Río Uruguay";"Cuencapropia del Río Uruguay en Argentina"
"EL SOBERBIO";"EL SOBERBIO";"URUGUAY";"1981";"1097.39";"3442";"Sistema Río Uruguay";"Cuencapropia del Río Uruguay en Argentina"
"EL SOBERBIO";"EL SOBERBIO";"URUGUAY";"1982";"2436.26";"3442";"Sistema Río Uruguay";"Cuencapropia del Río Uruguay en Argentina"
"EL SOBERBIO";"EL SOBERBIO";"URUGUAY";"1983";"4745.19";"3442";"Sistema Río Uruguay";"Cuencapropia del Río Uruguay en Argentina"
"EL SOBERBIO";"EL SOBERBIO";"URUGUAY";"1984";"2651.42";"3442";"Sistema Río Uruguay";"Cuencapropia del Río Uruguay en Argentina"
"EL SOBERBIO";"EL SOBERBIO";"URUGUAY";"1985";"1488.23";"3442";"Sistema Río Uruguay";"Cuencapropia del Río Uruguay en Argentina"
"EL SOBERBIO";"EL SOBERBIO";"URUGUAY";"1986";"1893.8";"3442";"Sistema Río Uruguay";"Cuencapropia del Río Uruguay en Argentina"
"EL SOBERBIO";"EL SOBERBIO";"URUGUAY";"1987";"2432.41";"3442";"Sistema Río Uruguay";"Cuencapropia del Río Uruguay en Argentina"
"EL SOBERBIO";"EL SOBERBIO";"URUGUAY";"1988";"1285.5";"3442";"Sistema Río Uruguay";"Cuencapropia del Río Uruguay en Argentina"
"EL SOBERBIO";"EL SOBERBIO";"URUGUAY";"1989";"1933.33";"3442";"Sistema Río Uruguay";"Cuencapropia del Río Uruguay en Argentina"
"EL SOBERBIO";"EL SOBERBIO";"URUGUAY";"1990";"5123.00";"3442";"Sistema Río Uruguay";"Cuencapropia del Río Uruguay en Argentina"
"EL SOBERBIO";"EL SOBERBIO";"URUGUAY";"1991";"1376.33";"3442";"Sistema Río Uruguay";"Cuencapropia del Río Uruguay en Argentina"
"EL SOBERBIO";"EL SOBERBIO";"URUGUAY";"1992";"3272.8";"3442";"Sistema Río Uruguay";"Cuencapropia del Río Uruguay en Argentina"
"EL SOBERBIO";"EL SOBERBIO";"URUGUAY";"1993";"2330.64";"3442";"Sistema Río Uruguay";"Cuencapropia del Río Uruguay en Argentina"
"EL SOBERBIO";"EL SOBERBIO";"URUGUAY";"1994";"2887.38";"3442";"Sistema Río Uruguay";"Cuencapropia del Río Uruguay en Argentina"
"EL SOBERBIO";"EL SOBERBIO";"URUGUAY";"1995";"1850.54";"3442";"Sistema Río Uruguay";"Cuencapropia del Río Uruguay en Argentina"
"EL SOBERBIO";"EL SOBERBIO";"URUGUAY";"1996";"2595.71";"3442";"Sistema Río Uruguay";"Cuencapropia del Río Uruguay en Argentina"
"EL SOBERBIO";"EL SOBERBIO";"URUGUAY";"1997";"3635.9";"3442";"Sistema Río Uruguay";"Cuencapropia del Río Uruguay en Argentina"
"EL SOBERBIO";"EL SOBERBIO";"URUGUAY";"1998";"4312.28";"3442";"Sistema Río Uruguay";"Cuencapropia del Río Uruguay en Argentina"
"EL SOBERBIO";"EL SOBERBIO";"URUGUAY";"1999";"1635.85";"3442";"Sistema Río Uruguay";"Cuencapropia del Río Uruguay en Argentina"
"EL SOBERBIO";"EL SOBERBIO";"URUGUAY";"2000";"2104.24";"3442";"Sistema Río Uruguay";"Cuencapropia del Río Uruguay en Argentina"
"EL SOBERBIO";"EL SOBERBIO";"URUGUAY";"2001";"2640.38";"3442";"Sistema Río Uruguay";"Cuencapropia del Río Uruguay en Argentina"
"EL SOBERBIO";"EL SOBERBIO";"URUGUAY";"2002";"2586.86";"3442";"Sistema Río Uruguay";"Cuencapropia del Río Uruguay en Argentina"
"EL SOBERBIO";"EL SOBERBIO";"URUGUAY";"2003";"1644.91";"3442";"Sistema Río Uruguay";"Cuencapropia del Río Uruguay en Argentina"
"EL SOBERBIO";"EL SOBERBIO";"URUGUAY";"2004";"1586.27";"3442";"Sistema Río Uruguay";"Cuencapropia del Río Uruguay en Argentina"
"EL SOBERBIO";"EL SOBERBIO";"URUGUAY";"2005";"2468.13";"3442";"Sistema Río Uruguay";"Cuencapropia del Río Uruguay en Argentina"
"EL SOBERBIO";"EL SOBERBIO";"URUGUAY";"2006";"1003.79";"3442";"Sistema Río Uruguay";"Cuencapropia del Río Uruguay en Argentina"
"EL SOBERBIO";"EL SOBERBIO";"URUGUAY";"2007";"2543.8";"3442";"Sistema Río Uruguay";"Cuencapropia del Río Uruguay en Argentina"
"EL SOBERBIO";"EL SOBERBIO";"URUGUAY";"2008";"1907.04";"3442";"Sistema Río Uruguay";"Cuencapropia del Río Uruguay en Argentina"
"EL SOBERBIO";"EL SOBERBIO";"URUGUAY";"2009";"2456.78";"3442";"Sistema Río Uruguay";"Cuencapropia del Río Uruguay en Argentina"
"EL SOBERBIO";"EL SOBERBIO";"URUGUAY";"2010";"2675.06";"3442";"Sistema Río Uruguay";"Cuencapropia del Río Uruguay en Argentina"
"EL SOBERBIO";"EL SOBERBIO";"URUGUAY";"2011";"3240.44";"3442";"Sistema Río Uruguay";"Cuencapropia del Río Uruguay en Argentina"
"EL SOBERBIO";"EL SOBERBIO";"URUGUAY";"2012";"1066.01";"3442";"Sistema Río Uruguay";"Cuencapropia del Río Uruguay en Argentina"
"EL SOBERBIO";"EL SOBERBIO";"URUGUAY";"2013";"2479.17";"3442";"Sistema Río Uruguay";"Cuencapropia del Río Uruguay en Argentina"
"EL SOBERBIO";"EL SOBERBIO";"URUGUAY";"2014";"3143.92";"3442";"Sistema Río Uruguay";"Cuencapropia del Río Uruguay en Argentina"
"EL SOBERBIO";"EL SOBERBIO";"URUGUAY";"2015";"4485.56";"3442";"Sistema Río Uruguay";"Cuencapropia del Río Uruguay en Argentina"
"EL SOBERBIO";"EL SOBERBIO";"URUGUAY";"2016";"2352.26";"3442";"Sistema Río Uruguay";"Cuencapropia del Río Uruguay en Argentina"
"EL SOBERBIO";"EL SOBERBIO";"URUGUAY";"2017";"2633.71";"3442";"Sistema Río Uruguay";"Cuencapropia del Río Uruguay en Argentina"
"EL SOBERBIO";"EL SOBERBIO";"URUGUAY";"2018";"1966.54";"3442";"Sistema Río Uruguay";"Cuencapropia del Río Uruguay en Argentina"
"EL SOBERBIO";"EL SOBERBIO";"URUGUAY";"2019";"1879.99";"3442";"Sistema Río Uruguay";"Cuencapropia del Río Uruguay en Argentina"
"EL SOBERBIO";"EL SOBERBIO";"URUGUAY";"2020";"116.89";"3442";"Sistema Río Uruguay";"Cuencapropia del Río Uruguay en Argentina"
"PUERTO ANDRESITO";"PUERTO ANDRESITO";"IGUAZU";"1983";"2516.75";"3448";"Sistema Río Paraná";"ParteArgentina de la Cuenca del Río Iguazú"
"PUERTO ANDRESITO";"PUERTO ANDRESITO";"IGUAZU";"1984";"1569.41";"3448";"Sistema Río Paraná";"ParteArgentina de la Cuenca del Río Iguazú"
"PUERTO ANDRESITO";"PUERTO ANDRESITO";"IGUAZU";"1985";"896.38";"3448";"Sistema Río Paraná";"ParteArgentina de la Cuenca del Río Iguazú"
"PUERTO ANDRESITO";"PUERTO ANDRESITO";"IGUAZU";"1986";"1190.33";"3448";"Sistema Río Paraná";"ParteArgentina de la Cuenca del Río Iguazú"
"PUERTO ANDRESITO";"PUERTO ANDRESITO";"IGUAZU";"1987";"1687.35";"3448";"Sistema Río Paraná";"ParteArgentina de la Cuenca del Río Iguazú"
"PUERTO ANDRESITO";"PUERTO ANDRESITO";"IGUAZU";"1988";"1090.6";"3448";"Sistema Río Paraná";"ParteArgentina de la Cuenca del Río Iguazú"
"PUERTO ANDRESITO";"PUERTO ANDRESITO";"IGUAZU";"1989";"1804.79";"3448";"Sistema Río Paraná";"ParteArgentina de la Cuenca del Río Iguazú"
"PUERTO ANDRESITO";"PUERTO ANDRESITO";"IGUAZU";"1990";"2667.03";"3448";"Sistema Río Paraná";"ParteArgentina de la Cuenca del Río Iguazú"
"PUERTO ANDRESITO";"PUERTO ANDRESITO";"IGUAZU";"1991";"906.35";"3448";"Sistema Río Paraná";"ParteArgentina de la Cuenca del Río Iguazú"
"PUERTO ANDRESITO";"PUERTO ANDRESITO";"IGUAZU";"1992";"2223.44";"3448";"Sistema Río Paraná";"ParteArgentina de la Cuenca del Río Iguazú"
"PUERTO ANDRESITO";"PUERTO ANDRESITO";"IGUAZU";"1993";"1849.18";"3448";"Sistema Río Paraná";"ParteArgentina de la Cuenca del Río Iguazú"
"PUERTO ANDRESITO";"PUERTO ANDRESITO";"IGUAZU";"1994";"1661.23";"3448";"Sistema Río Paraná";"ParteArgentina de la Cuenca del Río Iguazú"
"PUERTO ANDRESITO";"PUERTO ANDRESITO";"IGUAZU";"1995";"1656.47";"3448";"Sistema Río Paraná";"ParteArgentina de la Cuenca del Río Iguazú"
"PUERTO ANDRESITO";"PUERTO ANDRESITO";"IGUAZU";"1996";"2174.67";"3448";"Sistema Río Paraná";"ParteArgentina de la Cuenca del Río Iguazú"
"PUERTO ANDRESITO";"PUERTO ANDRESITO";"IGUAZU";"1997";"2557.48";"3448";"Sistema Río Paraná";"ParteArgentina de la Cuenca del Río Iguazú"
"PUERTO ANDRESITO";"PUERTO ANDRESITO";"IGUAZU";"1998";"3294.72";"3448";"Sistema Río Paraná";"ParteArgentina de la Cuenca del Río Iguazú"
"PUERTO ANDRESITO";"PUERTO ANDRESITO";"IGUAZU";"1999";"1507.87";"3448";"Sistema Río Paraná";"ParteArgentina de la Cuenca del Río Iguazú"
"PUERTO ANDRESITO";"PUERTO ANDRESITO";"IGUAZU";"2000";"1505.27";"3448";"Sistema Río Paraná";"ParteArgentina de la Cuenca del Río Iguazú"
"PUERTO ANDRESITO";"PUERTO ANDRESITO";"IGUAZU";"2001";"2181.48";"3448";"Sistema Río Paraná";"ParteArgentina de la Cuenca del Río Iguazú"
"PUERTO ANDRESITO";"PUERTO ANDRESITO";"IGUAZU";"2002";"1661.31";"3448";"Sistema Río Paraná";"ParteArgentina de la Cuenca del Río Iguazú"
"PUERTO ANDRESITO";"PUERTO ANDRESITO";"IGUAZU";"2003";"1246.93";"3448";"Sistema Río Paraná";"ParteArgentina de la Cuenca del Río Iguazú"
"PUERTO ANDRESITO";"PUERTO ANDRESITO";"IGUAZU";"2004";"1383.3";"3448";"Sistema Río Paraná";"ParteArgentina de la Cuenca del Río Iguazú"
"PUERTO ANDRESITO";"PUERTO ANDRESITO";"IGUAZU";"2005";"1806.46";"3448";"Sistema Río Paraná";"ParteArgentina de la Cuenca del Río Iguazú"
"PUERTO ANDRESITO";"PUERTO ANDRESITO";"IGUAZU";"2006";"696.61";"3448";"Sistema Río Paraná";"ParteArgentina de la Cuenca del Río Iguazú"
"PUERTO ANDRESITO";"PUERTO ANDRESITO";"IGUAZU";"2007";"1425.28";"3448";"Sistema Río Paraná";"ParteArgentina de la Cuenca del Río Iguazú"
"PUERTO ANDRESITO";"PUERTO ANDRESITO";"IGUAZU";"2008";"1332.66";"3448";"Sistema Río Paraná";"ParteArgentina de la Cuenca del Río Iguazú"
"PUERTO ANDRESITO";"PUERTO ANDRESITO";"IGUAZU";"2009";"1712.79";"3448";"Sistema Río Paraná";"ParteArgentina de la Cuenca del Río Iguazú"
"PUERTO ANDRESITO";"PUERTO ANDRESITO";"IGUAZU";"2010";"2049.45";"3448";"Sistema Río Paraná";"ParteArgentina de la Cuenca del Río Iguazú"
"PUERTO ANDRESITO";"PUERTO ANDRESITO";"IGUAZU";"2011";"2251.66";"3448";"Sistema Río Paraná";"ParteArgentina de la Cuenca del Río Iguazú"
"PUERTO ANDRESITO";"PUERTO ANDRESITO";"IGUAZU";"2012";"1319.98";"3448";"Sistema Río Paraná";"ParteArgentina de la Cuenca del Río Iguazú"
"PUERTO ANDRESITO";"PUERTO ANDRESITO";"IGUAZU";"2013";"2215.31";"3448";"Sistema Río Paraná";"ParteArgentina de la Cuenca del Río Iguazú"
"PUERTO ANDRESITO";"PUERTO ANDRESITO";"IGUAZU";"2014";"2392.64";"3448";"Sistema Río Paraná";"ParteArgentina de la Cuenca del Río Iguazú"
"PUERTO ANDRESITO";"PUERTO ANDRESITO";"IGUAZU";"2015";"2258.05";"3448";"Sistema Río Paraná";"ParteArgentina de la Cuenca del Río Iguazú"
"PUERTO ANDRESITO";"PUERTO ANDRESITO";"IGUAZU";"2016";"2079.75";"3448";"Sistema Río Paraná";"ParteArgentina de la Cuenca del Río Iguazú"
"PUERTO ANDRESITO";"PUERTO ANDRESITO";"IGUAZU";"2017";"1572.96";"3448";"Sistema Río Paraná";"ParteArgentina de la Cuenca del Río Iguazú"
"PUERTO ANDRESITO";"PUERTO ANDRESITO";"IGUAZU";"2018";"1319.1";"3448";"Sistema Río Paraná";"ParteArgentina de la Cuenca del Río Iguazú"
"PUERTO ANDRESITO";"PUERTO ANDRESITO";"IGUAZU";"2019";"1237.87";"3448";"Sistema Río Paraná";"ParteArgentina de la Cuenca del Río Iguazú"
"PUERTO ANDRESITO";"PUERTO ANDRESITO";"IGUAZU";"2020";"632.94";"3448";"Sistema Río Paraná";"ParteArgentina de la Cuenca del Río Iguazú"
"PASO DE LOS LIBRES";"PASO DE LOS LIBRES";"URUGUAY";"1970";"3523.16";"3802";"Sistema Río Uruguay";"Cuencapropia del Río Uruguay en Argentina"
"PASO DE LOS LIBRES";"PASO DE LOS LIBRES";"URUGUAY";"1971";"4550.24";"3802";"Sistema Río Uruguay";"Cuencapropia del Río Uruguay en Argentina"
"PASO DE LOS LIBRES";"PASO DE LOS LIBRES";"URUGUAY";"1972";"7062.49";"3802";"Sistema Río Uruguay";"Cuencapropia del Río Uruguay en Argentina"
"PASO DE LOS LIBRES";"PASO DE LOS LIBRES";"URUGUAY";"1973";"6684.07";"3802";"Sistema Río Uruguay";"Cuencapropia del Río Uruguay en Argentina"
"PASO DE LOS LIBRES";"PASO DE LOS LIBRES";"URUGUAY";"1974";"3085.51";"3802";"Sistema Río Uruguay";"Cuencapropia del Río Uruguay en Argentina"
"PASO DE LOS LIBRES";"PASO DE LOS LIBRES";"URUGUAY";"1975";"4670.61";"3802";"Sistema Río Uruguay";"Cuencapropia del Río Uruguay en Argentina"
"PASO DE LOS LIBRES";"PASO DE LOS LIBRES";"URUGUAY";"1976";"3737.24";"3802";"Sistema Río Uruguay";"Cuencapropia del Río Uruguay en Argentina"
"PASO DE LOS LIBRES";"PASO DE LOS LIBRES";"URUGUAY";"1977";"4478.84";"3802";"Sistema Río Uruguay";"Cuencapropia del Río Uruguay en Argentina"
"PASO DE LOS LIBRES";"PASO DE LOS LIBRES";"URUGUAY";"1978";"2290.59";"3802";"Sistema Río Uruguay";"Cuencapropia del Río Uruguay en Argentina"
"PASO DE LOS LIBRES";"PASO DE LOS LIBRES";"URUGUAY";"1979";"4803.99";"3802";"Sistema Río Uruguay";"Cuencapropia del Río Uruguay en Argentina"
"PASO DE LOS LIBRES";"PASO DE LOS LIBRES";"URUGUAY";"1980";"3858.08";"3802";"Sistema Río Uruguay";"Cuencapropia del Río Uruguay en Argentina"
"PASO DE LOS LIBRES";"PASO DE LOS LIBRES";"URUGUAY";"1981";"2135.93";"3802";"Sistema Río Uruguay";"Cuencapropia del Río Uruguay en Argentina"
"PASO DE LOS LIBRES";"PASO DE LOS LIBRES";"URUGUAY";"1982";"5660.34";"3802";"Sistema Río Uruguay";"Cuencapropia del Río Uruguay en Argentina"
"PASO DE LOS LIBRES";"PASO DE LOS LIBRES";"URUGUAY";"1983";"8711.34";"3802";"Sistema Río Uruguay";"Cuencapropia del Río Uruguay en Argentina"
"PASO DE LOS LIBRES";"PASO DE LOS LIBRES";"URUGUAY";"1984";"6115.5";"3802";"Sistema Río Uruguay";"Cuencapropia del Río Uruguay en Argentina"
"PASO DE LOS LIBRES";"PASO DE LOS LIBRES";"URUGUAY";"1985";"4501.74";"3802";"Sistema Río Uruguay";"Cuencapropia del Río Uruguay en Argentina"
"PASO DE LOS LIBRES";"PASO DE LOS LIBRES";"URUGUAY";"1986";"5490.61";"3802";"Sistema Río Uruguay";"Cuencapropia del Río Uruguay en Argentina"
"PASO DE LOS LIBRES";"PASO DE LOS LIBRES";"URUGUAY";"1987";"5784.08";"3802";"Sistema Río Uruguay";"Cuencapropia del Río Uruguay en Argentina"
"PASO DE LOS LIBRES";"PASO DE LOS LIBRES";"URUGUAY";"1988";"2487.91";"3802";"Sistema Río Uruguay";"Cuencapropia del Río Uruguay en Argentina"
"PASO DE LOS LIBRES";"PASO DE LOS LIBRES";"URUGUAY";"1989";"3607.67";"3802";"Sistema Río Uruguay";"Cuencapropia del Río Uruguay en Argentina"
"PASO DE LOS LIBRES";"PASO DE LOS LIBRES";"URUGUAY";"1990";"7059.08";"3802";"Sistema Río Uruguay";"Cuencapropia del Río Uruguay en Argentina"
"PASO DE LOS LIBRES";"PASO DE LOS LIBRES";"URUGUAY";"1991";"2468.56";"3802";"Sistema Río Uruguay";"Cuencapropia del Río Uruguay en Argentina"
"PASO DE LOS LIBRES";"PASO DE LOS LIBRES";"URUGUAY";"1992";"6310.8";"3802";"Sistema Río Uruguay";"Cuencapropia del Río Uruguay en Argentina"
"PASO DE LOS LIBRES";"PASO DE LOS LIBRES";"URUGUAY";"1993";"4931.48";"3802";"Sistema Río Uruguay";"Cuencapropia del Río Uruguay en Argentina"
"PASO DE LOS LIBRES";"PASO DE LOS LIBRES";"URUGUAY";"1994";"5709.28";"3802";"Sistema Río Uruguay";"Cuencapropia del Río Uruguay en Argentina"
"PASO DE LOS LIBRES";"PASO DE LOS LIBRES";"URUGUAY";"1995";"3163.21";"3802";"Sistema Río Uruguay";"Cuencapropia del Río Uruguay en Argentina"
"PASO DE LOS LIBRES";"PASO DE LOS LIBRES";"URUGUAY";"1996";"4271.12";"3802";"Sistema Río Uruguay";"Cuencapropia del Río Uruguay en Argentina"
"PASO DE LOS LIBRES";"PASO DE LOS LIBRES";"URUGUAY";"1997";"6537.73";"3802";"Sistema Río Uruguay";"Cuencapropia del Río Uruguay en Argentina"
"PASO DE LOS LIBRES";"PASO DE LOS LIBRES";"URUGUAY";"1998";"9532.92";"3802";"Sistema Río Uruguay";"Cuencapropia del Río Uruguay en Argentina"
"PASO DE LOS LIBRES";"PASO DE LOS LIBRES";"URUGUAY";"1999";"3304.99";"3802";"Sistema Río Uruguay";"Cuencapropia del Río Uruguay en Argentina"
"PASO DE LOS LIBRES";"PASO DE LOS LIBRES";"URUGUAY";"2000";"4336.03";"3802";"Sistema Río Uruguay";"Cuencapropia del Río Uruguay en Argentina"
"PASO DE LOS LIBRES";"PASO DE LOS LIBRES";"URUGUAY";"2001";"5264.89";"3802";"Sistema Río Uruguay";"Cuencapropia del Río Uruguay en Argentina"
"PASO DE LOS LIBRES";"PASO DE LOS LIBRES";"URUGUAY";"2002";"7437.93";"3802";"Sistema Río Uruguay";"Cuencapropia del Río Uruguay en Argentina"
"PASO DE LOS LIBRES";"PASO DE LOS LIBRES";"URUGUAY";"2003";"4594.15";"3802";"Sistema Río Uruguay";"Cuencapropia del Río Uruguay en Argentina"
"PASO DE LOS LIBRES";"PASO DE LOS LIBRES";"URUGUAY";"2004";"2634.39";"3802";"Sistema Río Uruguay";"Cuencapropia del Río Uruguay en Argentina"
"PASO DE LOS LIBRES";"PASO DE LOS LIBRES";"URUGUAY";"2005";"4410.73";"3802";"Sistema Río Uruguay";"Cuencapropia del Río Uruguay en Argentina"
"PASO DE LOS LIBRES";"PASO DE LOS LIBRES";"URUGUAY";"2006";"1915.97";"3802";"Sistema Río Uruguay";"Cuencapropia del Río Uruguay en Argentina"
"PASO DE LOS LIBRES";"PASO DE LOS LIBRES";"URUGUAY";"2007";"4547.39";"3802";"Sistema Río Uruguay";"Cuencapropia del Río Uruguay en Argentina"
"PASO DE LOS LIBRES";"PASO DE LOS LIBRES";"URUGUAY";"2008";"3547.17";"3802";"Sistema Río Uruguay";"Cuencapropia del Río Uruguay en Argentina"
"PASO DE LOS LIBRES";"PASO DE LOS LIBRES";"URUGUAY";"2009";"4713.18";"3802";"Sistema Río Uruguay";"Cuencapropia del Río Uruguay en Argentina"
"PASO DE LOS LIBRES";"PASO DE LOS LIBRES";"URUGUAY";"2010";"5059.34";"3802";"Sistema Río Uruguay";"Cuencapropia del Río Uruguay en Argentina"
"PASO DE LOS LIBRES";"PASO DE LOS LIBRES";"URUGUAY";"2011";"4797.86";"3802";"Sistema Río Uruguay";"Cuencapropia del Río Uruguay en Argentina"
"PASO DE LOS LIBRES";"PASO DE LOS LIBRES";"URUGUAY";"2012";"2332.33";"3802";"Sistema Río Uruguay";"Cuencapropia del Río Uruguay en Argentina"
"PASO DE LOS LIBRES";"PASO DE LOS LIBRES";"URUGUAY";"2013";"4737.15";"3802";"Sistema Río Uruguay";"Cuencapropia del Río Uruguay en Argentina"
"PASO DE LOS LIBRES";"PASO DE LOS LIBRES";"URUGUAY";"2014";"6518.41";"3802";"Sistema Río Uruguay";"Cuencapropia del Río Uruguay en Argentina"
"PASO DE LOS LIBRES";"PASO DE LOS LIBRES";"URUGUAY";"2015";"7622.3";"3802";"Sistema Río Uruguay";"Cuencapropia del Río Uruguay en Argentina"
"PASO DE LOS LIBRES";"PASO DE LOS LIBRES";"URUGUAY";"2016";"5111.36";"3802";"Sistema Río Uruguay";"Cuencapropia del Río Uruguay en Argentina"
"PASO DE LOS LIBRES";"PASO DE LOS LIBRES";"URUGUAY";"2017";"6870.75";"3802";"Sistema Río Uruguay";"Cuencapropia del Río Uruguay en Argentina"
"PASO DE LOS LIBRES";"PASO DE LOS LIBRES";"URUGUAY";"2018";"5115.22";"3802";"Sistema Río Uruguay";"Cuencapropia del Río Uruguay en Argentina"
"PASO DE LOS LIBRES";"PASO DE LOS LIBRES";"URUGUAY";"2019";"2421.33";"3802";"Sistema Río Uruguay";"Cuencapropia del Río Uruguay en Argentina"
"PASO LUCERO";"PASO LUCERO";"CORRIENTE";"1970";"168.08";"3803";"Sistema Río Paraná";"Cuencadel Rio Corrientes"
"PASO LUCERO";"PASO LUCERO";"CORRIENTE";"1971";"178.56";"3803";"Sistema Río Paraná";"Cuencadel Rio Corrientes"
"PASO LUCERO";"PASO LUCERO";"CORRIENTE";"1972";"176.46";"3803";"Sistema Río Paraná";"Cuencadel Rio Corrientes"
"PASO LUCERO";"PASO LUCERO";"CORRIENTE";"1973";"341.43";"3803";"Sistema Río Paraná";"Cuencadel Rio Corrientes"
"PASO LUCERO";"PASO LUCERO";"CORRIENTE";"1974";"83.05";"3803";"Sistema Río Paraná";"Cuencadel Rio Corrientes"
"PASO LUCERO";"PASO LUCERO";"CORRIENTE";"1975";"141.88";"3803";"Sistema Río Paraná";"Cuencadel Rio Corrientes"
"PASO LUCERO";"PASO LUCERO";"CORRIENTE";"1976";"82.83";"3803";"Sistema Río Paraná";"Cuencadel Rio Corrientes"
"PASO LUCERO";"PASO LUCERO";"CORRIENTE";"1977";"183.14";"3803";"Sistema Río Paraná";"Cuencadel Rio Corrientes"
"PASO LUCERO";"PASO LUCERO";"CORRIENTE";"1978";"65.89";"3803";"Sistema Río Paraná";"Cuencadel Rio Corrientes"
"PASO LUCERO";"PASO LUCERO";"CORRIENTE";"1979";"72.78";"3803";"Sistema Río Paraná";"Cuencadel Rio Corrientes"
"PASO LUCERO";"PASO LUCERO";"CORRIENTE";"1980";"107.74";"3803";"Sistema Río Paraná";"Cuencadel Rio Corrientes"
"PASO LUCERO";"PASO LUCERO";"CORRIENTE";"1981";"146.58";"3803";"Sistema Río Paraná";"Cuencadel Rio Corrientes"
"PASO LUCERO";"PASO LUCERO";"CORRIENTE";"1982";"113.28";"3803";"Sistema Río Paraná";"Cuencadel Rio Corrientes"
"PASO LUCERO";"PASO LUCERO";"CORRIENTE";"1983";"385.8";"3803";"Sistema Río Paraná";"Cuencadel Rio Corrientes"
"PASO LUCERO";"PASO LUCERO";"CORRIENTE";"1988";"28.84";"3803";"Sistema Río Paraná";"Cuencadel Rio Corrientes"
"PASO LUCERO";"PASO LUCERO";"CORRIENTE";"1989";"240.00";"3803";"Sistema Río Paraná";"Cuencadel Rio Corrientes"
"PASO LUCERO";"PASO LUCERO";"CORRIENTE";"1990";"373.69";"3803";"Sistema Río Paraná";"Cuencadel Rio Corrientes"
"PASO LUCERO";"PASO LUCERO";"CORRIENTE";"1991";"164.36";"3803";"Sistema Río Paraná";"Cuencadel Rio Corrientes"
"PASO LUCERO";"PASO LUCERO";"CORRIENTE";"1992";"174.27";"3803";"Sistema Río Paraná";"Cuencadel Rio Corrientes"
"PASO LUCERO";"PASO LUCERO";"CORRIENTE";"1993";"148.32";"3803";"Sistema Río Paraná";"Cuencadel Rio Corrientes"
"PASO LUCERO";"PASO LUCERO";"CORRIENTE";"1994";"298.58";"3803";"Sistema Río Paraná";"Cuencadel Rio Corrientes"
"PASO LUCERO";"PASO LUCERO";"CORRIENTE";"1995";"149.63";"3803";"Sistema Río Paraná";"Cuencadel Rio Corrientes"
"PASO LUCERO";"PASO LUCERO";"CORRIENTE";"1996";"176.42";"3803";"Sistema Río Paraná";"Cuencadel Rio Corrientes"
"PASO LUCERO";"PASO LUCERO";"CORRIENTE";"1997";"176.2";"3803";"Sistema Río Paraná";"Cuencadel Rio Corrientes"
"PASO LUCERO";"PASO LUCERO";"CORRIENTE";"1998";"587.55";"3803";"Sistema Río Paraná";"Cuencadel Rio Corrientes"
"PASO LUCERO";"PASO LUCERO";"CORRIENTE";"1999";"141.31";"3803";"Sistema Río Paraná";"Cuencadel Rio Corrientes"
"PASO LUCERO";"PASO LUCERO";"CORRIENTE";"2000";"122.29";"3803";"Sistema Río Paraná";"Cuencadel Rio Corrientes"
"PASO LUCERO";"PASO LUCERO";"CORRIENTE";"2001";"189.46";"3803";"Sistema Río Paraná";"Cuencadel Rio Corrientes"
"PASO LUCERO";"PASO LUCERO";"CORRIENTE";"2002";"273.79";"3803";"Sistema Río Paraná";"Cuencadel Rio Corrientes"
"PASO LUCERO";"PASO LUCERO";"CORRIENTE";"2003";"228.65";"3803";"Sistema Río Paraná";"Cuencadel Rio Corrientes"
"PASO LUCERO";"PASO LUCERO";"CORRIENTE";"2004";"97.32";"3803";"Sistema Río Paraná";"Cuencadel Rio Corrientes"
"PASO LUCERO";"PASO LUCERO";"CORRIENTE";"2005";"160.24";"3803";"Sistema Río Paraná";"Cuencadel Rio Corrientes"
"PASO LUCERO";"PASO LUCERO";"CORRIENTE";"2006";"28.83";"3803";"Sistema Río Paraná";"Cuencadel Rio Corrientes"
"PASO LUCERO";"PASO LUCERO";"CORRIENTE";"2007";"96.71";"3803";"Sistema Río Paraná";"Cuencadel Rio Corrientes"
"PASO LUCERO";"PASO LUCERO";"CORRIENTE";"2008";"48.67";"3803";"Sistema Río Paraná";"Cuencadel Rio Corrientes"
"PASO LUCERO";"PASO LUCERO";"CORRIENTE";"2009";"62.56";"3803";"Sistema Río Paraná";"Cuencadel Rio Corrientes"
"PASO LUCERO";"PASO LUCERO";"CORRIENTE";"2010";"192.76";"3803";"Sistema Río Paraná";"Cuencadel Rio Corrientes"
"PASO LUCERO";"PASO LUCERO";"CORRIENTE";"2011";"61.5";"3803";"Sistema Río Paraná";"Cuencadel Rio Corrientes"
"PASO LUCERO";"PASO LUCERO";"CORRIENTE";"2012";"24.7";"3803";"Sistema Río Paraná";"Cuencadel Rio Corrientes"
"PASO LUCERO";"PASO LUCERO";"CORRIENTE";"2013";"313.94";"3803";"Sistema Río Paraná";"Cuencadel Rio Corrientes"
"PASO LUCERO";"PASO LUCERO";"CORRIENTE";"2014";"214.72";"3803";"Sistema Río Paraná";"Cuencadel Rio Corrientes"
"PASO LUCERO";"PASO LUCERO";"CORRIENTE";"2015";"370.33";"3803";"Sistema Río Paraná";"Cuencadel Rio Corrientes"
"PASO LUCERO";"PASO LUCERO";"CORRIENTE";"2016";"317.11";"3803";"Sistema Río Paraná";"Cuencadel Rio Corrientes"
"PASO LUCERO";"PASO LUCERO";"CORRIENTE";"2017";"486.26";"3803";"Sistema Río Paraná";"Cuencadel Rio Corrientes"
"PASO LUCERO";"PASO LUCERO";"CORRIENTE";"2019";"260.30";"3803";"Sistema Río Paraná";"Cuencadel Rio Corrientes"
"PASO LUCERO";"PASO LUCERO";"CORRIENTE";"2020";"54.74";"3803";"Sistema Río Paraná";"Cuencadel Rio Corrientes"
"PASO LEDESMA";"PASO LEDESMA";"MIRIÑAY";"1970";"95.68";"3804";"Sistema Río Uruguay";"Cuencadel Río Miriñay"
"PASO LEDESMA";"PASO LEDESMA";"MIRIÑAY";"1971";"124.86";"3804";"Sistema Río Uruguay";"Cuencadel Río Miriñay"
"PASO LEDESMA";"PASO LEDESMA";"MIRIÑAY";"1972";"178.97";"3804";"Sistema Río Uruguay";"Cuencadel Río Miriñay"
"PASO LEDESMA";"PASO LEDESMA";"MIRIÑAY";"1973";"162.25";"3804";"Sistema Río Uruguay";"Cuencadel Río Miriñay"
"PASO LEDESMA";"PASO LEDESMA";"MIRIÑAY";"1974";"94.81";"3804";"Sistema Río Uruguay";"Cuencadel Río Miriñay"
"PASO LEDESMA";"PASO LEDESMA";"MIRIÑAY";"1975";"155.29";"3804";"Sistema Río Uruguay";"Cuencadel Río Miriñay"
"PASO LEDESMA";"PASO LEDESMA";"MIRIÑAY";"1976";"89.22";"3804";"Sistema Río Uruguay";"Cuencadel Río Miriñay"
"PASO LEDESMA";"PASO LEDESMA";"MIRIÑAY";"1977";"215.87";"3804";"Sistema Río Uruguay";"Cuencadel Río Miriñay"
"PASO LEDESMA";"PASO LEDESMA";"MIRIÑAY";"1978";"138.9";"3804";"Sistema Río Uruguay";"Cuencadel Río Miriñay"
"PASO LEDESMA";"PASO LEDESMA";"MIRIÑAY";"1979";"92.13";"3804";"Sistema Río Uruguay";"Cuencadel Río Miriñay"
"PASO LEDESMA";"PASO LEDESMA";"MIRIÑAY";"1980";"113.71";"3804";"Sistema Río Uruguay";"Cuencadel Río Miriñay"
"PASO LEDESMA";"PASO LEDESMA";"MIRIÑAY";"1981";"63.35";"3804";"Sistema Río Uruguay";"Cuencadel Río Miriñay"
"PASO LEDESMA";"PASO LEDESMA";"MIRIÑAY";"1982";"191.85";"3804";"Sistema Río Uruguay";"Cuencadel Río Miriñay"
"PASO LEDESMA";"PASO LEDESMA";"MIRIÑAY";"1983";"187.21";"3804";"Sistema Río Uruguay";"Cuencadel Río Miriñay"
"PASO LEDESMA";"PASO LEDESMA";"MIRIÑAY";"1984";"275.38";"3804";"Sistema Río Uruguay";"Cuencadel Río Miriñay"
"PASO LEDESMA";"PASO LEDESMA";"MIRIÑAY";"1985";"323.89";"3804";"Sistema Río Uruguay";"Cuencadel Río Miriñay"
"PASO LEDESMA";"PASO LEDESMA";"MIRIÑAY";"1986";"401.69";"3804";"Sistema Río Uruguay";"Cuencadel Río Miriñay"
"PASO LEDESMA";"PASO LEDESMA";"MIRIÑAY";"1987";"375.92";"3804";"Sistema Río Uruguay";"Cuencadel Río Miriñay"
"PASO LEDESMA";"PASO LEDESMA";"MIRIÑAY";"1989";"114.4";"3804";"Sistema Río Uruguay";"Cuencadel Río Miriñay"
"PASO LEDESMA";"PASO LEDESMA";"MIRIÑAY";"1990";"202.67";"3804";"Sistema Río Uruguay";"Cuencadel Río Miriñay"
"PASO LEDESMA";"PASO LEDESMA";"MIRIÑAY";"1991";"235.9";"3804";"Sistema Río Uruguay";"Cuencadel Río Miriñay"
"PASO LEDESMA";"PASO LEDESMA";"MIRIÑAY";"1992";"206.98";"3804";"Sistema Río Uruguay";"Cuencadel Río Miriñay"
"PASO LEDESMA";"PASO LEDESMA";"MIRIÑAY";"1993";"129.32";"3804";"Sistema Río Uruguay";"Cuencadel Río Miriñay"
"PASO LEDESMA";"PASO LEDESMA";"MIRIÑAY";"1994";"111.29";"3804";"Sistema Río Uruguay";"Cuencadel Río Miriñay"
"PASO LEDESMA";"PASO LEDESMA";"MIRIÑAY";"1995";"74.32";"3804";"Sistema Río Uruguay";"Cuencadel Río Miriñay"
"PASO LEDESMA";"PASO LEDESMA";"MIRIÑAY";"1996";"88.66";"3804";"Sistema Río Uruguay";"Cuencadel Río Miriñay"
"PASO LEDESMA";"PASO LEDESMA";"MIRIÑAY";"1997";"139.75";"3804";"Sistema Río Uruguay";"Cuencadel Río Miriñay"
"PASO LEDESMA";"PASO LEDESMA";"MIRIÑAY";"1998";"386.25";"3804";"Sistema Río Uruguay";"Cuencadel Río Miriñay"
"PASO LEDESMA";"PASO LEDESMA";"MIRIÑAY";"1999";"56.76";"3804";"Sistema Río Uruguay";"Cuencadel Río Miriñay"
"PASO LEDESMA";"PASO LEDESMA";"MIRIÑAY";"2000";"107.04";"3804";"Sistema Río Uruguay";"Cuencadel Río Miriñay"
"PASO LEDESMA";"PASO LEDESMA";"MIRIÑAY";"2001";"181.06";"3804";"Sistema Río Uruguay";"Cuencadel Río Miriñay"
"PASO LEDESMA";"PASO LEDESMA";"MIRIÑAY";"2002";"284.47";"3804";"Sistema Río Uruguay";"Cuencadel Río Miriñay"
"PASO LEDESMA";"PASO LEDESMA";"MIRIÑAY";"2003";"184.67";"3804";"Sistema Río Uruguay";"Cuencadel Río Miriñay"
"PASO LEDESMA";"PASO LEDESMA";"MIRIÑAY";"2004";"56.68";"3804";"Sistema Río Uruguay";"Cuencadel Río Miriñay"
"PASO LEDESMA";"PASO LEDESMA";"MIRIÑAY";"2005";"71.56";"3804";"Sistema Río Uruguay";"Cuencadel Río Miriñay"
"PASO LEDESMA";"PASO LEDESMA";"MIRIÑAY";"2006";"32.83";"3804";"Sistema Río Uruguay";"Cuencadel Río Miriñay"
"PASO LEDESMA";"PASO LEDESMA";"MIRIÑAY";"2007";"129.62";"3804";"Sistema Río Uruguay";"Cuencadel Río Miriñay"
"PASO LEDESMA";"PASO LEDESMA";"MIRIÑAY";"2008";"46.82";"3804";"Sistema Río Uruguay";"Cuencadel Río Miriñay"
"PASO LEDESMA";"PASO LEDESMA";"MIRIÑAY";"2009";"111.81";"3804";"Sistema Río Uruguay";"Cuencadel Río Miriñay"
"PASO LEDESMA";"PASO LEDESMA";"MIRIÑAY";"2010";"103.29";"3804";"Sistema Río Uruguay";"Cuencadel Río Miriñay"
"PASO LEDESMA";"PASO LEDESMA";"MIRIÑAY";"2011";"31.55";"3804";"Sistema Río Uruguay";"Cuencadel Río Miriñay"
"PASO LEDESMA";"PASO LEDESMA";"MIRIÑAY";"2012";"101.39";"3804";"Sistema Río Uruguay";"Cuencadel Río Miriñay"
"PASO LEDESMA";"PASO LEDESMA";"MIRIÑAY";"2013";"189.9";"3804";"Sistema Río Uruguay";"Cuencadel Río Miriñay"
"PASO LEDESMA";"PASO LEDESMA";"MIRIÑAY";"2014";"149.45";"3804";"Sistema Río Uruguay";"Cuencadel Río Miriñay"
"PASO LEDESMA";"PASO LEDESMA";"MIRIÑAY";"2015";"280.53";"3804";"Sistema Río Uruguay";"Cuencadel Río Miriñay"
"PASO LEDESMA";"PASO LEDESMA";"MIRIÑAY";"2016";"224.48";"3804";"Sistema Río Uruguay";"Cuencadel Río Miriñay"
"PASO LEDESMA";"PASO LEDESMA";"MIRIÑAY";"2017";"235.33";"3804";"Sistema Río Uruguay";"Cuencadel Río Miriñay"
"PASO LEDESMA";"PASO LEDESMA";"MIRIÑAY";"2018";"144.06";"3804";"Sistema Río Uruguay";"Cuencadel Río Miriñay"
"PASO LEDESMA";"PASO LEDESMA";"MIRIÑAY";"2019";"29.64";"3804";"Sistema Río Uruguay";"Cuencadel Río Miriñay"
"CORRIENTES";"CORRIENTES";"PARANA";"1970";"11502.2";"3805";"Sistema Río Paraná";"Cuencapropia del Paraná Medio"
"CORRIENTES";"CORRIENTES";"PARANA";"1971";"14034.25";"3805";"Sistema Río Paraná";"Cuencapropia del Paraná Medio"
"CORRIENTES";"CORRIENTES";"PARANA";"1972";"17161.44";"3805";"Sistema Río Paraná";"Cuencapropia del Paraná Medio"
"CORRIENTES";"CORRIENTES";"PARANA";"1973";"18469.25";"3805";"Sistema Río Paraná";"Cuencapropia del Paraná Medio"
"CORRIENTES";"CORRIENTES";"PARANA";"1974";"18343.57";"3805";"Sistema Río Paraná";"Cuencapropia del Paraná Medio"
"CORRIENTES";"CORRIENTES";"PARANA";"1975";"16156.86";"3805";"Sistema Río Paraná";"Cuencapropia del Paraná Medio"
"CORRIENTES";"CORRIENTES";"PARANA";"1976";"17869.02";"3805";"Sistema Río Paraná";"Cuencapropia del Paraná Medio"
"CORRIENTES";"CORRIENTES";"PARANA";"1977";"17799.85";"3805";"Sistema Río Paraná";"Cuencapropia del Paraná Medio"
"CORRIENTES";"CORRIENTES";"PARANA";"1978";"14113.77";"3805";"Sistema Río Paraná";"Cuencapropia del Paraná Medio"
"CORRIENTES";"CORRIENTES";"PARANA";"1979";"19658.54";"3805";"Sistema Río Paraná";"Cuencapropia del Paraná Medio"
"CORRIENTES";"CORRIENTES";"PARANA";"1980";"20623.02";"3805";"Sistema Río Paraná";"Cuencapropia del Paraná Medio"
"CORRIENTES";"CORRIENTES";"PARANA";"1981";"17330.24";"3805";"Sistema Río Paraná";"Cuencapropia del Paraná Medio"
"CORRIENTES";"CORRIENTES";"PARANA";"1982";"25356.33";"3805";"Sistema Río Paraná";"Cuencapropia del Paraná Medio"
"CORRIENTES";"CORRIENTES";"PARANA";"1983";"38560.44";"3805";"Sistema Río Paraná";"Cuencapropia del Paraná Medio"
"CORRIENTES";"CORRIENTES";"PARANA";"1984";"19156.76";"3805";"Sistema Río Paraná";"Cuencapropia del Paraná Medio"
"CORRIENTES";"CORRIENTES";"PARANA";"1985";"19916.17";"3805";"Sistema Río Paraná";"Cuencapropia del Paraná Medio"
"CORRIENTES";"CORRIENTES";"PARANA";"1986";"16164.91";"3805";"Sistema Río Paraná";"Cuencapropia del Paraná Medio"
"CORRIENTES";"CORRIENTES";"PARANA";"1987";"18779.31";"3805";"Sistema Río Paraná";"Cuencapropia del Paraná Medio"
"CORRIENTES";"CORRIENTES";"PARANA";"1988";"17267.73";"3805";"Sistema Río Paraná";"Cuencapropia del Paraná Medio"
"CORRIENTES";"CORRIENTES";"PARANA";"1989";"19997.27";"3805";"Sistema Río Paraná";"Cuencapropia del Paraná Medio"
"CORRIENTES";"CORRIENTES";"PARANA";"1990";"22473.42";"3805";"Sistema Río Paraná";"Cuencapropia del Paraná Medio"
"CORRIENTES";"CORRIENTES";"PARANA";"1991";"16703.73";"3805";"Sistema Río Paraná";"Cuencapropia del Paraná Medio"
"CORRIENTES";"CORRIENTES";"PARANA";"1992";"25504.34";"3805";"Sistema Río Paraná";"Cuencapropia del Paraná Medio"
"CORRIENTES";"CORRIENTES";"PARANA";"1993";"19198.24";"3805";"Sistema Río Paraná";"Cuencapropia del Paraná Medio"
"CORRIENTES";"CORRIENTES";"PARANA";"1994";"17046.04";"3805";"Sistema Río Paraná";"Cuencapropia del Paraná Medio"
"CORRIENTES";"CORRIENTES";"PARANA";"1995";"19024.75";"3805";"Sistema Río Paraná";"Cuencapropia del Paraná Medio"
"CORRIENTES";"CORRIENTES";"PARANA";"1996";"17889.41";"3805";"Sistema Río Paraná";"Cuencapropia del Paraná Medio"
"CORRIENTES";"CORRIENTES";"PARANA";"1997";"23359.33";"3805";"Sistema Río Paraná";"Cuencapropia del Paraná Medio"
"CORRIENTES";"CORRIENTES";"PARANA";"1998";"27126.58";"3805";"Sistema Río Paraná";"Cuencapropia del Paraná Medio"
"CORRIENTES";"CORRIENTES";"PARANA";"1999";"17137.26";"3805";"Sistema Río Paraná";"Cuencapropia del Paraná Medio"
"CORRIENTES";"CORRIENTES";"PARANA";"2000";"15673.01";"3805";"Sistema Río Paraná";"Cuencapropia del Paraná Medio"
"CORRIENTES";"CORRIENTES";"PARANA";"2001";"15738.14";"3805";"Sistema Río Paraná";"Cuencapropia del Paraná Medio"
"CORRIENTES";"CORRIENTES";"PARANA";"2002";"17605.73";"3805";"Sistema Río Paraná";"Cuencapropia del Paraná Medio"
"CORRIENTES";"CORRIENTES";"PARANA";"2003";"16456.77";"3805";"Sistema Río Paraná";"Cuencapropia del Paraná Medio"
"CORRIENTES";"CORRIENTES";"PARANA";"2004";"16855.62";"3805";"Sistema Río Paraná";"Cuencapropia del Paraná Medio"
"CORRIENTES";"CORRIENTES";"PARANA";"2005";"17203.4";"3805";"Sistema Río Paraná";"Cuencapropia del Paraná Medio"
"CORRIENTES";"CORRIENTES";"PARANA";"2006";"16122.74";"3805";"Sistema Río Paraná";"Cuencapropia del Paraná Medio"
"CORRIENTES";"CORRIENTES";"PARANA";"2007";"19109.97";"3805";"Sistema Río Paraná";"Cuencapropia del Paraná Medio"
"CORRIENTES";"CORRIENTES";"PARANA";"2008";"16885.13";"3805";"Sistema Río Paraná";"Cuencapropia del Paraná Medio"
"CORRIENTES";"CORRIENTES";"PARANA";"2009";"17941.12";"3805";"Sistema Río Paraná";"Cuencapropia del Paraná Medio"
"CORRIENTES";"CORRIENTES";"PARANA";"2010";"20813.67";"3805";"Sistema Río Paraná";"Cuencapropia del Paraná Medio"
"CORRIENTES";"CORRIENTES";"PARANA";"2011";"20610.21";"3805";"Sistema Río Paraná";"Cuencapropia del Paraná Medio"
"CORRIENTES";"CORRIENTES";"PARANA";"2012";"16444.91";"3805";"Sistema Río Paraná";"Cuencapropia del Paraná Medio"
"CORRIENTES";"CORRIENTES";"PARANA";"2013";"18266.42";"3805";"Sistema Río Paraná";"Cuencapropia del Paraná Medio"
"CORRIENTES";"CORRIENTES";"PARANA";"2014";"20093.34";"3805";"Sistema Río Paraná";"Cuencapropia del Paraná Medio"
"CORRIENTES";"CORRIENTES";"PARANA";"2015";"20543.54";"3805";"Sistema Río Paraná";"Cuencapropia del Paraná Medio"
"CORRIENTES";"CORRIENTES";"PARANA";"2016";"23430.23";"3805";"Sistema Río Paraná";"Cuencapropia del Paraná Medio"
"CORRIENTES";"CORRIENTES";"PARANA";"2017";"19390.17";"3805";"Sistema Río Paraná";"Cuencapropia del Paraná Medio"
"CORRIENTES";"CORRIENTES";"PARANA";"2018";"19612.11";"3805";"Sistema Río Paraná";"Cuencapropia del Paraná Medio"
"CORRIENTES";"CORRIENTES";"PARANA";"2019";"16469.83";"3805";"Sistema Río Paraná";"Cuencapropia del Paraná Medio"
"CORRIENTES";"CORRIENTES";"PARANA";"2020";"11701.70";"3805";"Sistema Río Paraná";"Cuencapropia del Paraná Medio"
"PARANA B. PRINCIPAL - ISLA PATI";"PARANA B. PRINCIPAL - ISLA PATI";"PARANA";"1975";"15871.01";"3807";"Sistema Río Paraná";"Cuencapropia del Paraná Medio"
"PARANA B. PRINCIPAL - ISLA PATI";"PARANA B. PRINCIPAL - ISLA PATI";"PARANA";"1976";"16095.08";"3807";"Sistema Río Paraná";"Cuencapropia del Paraná Medio"
"PARANA B. PRINCIPAL - ISLA PATI";"PARANA B. PRINCIPAL - ISLA PATI";"PARANA";"1977";"15572.75";"3807";"Sistema Río Paraná";"Cuencapropia del Paraná Medio"
"PARANA B. PRINCIPAL - ISLA PATI";"PARANA B. PRINCIPAL - ISLA PATI";"PARANA";"1978";"13169.33";"3807";"Sistema Río Paraná";"Cuencapropia del Paraná Medio"
"PARANA B. PRINCIPAL - ISLA PATI";"PARANA B. PRINCIPAL - ISLA PATI";"PARANA";"1979";"17574.09";"3807";"Sistema Río Paraná";"Cuencapropia del Paraná Medio"
"PARANA B. PRINCIPAL - ISLA PATI";"PARANA B. PRINCIPAL - ISLA PATI";"PARANA";"1980";"18520.67";"3807";"Sistema Río Paraná";"Cuencapropia del Paraná Medio"
"PARANA B. PRINCIPAL - ISLA PATI";"PARANA B. PRINCIPAL - ISLA PATI";"PARANA";"1981";"15872.68";"3807";"Sistema Río Paraná";"Cuencapropia del Paraná Medio"
"PARANA B. PRINCIPAL - ISLA PATI";"PARANA B. PRINCIPAL - ISLA PATI";"PARANA";"1982";"20541.51";"3807";"Sistema Río Paraná";"Cuencapropia del Paraná Medio"
"PARANA B. PRINCIPAL - ISLA PATI";"PARANA B. PRINCIPAL - ISLA PATI";"PARANA";"1983";"26261.18";"3807";"Sistema Río Paraná";"Cuencapropia del Paraná Medio"
"PARANA B. PRINCIPAL - ISLA PATI";"PARANA B. PRINCIPAL - ISLA PATI";"PARANA";"1984";"17011.74";"3807";"Sistema Río Paraná";"Cuencapropia del Paraná Medio"
"PARANA B. PRINCIPAL - ISLA PATI";"PARANA B. PRINCIPAL - ISLA PATI";"PARANA";"1985";"17635.67";"3807";"Sistema Río Paraná";"Cuencapropia del Paraná Medio"
"PARANA B. PRINCIPAL - ISLA PATI";"PARANA B. PRINCIPAL - ISLA PATI";"PARANA";"1986";"14989.67";"3807";"Sistema Río Paraná";"Cuencapropia del Paraná Medio"
"PARANA B. PRINCIPAL - ISLA PATI";"PARANA B. PRINCIPAL - ISLA PATI";"PARANA";"1987";"16622.42";"3807";"Sistema Río Paraná";"Cuencapropia del Paraná Medio"
"PARANA B. PRINCIPAL - ISLA PATI";"PARANA B. PRINCIPAL - ISLA PATI";"PARANA";"1988";"15203.84";"3807";"Sistema Río Paraná";"Cuencapropia del Paraná Medio"
"PARANA B. PRINCIPAL - ISLA PATI";"PARANA B. PRINCIPAL - ISLA PATI";"PARANA";"1989";"17524.66";"3807";"Sistema Río Paraná";"Cuencapropia del Paraná Medio"
"PARANA B. PRINCIPAL - ISLA PATI";"PARANA B. PRINCIPAL - ISLA PATI";"PARANA";"1990";"19053.00";"3807";"Sistema Río Paraná";"Cuencapropia del Paraná Medio"
"PASO JUNCUE";"PASO JUNCUE";"GUAYQUIRARÓ";"1975";"7.21";"3808";"Sistema Río Paraná";"Cuencadel Rio Guayquiraró"
"PASO JUNCUE";"PASO JUNCUE";"GUAYQUIRARÓ";"1976";"22.96";"3808";"Sistema Río Paraná";"Cuencadel Rio Guayquiraró"
"PASO JUNCUE";"PASO JUNCUE";"GUAYQUIRARÓ";"1977";"38.53";"3808";"Sistema Río Paraná";"Cuencadel Rio Guayquiraró"
"PASO JUNCUE";"PASO JUNCUE";"GUAYQUIRARÓ";"1978";"55.75";"3808";"Sistema Río Paraná";"Cuencadel Rio Guayquiraró"
"PASO JUNCUE";"PASO JUNCUE";"GUAYQUIRARÓ";"1979";"12.63";"3808";"Sistema Río Paraná";"Cuencadel Rio Guayquiraró"
"PASO JUNCUE";"PASO JUNCUE";"GUAYQUIRARÓ";"1980";"19.72";"3808";"Sistema Río Paraná";"Cuencadel Rio Guayquiraró"
"PASO JUNCUE";"PASO JUNCUE";"GUAYQUIRARÓ";"1981";"78.68";"3808";"Sistema Río Paraná";"Cuencadel Rio Guayquiraró"
"PASO JUNCUE";"PASO JUNCUE";"GUAYQUIRARÓ";"1982";"31.6";"3808";"Sistema Río Paraná";"Cuencadel Rio Guayquiraró"
"PASO JUNCUE";"PASO JUNCUE";"GUAYQUIRARÓ";"1983";"23.61";"3808";"Sistema Río Paraná";"Cuencadel Rio Guayquiraró"
"PASO JUNCUE";"PASO JUNCUE";"GUAYQUIRARÓ";"1984";"17.19";"3808";"Sistema Río Paraná";"Cuencadel Rio Guayquiraró"
"PASO JUNCUE";"PASO JUNCUE";"GUAYQUIRARÓ";"1985";"28.91";"3808";"Sistema Río Paraná";"Cuencadel Rio Guayquiraró"
"PASO JUNCUE";"PASO JUNCUE";"GUAYQUIRARÓ";"1986";"50.16";"3808";"Sistema Río Paraná";"Cuencadel Rio Guayquiraró"
"PASO JUNCUE";"PASO JUNCUE";"GUAYQUIRARÓ";"1987";"17.65";"3808";"Sistema Río Paraná";"Cuencadel Rio Guayquiraró"
"PASO JUNCUE";"PASO JUNCUE";"GUAYQUIRARÓ";"1988";"16.14";"3808";"Sistema Río Paraná";"Cuencadel Rio Guayquiraró"
"PASO JUNCUE";"PASO JUNCUE";"GUAYQUIRARÓ";"1989";"6.87";"3808";"Sistema Río Paraná";"Cuencadel Rio Guayquiraró"
"PASO JUNCUE";"PASO JUNCUE";"GUAYQUIRARÓ";"1990";"53.64";"3808";"Sistema Río Paraná";"Cuencadel Rio Guayquiraró"
"PASO JUNCUE";"PASO JUNCUE";"GUAYQUIRARÓ";"1991";"28.25";"3808";"Sistema Río Paraná";"Cuencadel Rio Guayquiraró"
"PASO JUNCUE";"PASO JUNCUE";"GUAYQUIRARÓ";"1992";"45.87";"3808";"Sistema Río Paraná";"Cuencadel Rio Guayquiraró"
"PASO JUNCUE";"PASO JUNCUE";"GUAYQUIRARÓ";"1993";"26.54";"3808";"Sistema Río Paraná";"Cuencadel Rio Guayquiraró"
"PASO JUNCUE";"PASO JUNCUE";"GUAYQUIRARÓ";"1994";"11.9";"3808";"Sistema Río Paraná";"Cuencadel Rio Guayquiraró"
"PASO JUNCUE";"PASO JUNCUE";"GUAYQUIRARÓ";"1995";"13.64";"3808";"Sistema Río Paraná";"Cuencadel Rio Guayquiraró"
"PASO JUNCUE";"PASO JUNCUE";"GUAYQUIRARÓ";"1996";"16.53";"3808";"Sistema Río Paraná";"Cuencadel Rio Guayquiraró"
"PASO JUNCUE";"PASO JUNCUE";"GUAYQUIRARÓ";"1997";"13.18";"3808";"Sistema Río Paraná";"Cuencadel Rio Guayquiraró"
"PASO JUNCUE";"PASO JUNCUE";"GUAYQUIRARÓ";"1998";"89.37";"3808";"Sistema Río Paraná";"Cuencadel Rio Guayquiraró"
"PASO JUNCUE";"PASO JUNCUE";"GUAYQUIRARÓ";"1999";"7.16";"3808";"Sistema Río Paraná";"Cuencadel Rio Guayquiraró"
"PASO JUNCUE";"PASO JUNCUE";"GUAYQUIRARÓ";"2000";"20.81";"3808";"Sistema Río Paraná";"Cuencadel Rio Guayquiraró"
"PASO JUNCUE";"PASO JUNCUE";"GUAYQUIRARÓ";"2001";"47.35";"3808";"Sistema Río Paraná";"Cuencadel Rio Guayquiraró"
"PASO JUNCUE";"PASO JUNCUE";"GUAYQUIRARÓ";"2002";"49.23";"3808";"Sistema Río Paraná";"Cuencadel Rio Guayquiraró"
"PASO JUNCUE";"PASO JUNCUE";"GUAYQUIRARÓ";"2003";"55.29";"3808";"Sistema Río Paraná";"Cuencadel Rio Guayquiraró"
"PASO JUNCUE";"PASO JUNCUE";"GUAYQUIRARÓ";"2004";"6.17";"3808";"Sistema Río Paraná";"Cuencadel Rio Guayquiraró"
"PASO JUNCUE";"PASO JUNCUE";"GUAYQUIRARÓ";"2005";"26.00";"3808";"Sistema Río Paraná";"Cuencadel Rio Guayquiraró"
"PASO JUNCUE";"PASO JUNCUE";"GUAYQUIRARÓ";"2006";"17.73";"3808";"Sistema Río Paraná";"Cuencadel Rio Guayquiraró"
"PASO JUNCUE";"PASO JUNCUE";"GUAYQUIRARÓ";"2007";"30.78";"3808";"Sistema Río Paraná";"Cuencadel Rio Guayquiraró"
"PASO JUNCUE";"PASO JUNCUE";"GUAYQUIRARÓ";"2008";"4.15";"3808";"Sistema Río Paraná";"Cuencadel Rio Guayquiraró"
"PASO JUNCUE";"PASO JUNCUE";"GUAYQUIRARÓ";"2009";"50.58";"3808";"Sistema Río Paraná";"Cuencadel Rio Guayquiraró"
"PASO JUNCUE";"PASO JUNCUE";"GUAYQUIRARÓ";"2010";"27.82";"3808";"Sistema Río Paraná";"Cuencadel Rio Guayquiraró"
"PASO JUNCUE";"PASO JUNCUE";"GUAYQUIRARÓ";"2011";"5.45";"3808";"Sistema Río Paraná";"Cuencadel Rio Guayquiraró"
"PASO JUNCUE";"PASO JUNCUE";"GUAYQUIRARÓ";"2012";"6.49";"3808";"Sistema Río Paraná";"Cuencadel Rio Guayquiraró"
"BRAZO SECUNDARIO - ISLA PATI";"PARANA B.SECUNDARIO - ISLA PATI";"PARANA";"1975";"1394.26";"3809";"Sistema Río Paraná";"Cuencapropia del Paraná Medio"
"BRAZO SECUNDARIO - ISLA PATI";"PARANA B.SECUNDARIO - ISLA PATI";"PARANA";"1976";"1420.94";"3809";"Sistema Río Paraná";"Cuencapropia del Paraná Medio"
"BRAZO SECUNDARIO - ISLA PATI";"PARANA B.SECUNDARIO - ISLA PATI";"PARANA";"1977";"1367.32";"3809";"Sistema Río Paraná";"Cuencapropia del Paraná Medio"
"BRAZO SECUNDARIO - ISLA PATI";"PARANA B.SECUNDARIO - ISLA PATI";"PARANA";"1978";"991.5";"3809";"Sistema Río Paraná";"Cuencapropia del Paraná Medio"
"BRAZO SECUNDARIO - ISLA PATI";"PARANA B.SECUNDARIO - ISLA PATI";"PARANA";"1979";"1660.93";"3809";"Sistema Río Paraná";"Cuencapropia del Paraná Medio"
"BRAZO SECUNDARIO - ISLA PATI";"PARANA B.SECUNDARIO - ISLA PATI";"PARANA";"1980";"1819.93";"3809";"Sistema Río Paraná";"Cuencapropia del Paraná Medio"
"BRAZO SECUNDARIO - ISLA PATI";"PARANA B.SECUNDARIO - ISLA PATI";"PARANA";"1981";"1408.99";"3809";"Sistema Río Paraná";"Cuencapropia del Paraná Medio"
"BRAZO SECUNDARIO - ISLA PATI";"PARANA B.SECUNDARIO - ISLA PATI";"PARANA";"1982";"2109.42";"3809";"Sistema Río Paraná";"Cuencapropia del Paraná Medio"
"BRAZO SECUNDARIO - ISLA PATI";"PARANA B.SECUNDARIO - ISLA PATI";"PARANA";"1983";"2547.51";"3809";"Sistema Río Paraná";"Cuencapropia del Paraná Medio"
"BRAZO SECUNDARIO - ISLA PATI";"PARANA B.SECUNDARIO - ISLA PATI";"PARANA";"1984";"1479.24";"3809";"Sistema Río Paraná";"Cuencapropia del Paraná Medio"
"BRAZO SECUNDARIO - ISLA PATI";"PARANA B.SECUNDARIO - ISLA PATI";"PARANA";"1985";"1553.75";"3809";"Sistema Río Paraná";"Cuencapropia del Paraná Medio"
"BRAZO SECUNDARIO - ISLA PATI";"PARANA B.SECUNDARIO - ISLA PATI";"PARANA";"1986";"1222.77";"3809";"Sistema Río Paraná";"Cuencapropia del Paraná Medio"
"BRAZO SECUNDARIO - ISLA PATI";"PARANA B.SECUNDARIO - ISLA PATI";"PARANA";"1987";"1416.93";"3809";"Sistema Río Paraná";"Cuencapropia del Paraná Medio"
"BRAZO SECUNDARIO - ISLA PATI";"PARANA B.SECUNDARIO - ISLA PATI";"PARANA";"1988";"1261.99";"3809";"Sistema Río Paraná";"Cuencapropia del Paraná Medio"
"BRAZO SECUNDARIO - ISLA PATI";"PARANA B.SECUNDARIO - ISLA PATI";"PARANA";"1989";"1545.00";"3809";"Sistema Río Paraná";"Cuencapropia del Paraná Medio"
"BRAZO SECUNDARIO - ISLA PATI";"PARANA B.SECUNDARIO - ISLA PATI";"PARANA";"1990";"1716.13";"3809";"Sistema Río Paraná";"Cuencapropia del Paraná Medio"
"PASO LA LLANA";"PASO LA LLANA";"BARRANCAS";"1975";"6.02";"3810";"Sistema Río Paraná";"Cuencadel Rio Guayquiraró"
"PASO LA LLANA";"PASO LA LLANA";"BARRANCAS";"1976";"19.42";"3810";"Sistema Río Paraná";"Cuencadel Rio Guayquiraró"
"PASO LA LLANA";"PASO LA LLANA";"BARRANCAS";"1977";"103.14";"3810";"Sistema Río Paraná";"Cuencadel Rio Guayquiraró"
"PASO LA LLANA";"PASO LA LLANA";"BARRANCAS";"1978";"82.45";"3810";"Sistema Río Paraná";"Cuencadel Rio Guayquiraró"
"PASO LA LLANA";"PASO LA LLANA";"BARRANCAS";"1979";"32.65";"3810";"Sistema Río Paraná";"Cuencadel Rio Guayquiraró"
"PASO LA LLANA";"PASO LA LLANA";"BARRANCAS";"1980";"47.83";"3810";"Sistema Río Paraná";"Cuencadel Rio Guayquiraró"
"PASO LA LLANA";"PASO LA LLANA";"BARRANCAS";"1981";"83.87";"3810";"Sistema Río Paraná";"Cuencadel Rio Guayquiraró"
"PASO LA LLANA";"PASO LA LLANA";"BARRANCAS";"1982";"16.08";"3810";"Sistema Río Paraná";"Cuencadel Rio Guayquiraró"
"PASO LA LLANA";"PASO LA LLANA";"BARRANCAS";"1983";"63.97";"3810";"Sistema Río Paraná";"Cuencadel Rio Guayquiraró"
"PASO LA LLANA";"PASO LA LLANA";"BARRANCAS";"1984";"58.08";"3810";"Sistema Río Paraná";"Cuencadel Rio Guayquiraró"
"PASO LA LLANA";"PASO LA LLANA";"BARRANCAS";"1985";"88.11";"3810";"Sistema Río Paraná";"Cuencadel Rio Guayquiraró"
"PASO LA LLANA";"PASO LA LLANA";"BARRANCAS";"1986";"143.23";"3810";"Sistema Río Paraná";"Cuencadel Rio Guayquiraró"
"PASO LA LLANA";"PASO LA LLANA";"BARRANCAS";"1987";"53.52";"3810";"Sistema Río Paraná";"Cuencadel Rio Guayquiraró"
"PASO LA LLANA";"PASO LA LLANA";"BARRANCAS";"1988";"15.26";"3810";"Sistema Río Paraná";"Cuencadel Rio Guayquiraró"
"PASO LA LLANA";"PASO LA LLANA";"BARRANCAS";"1989";"8.38";"3810";"Sistema Río Paraná";"Cuencadel Rio Guayquiraró"
"PASO LA LLANA";"PASO LA LLANA";"BARRANCAS";"1990";"93.62";"3810";"Sistema Río Paraná";"Cuencadel Rio Guayquiraró"
"PASO LA LLANA";"PASO LA LLANA";"BARRANCAS";"1991";"78.08";"3810";"Sistema Río Paraná";"Cuencadel Rio Guayquiraró"
"PASO LA LLANA";"PASO LA LLANA";"BARRANCAS";"1992";"147.93";"3810";"Sistema Río Paraná";"Cuencadel Rio Guayquiraró"
"PASO LA LLANA";"PASO LA LLANA";"BARRANCAS";"1993";"67.14";"3810";"Sistema Río Paraná";"Cuencadel Rio Guayquiraró"
"PASO LA LLANA";"PASO LA LLANA";"BARRANCAS";"1994";"56.02";"3810";"Sistema Río Paraná";"Cuencadel Rio Guayquiraró"
"PASO LA LLANA";"PASO LA LLANA";"BARRANCAS";"1995";"24.03";"3810";"Sistema Río Paraná";"Cuencadel Rio Guayquiraró"
"PASO LA LLANA";"PASO LA LLANA";"BARRANCAS";"1996";"27.13";"3810";"Sistema Río Paraná";"Cuencadel Rio Guayquiraró"
"PASO LA LLANA";"PASO LA LLANA";"BARRANCAS";"1997";"12.39";"3810";"Sistema Río Paraná";"Cuencadel Rio Guayquiraró"
"PASO LA LLANA";"PASO LA LLANA";"BARRANCAS";"1998";"215.08";"3810";"Sistema Río Paraná";"Cuencadel Rio Guayquiraró"
"PASO LA LLANA";"PASO LA LLANA";"BARRANCAS";"1999";"6.99";"3810";"Sistema Río Paraná";"Cuencadel Rio Guayquiraró"
"PASO LA LLANA";"PASO LA LLANA";"BARRANCAS";"2000";"30.7";"3810";"Sistema Río Paraná";"Cuencadel Rio Guayquiraró"
"PASO LA LLANA";"PASO LA LLANA";"BARRANCAS";"2001";"91.89";"3810";"Sistema Río Paraná";"Cuencadel Rio Guayquiraró"
"PASO LA LLANA";"PASO LA LLANA";"BARRANCAS";"2002";"109.00";"3810";"Sistema Río Paraná";"Cuencadel Rio Guayquiraró"
"PASO LA LLANA";"PASO LA LLANA";"BARRANCAS";"2003";"119.76";"3810";"Sistema Río Paraná";"Cuencadel Rio Guayquiraró"
"PASO LA LLANA";"PASO LA LLANA";"BARRANCAS";"2004";"20.08";"3810";"Sistema Río Paraná";"Cuencadel Rio Guayquiraró"
"PASO LA LLANA";"PASO LA LLANA";"BARRANCAS";"2005";"25.53";"3810";"Sistema Río Paraná";"Cuencadel Rio Guayquiraró"
"PASO LA LLANA";"PASO LA LLANA";"BARRANCAS";"2006";"10.01";"3810";"Sistema Río Paraná";"Cuencadel Rio Guayquiraró"
"PASO LA LLANA";"PASO LA LLANA";"BARRANCAS";"2007";"45.31";"3810";"Sistema Río Paraná";"Cuencadel Rio Guayquiraró"
"PASO LA LLANA";"PASO LA LLANA";"BARRANCAS";"2008";"14.88";"3810";"Sistema Río Paraná";"Cuencadel Rio Guayquiraró"
"PASO LA LLANA";"PASO LA LLANA";"BARRANCAS";"2009";"32.13";"3810";"Sistema Río Paraná";"Cuencadel Rio Guayquiraró"
"PASO LA LLANA";"PASO LA LLANA";"BARRANCAS";"2010";"57.61";"3810";"Sistema Río Paraná";"Cuencadel Rio Guayquiraró"
"PASO LA LLANA";"PASO LA LLANA";"BARRANCAS";"2011";"5.22";"3810";"Sistema Río Paraná";"Cuencadel Rio Guayquiraró"
"PASO LA LLANA";"PASO LA LLANA";"BARRANCAS";"2012";"25.34";"3810";"Sistema Río Paraná";"Cuencadel Rio Guayquiraró"
"PASO LA LLANA";"PASO LA LLANA";"BARRANCAS";"2013";"33.13";"3810";"Sistema Río Paraná";"Cuencadel Rio Guayquiraró"
"PASO LA LLANA";"PASO LA LLANA";"BARRANCAS";"2014";"50.5";"3810";"Sistema Río Paraná";"Cuencadel Rio Guayquiraró"
"PASO LA LLANA";"PASO LA LLANA";"BARRANCAS";"2015";"81.61";"3810";"Sistema Río Paraná";"Cuencadel Rio Guayquiraró"
"PASO LA LLANA";"PASO LA LLANA";"BARRANCAS";"2016";"38.11";"3810";"Sistema Río Paraná";"Cuencadel Rio Guayquiraró"
"PASO LA LLANA";"PASO LA LLANA";"BARRANCAS";"2017";"76.82";"3810";"Sistema Río Paraná";"Cuencadel Rio Guayquiraró"
"PASO LA LLANA";"PASO LA LLANA";"BARRANCAS";"2018";"30.48";"3810";"Sistema Río Paraná";"Cuencadel Rio Guayquiraró"
"PASO LA LLANA";"PASO LA LLANA";"BARRANCAS";"2019";"85.90";"3810";"Sistema Río Paraná";"Cuencadel Rio Guayquiraró"
"PASO LA LLANA";"PASO LA LLANA";"BARRANCAS";"2020";"21.50";"3810";"Sistema Río Paraná";"Cuencadel Rio Guayquiraró"
"LA SIRENA";"LA SIRENA";"AGUAPEY";"1988";"36.48";"3811";"Sistema Río Uruguay";"Cuencadel Río Aguapey"
"LA SIRENA";"LA SIRENA";"AGUAPEY";"1989";"89.43";"3811";"Sistema Río Uruguay";"Cuencadel Río Aguapey"
"LA SIRENA";"LA SIRENA";"AGUAPEY";"1990";"120.46";"3811";"Sistema Río Uruguay";"Cuencadel Río Aguapey"
"LA SIRENA";"LA SIRENA";"AGUAPEY";"1991";"26.17";"3811";"Sistema Río Uruguay";"Cuencadel Río Aguapey"
"LA SIRENA";"LA SIRENA";"AGUAPEY";"1992";"80.26";"3811";"Sistema Río Uruguay";"Cuencadel Río Aguapey"
"LA SIRENA";"LA SIRENA";"AGUAPEY";"1993";"88.9";"3811";"Sistema Río Uruguay";"Cuencadel Río Aguapey"
"LA SIRENA";"LA SIRENA";"AGUAPEY";"1994";"139.84";"3811";"Sistema Río Uruguay";"Cuencadel Río Aguapey"
"LA SIRENA";"LA SIRENA";"AGUAPEY";"1995";"20.26";"3811";"Sistema Río Uruguay";"Cuencadel Río Aguapey"
"LA SIRENA";"LA SIRENA";"AGUAPEY";"1996";"82.88";"3811";"Sistema Río Uruguay";"Cuencadel Río Aguapey"
"LA SIRENA";"LA SIRENA";"AGUAPEY";"1997";"80.34";"3811";"Sistema Río Uruguay";"Cuencadel Río Aguapey"
"LA SIRENA";"LA SIRENA";"AGUAPEY";"1998";"192.74";"3811";"Sistema Río Uruguay";"Cuencadel Río Aguapey"
"LA SIRENA";"LA SIRENA";"AGUAPEY";"1999";"86.00";"3811";"Sistema Río Uruguay";"Cuencadel Río Aguapey"
"LA SIRENA";"LA SIRENA";"AGUAPEY";"2000";"82.15";"3811";"Sistema Río Uruguay";"Cuencadel Río Aguapey"
"LA SIRENA";"LA SIRENA";"AGUAPEY";"2001";"118.11";"3811";"Sistema Río Uruguay";"Cuencadel Río Aguapey"
"LA SIRENA";"LA SIRENA";"AGUAPEY";"2002";"145.67";"3811";"Sistema Río Uruguay";"Cuencadel Río Aguapey"
"LA SIRENA";"LA SIRENA";"AGUAPEY";"2003";"66.94";"3811";"Sistema Río Uruguay";"Cuencadel Río Aguapey"
"LA SIRENA";"LA SIRENA";"AGUAPEY";"2004";"37.23";"3811";"Sistema Río Uruguay";"Cuencadel Río Aguapey"
"LA SIRENA";"LA SIRENA";"AGUAPEY";"2005";"71.8";"3811";"Sistema Río Uruguay";"Cuencadel Río Aguapey"
"LA SIRENA";"LA SIRENA";"AGUAPEY";"2006";"20.85";"3811";"Sistema Río Uruguay";"Cuencadel Río Aguapey"
"LA SIRENA";"LA SIRENA";"AGUAPEY";"2007";"79.52";"3811";"Sistema Río Uruguay";"Cuencadel Río Aguapey"
"LA SIRENA";"LA SIRENA";"AGUAPEY";"2008";"35.11";"3811";"Sistema Río Uruguay";"Cuencadel Río Aguapey"
"LA SIRENA";"LA SIRENA";"AGUAPEY";"2009";"56.87";"3811";"Sistema Río Uruguay";"Cuencadel Río Aguapey"
"LA SIRENA";"LA SIRENA";"AGUAPEY";"2010";"63.11";"3811";"Sistema Río Uruguay";"Cuencadel Río Aguapey"
"LA SIRENA";"LA SIRENA";"AGUAPEY";"2011";"43.78";"3811";"Sistema Río Uruguay";"Cuencadel Río Aguapey"
"LA SIRENA";"LA SIRENA";"AGUAPEY";"2012";"25.67";"3811";"Sistema Río Uruguay";"Cuencadel Río Aguapey"
"LA SIRENA";"LA SIRENA";"AGUAPEY";"2013";"101.95";"3811";"Sistema Río Uruguay";"Cuencadel Río Aguapey"
"LA SIRENA";"LA SIRENA";"AGUAPEY";"2014";"102.22";"3811";"Sistema Río Uruguay";"Cuencadel Río Aguapey"
"LA SIRENA";"LA SIRENA";"AGUAPEY";"2015";"165.35";"3811";"Sistema Río Uruguay";"Cuencadel Río Aguapey"
"LA SIRENA";"LA SIRENA";"AGUAPEY";"2016";"67.34";"3811";"Sistema Río Uruguay";"Cuencadel Río Aguapey"
"LA SIRENA";"LA SIRENA";"AGUAPEY";"2017";"160.12";"3811";"Sistema Río Uruguay";"Cuencadel Río Aguapey"
"LA SIRENA";"LA SIRENA";"AGUAPEY";"2019";"83.39";"3811";"Sistema Río Uruguay";"Cuencadel Río Aguapey"
"LA SIRENA";"LA SIRENA";"AGUAPEY";"2020";"31.32";"3811";"Sistema Río Uruguay";"Cuencadel Río Aguapey"
"PASO MESA";"PASO MESA";"MIRIÑAY";"2016";"16.58";"3819";"Sistema Río Uruguay";"Cuencadel Río Miriñay"
"PASO MESA";"PASO MESA";"MIRIÑAY";"2019";"13.83";"3819";"Sistema Río Uruguay";"Cuencadel Río Miriñay"
"PASO MESA";"PASO MESA";"MIRIÑAY";"2020";"0.581";"3819";"Sistema Río Uruguay";"Cuencadel Río Miriñay"
"SAN ROQUITO";"SAN ROQUITO";"MIRIÑAY";"2020";"15.78";"3819";"Sistema Río Uruguay";"Cuencadel Río Miriñay"
"LOS LAURELES";"LOS LAURELES";"CORRIENTE";"1975";"189.85";"3821";"Sistema Río Paraná";"Cuencadel Rio Corrientes"
"LOS LAURELES";"LOS LAURELES";"CORRIENTE";"1976";"133.66";"3821";"Sistema Río Paraná";"Cuencadel Rio Corrientes"
"LOS LAURELES";"LOS LAURELES";"CORRIENTE";"1977";"141.00";"3821";"Sistema Río Paraná";"Cuencadel Rio Corrientes"
"LOS LAURELES";"LOS LAURELES";"CORRIENTE";"1978";"85.48";"3821";"Sistema Río Paraná";"Cuencadel Rio Corrientes"
"LOS LAURELES";"LOS LAURELES";"CORRIENTE";"1979";"103.33";"3821";"Sistema Río Paraná";"Cuencadel Rio Corrientes"
"LOS LAURELES";"LOS LAURELES";"CORRIENTE";"1980";"104.91";"3821";"Sistema Río Paraná";"Cuencadel Rio Corrientes"
"LOS LAURELES";"LOS LAURELES";"CORRIENTE";"1981";"181.66";"3821";"Sistema Río Paraná";"Cuencadel Rio Corrientes"
"LOS LAURELES";"LOS LAURELES";"CORRIENTE";"1982";"124.77";"3821";"Sistema Río Paraná";"Cuencadel Rio Corrientes"
"LOS LAURELES";"LOS LAURELES";"CORRIENTE";"1983";"443.49";"3821";"Sistema Río Paraná";"Cuencadel Rio Corrientes"
"LOS LAURELES";"LOS LAURELES";"CORRIENTE";"1984";"347.62";"3821";"Sistema Río Paraná";"Cuencadel Rio Corrientes"
"LOS LAURELES";"LOS LAURELES";"CORRIENTE";"1985";"387.14";"3821";"Sistema Río Paraná";"Cuencadel Rio Corrientes"
"LOS LAURELES";"LOS LAURELES";"CORRIENTE";"1986";"869.95";"3821";"Sistema Río Paraná";"Cuencadel Rio Corrientes"
"LOS LAURELES";"LOS LAURELES";"CORRIENTE";"1987";"550.17";"3821";"Sistema Río Paraná";"Cuencadel Rio Corrientes"
"LOS LAURELES";"LOS LAURELES";"CORRIENTE";"1988";"52.47";"3821";"Sistema Río Paraná";"Cuencadel Rio Corrientes"
"LOS LAURELES";"LOS LAURELES";"CORRIENTE";"1989";"75.14";"3821";"Sistema Río Paraná";"Cuencadel Rio Corrientes"
"LOS LAURELES";"LOS LAURELES";"CORRIENTE";"1990";"1072.00";"3821";"Sistema Río Paraná";"Cuencadel Rio Corrientes"
"LOS LAURELES";"LOS LAURELES";"CORRIENTE";"1991";"322.36";"3821";"Sistema Río Paraná";"Cuencadel Rio Corrientes"
"LOS LAURELES";"LOS LAURELES";"CORRIENTE";"1992";"373.42";"3821";"Sistema Río Paraná";"Cuencadel Rio Corrientes"
"LOS LAURELES";"LOS LAURELES";"CORRIENTE";"1993";"201.85";"3821";"Sistema Río Paraná";"Cuencadel Rio Corrientes"
"LOS LAURELES";"LOS LAURELES";"CORRIENTE";"1994";"400.18";"3821";"Sistema Río Paraná";"Cuencadel Rio Corrientes"
"LOS LAURELES";"LOS LAURELES";"CORRIENTE";"1995";"206.71";"3821";"Sistema Río Paraná";"Cuencadel Rio Corrientes"
"LOS LAURELES";"LOS LAURELES";"CORRIENTE";"1996";"229.72";"3821";"Sistema Río Paraná";"Cuencadel Rio Corrientes"
"LOS LAURELES";"LOS LAURELES";"CORRIENTE";"1997";"228.09";"3821";"Sistema Río Paraná";"Cuencadel Rio Corrientes"
"LOS LAURELES";"LOS LAURELES";"CORRIENTE";"1998";"760.83";"3821";"Sistema Río Paraná";"Cuencadel Rio Corrientes"
"LOS LAURELES";"LOS LAURELES";"CORRIENTE";"1999";"179.26";"3821";"Sistema Río Paraná";"Cuencadel Rio Corrientes"
"LOS LAURELES";"LOS LAURELES";"CORRIENTE";"2000";"176.82";"3821";"Sistema Río Paraná";"Cuencadel Rio Corrientes"
"LOS LAURELES";"LOS LAURELES";"CORRIENTE";"2001";"289.29";"3821";"Sistema Río Paraná";"Cuencadel Rio Corrientes"
"LOS LAURELES";"LOS LAURELES";"CORRIENTE";"2002";"376.64";"3821";"Sistema Río Paraná";"Cuencadel Rio Corrientes"
"LOS LAURELES";"LOS LAURELES";"CORRIENTE";"2003";"361.54";"3821";"Sistema Río Paraná";"Cuencadel Rio Corrientes"
"LOS LAURELES";"LOS LAURELES";"CORRIENTE";"2004";"124.86";"3821";"Sistema Río Paraná";"Cuencadel Rio Corrientes"
"LOS LAURELES";"LOS LAURELES";"CORRIENTE";"2005";"206.62";"3821";"Sistema Río Paraná";"Cuencadel Rio Corrientes"
"LOS LAURELES";"LOS LAURELES";"CORRIENTE";"2006";"44.36";"3821";"Sistema Río Paraná";"Cuencadel Rio Corrientes"
"LOS LAURELES";"LOS LAURELES";"CORRIENTE";"2007";"132.92";"3821";"Sistema Río Paraná";"Cuencadel Rio Corrientes"
"LOS LAURELES";"LOS LAURELES";"CORRIENTE";"2008";"61.92";"3821";"Sistema Río Paraná";"Cuencadel Rio Corrientes"
"LOS LAURELES";"LOS LAURELES";"CORRIENTE";"2009";"98.98";"3821";"Sistema Río Paraná";"Cuencadel Rio Corrientes"
"LOS LAURELES";"LOS LAURELES";"CORRIENTE";"2010";"263.92";"3821";"Sistema Río Paraná";"Cuencadel Rio Corrientes"
"LOS LAURELES";"LOS LAURELES";"CORRIENTE";"2011";"87.99";"3821";"Sistema Río Paraná";"Cuencadel Rio Corrientes"
"LOS LAURELES";"LOS LAURELES";"CORRIENTE";"2012";"90.64";"3821";"Sistema Río Paraná";"Cuencadel Rio Corrientes"
"LOS LAURELES";"LOS LAURELES";"CORRIENTE";"2013";"467.56";"3821";"Sistema Río Paraná";"Cuencadel Rio Corrientes"
"LOS LAURELES";"LOS LAURELES";"CORRIENTE";"2014";"322.59";"3821";"Sistema Río Paraná";"Cuencadel Rio Corrientes"
"LOS LAURELES";"LOS LAURELES";"CORRIENTE";"2015";"456.00";"3821";"Sistema Río Paraná";"Cuencadel Rio Corrientes"
"LOS LAURELES";"LOS LAURELES";"CORRIENTE";"2016";"463.16";"3821";"Sistema Río Paraná";"Cuencadel Rio Corrientes"
"LOS LAURELES";"LOS LAURELES";"CORRIENTE";"2017";"485.97";"3821";"Sistema Río Paraná";"Cuencadel Rio Corrientes"
"LOS LAURELES";"LOS LAURELES";"CORRIENTE";"2018";"203.72";"3821";"Sistema Río Paraná";"Cuencadel Rio Corrientes"
"LOS LAURELES";"LOS LAURELES";"CORRIENTE";"2019";"385.29";"3821";"Sistema Río Paraná";"Cuencadel Rio Corrientes"
"LOS LAURELES";"LOS LAURELES";"CORRIENTE";"2020";"56.10";"3821";"Sistema Río Paraná";"Cuencadel Rio Corrientes"
"SAN ROQUITO";"SAN ROQUITO";"MIRIÑAY";"2019";"107.42";"3832";"Sistema Río Uruguay";"Cuencadel Río Miriñay"
"PASO CERRITO";"PASO CERRITO";"BATEL";"1988";"6.56";"3849";"Sistema Río Paraná";"Cuencadel Rio Corrientes"
"PASO CERRITO";"PASO CERRITO";"BATEL";"1989";"14.04";"3849";"Sistema Río Paraná";"Cuencadel Rio Corrientes"
"PASO CERRITO";"PASO CERRITO";"BATEL";"1990";"24.89";"3849";"Sistema Río Paraná";"Cuencadel Rio Corrientes"
"PASO CERRITO";"PASO CERRITO";"BATEL";"1991";"22.98";"3849";"Sistema Río Paraná";"Cuencadel Rio Corrientes"
"PASO CERRITO";"PASO CERRITO";"BATEL";"1992";"46.00";"3849";"Sistema Río Paraná";"Cuencadel Rio Corrientes"
"PASO CERRITO";"PASO CERRITO";"BATEL";"1993";"29.22";"3849";"Sistema Río Paraná";"Cuencadel Rio Corrientes"
"PASO CERRITO";"PASO CERRITO";"BATEL";"1994";"45.05";"3849";"Sistema Río Paraná";"Cuencadel Rio Corrientes"
"PASO CERRITO";"PASO CERRITO";"BATEL";"1995";"26.27";"3849";"Sistema Río Paraná";"Cuencadel Rio Corrientes"
"PASO CERRITO";"PASO CERRITO";"BATEL";"1996";"25.77";"3849";"Sistema Río Paraná";"Cuencadel Rio Corrientes"
"PASO CERRITO";"PASO CERRITO";"BATEL";"1997";"26.39";"3849";"Sistema Río Paraná";"Cuencadel Rio Corrientes"
"PASO CERRITO";"PASO CERRITO";"BATEL";"1998";"161.71";"3849";"Sistema Río Paraná";"Cuencadel Rio Corrientes"
"PASO CERRITO";"PASO CERRITO";"BATEL";"1999";"26.92";"3849";"Sistema Río Paraná";"Cuencadel Rio Corrientes"
"PASO CERRITO";"PASO CERRITO";"BATEL";"2000";"25.81";"3849";"Sistema Río Paraná";"Cuencadel Rio Corrientes"
"PASO CERRITO";"PASO CERRITO";"BATEL";"2001";"28.49";"3849";"Sistema Río Paraná";"Cuencadel Rio Corrientes"
"PASO CERRITO";"PASO CERRITO";"BATEL";"2002";"53.52";"3849";"Sistema Río Paraná";"Cuencadel Rio Corrientes"
"PASO CERRITO";"PASO CERRITO";"BATEL";"2003";"64.49";"3849";"Sistema Río Paraná";"Cuencadel Rio Corrientes"
"PASO CERRITO";"PASO CERRITO";"BATEL";"2004";"11.45";"3849";"Sistema Río Paraná";"Cuencadel Rio Corrientes"
"PASO CERRITO";"PASO CERRITO";"BATEL";"2005";"21.61";"3849";"Sistema Río Paraná";"Cuencadel Rio Corrientes"
"PASO CERRITO";"PASO CERRITO";"BATEL";"2006";"2.58";"3849";"Sistema Río Paraná";"Cuencadel Rio Corrientes"
"PASO CERRITO";"PASO CERRITO";"BATEL";"2007";"6.95";"3849";"Sistema Río Paraná";"Cuencadel Rio Corrientes"
"PASO CERRITO";"PASO CERRITO";"BATEL";"2008";"1.8";"3849";"Sistema Río Paraná";"Cuencadel Rio Corrientes"
"PASO CERRITO";"PASO CERRITO";"BATEL";"2009";"8.45";"3849";"Sistema Río Paraná";"Cuencadel Rio Corrientes"
"PASO CERRITO";"PASO CERRITO";"BATEL";"2010";"33.69";"3849";"Sistema Río Paraná";"Cuencadel Rio Corrientes"
"PASO CERRITO";"PASO CERRITO";"BATEL";"2011";"7.97";"3849";"Sistema Río Paraná";"Cuencadel Rio Corrientes"
"PASO CERRITO";"PASO CERRITO";"BATEL";"2012";"2.14";"3849";"Sistema Río Paraná";"Cuencadel Rio Corrientes"
"PASO CERRITO";"PASO CERRITO";"BATEL";"2013";"60.89";"3849";"Sistema Río Paraná";"Cuencadel Rio Corrientes"
"PASO CERRITO";"PASO CERRITO";"BATEL";"2014";"40.67";"3849";"Sistema Río Paraná";"Cuencadel Rio Corrientes"
"PASO CERRITO";"PASO CERRITO";"BATEL";"2015";"63.45";"3849";"Sistema Río Paraná";"Cuencadel Rio Corrientes"
"PASO CERRITO";"PASO CERRITO";"BATEL";"2016";"84.67";"3849";"Sistema Río Paraná";"Cuencadel Rio Corrientes"
"PASO CERRITO";"PASO CERRITO";"BATEL";"2017";"72.2";"3849";"Sistema Río Paraná";"Cuencadel Rio Corrientes"
"PASO CERRITO";"PASO CERRITO";"BATEL";"2019";"93.92";"3849";"Sistema Río Paraná";"Cuencadel Rio Corrientes"
"PASO CERRITO";"PASO CERRITO";"BATEL";"2020";"5.10";"3849";"Sistema Río Paraná";"Cuencadel Rio Corrientes"
"GARRUCHOS";"GARRUCHOS";"URUGUAY";"1970";"2200.23";"3857";"Sistema Río Uruguay";"Cuencapropia del Río Uruguay en Argentina"
"GARRUCHOS";"GARRUCHOS";"URUGUAY";"1971";"3403.1";"3857";"Sistema Río Uruguay";"Cuencapropia del Río Uruguay en Argentina"
"GARRUCHOS";"GARRUCHOS";"URUGUAY";"1972";"4620.28";"3857";"Sistema Río Uruguay";"Cuencapropia del Río Uruguay en Argentina"
"GARRUCHOS";"GARRUCHOS";"URUGUAY";"1973";"4080.45";"3857";"Sistema Río Uruguay";"Cuencapropia del Río Uruguay en Argentina"
"GARRUCHOS";"GARRUCHOS";"URUGUAY";"1974";"1994.83";"3857";"Sistema Río Uruguay";"Cuencapropia del Río Uruguay en Argentina"
"GARRUCHOS";"GARRUCHOS";"URUGUAY";"1975";"2963.08";"3857";"Sistema Río Uruguay";"Cuencapropia del Río Uruguay en Argentina"
"GARRUCHOS";"GARRUCHOS";"URUGUAY";"1976";"2428.79";"3857";"Sistema Río Uruguay";"Cuencapropia del Río Uruguay en Argentina"
"GARRUCHOS";"GARRUCHOS";"URUGUAY";"1977";"2460.43";"3857";"Sistema Río Uruguay";"Cuencapropia del Río Uruguay en Argentina"
"GARRUCHOS";"GARRUCHOS";"URUGUAY";"1978";"1238.55";"3857";"Sistema Río Uruguay";"Cuencapropia del Río Uruguay en Argentina"
"GARRUCHOS";"GARRUCHOS";"URUGUAY";"1979";"3228.47";"3857";"Sistema Río Uruguay";"Cuencapropia del Río Uruguay en Argentina"
"GARRUCHOS";"GARRUCHOS";"URUGUAY";"1980";"2380.32";"3857";"Sistema Río Uruguay";"Cuencapropia del Río Uruguay en Argentina"
"GARRUCHOS";"GARRUCHOS";"URUGUAY";"1981";"1394.1";"3857";"Sistema Río Uruguay";"Cuencapropia del Río Uruguay en Argentina"
"GARRUCHOS";"GARRUCHOS";"URUGUAY";"1982";"3187.51";"3857";"Sistema Río Uruguay";"Cuencapropia del Río Uruguay en Argentina"
"GARRUCHOS";"GARRUCHOS";"URUGUAY";"1983";"6930.09";"3857";"Sistema Río Uruguay";"Cuencapropia del Río Uruguay en Argentina"
"GARRUCHOS";"GARRUCHOS";"URUGUAY";"1984";"3648.55";"3857";"Sistema Río Uruguay";"Cuencapropia del Río Uruguay en Argentina"
"GARRUCHOS";"GARRUCHOS";"URUGUAY";"1985";"2802.53";"3857";"Sistema Río Uruguay";"Cuencapropia del Río Uruguay en Argentina"
"GARRUCHOS";"GARRUCHOS";"URUGUAY";"1986";"2756.35";"3857";"Sistema Río Uruguay";"Cuencapropia del Río Uruguay en Argentina"
"GARRUCHOS";"GARRUCHOS";"URUGUAY";"1987";"3686.27";"3857";"Sistema Río Uruguay";"Cuencapropia del Río Uruguay en Argentina"
"GARRUCHOS";"GARRUCHOS";"URUGUAY";"1988";"1779.34";"3857";"Sistema Río Uruguay";"Cuencapropia del Río Uruguay en Argentina"
"GARRUCHOS";"GARRUCHOS";"URUGUAY";"1989";"2912.26";"3857";"Sistema Río Uruguay";"Cuencapropia del Río Uruguay en Argentina"
"GARRUCHOS";"GARRUCHOS";"URUGUAY";"1990";"5205.82";"3857";"Sistema Río Uruguay";"Cuencapropia del Río Uruguay en Argentina"
"GARRUCHOS";"GARRUCHOS";"URUGUAY";"1991";"1594.12";"3857";"Sistema Río Uruguay";"Cuencapropia del Río Uruguay en Argentina"
"GARRUCHOS";"GARRUCHOS";"URUGUAY";"1992";"4038.73";"3857";"Sistema Río Uruguay";"Cuencapropia del Río Uruguay en Argentina"
"GARRUCHOS";"GARRUCHOS";"URUGUAY";"1993";"2922.52";"3857";"Sistema Río Uruguay";"Cuencapropia del Río Uruguay en Argentina"
"GARRUCHOS";"GARRUCHOS";"URUGUAY";"1994";"3921.59";"3857";"Sistema Río Uruguay";"Cuencapropia del Río Uruguay en Argentina"
"GARRUCHOS";"GARRUCHOS";"URUGUAY";"1995";"2024.7";"3857";"Sistema Río Uruguay";"Cuencapropia del Río Uruguay en Argentina"
"GARRUCHOS";"GARRUCHOS";"URUGUAY";"1996";"3002.92";"3857";"Sistema Río Uruguay";"Cuencapropia del Río Uruguay en Argentina"
"GARRUCHOS";"GARRUCHOS";"URUGUAY";"1997";"4504.55";"3857";"Sistema Río Uruguay";"Cuencapropia del Río Uruguay en Argentina"
"GARRUCHOS";"GARRUCHOS";"URUGUAY";"1998";"5695.76";"3857";"Sistema Río Uruguay";"Cuencapropia del Río Uruguay en Argentina"
"GARRUCHOS";"GARRUCHOS";"URUGUAY";"1999";"2104.83";"3857";"Sistema Río Uruguay";"Cuencapropia del Río Uruguay en Argentina"
"GARRUCHOS";"GARRUCHOS";"URUGUAY";"2000";"2684.48";"3857";"Sistema Río Uruguay";"Cuencapropia del Río Uruguay en Argentina"
"GARRUCHOS";"GARRUCHOS";"URUGUAY";"2001";"3108.06";"3857";"Sistema Río Uruguay";"Cuencapropia del Río Uruguay en Argentina"
"GARRUCHOS";"GARRUCHOS";"URUGUAY";"2002";"4173.64";"3857";"Sistema Río Uruguay";"Cuencapropia del Río Uruguay en Argentina"
"GARRUCHOS";"GARRUCHOS";"URUGUAY";"2003";"2402.73";"3857";"Sistema Río Uruguay";"Cuencapropia del Río Uruguay en Argentina"
"GARRUCHOS";"GARRUCHOS";"URUGUAY";"2004";"2037.05";"3857";"Sistema Río Uruguay";"Cuencapropia del Río Uruguay en Argentina"
"GARRUCHOS";"GARRUCHOS";"URUGUAY";"2005";"3381.44";"3857";"Sistema Río Uruguay";"Cuencapropia del Río Uruguay en Argentina"
"GARRUCHOS";"GARRUCHOS";"URUGUAY";"2006";"1515.97";"3857";"Sistema Río Uruguay";"Cuencapropia del Río Uruguay en Argentina"
"GARRUCHOS";"GARRUCHOS";"URUGUAY";"2007";"3482.34";"3857";"Sistema Río Uruguay";"Cuencapropia del Río Uruguay en Argentina"
"GARRUCHOS";"GARRUCHOS";"URUGUAY";"2008";"2680.22";"3857";"Sistema Río Uruguay";"Cuencapropia del Río Uruguay en Argentina"
"GARRUCHOS";"GARRUCHOS";"URUGUAY";"2009";"3367.37";"3857";"Sistema Río Uruguay";"Cuencapropia del Río Uruguay en Argentina"
"GARRUCHOS";"GARRUCHOS";"URUGUAY";"2010";"3490.96";"3857";"Sistema Río Uruguay";"Cuencapropia del Río Uruguay en Argentina"
"GARRUCHOS";"GARRUCHOS";"URUGUAY";"2011";"4078.23";"3857";"Sistema Río Uruguay";"Cuencapropia del Río Uruguay en Argentina"
"GARRUCHOS";"GARRUCHOS";"URUGUAY";"2012";"1606.54";"3857";"Sistema Río Uruguay";"Cuencapropia del Río Uruguay en Argentina"
"GARRUCHOS";"GARRUCHOS";"URUGUAY";"2013";"3227.94";"3857";"Sistema Río Uruguay";"Cuencapropia del Río Uruguay en Argentina"
"GARRUCHOS";"GARRUCHOS";"URUGUAY";"2014";"4580.05";"3857";"Sistema Río Uruguay";"Cuencapropia del Río Uruguay en Argentina"
"GARRUCHOS";"GARRUCHOS";"URUGUAY";"2015";"6015.8";"3857";"Sistema Río Uruguay";"Cuencapropia del Río Uruguay en Argentina"
"GARRUCHOS";"GARRUCHOS";"URUGUAY";"2016";"3060.65";"3857";"Sistema Río Uruguay";"Cuencapropia del Río Uruguay en Argentina"
"GARRUCHOS";"GARRUCHOS";"URUGUAY";"2017";"4060.65";"3857";"Sistema Río Uruguay";"Cuencapropia del Río Uruguay en Argentina"
"GARRUCHOS";"GARRUCHOS";"URUGUAY";"2018";"2499.53";"3857";"Sistema Río Uruguay";"Cuencapropia del Río Uruguay en Argentina"
"GARRUCHOS";"GARRUCHOS";"URUGUAY";"2019";"2755.59";"3857";"Sistema Río Uruguay";"Cuencapropia del Río Uruguay en Argentina"
"GARRUCHOS";"GARRUCHOS";"URUGUAY";"2020";"1771.91";"3857";"Sistema Río Uruguay";"Cuencapropia del Río Uruguay en Argentina"
"CAA CARAI";"CAA CARAI";"AGUAPEY";"1986";"58.55";"3858";"Sistema Río Uruguay";"Cuencadel Río Aguapey"
"CAA CARAI";"CAA CARAI";"AGUAPEY";"1987";"57.68";"3858";"Sistema Río Uruguay";"Cuencadel Río Aguapey"
"CAA CARAI";"CAA CARAI";"AGUAPEY";"1988";"15.91";"3858";"Sistema Río Uruguay";"Cuencadel Río Aguapey"
"CAA CARAI";"CAA CARAI";"AGUAPEY";"1989";"4.93";"3858";"Sistema Río Uruguay";"Cuencadel Río Aguapey"
"CAA CARAI";"CAA CARAI";"AGUAPEY";"1990";"1.92";"3858";"Sistema Río Uruguay";"Cuencadel Río Aguapey"
"CAA CARAI";"CAA CARAI";"AGUAPEY";"1991";"40.67";"3858";"Sistema Río Uruguay";"Cuencadel Río Aguapey"
"CAA CARAI";"CAA CARAI";"AGUAPEY";"1992";"34.35";"3858";"Sistema Río Uruguay";"Cuencadel Río Aguapey"
"CAA CARAI";"CAA CARAI";"AGUAPEY";"1993";"23.71";"3858";"Sistema Río Uruguay";"Cuencadel Río Aguapey"
"CAA CARAI";"CAA CARAI";"AGUAPEY";"1994";"56.49";"3858";"Sistema Río Uruguay";"Cuencadel Río Aguapey"
"CAA CARAI";"CAA CARAI";"AGUAPEY";"1995";"5.95";"3858";"Sistema Río Uruguay";"Cuencadel Río Aguapey"
"CAA CARAI";"CAA CARAI";"AGUAPEY";"1996";"34.73";"3858";"Sistema Río Uruguay";"Cuencadel Río Aguapey"
"CAA CARAI";"CAA CARAI";"AGUAPEY";"1997";"29.39";"3858";"Sistema Río Uruguay";"Cuencadel Río Aguapey"
"CAA CARAI";"CAA CARAI";"AGUAPEY";"1998";"84.83";"3858";"Sistema Río Uruguay";"Cuencadel Río Aguapey"
"CAA CARAI";"CAA CARAI";"AGUAPEY";"1999";"25.48";"3858";"Sistema Río Uruguay";"Cuencadel Río Aguapey"
"CAA CARAI";"CAA CARAI";"AGUAPEY";"2000";"38.39";"3858";"Sistema Río Uruguay";"Cuencadel Río Aguapey"
"CAA CARAI";"CAA CARAI";"AGUAPEY";"2001";"32.95";"3858";"Sistema Río Uruguay";"Cuencadel Río Aguapey"
"CAA CARAI";"CAA CARAI";"AGUAPEY";"2002";"69.91";"3858";"Sistema Río Uruguay";"Cuencadel Río Aguapey"
"CAA CARAI";"CAA CARAI";"AGUAPEY";"2003";"34.7";"3858";"Sistema Río Uruguay";"Cuencadel Río Aguapey"
"CAA CARAI";"CAA CARAI";"AGUAPEY";"2004";"12.48";"3858";"Sistema Río Uruguay";"Cuencadel Río Aguapey"
"CAA CARAI";"CAA CARAI";"AGUAPEY";"2005";"31.53";"3858";"Sistema Río Uruguay";"Cuencadel Río Aguapey"
"CAA CARAI";"CAA CARAI";"AGUAPEY";"2006";"10.79";"3858";"Sistema Río Uruguay";"Cuencadel Río Aguapey"
"CAA CARAI";"CAA CARAI";"AGUAPEY";"2007";"38.95";"3858";"Sistema Río Uruguay";"Cuencadel Río Aguapey"
"CAA CARAI";"CAA CARAI";"AGUAPEY";"2008";"19.8";"3858";"Sistema Río Uruguay";"Cuencadel Río Aguapey"
"CAA CARAI";"CAA CARAI";"AGUAPEY";"2009";"23.87";"3858";"Sistema Río Uruguay";"Cuencadel Río Aguapey"
"CAA CARAI";"CAA CARAI";"AGUAPEY";"2010";"21.89";"3858";"Sistema Río Uruguay";"Cuencadel Río Aguapey"
"CAA CARAI";"CAA CARAI";"AGUAPEY";"2011";"21.65";"3858";"Sistema Río Uruguay";"Cuencadel Río Aguapey"
"CAA CARAI";"CAA CARAI";"AGUAPEY";"2012";"13.25";"3858";"Sistema Río Uruguay";"Cuencadel Río Aguapey"
"CAA CARAI";"CAA CARAI";"AGUAPEY";"2013";"41.68";"3858";"Sistema Río Uruguay";"Cuencadel Río Aguapey"
"CAA CARAI";"CAA CARAI";"AGUAPEY";"2014";"49.71";"3858";"Sistema Río Uruguay";"Cuencadel Río Aguapey"
"CAA CARAI";"CAA CARAI";"AGUAPEY";"2015";"76.14";"3858";"Sistema Río Uruguay";"Cuencadel Río Aguapey"
"CAA CARAI";"CAA CARAI";"AGUAPEY";"2016";"23.19";"3858";"Sistema Río Uruguay";"Cuencadel Río Aguapey"
"CAA CARAI";"CAA CARAI";"AGUAPEY";"2019";"4.97";"3858";"Sistema Río Uruguay";"Cuencadel Río Aguapey"
"CACHEUTA";"CACHEUTA";"MENDOZA";"1970";"37.28";"3858";"Sistema Río Uruguay";"Cuencadel Río Aguapey"
"GARABI";"GARABI";"URUGUAY";"1986";"2.94";"3861";"Sistema Río Uruguay";"Cuencapropia del Río Uruguay en Argentina"
"GARABI";"GARABI";"URUGUAY";"1987";"2814.75";"3861";"Sistema Río Uruguay";"Cuencapropia del Río Uruguay en Argentina"
"GARABI";"GARABI";"URUGUAY";"1988";"1697.35";"3861";"Sistema Río Uruguay";"Cuencapropia del Río Uruguay en Argentina"
"GARABI";"GARABI";"URUGUAY";"1989";"2017.26";"3861";"Sistema Río Uruguay";"Cuencapropia del Río Uruguay en Argentina"
"GARABI";"GARABI";"URUGUAY";"1990";"5339.9";"3861";"Sistema Río Uruguay";"Cuencapropia del Río Uruguay en Argentina"
"GARABI";"GARABI";"URUGUAY";"1991";"1468.97";"3861";"Sistema Río Uruguay";"Cuencapropia del Río Uruguay en Argentina"
"GARABI";"GARABI";"URUGUAY";"1992";"4466.44";"3861";"Sistema Río Uruguay";"Cuencapropia del Río Uruguay en Argentina"
"GARABI";"GARABI";"URUGUAY";"1993";"3055.71";"3861";"Sistema Río Uruguay";"Cuencapropia del Río Uruguay en Argentina"
"GARABI";"GARABI";"URUGUAY";"1994";"3941.42";"3861";"Sistema Río Uruguay";"Cuencapropia del Río Uruguay en Argentina"
"GARABI";"GARABI";"URUGUAY";"1995";"2067.33";"3861";"Sistema Río Uruguay";"Cuencapropia del Río Uruguay en Argentina"
"GARABI";"GARABI";"URUGUAY";"1996";"3082.05";"3861";"Sistema Río Uruguay";"Cuencapropia del Río Uruguay en Argentina"
"GARABI";"GARABI";"URUGUAY";"1997";"4515.26";"3861";"Sistema Río Uruguay";"Cuencapropia del Río Uruguay en Argentina"
"GARABI";"GARABI";"URUGUAY";"1998";"5860.96";"3861";"Sistema Río Uruguay";"Cuencapropia del Río Uruguay en Argentina"
"GARABI";"GARABI";"URUGUAY";"1999";"2211.75";"3861";"Sistema Río Uruguay";"Cuencapropia del Río Uruguay en Argentina"
"GARABI";"GARABI";"URUGUAY";"2000";"2736.73";"3861";"Sistema Río Uruguay";"Cuencapropia del Río Uruguay en Argentina"
"ITATI";"ITATI";"PARANA";"1970";"9418.4";"3862";"Sistema Río Paraná";"Cuencapropia del Río Paraná hasta Confluencia con Río Paraguay"
"ITATI";"ITATI";"PARANA";"1971";"10445.24";"3862";"Sistema Río Paraná";"Cuencapropia del Río Paraná hasta Confluencia con Río Paraguay"
"ITATI";"ITATI";"PARANA";"1972";"13535.34";"3862";"Sistema Río Paraná";"Cuencapropia del Río Paraná hasta Confluencia con Río Paraguay"
"ITATI";"ITATI";"PARANA";"1973";"13843.62";"3862";"Sistema Río Paraná";"Cuencapropia del Río Paraná hasta Confluencia con Río Paraguay"
"ITATI";"ITATI";"PARANA";"1974";"13023.5";"3862";"Sistema Río Paraná";"Cuencapropia del Río Paraná hasta Confluencia con Río Paraguay"
"ITATI";"ITATI";"PARANA";"1975";"11723.25";"3862";"Sistema Río Paraná";"Cuencapropia del Río Paraná hasta Confluencia con Río Paraguay"
"ITATI";"ITATI";"PARANA";"1977";"9936.74";"3862";"Sistema Río Paraná";"Cuencapropia del Río Paraná hasta Confluencia con Río Paraguay"
"ITATI";"ITATI";"PARANA";"1978";"10280.38";"3862";"Sistema Río Paraná";"Cuencapropia del Río Paraná hasta Confluencia con Río Paraguay"
"ITATI";"ITATI";"PARANA";"1979";"13374.61";"3862";"Sistema Río Paraná";"Cuencapropia del Río Paraná hasta Confluencia con Río Paraguay"
"ITATI";"ITATI";"PARANA";"1980";"14429.4";"3862";"Sistema Río Paraná";"Cuencapropia del Río Paraná hasta Confluencia con Río Paraguay"
"ITATI";"ITATI";"PARANA";"1981";"12142.6";"3862";"Sistema Río Paraná";"Cuencapropia del Río Paraná hasta Confluencia con Río Paraguay"
"ITATI";"ITATI";"PARANA";"1982";"17692.32";"3862";"Sistema Río Paraná";"Cuencapropia del Río Paraná hasta Confluencia con Río Paraguay"
"ITATI";"ITATI";"PARANA";"1983";"27508.85";"3862";"Sistema Río Paraná";"Cuencapropia del Río Paraná hasta Confluencia con Río Paraguay"
"ITATI";"ITATI";"PARANA";"1984";"13863.23";"3862";"Sistema Río Paraná";"Cuencapropia del Río Paraná hasta Confluencia con Río Paraguay"
"ITATI";"ITATI";"PARANA";"1985";"13655.45";"3862";"Sistema Río Paraná";"Cuencapropia del Río Paraná hasta Confluencia con Río Paraguay"
"ITATI";"ITATI";"PARANA";"1986";"11665.6";"3862";"Sistema Río Paraná";"Cuencapropia del Río Paraná hasta Confluencia con Río Paraguay"
"ITATI";"ITATI";"PARANA";"1987";"13414.07";"3862";"Sistema Río Paraná";"Cuencapropia del Río Paraná hasta Confluencia con Río Paraguay"
"ITATI";"ITATI";"PARANA";"1988";"12047.55";"3862";"Sistema Río Paraná";"Cuencapropia del Río Paraná hasta Confluencia con Río Paraguay"
"ITATI";"ITATI";"PARANA";"1989";"14072.32";"3862";"Sistema Río Paraná";"Cuencapropia del Río Paraná hasta Confluencia con Río Paraguay"
"ITATI";"ITATI";"PARANA";"1990";"16259.73";"3862";"Sistema Río Paraná";"Cuencapropia del Río Paraná hasta Confluencia con Río Paraguay"
"ITATI";"ITATI";"PARANA";"1991";"12631.11";"3862";"Sistema Río Paraná";"Cuencapropia del Río Paraná hasta Confluencia con Río Paraguay"
"ITATI";"ITATI";"PARANA";"1992";"17309.53";"3862";"Sistema Río Paraná";"Cuencapropia del Río Paraná hasta Confluencia con Río Paraguay"
"ITATI";"ITATI";"PARANA";"1993";"14074.69";"3862";"Sistema Río Paraná";"Cuencapropia del Río Paraná hasta Confluencia con Río Paraguay"
"ITATI";"ITATI";"PARANA";"1994";"12984.35";"3862";"Sistema Río Paraná";"Cuencapropia del Río Paraná hasta Confluencia con Río Paraguay"
"ITATI";"ITATI";"PARANA";"1995";"13689.5";"3862";"Sistema Río Paraná";"Cuencapropia del Río Paraná hasta Confluencia con Río Paraguay"
"ITATI";"ITATI";"PARANA";"1996";"13345.15";"3862";"Sistema Río Paraná";"Cuencapropia del Río Paraná hasta Confluencia con Río Paraguay"
"ITATI";"ITATI";"PARANA";"1997";"17329.32";"3862";"Sistema Río Paraná";"Cuencapropia del Río Paraná hasta Confluencia con Río Paraguay"
"ITATI";"ITATI";"PARANA";"1998";"19264.16";"3862";"Sistema Río Paraná";"Cuencapropia del Río Paraná hasta Confluencia con Río Paraguay"
"ITATI";"ITATI";"PARANA";"1999";"12976.55";"3862";"Sistema Río Paraná";"Cuencapropia del Río Paraná hasta Confluencia con Río Paraguay"
"ITATI";"ITATI";"PARANA";"2000";"12080.86";"3862";"Sistema Río Paraná";"Cuencapropia del Río Paraná hasta Confluencia con Río Paraguay"
"ITATI";"ITATI";"PARANA";"2001";"11987.48";"3862";"Sistema Río Paraná";"Cuencapropia del Río Paraná hasta Confluencia con Río Paraguay"
"ITATI";"ITATI";"PARANA";"2002";"13170.65";"3862";"Sistema Río Paraná";"Cuencapropia del Río Paraná hasta Confluencia con Río Paraguay"
"ITATI";"ITATI";"PARANA";"2003";"12726.53";"3862";"Sistema Río Paraná";"Cuencapropia del Río Paraná hasta Confluencia con Río Paraguay"
"ITATI";"ITATI";"PARANA";"2004";"12592.94";"3862";"Sistema Río Paraná";"Cuencapropia del Río Paraná hasta Confluencia con Río Paraguay"
"ITATI";"ITATI";"PARANA";"2005";"13189.22";"3862";"Sistema Río Paraná";"Cuencapropia del Río Paraná hasta Confluencia con Río Paraguay"
"ITATI";"ITATI";"PARANA";"2006";"11849.5";"3862";"Sistema Río Paraná";"Cuencapropia del Río Paraná hasta Confluencia con Río Paraguay"
"ITATI";"ITATI";"PARANA";"2007";"14520.86";"3862";"Sistema Río Paraná";"Cuencapropia del Río Paraná hasta Confluencia con Río Paraguay"
"ITATI";"ITATI";"PARANA";"2008";"12521.72";"3862";"Sistema Río Paraná";"Cuencapropia del Río Paraná hasta Confluencia con Río Paraguay"
"ITATI";"ITATI";"PARANA";"2009";"14190.18";"3862";"Sistema Río Paraná";"Cuencapropia del Río Paraná hasta Confluencia con Río Paraguay"
"ITATI";"ITATI";"PARANA";"2010";"16203.89";"3862";"Sistema Río Paraná";"Cuencapropia del Río Paraná hasta Confluencia con Río Paraguay"
"ITATI";"ITATI";"PARANA";"2011";"15659.39";"3862";"Sistema Río Paraná";"Cuencapropia del Río Paraná hasta Confluencia con Río Paraguay"
"ITATI";"ITATI";"PARANA";"2012";"12418.29";"3862";"Sistema Río Paraná";"Cuencapropia del Río Paraná hasta Confluencia con Río Paraguay"
"ITATI";"ITATI";"PARANA";"2013";"14110.66";"3862";"Sistema Río Paraná";"Cuencapropia del Río Paraná hasta Confluencia con Río Paraguay"
"ITATI";"ITATI";"PARANA";"2014";"14597.59";"3862";"Sistema Río Paraná";"Cuencapropia del Río Paraná hasta Confluencia con Río Paraguay"
"ITATI";"ITATI";"PARANA";"2015";"14927.11";"3862";"Sistema Río Paraná";"Cuencapropia del Río Paraná hasta Confluencia con Río Paraguay"
"ITATI";"ITATI";"PARANA";"2016";"17385.3";"3862";"Sistema Río Paraná";"Cuencapropia del Río Paraná hasta Confluencia con Río Paraguay"
"ITATI";"ITATI";"PARANA";"2017";"14850.35";"3862";"Sistema Río Paraná";"Cuencapropia del Río Paraná hasta Confluencia con Río Paraguay"
"ITATI";"ITATI";"PARANA";"2018";"15590.61";"3862";"Sistema Río Paraná";"Cuencapropia del Río Paraná hasta Confluencia con Río Paraguay"
"ITATI";"ITATI";"PARANA";"2019";"11838.83";"3862";"Sistema Río Paraná";"Cuencapropia del Río Paraná hasta Confluencia con Río Paraguay"
"ITATI";"ITATI";"PARANA";"2020";"9451.76";"3862";"Sistema Río Paraná";"Cuencapropia del Río Paraná hasta Confluencia con Río Paraguay"
"EMBALSE LA VIÑA";"EMBALSE LA VIÑA";"LOS SAUCES";"1970";"3.38";"4199";"Sistema Var ias Cerradas";"Cuencadel Río Conlara y Arroyos Menores del Norte de San Luis y Oeste de Córdoba"
"EMBALSE LA VIÑA";"EMBALSE LA VIÑA";"LOS SAUCES";"1971";"4.02";"4199";"Sistema Var ias Cerradas";"Cuencadel Río Conlara y Arroyos Menores del Norte de San Luis y Oeste de Córdoba"
"EMBALSE LA VIÑA";"EMBALSE LA VIÑA";"LOS SAUCES";"1972";"5.3";"4199";"Sistema Var ias Cerradas";"Cuencadel Río Conlara y Arroyos Menores del Norte de San Luis y Oeste de Córdoba"
"EMBALSE LA VIÑA";"EMBALSE LA VIÑA";"LOS SAUCES";"1973";"5.23";"4199";"Sistema Var ias Cerradas";"Cuencadel Río Conlara y Arroyos Menores del Norte de San Luis y Oeste de Córdoba"
"EMBALSE LA VIÑA";"EMBALSE LA VIÑA";"LOS SAUCES";"1974";"4.33";"4199";"Sistema Var ias Cerradas";"Cuencadel Río Conlara y Arroyos Menores del Norte de San Luis y Oeste de Córdoba"
"EMBALSE LA VIÑA";"EMBALSE LA VIÑA";"LOS SAUCES";"1975";"4.83";"4199";"Sistema Var ias Cerradas";"Cuencadel Río Conlara y Arroyos Menores del Norte de San Luis y Oeste de Córdoba"
"EMBALSE LA VIÑA";"EMBALSE LA VIÑA";"LOS SAUCES";"1976";"6.54";"4199";"Sistema Var ias Cerradas";"Cuencadel Río Conlara y Arroyos Menores del Norte de San Luis y Oeste de Córdoba"
"EMBALSE LA VIÑA";"EMBALSE LA VIÑA";"LOS SAUCES";"1977";"7.06";"4199";"Sistema Var ias Cerradas";"Cuencadel Río Conlara y Arroyos Menores del Norte de San Luis y Oeste de Córdoba"
"EMBALSE LA VIÑA";"EMBALSE LA VIÑA";"LOS SAUCES";"1978";"7.18";"4199";"Sistema Var ias Cerradas";"Cuencadel Río Conlara y Arroyos Menores del Norte de San Luis y Oeste de Córdoba"
"EMBALSE LA VIÑA";"EMBALSE LA VIÑA";"LOS SAUCES";"1979";"8.79";"4199";"Sistema Var ias Cerradas";"Cuencadel Río Conlara y Arroyos Menores del Norte de San Luis y Oeste de Córdoba"
"EMBALSE LA VIÑA";"EMBALSE LA VIÑA";"LOS SAUCES";"1980";"6.02";"4199";"Sistema Var ias Cerradas";"Cuencadel Río Conlara y Arroyos Menores del Norte de San Luis y Oeste de Córdoba"
"EMBALSE LOS MOLINOS";"EMBALSE LOS MOLINOS";"LOS MOLINOS";"1970";"7.16";"4200";"Sistema Lag una Mar Chiquita";"Cuencade los Ríos Primero y Segundo"
"EMBALSE LOS MOLINOS";"EMBALSE LOS MOLINOS";"LOS MOLINOS";"1971";"4.1";"4200";"Sistema Lag una Mar Chiquita";"Cuencade los Ríos Primero y Segundo"
"EMBALSE LOS MOLINOS";"EMBALSE LOS MOLINOS";"LOS MOLINOS";"1972";"6.41";"4200";"Sistema Lag una Mar Chiquita";"Cuencade los Ríos Primero y Segundo"
"EMBALSE LOS MOLINOS";"EMBALSE LOS MOLINOS";"LOS MOLINOS";"1973";"10.23";"4200";"Sistema Lag una Mar Chiquita";"Cuencade los Ríos Primero y Segundo"
"EMBALSE LOS MOLINOS";"EMBALSE LOS MOLINOS";"LOS MOLINOS";"1974";"6.85";"4200";"Sistema Lag una Mar Chiquita";"Cuencade los Ríos Primero y Segundo"
"EMBALSE LOS MOLINOS";"EMBALSE LOS MOLINOS";"LOS MOLINOS";"1975";"8.79";"4200";"Sistema Lag una Mar Chiquita";"Cuencade los Ríos Primero y Segundo"
"EMBALSE LOS MOLINOS";"EMBALSE LOS MOLINOS";"LOS MOLINOS";"1976";"8.18";"4200";"Sistema Lag una Mar Chiquita";"Cuencade los Ríos Primero y Segundo"
"EMBALSE LOS MOLINOS";"EMBALSE LOS MOLINOS";"LOS MOLINOS";"1977";"9.73";"4200";"Sistema Lag una Mar Chiquita";"Cuencade los Ríos Primero y Segundo"
"EMBALSE LOS MOLINOS";"EMBALSE LOS MOLINOS";"LOS MOLINOS";"1978";"13.15";"4200";"Sistema Lag una Mar Chiquita";"Cuencade los Ríos Primero y Segundo"
"EMBALSE LOS MOLINOS";"EMBALSE LOS MOLINOS";"LOS MOLINOS";"1979";"19.43";"4200";"Sistema Lag una Mar Chiquita";"Cuencade los Ríos Primero y Segundo"
"EMBALSE LOS MOLINOS";"EMBALSE LOS MOLINOS";"LOS MOLINOS";"1980";"13.23";"4200";"Sistema Lag una Mar Chiquita";"Cuencade los Ríos Primero y Segundo"
"ALPA CORRAL";"ALPA CORRAL";"BARRANCAS";"1970";"2.49";"4202";"Sistema Río Paraná";"Cuencadel Rio Carcarañá"
"ALPA CORRAL";"ALPA CORRAL";"BARRANCAS";"1971";"2.04";"4202";"Sistema Río Paraná";"Cuencadel Rio Carcarañá"
"ALPA CORRAL";"ALPA CORRAL";"BARRANCAS";"1972";"2.55";"4202";"Sistema Río Paraná";"Cuencadel Rio Carcarañá"
"ALPA CORRAL";"ALPA CORRAL";"BARRANCAS";"1973";"2.14";"4202";"Sistema Río Paraná";"Cuencadel Rio Carcarañá"
"ALPA CORRAL";"ALPA CORRAL";"BARRANCAS";"1974";"2.99";"4202";"Sistema Río Paraná";"Cuencadel Rio Carcarañá"
"ALPA CORRAL";"ALPA CORRAL";"BARRANCAS";"1975";"2.49";"4202";"Sistema Río Paraná";"Cuencadel Rio Carcarañá"
"ALPA CORRAL";"ALPA CORRAL";"BARRANCAS";"1976";"2.47";"4202";"Sistema Río Paraná";"Cuencadel Rio Carcarañá"
"ALPA CORRAL";"ALPA CORRAL";"BARRANCAS";"1977";"2.74";"4202";"Sistema Río Paraná";"Cuencadel Rio Carcarañá"
"ALPA CORRAL";"ALPA CORRAL";"BARRANCAS";"1978";"4.13";"4202";"Sistema Río Paraná";"Cuencadel Rio Carcarañá"
"ALPA CORRAL";"ALPA CORRAL";"BARRANCAS";"1979";"3.91";"4202";"Sistema Río Paraná";"Cuencadel Rio Carcarañá"
"ALPA CORRAL";"ALPA CORRAL";"BARRANCAS";"1980";"3.85";"4202";"Sistema Río Paraná";"Cuencadel Rio Carcarañá"
"ALPA CORRAL";"ALPA CORRAL";"BARRANCAS";"1981";"1.96";"4202";"Sistema Río Paraná";"Cuencadel Rio Carcarañá"
"LA TAPA";"LA TAPA";"LAS CAÑITAS";"1970";"0.2";"4210";"Sistema Río Paraná";"Cuencadel Rio Carcarañá"
"LA TAPA";"LA TAPA";"LAS CAÑITAS";"1971";"0.46";"4210";"Sistema Río Paraná";"Cuencadel Rio Carcarañá"
"LA TAPA";"LA TAPA";"LAS CAÑITAS";"1972";"1.47";"4210";"Sistema Río Paraná";"Cuencadel Rio Carcarañá"
"LA TAPA";"LA TAPA";"LAS CAÑITAS";"1973";"0.94";"4210";"Sistema Río Paraná";"Cuencadel Rio Carcarañá"
"LA TAPA";"LA TAPA";"LAS CAÑITAS";"1974";"1.11";"4210";"Sistema Río Paraná";"Cuencadel Rio Carcarañá"
"LA TAPA";"LA TAPA";"LAS CAÑITAS";"1975";"1.04";"4210";"Sistema Río Paraná";"Cuencadel Rio Carcarañá"
"LA TAPA";"LA TAPA";"LAS CAÑITAS";"1976";"1.00";"4210";"Sistema Río Paraná";"Cuencadel Rio Carcarañá"
"LA TAPA";"LA TAPA";"LAS CAÑITAS";"1977";"1.64";"4210";"Sistema Río Paraná";"Cuencadel Rio Carcarañá"
"LA TAPA";"LA TAPA";"LAS CAÑITAS";"1978";"2.73";"4210";"Sistema Río Paraná";"Cuencadel Rio Carcarañá"
"LA TAPA";"LA TAPA";"LAS CAÑITAS";"1979";"3.11";"4210";"Sistema Río Paraná";"Cuencadel Rio Carcarañá"
"LA TAPA";"LA TAPA";"LAS CAÑITAS";"1980";"1.95";"4210";"Sistema Río Paraná";"Cuencadel Rio Carcarañá"
"LAS TAPIAS";"LAS TAPIAS";"LAS TAPIAS";"1970";"0.36";"4212";"Sistema Río Paraná";"Cuencadel Rio Carcarañá"
"LAS TAPIAS";"LAS TAPIAS";"LAS TAPIAS";"1971";"0.28";"4212";"Sistema Río Paraná";"Cuencadel Rio Carcarañá"
"LAS TAPIAS";"LAS TAPIAS";"LAS TAPIAS";"1972";"0.93";"4212";"Sistema Río Paraná";"Cuencadel Rio Carcarañá"
"LAS TAPIAS";"LAS TAPIAS";"LAS TAPIAS";"1973";"0.42";"4212";"Sistema Río Paraná";"Cuencadel Rio Carcarañá"
"LAS TAPIAS";"LAS TAPIAS";"LAS TAPIAS";"1974";"0.4";"4212";"Sistema Río Paraná";"Cuencadel Rio Carcarañá"
"LAS TAPIAS";"LAS TAPIAS";"LAS TAPIAS";"1975";"0.5";"4212";"Sistema Río Paraná";"Cuencadel Rio Carcarañá"
"LAS TAPIAS";"LAS TAPIAS";"LAS TAPIAS";"1976";"0.47";"4212";"Sistema Río Paraná";"Cuencadel Rio Carcarañá"
"LAS TAPIAS";"LAS TAPIAS";"LAS TAPIAS";"1977";"0.44";"4212";"Sistema Río Paraná";"Cuencadel Rio Carcarañá"
"LAS TAPIAS";"LAS TAPIAS";"LAS TAPIAS";"1978";"0.89";"4212";"Sistema Río Paraná";"Cuencadel Rio Carcarañá"
"LAS TAPIAS";"LAS TAPIAS";"LAS TAPIAS";"1979";"0.73";"4212";"Sistema Río Paraná";"Cuencadel Rio Carcarañá"
"LAS TAPIAS";"LAS TAPIAS";"LAS TAPIAS";"1980";"0.3";"4212";"Sistema Río Paraná";"Cuencadel Rio Carcarañá"
"LAS TAPIAS";"LAS TAPIAS";"LAS TAPIAS";"1981";"1.22";"4212";"Sistema Río Paraná";"Cuencadel Rio Carcarañá"
"LOS NOQUES";"LOS NOQUES";"PICHANAS";"1970";"1.39";"4213";"Sistema Var ias Cerradas";"Cuencas Varias de las Salinas Grandes"
"LOS NOQUES";"LOS NOQUES";"PICHANAS";"1971";"2.14";"4213";"Sistema Var ias Cerradas";"Cuencas Varias de las Salinas Grandes"
"LOS NOQUES";"LOS NOQUES";"PICHANAS";"1972";"1.45";"4213";"Sistema Var ias Cerradas";"Cuencas Varias de las Salinas Grandes"
"LOS NOQUES";"LOS NOQUES";"PICHANAS";"1973";"1.59";"4213";"Sistema Var ias Cerradas";"Cuencas Varias de las Salinas Grandes"
"LOS NOQUES";"LOS NOQUES";"PICHANAS";"1974";"1.63";"4213";"Sistema Var ias Cerradas";"Cuencas Varias de las Salinas Grandes"
"LOS NOQUES";"LOS NOQUES";"PICHANAS";"1975";"3.02";"4213";"Sistema Var ias Cerradas";"Cuencas Varias de las Salinas Grandes"
"LOS NOQUES";"LOS NOQUES";"PICHANAS";"1976";"1.48";"4213";"Sistema Var ias Cerradas";"Cuencas Varias de las Salinas Grandes"
"LOS NOQUES";"LOS NOQUES";"PICHANAS";"1977";"1.99";"4213";"Sistema Var ias Cerradas";"Cuencas Varias de las Salinas Grandes"
"LOS NOQUES";"LOS NOQUES";"PICHANAS";"1978";"3.81";"4213";"Sistema Var ias Cerradas";"Cuencas Varias de las Salinas Grandes"
"LOS NOQUES";"LOS NOQUES";"PICHANAS";"1979";"1.71";"4213";"Sistema Var ias Cerradas";"Cuencas Varias de las Salinas Grandes"
"LOS NOQUES";"LOS NOQUES";"PICHANAS";"1980";"2.54";"4213";"Sistema Var ias Cerradas";"Cuencas Varias de las Salinas Grandes"
"PIEDRA BLANCA";"PIEDRA BLANCA";"PIEDRA BLANCA";"1970";"0.71";"4214";"Sistema Río Paraná";"Cuencadel Rio Carcarañá"
"PIEDRA BLANCA";"PIEDRA BLANCA";"PIEDRA BLANCA";"1971";"1.00";"4214";"Sistema Río Paraná";"Cuencadel Rio Carcarañá"
"PIEDRA BLANCA";"PIEDRA BLANCA";"PIEDRA BLANCA";"1972";"2.1";"4214";"Sistema Río Paraná";"Cuencadel Rio Carcarañá"
"PIEDRA BLANCA";"PIEDRA BLANCA";"PIEDRA BLANCA";"1973";"1.58";"4214";"Sistema Río Paraná";"Cuencadel Rio Carcarañá"
"PIEDRA BLANCA";"PIEDRA BLANCA";"PIEDRA BLANCA";"1974";"1.84";"4214";"Sistema Río Paraná";"Cuencadel Rio Carcarañá"
"PIEDRA BLANCA";"PIEDRA BLANCA";"PIEDRA BLANCA";"1975";"1.48";"4214";"Sistema Río Paraná";"Cuencadel Rio Carcarañá"
"PIEDRA BLANCA";"PIEDRA BLANCA";"PIEDRA BLANCA";"1976";"1.28";"4214";"Sistema Río Paraná";"Cuencadel Rio Carcarañá"
"PIEDRA BLANCA";"PIEDRA BLANCA";"PIEDRA BLANCA";"1977";"1.8";"4214";"Sistema Río Paraná";"Cuencadel Rio Carcarañá"
"PIEDRA BLANCA";"PIEDRA BLANCA";"PIEDRA BLANCA";"1978";"3.1";"4214";"Sistema Río Paraná";"Cuencadel Rio Carcarañá"
"PIEDRA BLANCA";"PIEDRA BLANCA";"PIEDRA BLANCA";"1979";"5.29";"4214";"Sistema Río Paraná";"Cuencadel Rio Carcarañá"
"PIEDRA BLANCA";"PIEDRA BLANCA";"PIEDRA BLANCA";"1980";"4.38";"4214";"Sistema Río Paraná";"Cuencadel Rio Carcarañá"
"PIEDRA BLANCA";"PIEDRA BLANCA";"PIEDRA BLANCA";"1981";"6.19";"4214";"Sistema Río Paraná";"Cuencadel Rio Carcarañá"
"DIQUE SAN ROQUE";"DIQUE SAN ROQUE";"PRIMERO";"1970";"5.26";"4215";"Sistema Lag una Mar Chiquita";"Cuencade los Ríos Primero y Segundo"
"DIQUE SAN ROQUE";"DIQUE SAN ROQUE";"PRIMERO";"1971";"7.46";"4215";"Sistema Lag una Mar Chiquita";"Cuencade los Ríos Primero y Segundo"
"DIQUE SAN ROQUE";"DIQUE SAN ROQUE";"PRIMERO";"1972";"9.09";"4215";"Sistema Lag una Mar Chiquita";"Cuencade los Ríos Primero y Segundo"
"DIQUE SAN ROQUE";"DIQUE SAN ROQUE";"PRIMERO";"1973";"15.51";"4215";"Sistema Lag una Mar Chiquita";"Cuencade los Ríos Primero y Segundo"
"DIQUE SAN ROQUE";"DIQUE SAN ROQUE";"PRIMERO";"1974";"9.3";"4215";"Sistema Lag una Mar Chiquita";"Cuencade los Ríos Primero y Segundo"
"DIQUE SAN ROQUE";"DIQUE SAN ROQUE";"PRIMERO";"1975";"14.07";"4215";"Sistema Lag una Mar Chiquita";"Cuencade los Ríos Primero y Segundo"
"DIQUE SAN ROQUE";"DIQUE SAN ROQUE";"PRIMERO";"1976";"10.81";"4215";"Sistema Lag una Mar Chiquita";"Cuencade los Ríos Primero y Segundo"
"DIQUE SAN ROQUE";"DIQUE SAN ROQUE";"PRIMERO";"1977";"13.65";"4215";"Sistema Lag una Mar Chiquita";"Cuencade los Ríos Primero y Segundo"
"DIQUE SAN ROQUE";"DIQUE SAN ROQUE";"PRIMERO";"1978";"17.74";"4215";"Sistema Lag una Mar Chiquita";"Cuencade los Ríos Primero y Segundo"
"DIQUE SAN ROQUE";"DIQUE SAN ROQUE";"PRIMERO";"1979";"17.1";"4215";"Sistema Lag una Mar Chiquita";"Cuencade los Ríos Primero y Segundo"
"DIQUE SAN ROQUE";"DIQUE SAN ROQUE";"PRIMERO";"1980";"11.94";"4215";"Sistema Lag una Mar Chiquita";"Cuencade los Ríos Primero y Segundo"
"LAS TAPIAS";"LAS TAPIAS";"SAN BARTOLOME";"1970";"1.33";"4218";"Sistema Río Paraná";"Cuencadel Rio Carcarañá"
"LAS TAPIAS";"LAS TAPIAS";"SAN BARTOLOME";"1971";"1.12";"4218";"Sistema Río Paraná";"Cuencadel Rio Carcarañá"
"LAS TAPIAS";"LAS TAPIAS";"SAN BARTOLOME";"1972";"2.28";"4218";"Sistema Río Paraná";"Cuencadel Rio Carcarañá"
"LAS TAPIAS";"LAS TAPIAS";"SAN BARTOLOME";"1973";"1.82";"4218";"Sistema Río Paraná";"Cuencadel Rio Carcarañá"
"LAS TAPIAS";"LAS TAPIAS";"SAN BARTOLOME";"1974";"1.95";"4218";"Sistema Río Paraná";"Cuencadel Rio Carcarañá"
"LAS TAPIAS";"LAS TAPIAS";"SAN BARTOLOME";"1975";"1.66";"4218";"Sistema Río Paraná";"Cuencadel Rio Carcarañá"
"LAS TAPIAS";"LAS TAPIAS";"SAN BARTOLOME";"1976";"1.35";"4218";"Sistema Río Paraná";"Cuencadel Rio Carcarañá"
"LAS TAPIAS";"LAS TAPIAS";"SAN BARTOLOME";"1977";"1.46";"4218";"Sistema Río Paraná";"Cuencadel Rio Carcarañá"
"LAS TAPIAS";"LAS TAPIAS";"SAN BARTOLOME";"1978";"1.48";"4218";"Sistema Río Paraná";"Cuencadel Rio Carcarañá"
"LAS TAPIAS";"LAS TAPIAS";"SAN BARTOLOME";"1979";"2.55";"4218";"Sistema Río Paraná";"Cuencadel Rio Carcarañá"
"LAS TAPIAS";"LAS TAPIAS";"SAN BARTOLOME";"1980";"2.4";"4218";"Sistema Río Paraná";"Cuencadel Rio Carcarañá"
"LAS TAPIAS";"LAS TAPIAS";"SAN BARTOLOME";"1981";"5.21";"4218";"Sistema Río Paraná";"Cuencadel Rio Carcarañá"
"BEL VILLE";"BELL VILLE";"TERCERO";"1974";"15.76";"4223";"Sistema Río Paraná";"Cuencadel Rio Carcarañá"
"BEL VILLE";"BELL VILLE";"TERCERO";"1975";"22.77";"4223";"Sistema Río Paraná";"Cuencadel Rio Carcarañá"
"BEL VILLE";"BELL VILLE";"TERCERO";"1976";"11.68";"4223";"Sistema Río Paraná";"Cuencadel Rio Carcarañá"
"BEL VILLE";"BELL VILLE";"TERCERO";"1977";"30.73";"4223";"Sistema Río Paraná";"Cuencadel Rio Carcarañá"
"BEL VILLE";"BELL VILLE";"TERCERO";"1978";"48.66";"4223";"Sistema Río Paraná";"Cuencadel Rio Carcarañá"
"BEL VILLE";"BELL VILLE";"TERCERO";"1979";"39.98";"4223";"Sistema Río Paraná";"Cuencadel Rio Carcarañá"
"BEL VILLE";"BELL VILLE";"TERCERO";"1980";"32.4";"4223";"Sistema Río Paraná";"Cuencadel Rio Carcarañá"
"BEL VILLE";"BELL VILLE";"TERCERO";"1981";"50.62";"4223";"Sistema Río Paraná";"Cuencadel Rio Carcarañá"
"EMBALSE";"EMBALSE";"TERCERO";"1970";"16.39";"4300";"Sistema Río Paraná";"Cuencadel Rio Carcarañá"
"EMBALSE";"EMBALSE";"TERCERO";"1971";"15.87";"4300";"Sistema Río Paraná";"Cuencadel Rio Carcarañá"
"EMBALSE";"EMBALSE";"TERCERO";"1972";"20.89";"4300";"Sistema Río Paraná";"Cuencadel Rio Carcarañá"
"EMBALSE";"EMBALSE";"TERCERO";"1973";"28.93";"4300";"Sistema Río Paraná";"Cuencadel Rio Carcarañá"
"EMBALSE";"EMBALSE";"TERCERO";"1974";"20.1";"4300";"Sistema Río Paraná";"Cuencadel Rio Carcarañá"
"EMBALSE";"EMBALSE";"TERCERO";"1975";"25.1";"4300";"Sistema Río Paraná";"Cuencadel Rio Carcarañá"
"EMBALSE";"EMBALSE";"TERCERO";"1976";"21.17";"4300";"Sistema Río Paraná";"Cuencadel Rio Carcarañá"
"EMBALSE";"EMBALSE";"TERCERO";"1977";"27.12";"4300";"Sistema Río Paraná";"Cuencadel Rio Carcarañá"
"EMBALSE";"EMBALSE";"TERCERO";"1978";"43.37";"4300";"Sistema Río Paraná";"Cuencadel Rio Carcarañá"
"EMBALSE";"EMBALSE";"TERCERO";"1979";"63.7";"4300";"Sistema Río Paraná";"Cuencadel Rio Carcarañá"
"EMBALSE";"EMBALSE";"TERCERO";"1980";"33.07";"4300";"Sistema Río Paraná";"Cuencadel Rio Carcarañá"
"EMBALSE";"EMBALSE";"TERCERO";"1981";"40.69";"4300";"Sistema Río Paraná";"Cuencadel Rio Carcarañá"
"EMBALSE";"EMBALSE";"TERCERO";"1982";"21.07";"4300";"Sistema Río Paraná";"Cuencadel Rio Carcarañá"
"EMBALSE";"EMBALSE";"TERCERO";"1983";"29.8";"4300";"Sistema Río Paraná";"Cuencadel Rio Carcarañá"
"EMBALSE";"EMBALSE";"TERCERO";"1984";"8.52";"4300";"Sistema Río Paraná";"Cuencadel Rio Carcarañá"
"PIEDRAS MORAS";"PIEDRAS MORAS";"TERCERO";"1973";"22.45";"4301";"Sistema Río Paraná";"Cuencadel Rio Carcarañá"
"PIEDRAS MORAS";"PIEDRAS MORAS";"TERCERO";"1974";"16.56";"4301";"Sistema Río Paraná";"Cuencadel Rio Carcarañá"
"PIEDRAS MORAS";"PIEDRAS MORAS";"TERCERO";"1975";"24.15";"4301";"Sistema Río Paraná";"Cuencadel Rio Carcarañá"
"PIEDRAS MORAS";"PIEDRAS MORAS";"TERCERO";"1976";"11.92";"4301";"Sistema Río Paraná";"Cuencadel Rio Carcarañá"
"PIEDRAS MORAS";"PIEDRAS MORAS";"TERCERO";"1977";"33.13";"4301";"Sistema Río Paraná";"Cuencadel Rio Carcarañá"
"PIEDRAS MORAS";"PIEDRAS MORAS";"TERCERO";"1978";"49.54";"4301";"Sistema Río Paraná";"Cuencadel Rio Carcarañá"
"PIEDRAS MORAS";"PIEDRAS MORAS";"TERCERO";"1979";"63.46";"4301";"Sistema Río Paraná";"Cuencadel Rio Carcarañá"
"PIEDRAS MORAS";"PIEDRAS MORAS";"TERCERO";"1980";"35.08";"4301";"Sistema Río Paraná";"Cuencadel Rio Carcarañá"
"PIEDRAS MORAS";"PIEDRAS MORAS";"TERCERO";"1981";"53.34";"4301";"Sistema Río Paraná";"Cuencadel Rio Carcarañá"
"LA FLORIDA";"LA FLORIDA";"EL DURAZNO";"1980";"3.06";"4306";"Sistema Río Paraná";"Cuencadel Rio Carcarañá"
"LA FLORIDA";"LA FLORIDA";"EL DURAZNO";"1981";"7.3";"4306";"Sistema Río Paraná";"Cuencadel Rio Carcarañá"
"LA FLORIDA";"LA FLORIDA";"EL DURAZNO";"1982";"2.72";"4306";"Sistema Río Paraná";"Cuencadel Rio Carcarañá"
"LA FLORIDA";"LA FLORIDA";"EL DURAZNO";"1983";"4.91";"4306";"Sistema Río Paraná";"Cuencadel Rio Carcarañá"
"LA FLORIDA";"LA FLORIDA";"EL DURAZNO";"1984";"6.72";"4306";"Sistema Río Paraná";"Cuencadel Rio Carcarañá"