Dispatch data analysis OM;;;;;;;;;;;;;;;;;;;;
;;;;;;;;;;;;;;;;;;;;
;;Total;;520.690;2.594.151;5.523.826;6.794.515;0;15.433.182;271.610;692.625;1.326.879;1.569.686;0;FACTORES DE EMISION;;;;9.650.213;0,625
;;;;;;;;;;;;;;;2,34;3,17;1,95;2,70;Total de emisiones;Factor de emisión horario 
;;;;ENERGIA TERMICA POR TIPO QUE CUBRE 10%;;;;;;CONSUMO DE COMBUSTIBLES ASIGNADO A 10%;;;;;tCO2/ton;tCO2/ton;t CO2/dam3;tCO2/m3;;
;;;;MWh;MWh;MWh;MWh;MWh;MWh;ton;ton;dam3;m3;ton;EMISIONES (tCO2);;;; (tCO2);
FECHA;AÑO;mes;HORA;CM;FO;GN;GO;BD;Total;CM;FO;GN;GO;BD;CM;FO;GN;GO;;tCO2/MWh
01/01/2022;2022;1;1;19;332;0;1407;0;1757;13;105;0;291;0;30;334;0;784;1148;0,653
01/01/2022;2022;1;2;19;327;0;1400;0;1746;13;104;0;289;0;30;330;0;780;1139;0,652
01/01/2022;2022;1;3;19;323;9;1357;0;1708;13;103;5;280;0;30;327;9;754;1120;0,656
01/01/2022;2022;1;4;19;322;177;1245;0;1763;13;103;47;253;0;29;327;92;682;1130;0,641
01/01/2022;2022;1;5;19;324;177;1252;0;1771;12;103;48;255;0;29;328;93;688;1138;0,642
01/01/2022;2022;1;6;19;324;191;1253;0;1787;12;103;51;255;0;29;328;99;687;1143;0,640
01/01/2022;2022;1;7;19;323;0;1273;0;1614;13;103;0;254;0;29;326;0;684;1039;0,644
01/01/2022;2022;1;8;19;325;0;1286;0;1630;13;103;0;255;0;29;327;0;689;1046;0,642
01/01/2022;2022;1;9;19;325;0;1265;0;1609;12;103;0;249;0;29;327;0;672;1029;0,639
01/01/2022;2022;1;10;18;330;0;1229;0;1577;12;104;0;245;0;29;331;0;660;1020;0,647
01/01/2022;2022;1;11;18;324;298;960;0;1600;12;103;72;195;0;28;327;140;527;1022;0,639
01/01/2022;2022;1;12;18;326;666;671;0;1680;12;104;149;145;0;28;329;290;392;1038;0,618
01/01/2022;2022;1;13;17;325;1282;284;0;1908;12;103;278;67;0;27;327;541;181;1077;0,564
01/01/2022;2022;1;14;17;197;1198;289;0;1701;12;64;260;68;0;27;202;507;183;918;0,540
01/01/2022;2022;1;15;21;130;1193;310;0;1654;15;45;260;74;0;34;142;506;199;881;0,533
01/01/2022;2022;1;16;19;78;1213;320;0;1630;12;27;275;78;0;29;85;535;211;860;0,527
01/01/2022;2022;1;17;13;65;1238;319;0;1635;8;21;285;77;0;20;66;555;207;847;0,518
01/01/2022;2022;1;18;17;31;1277;320;0;1644;11;10;296;77;0;25;32;576;209;842;0,512
01/01/2022;2022;1;19;17;15;1253;343;0;1628;11;5;288;83;0;26;16;561;224;827;0,508
01/01/2022;2022;1;20;15;10;1228;300;0;1553;10;3;283;74;0;22;10;551;200;784;0,505
01/01/2022;2022;1;21;15;0;1300;234;0;1548;9;0;316;61;0;22;0;616;163;801;0,517
01/01/2022;2022;1;22;14;0;1752;164;0;1931;9;0;398;43;0;22;0;776;115;913;0,473
01/01/2022;2022;1;23;15;0;1765;98;0;1878;10;0;397;25;0;22;0;773;66;862;0,459
01/01/2022;2022;1;24;14;0;1816;62;0;1892;9;0;410;16;0;22;0;798;44;863;0,456
02/01/2022;2022;1;1;14;0;1495;54;0;1563;9;0;374;15;0;22;0;730;39;791;0,506
02/01/2022;2022;1;2;14;0;1694;47;0;1755;9;0;374;13;0;22;0;729;35;786;0,448
02/01/2022;2022;1;3;15;0;1662;42;0;1719;9;0;367;12;0;22;0;715;32;769;0,447
02/01/2022;2022;1;4;14;0;1583;44;0;1641;9;0;334;12;0;22;0;650;33;705;0,430
02/01/2022;2022;1;5;14;0;1598;44;0;1656;9;0;337;12;0;22;0;657;33;712;0,430
02/01/2022;2022;1;6;14;0;1551;43;0;1608;9;0;324;12;0;22;0;631;33;686;0,426
02/01/2022;2022;1;7;15;0;1284;41;0;1340;9;0;277;12;0;22;0;539;31;592;0,442
02/01/2022;2022;1;8;14;0;1389;35;0;1438;9;0;295;11;0;22;0;575;30;626;0,436
02/01/2022;2022;1;9;14;0;1309;34;0;1357;9;0;299;11;0;21;0;582;31;634;0,467
02/01/2022;2022;1;10;14;0;1595;23;0;1632;9;0;347;6;0;21;0;677;17;715;0,438
02/01/2022;2022;1;11;15;0;1597;25;0;1637;9;0;340;7;0;22;0;663;19;704;0,430
02/01/2022;2022;1;12;15;0;1608;32;0;1655;9;0;346;9;0;22;0;673;24;719;0,435
02/01/2022;2022;1;13;14;0;1751;46;0;1811;9;0;371;13;0;21;0;723;34;778;0,430
02/01/2022;2022;1;14;14;0;1948;66;0;2028;9;0;415;18;0;21;0;809;48;879;0,433
02/01/2022;2022;1;15;14;0;2056;85;0;2156;9;0;437;23;0;21;0;851;63;935;0,434
02/01/2022;2022;1;16;14;0;2006;103;0;2123;9;0;416;28;0;21;0;810;76;908;0,427
02/01/2022;2022;1;17;14;0;2036;93;0;2143;9;0;430;26;0;21;0;837;69;927;0,433
02/01/2022;2022;1;18;14;0;1739;77;0;1830;9;0;415;21;0;21;0;809;57;887;0,485
02/01/2022;2022;1;19;15;0;2019;72;0;2105;9;0;461;20;0;22;0;898;53;973;0,462
02/01/2022;2022;1;20;15;0;1803;67;0;1885;9;0;412;18;0;22;0;803;50;874;0,464
02/01/2022;2022;1;21;15;0;1833;74;0;1922;10;0;415;19;0;23;0;809;52;883;0,459
02/01/2022;2022;1;22;15;0;1845;81;0;1941;10;0;416;23;0;23;0;811;61;895;0,461
02/01/2022;2022;1;23;15;0;1880;71;0;1966;10;0;431;20;0;23;0;839;54;916;0,466
02/01/2022;2022;1;24;14;0;1984;37;0;2035;9;0;448;12;0;21;0;873;32;926;0,455
03/01/2022;2022;1;1;16;304;1518;47;0;1885;10;75;402;13;0;24;237;783;35;1078;0,572
03/01/2022;2022;1;2;16;287;1457;50;0;1811;10;71;378;14;0;24;226;737;37;1023;0,565
03/01/2022;2022;1;3;16;186;1495;51;0;1748;10;50;389;14;0;24;157;757;37;975;0,558
03/01/2022;2022;1;4;16;184;1436;46;0;1683;11;49;366;13;0;25;156;712;34;927;0,551
03/01/2022;2022;1;5;15;185;1136;279;0;1616;10;49;250;56;0;23;157;487;150;817;0,506
03/01/2022;2022;1;6;15;185;1106;300;0;1606;10;49;235;59;0;23;157;458;160;798;0,497
03/01/2022;2022;1;7;15;211;1006;473;0;1705;10;57;217;99;0;23;180;422;267;891;0,523
03/01/2022;2022;1;8;15;212;1003;468;0;1698;10;57;222;98;0;23;181;432;264;899;0,530
03/01/2022;2022;1;9;20;222;1101;476;0;1820;13;60;253;101;0;30;189;494;273;986;0,542
03/01/2022;2022;1;10;41;248;1185;522;0;1996;29;67;264;121;0;67;211;514;326;1118;0,560
03/01/2022;2022;1;11;27;345;858;843;0;2073;18;90;222;201;0;42;285;432;542;1301;0,628
03/01/2022;2022;1;12;25;396;639;1245;0;2305;17;102;178;294;0;40;322;347;793;1502;0,652
03/01/2022;2022;1;13;25;560;4;1764;0;2352;17;136;1;436;0;39;430;2;1176;1647;0,700
03/01/2022;2022;1;14;24;691;6;1733;0;2453;16;163;7;455;0;38;518;13;1227;1796;0,732
03/01/2022;2022;1;15;24;709;8;1959;0;2699;15;169;9;520;0;36;535;18;1402;1991;0,738
03/01/2022;2022;1;16;4;716;4;2023;0;2747;3;170;1;539;0;7;539;2;1454;2001;0,728
03/01/2022;2022;1;17;6;717;4;1750;0;2478;4;170;1;481;0;9;540;2;1297;1849;0,746
03/01/2022;2022;1;18;6;720;4;1667;0;2397;4;171;1;453;0;9;541;2;1221;1774;0,740
03/01/2022;2022;1;19;25;696;4;1811;0;2536;15;166;1;464;0;36;527;2;1252;1817;0,717
03/01/2022;2022;1;20;25;623;4;1515;0;2167;16;151;1;386;0;36;479;2;1042;1560;0,720
03/01/2022;2022;1;21;25;526;8;1731;0;2289;15;133;4;428;0;36;422;7;1155;1620;0,708
03/01/2022;2022;1;22;6;647;4;1734;0;2391;4;160;1;421;0;9;507;2;1134;1652;0,691
03/01/2022;2022;1;23;6;753;4;1731;0;2494;4;181;1;419;0;9;575;2;1129;1715;0,688
03/01/2022;2022;1;24;6;787;4;1684;0;2480;4;188;1;406;0;9;597;2;1095;1702;0,686
04/01/2022;2022;1;1;6;656;12;1527;0;2201;4;165;7;367;0;9;525;14;989;1537;0,698
04/01/2022;2022;1;2;26;489;11;1593;0;2119;17;135;7;363;0;39;429;13;980;1460;0,689
04/01/2022;2022;1;3;26;450;13;1673;0;2162;17;128;8;363;0;39;407;16;978;1439;0,665
04/01/2022;2022;1;4;27;491;9;1460;0;1987;17;141;3;313;0;39;447;7;843;1336;0,672
04/01/2022;2022;1;5;27;483;9;1410;0;1929;17;139;3;326;0;40;441;7;880;1367;0,709
04/01/2022;2022;1;6;27;496;9;1272;0;1804;17;142;3;293;0;39;450;7;789;1285;0,712
04/01/2022;2022;1;7;27;505;9;1179;0;1720;17;146;3;265;0;40;462;7;714;1223;0,711
04/01/2022;2022;1;8;28;496;9;1310;0;1843;17;144;3;275;0;41;455;7;743;1245;0,676
04/01/2022;2022;1;9;28;494;9;1298;0;1828;17;143;3;273;0;40;454;7;736;1237;0,677
04/01/2022;2022;1;10;28;495;9;1407;0;1939;17;143;3;308;0;41;455;7;831;1333;0,687
04/01/2022;2022;1;11;27;498;10;1584;0;2118;17;144;7;339;0;40;457;13;915;1424;0,672
04/01/2022;2022;1;12;28;499;9;1519;0;2054;17;144;7;324;0;40;458;13;874;1385;0,674
04/01/2022;2022;1;13;22;552;10;1617;0;2201;14;164;6;350;0;34;521;12;945;1511;0,687
04/01/2022;2022;1;14;17;783;9;1370;0;2178;11;197;3;301;0;26;626;7;813;1471;0,675
04/01/2022;2022;1;15;16;809;9;1421;0;2256;11;201;3;316;0;25;639;7;852;1522;0,675
04/01/2022;2022;1;16;16;809;9;1467;0;2301;11;201;3;328;0;25;639;7;884;1554;0,675
04/01/2022;2022;1;17;16;797;9;1483;0;2305;11;200;3;332;0;25;633;7;895;1559;0,677
04/01/2022;2022;1;18;16;757;9;1431;0;2214;11;191;3;317;0;25;606;7;855;1493;0,674
04/01/2022;2022;1;19;17;490;9;1626;0;2142;11;134;4;354;0;26;425;7;956;1414;0,660
04/01/2022;2022;1;20;17;466;9;1524;0;2016;12;128;4;330;0;27;406;7;891;1331;0,660
04/01/2022;2022;1;21;17;468;9;1569;0;2064;12;129;4;338;0;27;409;7;912;1355;0,656
04/01/2022;2022;1;22;18;475;9;1429;0;1931;12;131;4;309;0;28;416;7;834;1284;0,665
04/01/2022;2022;1;23;19;479;12;1410;0;1920;12;132;8;304;0;29;418;16;820;1283;0,668
04/01/2022;2022;1;24;19;451;10;1401;0;1881;13;126;8;301;0;29;400;17;811;1257;0,668
05/01/2022;2022;1;1;20;350;12;1407;0;1789;13;104;5;303;0;31;329;10;817;1186;0,663
05/01/2022;2022;1;2;20;292;9;1394;0;1715;13;91;4;299;0;31;287;7;806;1132;0,660
05/01/2022;2022;1;3;20;291;9;1346;0;1666;13;90;4;289;0;31;286;7;780;1104;0,663
05/01/2022;2022;1;4;20;293;9;1335;0;1657;13;91;4;286;0;31;288;7;772;1098;0,663
05/01/2022;2022;1;5;20;293;9;1393;0;1715;13;91;4;297;0;31;288;7;801;1128;0,658
05/01/2022;2022;1;6;20;294;9;1342;0;1665;13;91;4;285;0;31;289;7;770;1097;0,659
05/01/2022;2022;1;7;20;293;9;1140;0;1462;14;91;4;245;0;32;288;7;662;988;0,676
05/01/2022;2022;1;8;21;295;9;1361;0;1685;14;91;4;290;0;32;289;7;783;1111;0,659
05/01/2022;2022;1;9;24;293;9;1317;0;1643;15;91;5;281;0;36;289;10;757;1091;0,664
05/01/2022;2022;1;10;30;305;9;1342;0;1685;19;94;4;286;0;44;299;7;772;1121;0,665
05/01/2022;2022;1;11;298;303;9;1351;0;1960;156;94;4;289;0;363;297;7;780;1447;0,738
05/01/2022;2022;1;12;295;323;9;1351;0;1979;156;100;4;288;0;364;317;7;776;1464;0,740
05/01/2022;2022;1;13;294;331;188;1129;0;1942;155;102;47;245;0;361;325;91;661;1439;0,741
05/01/2022;2022;1;14;297;355;193;1169;0;2014;156;110;51;258;0;364;349;99;696;1508;0,749
05/01/2022;2022;1;15;299;371;191;1208;0;2069;157;113;50;268;0;367;359;98;724;1547;0,748
05/01/2022;2022;1;16;299;351;189;1229;0;2069;157;109;52;274;0;367;346;102;740;1555;0,752
05/01/2022;2022;1;17;300;343;189;1225;0;2057;157;107;50;273;0;367;341;97;737;1542;0,750
05/01/2022;2022;1;18;299;343;189;1179;0;2010;157;107;50;259;0;367;341;97;700;1504;0,748
05/01/2022;2022;1;19;297;340;9;1173;0;1819;157;107;4;253;0;368;339;7;681;1395;0,767
05/01/2022;2022;1;20;297;347;13;1176;0;1833;156;108;7;253;0;365;343;14;682;1404;0,766
05/01/2022;2022;1;21;300;348;9;1168;0;1824;157;108;4;251;0;367;344;7;677;1395;0,765
05/01/2022;2022;1;22;304;350;17;1149;0;1821;160;109;9;248;0;373;347;17;669;1405;0,772
05/01/2022;2022;1;23;291;357;21;1141;0;1810;153;111;23;246;0;357;352;44;662;1416;0,782
05/01/2022;2022;1;24;285;345;9;1124;0;1763;151;109;4;241;0;352;344;7;650;1352;0,767
06/01/2022;2022;1;1;281;252;70;1016;0;1619;147;78;14;221;0;344;248;26;597;1215;0,751
06/01/2022;2022;1;2;256;174;197;1012;0;1640;136;54;46;219;0;319;171;90;589;1169;0,713
06/01/2022;2022;1;3;153;87;407;1009;0;1656;85;29;94;217;0;199;91;182;585;1058;0,638
06/01/2022;2022;1;4;154;90;219;1011;0;1473;86;30;54;217;0;200;94;106;585;985;0,668
06/01/2022;2022;1;5;155;90;223;978;0;1446;86;30;55;209;0;200;94;107;565;966;0,668
06/01/2022;2022;1;6;154;90;221;987;0;1452;86;30;54;211;0;200;94;106;569;969;0,668
06/01/2022;2022;1;7;156;90;220;991;0;1457;86;30;55;212;0;202;94;106;571;973;0,668
06/01/2022;2022;1;8;160;90;240;1011;0;1500;88;29;69;217;0;206;94;135;585;1019;0,680
06/01/2022;2022;1;9;216;99;332;994;0;1642;115;32;77;212;0;270;100;150;573;1092;0,665
06/01/2022;2022;1;10;268;111;234;1007;0;1620;142;34;55;218;0;331;108;107;587;1133;0,699
06/01/2022;2022;1;11;284;112;221;1064;0;1681;148;34;68;231;0;344;109;133;623;1210;0,720
06/01/2022;2022;1;12;277;114;204;1141;0;1736;145;37;51;248;0;339;118;100;669;1225;0,706
06/01/2022;2022;1;13;276;114;352;1159;0;1901;145;37;86;253;0;339;118;168;681;1306;0,687
06/01/2022;2022;1;14;272;120;366;1193;0;1951;145;38;86;261;0;339;122;168;705;1334;0,684
06/01/2022;2022;1;15;267;121;374;1209;0;1970;142;38;88;265;0;332;122;172;716;1342;0,681
06/01/2022;2022;1;16;268;121;374;1242;0;2004;142;38;93;273;0;332;122;182;736;1371;0,684
06/01/2022;2022;1;17;271;121;362;1268;0;2022;142;38;83;279;0;332;122;162;753;1368;0,677
06/01/2022;2022;1;18;273;121;198;1331;0;1922;144;38;44;297;0;337;122;86;801;1346;0,700
06/01/2022;2022;1;19;273;121;214;1266;0;1874;144;39;61;283;0;337;123;118;764;1342;0,716
06/01/2022;2022;1;20;272;121;204;1207;0;1803;144;39;51;263;0;337;122;99;708;1266;0,702
06/01/2022;2022;1;21;276;121;288;1186;0;1870;144;39;77;260;0;337;122;150;701;1311;0,701
06/01/2022;2022;1;22;284;121;369;1164;0;1938;149;39;96;258;0;349;122;186;696;1353;0,698
06/01/2022;2022;1;23;279;121;355;1145;0;1900;147;39;95;253;0;342;122;186;683;1334;0,702
06/01/2022;2022;1;24;279;120;335;1148;0;1882;147;39;76;250;0;344;122;147;673;1287;0,684
07/01/2022;2022;1;1;280;116;287;1005;0;1689;148;38;71;216;0;346;119;139;582;1186;0,702
07/01/2022;2022;1;2;278;207;305;875;0;1665;148;59;75;186;0;345;187;146;501;1179;0,708
07/01/2022;2022;1;3;278;207;248;862;0;1596;148;59;61;182;0;346;188;119;491;1144;0,717
07/01/2022;2022;1;4;283;204;246;852;0;1585;149;59;73;180;0;348;186;143;485;1162;0,733
07/01/2022;2022;1;5;287;206;245;852;0;1591;150;59;61;180;0;350;187;118;485;1141;0,717
07/01/2022;2022;1;6;288;207;107;851;0;1453;151;59;30;179;0;353;187;58;482;1081;0,744
07/01/2022;2022;1;7;285;205;113;855;0;1458;150;59;39;177;0;350;186;76;477;1089;0,747
07/01/2022;2022;1;8;287;208;110;867;0;1472;150;59;35;181;0;351;188;67;488;1094;0,743
07/01/2022;2022;1;9;288;207;248;862;0;1604;151;59;62;181;0;352;187;121;488;1149;0,716
07/01/2022;2022;1;10;287;208;251;947;0;1693;151;59;71;199;0;352;188;138;537;1214;0,717
07/01/2022;2022;1;11;285;208;136;1106;0;1736;150;59;57;234;0;349;188;111;631;1280;0,737
07/01/2022;2022;1;12;283;205;246;1118;0;1852;149;59;62;237;0;349;186;121;640;1296;0,700
07/01/2022;2022;1;13;286;204;305;1148;0;1944;149;59;78;245;0;349;186;152;661;1348;0,693
07/01/2022;2022;1;14;285;207;510;1174;0;2176;149;59;114;252;0;349;187;221;680;1438;0,661
07/01/2022;2022;1;15;288;283;317;1219;0;2107;151;74;78;265;0;354;236;152;715;1456;0,691
07/01/2022;2022;1;16;286;336;319;1243;0;2185;150;86;84;271;0;351;273;164;731;1520;0,696
07/01/2022;2022;1;17;285;338;314;1241;0;2178;149;87;74;271;0;348;275;145;731;1499;0,688
07/01/2022;2022;1;18;282;337;312;1218;0;2150;148;86;74;265;0;345;274;144;715;1478;0,687
07/01/2022;2022;1;19;283;337;126;1207;0;1954;149;87;40;261;0;348;275;77;704;1404;0,719
07/01/2022;2022;1;20;282;333;122;1146;0;1882;149;86;41;248;0;347;272;81;669;1369;0,727
07/01/2022;2022;1;21;282;235;529;1018;0;2063;147;65;151;222;0;344;205;293;599;1442;0,699
07/01/2022;2022;1;22;282;202;519;1036;0;2039;149;58;119;224;0;347;185;233;605;1370;0,672
07/01/2022;2022;1;23;277;203;547;998;0;2025;145;59;138;217;0;339;186;268;586;1379;0,681
07/01/2022;2022;1;24;282;197;522;968;0;1970;149;56;120;210;0;347;179;234;567;1327;0,673
08/01/2022;2022;1;1;276;202;440;935;0;1852;146;62;108;206;0;341;195;210;555;1302;0,703
08/01/2022;2022;1;2;277;179;392;926;0;1775;146;55;102;204;0;341;174;198;549;1263;0,711
08/01/2022;2022;1;3;277;143;590;925;0;1935;146;44;138;203;0;342;140;268;547;1297;0,670
08/01/2022;2022;1;4;225;120;381;923;0;1649;120;39;104;202;0;281;124;202;546;1152;0,699
08/01/2022;2022;1;5;209;118;363;871;0;1562;112;39;99;200;0;262;122;193;539;1116;0,715
08/01/2022;2022;1;6;194;119;729;769;0;1811;106;39;168;189;0;247;123;327;510;1207;0,667
08/01/2022;2022;1;7;161;125;515;636;0;1438;91;40;126;142;0;212;127;246;384;969;0,674
08/01/2022;2022;1;8;164;123;649;570;0;1506;91;40;156;123;0;213;126;304;331;974;0,646
08/01/2022;2022;1;9;166;123;650;571;0;1510;92;40;156;123;0;215;126;305;332;977;0,647
08/01/2022;2022;1;10;162;125;825;565;0;1678;91;40;198;125;0;212;127;385;338;1063;0,634
08/01/2022;2022;1;11;255;125;817;560;0;1757;134;40;192;126;0;313;127;375;340;1155;0,657
08/01/2022;2022;1;12;280;134;721;569;0;1704;147;42;183;128;0;343;133;357;347;1180;0,692
08/01/2022;2022;1;13;280;256;713;597;0;1846;147;75;183;136;0;343;239;356;366;1304;0,706
08/01/2022;2022;1;14;277;255;719;622;0;1874;147;75;190;143;0;343;238;370;387;1338;0,714
08/01/2022;2022;1;15;277;254;890;679;0;2100;147;75;213;159;0;343;237;415;428;1423;0,678
08/01/2022;2022;1;16;281;266;887;694;0;2128;148;78;214;162;0;346;247;416;437;1445;0,679
08/01/2022;2022;1;17;281;264;885;682;0;2113;148;77;212;159;0;346;245;414;429;1433;0,679
08/01/2022;2022;1;18;278;265;890;666;0;2099;148;78;216;154;0;346;246;421;416;1430;0,681
08/01/2022;2022;1;19;275;240;849;646;0;2010;146;72;206;149;0;340;227;400;401;1368;0,681
08/01/2022;2022;1;20;276;241;676;638;0;1831;146;72;185;146;0;341;228;360;395;1323;0,722
08/01/2022;2022;1;21;278;243;683;639;0;1843;147;73;180;147;0;342;231;351;396;1320;0,716
08/01/2022;2022;1;22;278;253;849;641;0;2020;146;77;217;148;0;340;243;424;398;1405;0,695
08/01/2022;2022;1;23;276;254;695;642;0;1867;146;77;187;148;0;341;243;365;399;1347;0,722
08/01/2022;2022;1;24;273;249;684;624;0;1830;145;75;183;143;0;338;237;356;386;1316;0,719
09/01/2022;2022;1;1;271;255;526;724;0;1777;144;80;133;157;0;335;252;259;425;1272;0,716
09/01/2022;2022;1;2;270;256;377;769;0;1671;142;80;100;166;0;333;253;195;447;1227;0,735
09/01/2022;2022;1;3;272;242;520;634;0;1668;144;75;132;138;0;336;239;257;371;1202;0,721
09/01/2022;2022;1;4;275;244;523;571;0;1613;144;75;132;124;0;337;239;258;335;1169;0,725
09/01/2022;2022;1;5;273;225;528;574;0;1600;144;71;136;124;0;337;226;264;335;1162;0,726
09/01/2022;2022;1;6;195;218;568;603;0;1584;107;70;152;129;0;249;221;295;349;1114;0,703
09/01/2022;2022;1;7;161;215;613;619;0;1608;89;69;148;135;0;209;219;289;365;1083;0,673
09/01/2022;2022;1;8;161;217;397;639;0;1415;90;70;106;144;0;210;221;207;389;1027;0,726
09/01/2022;2022;1;9;161;215;614;675;0;1665;90;69;149;160;0;210;219;290;432;1151;0,691
09/01/2022;2022;1;10;160;223;397;734;0;1515;89;71;106;164;0;209;225;207;442;1083;0,715
09/01/2022;2022;1;11;160;218;392;827;0;1597;89;70;106;178;0;208;221;207;480;1116;0,699
09/01/2022;2022;1;12;168;220;395;835;0;1618;93;70;110;185;0;218;223;214;500;1154;0,713
09/01/2022;2022;1;13;271;220;375;952;0;1818;144;70;99;203;0;336;223;193;549;1301;0,715
09/01/2022;2022;1;14;278;236;233;1117;0;1864;146;74;72;240;0;342;233;141;646;1363;0,731
09/01/2022;2022;1;15;285;336;232;1139;0;1992;151;97;71;246;0;352;307;138;662;1459;0,733
09/01/2022;2022;1;16;292;393;79;1186;0;1950;154;111;29;258;0;360;353;56;695;1464;0,751
09/01/2022;2022;1;17;283;396;106;1169;0;1954;150;113;45;257;0;351;357;88;694;1490;0,762
09/01/2022;2022;1;18;282;387;227;1131;0;2028;150;111;70;246;0;351;351;136;664;1502;0,741
09/01/2022;2022;1;19;286;389;85;1091;0;1850;151;111;33;236;0;352;353;65;635;1405;0,759
09/01/2022;2022;1;20;286;387;85;1082;0;1841;151;111;37;233;0;353;352;72;629;1406;0,764
09/01/2022;2022;1;21;285;387;79;1130;0;1881;151;111;29;242;0;353;352;57;654;1415;0,752
09/01/2022;2022;1;22;277;386;248;1108;0;2019;146;111;83;237;0;340;352;162;640;1493;0,740
09/01/2022;2022;1;23;275;385;238;1120;0;2018;145;111;75;240;0;338;351;146;647;1481;0,734
09/01/2022;2022;1;24;273;383;248;1125;0;2029;145;110;81;241;0;337;350;157;651;1496;0,737
10/01/2022;2022;1;1;265;383;6;1332;0;1986;140;104;5;276;0;327;329;10;745;1411;0,711
10/01/2022;2022;1;2;16;380;6;1524;0;1926;12;102;3;321;0;28;324;6;865;1223;0,635
10/01/2022;2022;1;3;16;378;6;1676;0;2075;12;102;3;349;0;28;323;5;940;1296;0,625
10/01/2022;2022;1;4;16;380;6;1570;0;1972;12;106;3;329;0;28;335;5;888;1256;0,637
10/01/2022;2022;1;5;15;331;6;1476;0;1827;11;95;3;313;0;26;301;5;845;1178;0,644
10/01/2022;2022;1;6;14;345;5;1411;0;1776;11;101;3;299;0;25;319;5;807;1157;0,651
10/01/2022;2022;1;7;15;364;5;1226;0;1611;11;104;3;265;0;26;328;5;714;1074;0,667
10/01/2022;2022;1;8;15;367;6;1325;0;1712;11;104;3;295;0;26;330;5;795;1156;0,675
10/01/2022;2022;1;9;15;404;6;1511;0;1936;11;112;3;322;0;26;356;6;869;1257;0,649
10/01/2022;2022;1;10;15;792;13;1103;0;1924;11;196;14;239;0;27;620;27;645;1319;0,685
10/01/2022;2022;1;11;14;938;11;1146;0;2109;11;229;12;252;0;25;727;22;679;1453;0,689
10/01/2022;2022;1;12;14;948;57;1263;0;2281;10;232;16;282;0;24;735;30;760;1549;0,679
10/01/2022;2022;1;13;14;1045;7;1547;0;2613;10;261;14;356;0;24;829;27;959;1839;0,704
10/01/2022;2022;1;14;15;1193;7;1305;0;2520;11;302;5;341;0;26;957;11;921;1914;0,760
10/01/2022;2022;1;15;23;1254;7;1319;0;2602;16;318;4;378;0;37;1007;8;1020;2073;0,797
10/01/2022;2022;1;16;25;1267;6;1275;0;2574;17;321;3;361;0;40;1020;6;974;2038;0,792
10/01/2022;2022;1;17;29;1268;6;1278;0;2581;20;321;3;362;0;47;1017;6;975;2044;0,792
10/01/2022;2022;1;18;28;1269;10;1408;0;2714;19;321;6;370;0;45;1019;12;999;2074;0,764
10/01/2022;2022;1;19;25;1276;11;1053;0;2365;17;323;7;270;0;41;1026;14;727;1808;0,765
10/01/2022;2022;1;20;22;1270;6;952;0;2250;16;322;3;243;0;37;1023;6;655;1720;0,764
10/01/2022;2022;1;21;14;1260;5;1276;0;2556;10;320;2;306;0;24;1015;5;825;1869;0,731
10/01/2022;2022;1;22;12;1251;4;1314;0;2581;9;318;2;317;0;20;1008;4;855;1888;0,731
10/01/2022;2022;1;23;12;1240;4;1275;0;2532;9;316;2;310;0;20;1001;4;837;1863;0,736
10/01/2022;2022;1;24;12;1229;4;1238;0;2483;9;314;2;300;0;20;995;4;809;1829;0,737
11/01/2022;2022;1;1;11;1086;24;1390;0;2512;8;291;9;327;0;19;923;18;881;1841;0,733
11/01/2022;2022;1;2;10;936;8;1157;0;2111;7;258;4;279;0;17;817;7;754;1595;0,756
11/01/2022;2022;1;3;12;601;8;1583;0;2203;8;178;3;358;0;20;565;6;966;1556;0,706
11/01/2022;2022;1;4;11;534;7;1639;0;2192;8;163;3;353;0;19;518;6;953;1496;0,682
11/01/2022;2022;1;5;11;524;9;1379;0;1923;8;161;7;303;0;19;511;13;817;1360;0,707
11/01/2022;2022;1;6;11;525;7;1342;0;1885;8;161;3;295;0;18;512;6;797;1333;0,707
11/01/2022;2022;1;7;11;530;8;1527;0;2076;8;163;7;335;0;18;516;14;904;1452;0,699
11/01/2022;2022;1;8;11;535;7;1308;0;1861;8;164;3;288;0;18;520;6;777;1321;0,710
11/01/2022;2022;1;9;11;793;14;1395;0;2212;8;221;17;307;0;18;703;34;828;1582;0,715
11/01/2022;2022;1;10;11;1092;8;1155;0;2266;8;291;4;256;0;18;924;8;691;1641;0,724
11/01/2022;2022;1;11;11;1168;13;1238;0;2430;8;307;12;283;0;18;972;23;764;1778;0,732
11/01/2022;2022;1;12;10;1211;24;1325;0;2571;8;318;8;329;0;18;1008;15;887;1928;0,750
11/01/2022;2022;1;13;10;1158;8;1422;0;2599;8;307;3;395;0;18;974;7;1065;2063;0,794
11/01/2022;2022;1;14;15;997;9;1561;0;2582;10;265;4;443;0;24;841;7;1194;2067;0,800
11/01/2022;2022;1;15;18;801;6;1710;0;2536;12;208;3;472;0;29;661;6;1274;1969;0,777
11/01/2022;2022;1;16;18;833;9;1779;0;2640;13;215;6;487;0;29;681;12;1315;2037;0,772
11/01/2022;2022;1;17;19;838;6;1859;0;2722;13;216;3;510;0;30;685;6;1377;2097;0,770
11/01/2022;2022;1;18;19;825;9;1801;0;2654;13;212;25;495;0;30;674;49;1335;2088;0,787
11/01/2022;2022;1;19;18;772;18;1786;0;2594;13;200;26;489;0;29;636;51;1318;2033;0,784
11/01/2022;2022;1;20;19;776;7;1503;0;2304;13;201;5;428;0;30;639;9;1154;1831;0,795
11/01/2022;2022;1;21;19;799;6;1753;0;2576;13;208;3;485;0;30;659;5;1307;2001;0,777
11/01/2022;2022;1;22;19;800;6;1634;0;2459;13;208;3;462;0;30;660;5;1245;1941;0,789
11/01/2022;2022;1;23;19;767;11;1560;0;2357;13;201;17;449;0;30;639;32;1211;1912;0,811
11/01/2022;2022;1;24;19;772;5;1542;0;2339;13;202;3;442;0;31;642;5;1192;1869;0,799
12/01/2022;2022;1;1;19;801;8;1654;0;2482;13;217;6;450;0;31;687;12;1213;1942;0,782
12/01/2022;2022;1;2;19;663;6;1448;0;2137;13;189;4;374;0;31;600;7;1008;1646;0,770
12/01/2022;2022;1;3;19;779;6;1273;0;2077;13;220;3;306;0;30;699;5;827;1561;0,752
12/01/2022;2022;1;4;19;798;6;1399;0;2222;13;226;3;323;0;30;718;5;871;1624;0,731
12/01/2022;2022;1;5;19;814;6;1226;0;2066;13;231;3;276;0;30;734;5;744;1514;0,733
12/01/2022;2022;1;6;19;820;6;1187;0;2032;13;233;3;265;0;31;739;5;715;1490;0,733
12/01/2022;2022;1;7;19;783;6;1073;0;1881;13;223;3;244;0;31;707;5;658;1401;0,745
12/01/2022;2022;1;8;20;795;13;1144;0;1972;13;225;11;256;0;31;714;22;691;1458;0,739
12/01/2022;2022;1;9;19;836;6;1310;0;2171;13;234;3;307;0;30;742;5;829;1607;0,740
12/01/2022;2022;1;10;19;1027;8;1187;0;2241;13;273;5;292;0;31;866;10;789;1695;0,756
12/01/2022;2022;1;11;19;1104;6;1275;0;2404;13;289;3;333;0;31;916;5;897;1849;0,769
12/01/2022;2022;1;12;19;1128;6;1137;0;2290;13;300;3;320;0;30;952;5;862;1850;0,808
12/01/2022;2022;1;13;19;1151;9;1242;0;2421;13;303;7;354;0;30;961;14;954;1960;0,810
12/01/2022;2022;1;14;19;1154;6;1348;0;2526;13;304;3;382;0;30;964;5;1030;2030;0,803
12/01/2022;2022;1;15;19;1137;20;1650;0;2826;13;297;20;452;0;30;943;39;1218;2230;0,789
12/01/2022;2022;1;16;19;1142;6;1427;0;2594;13;298;3;407;0;31;947;5;1098;2080;0,802
12/01/2022;2022;1;17;19;1128;8;1406;0;2562;13;295;7;401;0;31;937;14;1081;2062;0,805
12/01/2022;2022;1;18;19;1112;6;1349;0;2486;13;292;3;391;0;30;927;5;1053;2016;0,811
12/01/2022;2022;1;19;19;1065;6;1243;0;2334;13;282;3;359;0;31;896;5;968;1901;0,814
12/01/2022;2022;1;20;19;918;6;1276;0;2219;13;252;3;357;0;31;800;5;964;1801;0,811
12/01/2022;2022;1;21;19;899;9;1439;0;2366;13;249;7;390;0;31;790;14;1051;1885;0,796
12/01/2022;2022;1;22;20;964;3;1468;0;2454;13;263;1;372;0;31;835;2;1004;1873;0,763
12/01/2022;2022;1;23;19;968;3;1492;0;2482;13;260;1;376;0;31;825;2;1015;1873;0,755
12/01/2022;2022;1;24;20;962;25;1359;0;2365;13;255;24;347;0;31;809;46;937;1823;0,771
13/01/2022;2022;1;1;20;979;27;1216;0;2242;13;262;12;322;0;31;831;23;868;1753;0,782
13/01/2022;2022;1;2;20;967;27;1402;0;2416;13;261;12;347;0;31;829;23;935;1817;0,752
13/01/2022;2022;1;3;19;894;37;1067;0;2018;13;246;21;275;0;31;780;41;741;1593;0,790
13/01/2022;2022;1;4;19;902;32;1002;0;1955;13;251;14;252;0;31;796;27;680;1534;0,784
13/01/2022;2022;1;5;20;895;33;939;0;1887;13;250;14;235;0;31;794;28;634;1488;0,788
13/01/2022;2022;1;6;20;890;33;876;0;1819;13;249;14;224;0;31;789;28;605;1453;0,799
13/01/2022;2022;1;7;20;866;34;845;0;1764;13;244;14;214;0;31;775;28;577;1412;0,801
13/01/2022;2022;1;8;20;886;34;910;0;1849;13;249;19;228;0;31;790;38;616;1476;0,798
13/01/2022;2022;1;9;20;914;35;945;0;1914;13;255;18;239;0;31;809;35;645;1520;0,794
13/01/2022;2022;1;10;20;925;33;1182;0;2159;14;257;15;290;0;32;816;29;784;1661;0,769
13/01/2022;2022;1;11;20;1127;33;1293;0;2473;14;299;16;316;0;32;947;30;852;1862;0,753
13/01/2022;2022;1;12;20;1177;67;1297;0;2562;14;309;24;339;0;32;981;47;914;1974;0,771
13/01/2022;2022;1;13;20;1073;35;1380;0;2509;14;287;16;393;0;32;912;30;1060;2034;0,811
13/01/2022;2022;1;14;20;1012;34;1493;0;2558;13;274;17;429;0;31;870;34;1157;2091;0,818
13/01/2022;2022;1;15;19;1020;34;1580;0;2654;13;270;18;453;0;30;857;34;1223;2145;0,808
13/01/2022;2022;1;16;19;915;33;1683;0;2651;13;247;14;488;0;30;783;28;1317;2158;0,814
13/01/2022;2022;1;17;19;806;35;1727;0;2587;13;225;16;503;0;30;714;31;1357;2132;0,824
13/01/2022;2022;1;18;0;758;34;1865;0;2657;0;215;15;546;0;0;681;29;1473;2183;0,822
13/01/2022;2022;1;19;19;897;33;1484;0;2433;13;243;14;429;0;30;771;28;1156;1985;0,816
13/01/2022;2022;1;20;20;929;32;1309;0;2290;13;249;14;380;0;31;789;27;1024;1871;0,817
13/01/2022;2022;1;21;20;1017;33;1234;0;2303;13;267;14;353;0;31;846;28;951;1855;0,805
13/01/2022;2022;1;22;20;1093;34;1288;0;2434;13;281;18;365;0;31;892;36;985;1943;0,798
13/01/2022;2022;1;23;20;1096;33;1573;0;2721;13;282;14;422;0;31;893;28;1138;2090;0,768
13/01/2022;2022;1;24;20;1095;33;1391;0;2539;13;282;14;369;0;31;894;28;996;1948;0,767
14/01/2022;2022;1;1;16;1099;27;1249;0;2391;10;282;21;340;0;24;895;40;916;1875;0,784
14/01/2022;2022;1;2;16;933;24;1521;0;2495;10;247;11;375;0;24;785;22;1010;1841;0,738
14/01/2022;2022;1;3;15;831;28;1386;0;2260;10;227;13;328;0;24;719;25;885;1653;0,732
14/01/2022;2022;1;4;15;708;25;1346;0;2095;10;193;12;313;0;24;612;24;843;1503;0,718
14/01/2022;2022;1;5;15;615;24;1618;0;2273;10;169;11;352;0;24;535;22;950;1531;0,674
14/01/2022;2022;1;6;15;640;24;1558;0;2238;10;175;11;337;0;24;556;22;908;1510;0,675
14/01/2022;2022;1;7;15;633;24;1510;0;2182;10;174;11;327;0;24;553;22;883;1481;0,679
14/01/2022;2022;1;8;16;704;24;1233;0;1977;10;195;11;270;0;24;620;22;729;1394;0,705
14/01/2022;2022;1;9;15;662;29;1612;0;2319;10;181;17;351;0;24;574;32;946;1576;0,680
14/01/2022;2022;1;10;15;780;24;1373;0;2192;10;194;11;309;0;24;616;22;833;1495;0,682
14/01/2022;2022;1;11;15;806;46;1753;0;2621;10;199;17;437;0;24;631;34;1179;1868;0,713
14/01/2022;2022;1;12;15;807;37;1768;0;2627;10;199;24;475;0;24;633;47;1281;1985;0,755
14/01/2022;2022;1;13;15;794;37;1789;0;2636;10;197;25;488;0;24;626;48;1317;2015;0,764
14/01/2022;2022;1;14;15;778;31;2114;0;2938;10;194;15;582;0;23;615;28;1569;2236;0,761
14/01/2022;2022;1;15;15;675;29;1975;0;2694;10;168;13;522;0;23;532;26;1409;1989;0,738
14/01/2022;2022;1;16;16;632;29;2037;0;2713;10;159;13;537;0;24;504;26;1447;2002;0,738
14/01/2022;2022;1;17;20;594;31;2045;0;2690;13;144;14;543;0;31;456;27;1463;1977;0,735
14/01/2022;2022;1;18;20;576;31;2006;0;2633;13;140;14;530;0;31;443;27;1429;1931;0,733
14/01/2022;2022;1;19;20;593;32;2109;0;2753;13;140;14;531;0;31;446;27;1432;1936;0,703
14/01/2022;2022;1;20;20;594;33;1748;0;2395;13;141;15;447;0;31;447;30;1207;1714;0,716
14/01/2022;2022;1;21;20;573;34;1969;0;2596;13;136;15;515;0;31;432;29;1389;1880;0,724
14/01/2022;2022;1;22;20;563;37;2106;0;2726;13;133;16;556;0;31;420;31;1500;1982;0,727
14/01/2022;2022;1;23;20;556;32;1850;0;2459;13;130;14;505;0;31;412;28;1362;1832;0,745
14/01/2022;2022;1;24;20;525;31;2003;0;2579;13;124;13;531;0;31;393;26;1431;1881;0,729
15/01/2022;2022;1;1;21;451;22;1918;0;2411;14;108;9;502;0;32;344;17;1353;1746;0,724
15/01/2022;2022;1;2;21;512;22;1790;0;2345;14;131;9;469;0;32;417;18;1264;1731;0,738
15/01/2022;2022;1;3;21;592;22;1626;0;2261;14;146;9;408;0;32;464;18;1100;1614;0,714
15/01/2022;2022;1;4;21;561;27;1616;0;2224;14;132;14;397;0;32;420;28;1072;1552;0,698
15/01/2022;2022;1;5;21;539;23;1829;0;2411;14;128;9;433;0;32;406;18;1167;1623;0,673
15/01/2022;2022;1;6;21;503;22;1550;0;2097;14;121;9;379;0;32;382;18;1023;1455;0,694
15/01/2022;2022;1;7;21;414;22;1481;0;1939;14;102;9;381;0;32;325;18;1029;1403;0,724
15/01/2022;2022;1;8;21;372;23;1529;0;1944;14;94;9;395;0;32;298;18;1065;1413;0,727
15/01/2022;2022;1;9;21;415;27;1567;0;2030;14;103;21;402;0;32;327;41;1083;1483;0,730
15/01/2022;2022;1;10;21;464;25;1622;0;2132;14;113;13;416;0;32;359;25;1122;1538;0,721
15/01/2022;2022;1;11;21;441;47;1728;0;2237;13;108;25;453;0;32;344;48;1222;1645;0,735
15/01/2022;2022;1;12;21;403;29;1940;0;2393;14;97;17;516;0;32;307;33;1391;1763;0,737
15/01/2022;2022;1;13;21;400;23;2243;0;2687;14;96;10;597;0;32;304;20;1610;1966;0,731
15/01/2022;2022;1;14;20;424;27;2331;0;2803;13;102;15;626;0;31;325;29;1689;2074;0,740
15/01/2022;2022;1;15;21;431;32;2141;0;2624;14;104;18;580;0;32;329;35;1564;1960;0,747
15/01/2022;2022;1;16;21;437;34;2239;0;2730;14;107;15;601;0;32;340;30;1621;2022;0,741
15/01/2022;2022;1;17;20;480;34;2019;0;2553;13;115;15;556;0;31;365;30;1500;1926;0,754
15/01/2022;2022;1;18;20;307;36;2314;0;2677;13;71;16;620;0;31;224;31;1672;1958;0,732
15/01/2022;2022;1;19;20;317;37;2173;0;2548;13;72;16;567;0;31;229;32;1530;1823;0,715
15/01/2022;2022;1;20;21;319;32;1866;0;2237;14;73;13;482;0;32;232;26;1300;1590;0,711
15/01/2022;2022;1;21;21;323;26;2009;0;2379;13;74;11;511;0;31;234;21;1378;1664;0,700
15/01/2022;2022;1;22;21;317;30;2042;0;2409;13;72;12;520;0;31;228;23;1403;1686;0,700
15/01/2022;2022;1;23;21;457;30;1792;0;2301;13;111;12;465;0;31;352;23;1255;1661;0,722
15/01/2022;2022;1;24;18;396;25;1772;0;2210;12;97;11;404;0;29;308;21;1089;1447;0,655
16/01/2022;2022;1;1;6;413;6;1718;0;2143;4;106;9;390;0;9;337;17;1052;1414;0,660
16/01/2022;2022;1;2;5;410;4;1705;0;2124;3;106;1;385;0;8;335;2;1038;1383;0,651
16/01/2022;2022;1;3;8;366;4;1734;0;2112;5;94;2;393;0;12;297;4;1059;1372;0,650
16/01/2022;2022;1;4;13;305;4;1745;0;2066;8;79;1;397;0;19;249;2;1071;1341;0,649
16/01/2022;2022;1;5;12;258;4;1621;0;1895;8;69;1;366;0;18;219;2;987;1227;0,648
16/01/2022;2022;1;6;13;295;4;1678;0;1990;8;79;1;370;0;19;250;2;998;1268;0,637
16/01/2022;2022;1;7;12;322;4;1628;0;1966;8;87;1;358;0;19;276;2;965;1262;0,642
16/01/2022;2022;1;8;13;336;4;1556;0;1909;8;90;1;342;0;19;284;2;922;1227;0,643
16/01/2022;2022;1;9;13;348;4;1321;0;1685;8;92;1;289;0;19;291;2;780;1092;0,648
16/01/2022;2022;1;10;13;355;4;1346;0;1717;8;93;1;294;0;19;296;2;792;1110;0,646
16/01/2022;2022;1;11;12;358;11;1605;0;1987;8;94;5;354;0;19;298;10;955;1281;0,645
16/01/2022;2022;1;12;12;357;56;1392;0;1817;8;94;34;339;0;19;297;66;914;1296;0,713
16/01/2022;2022;1;13;12;393;5;1757;0;2167;8;102;2;400;0;18;323;4;1078;1423;0,657
16/01/2022;2022;1;14;12;628;4;1599;0;2243;8;149;1;377;0;18;474;2;1018;1513;0,674
16/01/2022;2022;1;15;4;702;4;1413;0;2123;3;164;1;368;0;8;522;2;994;1525;0,718
16/01/2022;2022;1;16;0;540;4;1556;0;2101;0;131;1;410;0;0;416;2;1105;1523;0,725
16/01/2022;2022;1;17;0;460;6;1639;0;2105;0;115;4;416;0;0;364;9;1122;1494;0,710
16/01/2022;2022;1;18;0;568;6;1547;0;2121;0;137;5;395;0;0;434;9;1065;1509;0,711
16/01/2022;2022;1;19;0;598;4;1433;0;2035;0;143;1;363;0;0;454;2;978;1434;0,705
16/01/2022;2022;1;20;0;573;4;1472;0;2049;0;138;1;369;0;0;437;2;995;1435;0,700
16/01/2022;2022;1;21;0;566;4;1434;0;2004;0;136;1;366;0;0;433;2;987;1422;0,710
16/01/2022;2022;1;22;0;683;4;1537;0;2224;0;161;2;404;0;0;509;3;1091;1603;0,721
16/01/2022;2022;1;23;0;687;4;1629;0;2319;0;161;1;400;0;0;511;2;1078;1592;0,686
16/01/2022;2022;1;24;0;663;6;1355;0;2024;0;156;5;340;0;0;496;9;918;1423;0,703
17/01/2022;2022;1;1;0;666;5;1393;0;2064;0;156;2;348;0;0;494;3;939;1436;0,695
17/01/2022;2022;1;2;0;564;5;1295;0;1864;0;135;5;329;0;0;428;10;888;1326;0,712
17/01/2022;2022;1;3;0;521;5;1431;0;1957;0;126;2;353;0;0;399;3;953;1355;0,693
17/01/2022;2022;1;4;0;512;5;1438;0;1955;0;124;2;352;0;0;394;3;949;1345;0,688
17/01/2022;2022;1;5;0;488;9;1176;0;1673;0;119;8;268;0;0;377;16;722;1115;0,666
17/01/2022;2022;1;6;0;272;5;1387;0;1664;0;73;2;299;0;0;232;3;806;1041;0,625
17/01/2022;2022;1;7;191;206;5;1299;0;1700;102;59;2;274;0;238;186;3;739;1166;0,686
17/01/2022;2022;1;8;192;227;5;1321;0;1745;102;63;2;274;0;239;200;3;739;1181;0,677
17/01/2022;2022;1;9;136;325;73;1470;0;2004;69;91;25;301;0;162;290;48;813;1312;0,655
17/01/2022;2022;1;10;133;434;84;1155;0;1806;69;115;36;251;0;161;366;70;676;1273;0,705
17/01/2022;2022;1;11;0;691;72;1173;0;1936;0;169;24;255;0;0;535;46;687;1268;0,655
17/01/2022;2022;1;12;0;694;72;1202;0;1968;0;169;24;263;0;0;537;47;708;1291;0,656
17/01/2022;2022;1;13;0;694;72;1231;0;1997;0;169;24;271;0;0;537;46;730;1313;0,657
17/01/2022;2022;1;14;0;691;76;1280;0;2048;0;169;27;285;0;0;535;52;769;1355;0,662
17/01/2022;2022;1;15;0;684;72;1377;0;2133;0;167;24;314;0;0;530;47;846;1423;0,667
17/01/2022;2022;1;16;0;680;5;1734;0;2418;0;166;1;375;0;0;527;3;1011;1541;0,637
17/01/2022;2022;1;17;0;691;5;1400;0;2096;0;169;1;319;0;0;535;3;861;1398;0,667
17/01/2022;2022;1;18;0;688;5;1383;0;2076;0;168;1;314;0;0;532;3;846;1381;0,665
17/01/2022;2022;1;19;249;423;5;1317;0;1994;128;113;1;296;0;299;358;3;799;1459;0,732
17/01/2022;2022;1;20;245;310;4;1488;0;2048;126;88;1;315;0;295;279;3;850;1427;0,697
17/01/2022;2022;1;21;0;520;5;1475;0;2000;0;132;1;307;0;0;419;3;828;1250;0,625
17/01/2022;2022;1;22;0;753;5;1209;0;1967;0;183;1;264;0;0;579;3;713;1295;0,658
17/01/2022;2022;1;23;0;760;5;1237;0;2002;0;184;1;273;0;0;585;3;737;1324;0,661
17/01/2022;2022;1;24;0;733;8;1256;0;1998;0;179;10;281;0;0;567;20;757;1343;0,672
18/01/2022;2022;1;1;0;737;0;1312;0;2049;0;179;0;288;0;0;568;0;778;1346;0,657
18/01/2022;2022;1;2;0;677;3;1281;0;1961;0;167;3;280;0;0;529;6;755;1291;0,658
18/01/2022;2022;1;3;0;522;0;1254;0;1776;0;135;0;272;0;0;429;0;734;1163;0,655
18/01/2022;2022;1;4;0;512;0;1363;0;1875;0;133;0;300;0;0;422;0;809;1231;0,657
18/01/2022;2022;1;5;0;512;0;1204;0;1715;0;133;0;260;0;0;422;0;700;1123;0,654
18/01/2022;2022;1;6;0;502;0;1199;0;1702;0;131;0;258;0;0;416;0;696;1112;0,653
18/01/2022;2022;1;7;0;509;4;1130;0;1644;0;133;2;242;0;0;423;3;653;1079;0,657
18/01/2022;2022;1;8;0;610;8;1157;0;1774;0;156;9;238;0;0;495;17;642;1154;0,651
18/01/2022;2022;1;9;198;736;4;831;0;1769;103;180;2;176;0;241;571;3;474;1289;0,729
18/01/2022;2022;1;10;195;765;8;851;0;1820;102;189;5;183;0;237;598;11;493;1339;0,736
18/01/2022;2022;1;11;0;777;5;998;0;1780;0;192;2;218;0;0;610;3;588;1201;0,675
18/01/2022;2022;1;12;0;774;5;1078;0;1857;0;192;2;239;0;0;609;3;646;1258;0,677
18/01/2022;2022;1;13;0;775;5;1091;0;1870;0;192;2;243;0;0;608;3;656;1267;0,678
18/01/2022;2022;1;14;0;774;5;1103;0;1882;0;192;2;245;0;0;608;3;662;1273;0,676
18/01/2022;2022;1;15;0;773;5;1049;0;1827;0;191;2;227;0;0;607;3;613;1224;0,670
18/01/2022;2022;1;16;0;772;5;1193;0;1969;0;191;2;265;0;0;607;3;714;1324;0,672
18/01/2022;2022;1;17;0;771;5;1294;0;2070;0;191;4;289;0;0;606;8;779;1393;0,673
18/01/2022;2022;1;18;0;776;0;1069;0;1846;0;192;0;239;0;0;609;0;644;1253;0,679
18/01/2022;2022;1;19;0;779;0;1023;0;1802;0;193;0;219;0;0;612;0;591;1203;0,667
18/01/2022;2022;1;20;0;773;2;1017;0;1792;0;192;4;217;0;0;608;7;587;1202;0,671
18/01/2022;2022;1;21;0;770;0;1004;0;1773;0;191;0;215;0;0;606;0;581;1187;0,669
18/01/2022;2022;1;22;256;767;0;972;0;1995;132;190;0;209;0;309;604;0;563;1476;0,740
18/01/2022;2022;1;23;258;613;12;1058;0;1940;131;159;16;229;0;307;506;31;619;1462;0,754
18/01/2022;2022;1;24;257;559;4;985;0;1805;132;148;6;212;0;309;471;12;571;1362;0,755
19/01/2022;2022;1;1;253;558;0;991;0;1802;131;148;0;208;0;305;469;0;560;1334;0,740
19/01/2022;2022;1;2;0;558;2;991;0;1550;0;148;3;206;0;0;468;7;555;1030;0,665
19/01/2022;2022;1;3;0;556;0;980;0;1537;0;147;0;203;0;0;467;0;548;1015;0,661
19/01/2022;2022;1;4;0;557;0;972;0;1529;0;147;0;203;0;0;468;0;548;1016;0,665
19/01/2022;2022;1;5;0;556;0;956;0;1512;0;147;0;202;0;0;467;0;545;1013;0,670
19/01/2022;2022;1;6;252;556;0;863;0;1671;131;147;0;183;0;305;467;0;493;1265;0,757
19/01/2022;2022;1;7;250;560;0;684;0;1494;130;148;0;141;0;303;469;0;381;1153;0,772
19/01/2022;2022;1;8;254;562;140;683;0;1639;131;148;32;141;0;305;471;62;381;1219;0,743
19/01/2022;2022;1;9;253;563;144;709;0;1669;131;149;35;152;0;305;471;68;411;1256;0,752
19/01/2022;2022;1;10;255;593;5;892;0;1745;133;155;5;207;0;309;491;9;558;1367;0,784
19/01/2022;2022;1;11;257;677;0;822;0;1755;133;173;0;182;0;311;548;0;491;1350;0,769
19/01/2022;2022;1;12;256;727;139;703;0;1826;133;184;32;146;0;311;582;63;394;1350;0,739
19/01/2022;2022;1;13;255;735;139;742;0;1872;131;185;32;158;0;307;587;61;425;1380;0,738
19/01/2022;2022;1;14;254;734;158;810;0;1957;131;185;42;175;0;306;586;82;472;1447;0,739
19/01/2022;2022;1;15;254;752;5;826;0;1837;131;189;9;185;0;306;599;17;500;1422;0,774
19/01/2022;2022;1;16;253;754;0;926;0;1933;131;189;0;210;0;306;600;0;567;1473;0,762
19/01/2022;2022;1;17;259;754;0;921;0;1933;133;189;0;210;0;311;600;0;567;1478;0,765
19/01/2022;2022;1;18;264;747;0;918;0;1930;136;188;11;209;0;317;595;22;564;1498;0,776
19/01/2022;2022;1;19;264;736;0;872;0;1872;136;186;0;196;0;317;589;0;528;1434;0,766
19/01/2022;2022;1;20;261;735;0;819;0;1815;134;185;0;181;0;313;588;0;489;1390;0,766
19/01/2022;2022;1;21;257;735;158;761;0;1912;133;185;35;164;0;311;588;69;441;1409;0,737
19/01/2022;2022;1;22;259;736;350;744;0;2088;134;186;76;159;0;312;589;149;428;1478;0,708
19/01/2022;2022;1;23;256;740;156;769;0;1922;133;186;35;166;0;311;591;68;448;1417;0,737
19/01/2022;2022;1;24;252;742;176;740;0;1910;131;187;49;158;0;306;592;96;426;1419;0,743
20/01/2022;2022;1;1;254;744;57;726;0;1781;131;186;12;159;0;306;589;23;428;1345;0,755
20/01/2022;2022;1;2;250;728;0;726;0;1705;128;182;0;158;0;298;578;0;426;1302;0,764
20/01/2022;2022;1;3;252;719;0;828;0;1800;131;181;0;191;0;305;573;0;516;1394;0,775
20/01/2022;2022;1;4;257;649;0;777;0;1683;132;166;0;161;0;308;527;0;435;1270;0,754
20/01/2022;2022;1;5;258;597;0;736;0;1590;133;155;0;151;0;309;493;0;408;1210;0,761
20/01/2022;2022;1;6;255;579;1;771;0;1606;131;152;2;159;0;305;482;5;428;1219;0,759
20/01/2022;2022;1;7;254;570;25;778;0;1627;131;150;17;160;0;306;475;34;432;1247;0,766
20/01/2022;2022;1;8;256;554;0;788;0;1598;132;147;0;162;0;308;465;0;438;1211;0,758
20/01/2022;2022;1;9;254;549;35;824;0;1663;131;146;12;172;0;306;462;22;464;1254;0,754
20/01/2022;2022;1;10;256;579;12;897;0;1743;132;151;16;191;0;308;480;32;515;1336;0,766
20/01/2022;2022;1;11;261;652;1;1030;0;1944;133;167;2;228;0;311;531;4;615;1460;0,751
20/01/2022;2022;1;12;0;738;4;1254;0;1997;0;185;4;282;0;0;586;7;760;1353;0,678
20/01/2022;2022;1;13;0;808;32;1290;0;2131;0;199;18;288;0;0;633;34;776;1443;0,677
20/01/2022;2022;1;14;0;858;0;1423;0;2281;0;209;0;355;0;0;664;0;958;1621;0,711
20/01/2022;2022;1;15;0;858;0;1418;0;2276;0;209;0;368;0;0;664;0;992;1656;0,728
20/01/2022;2022;1;16;0;873;0;1400;0;2274;0;215;0;366;0;0;682;0;987;1669;0,734
20/01/2022;2022;1;17;0;914;4;1243;0;2161;0;226;2;328;0;0;717;5;884;1605;0,743
20/01/2022;2022;1;18;0;917;0;1224;0;2141;0;227;0;314;0;0;720;0;847;1567;0,732
20/01/2022;2022;1;19;0;918;0;1209;0;2127;0;228;0;311;0;0;722;0;839;1561;0,734
20/01/2022;2022;1;20;0;913;10;1180;0;2103;0;226;13;304;0;0;718;25;820;1563;0,743
20/01/2022;2022;1;21;0;924;3;1167;0;2094;0;229;4;297;0;0;727;7;802;1536;0,734
20/01/2022;2022;1;22;0;925;0;1184;0;2110;0;229;0;299;0;0;727;0;806;1533;0,727
20/01/2022;2022;1;23;0;904;2;1207;0;2113;0;223;6;306;0;0;709;12;825;1546;0,731
20/01/2022;2022;1;24;0;851;0;1194;0;2045;0;208;0;303;0;0;659;0;816;1475;0,721
21/01/2022;2022;1;1;0;848;0;1095;0;1943;0;208;0;287;0;0;661;0;775;1436;0,739
21/01/2022;2022;1;2;0;822;0;1001;0;1823;0;203;0;264;0;0;644;0;712;1356;0,744
21/01/2022;2022;1;3;0;828;15;1157;0;2000;0;204;12;281;0;0;648;24;757;1429;0,715
21/01/2022;2022;1;4;0;746;0;1028;0;1774;0;188;0;254;0;0;596;0;685;1280;0,722
21/01/2022;2022;1;5;0;723;0;963;0;1685;0;183;0;245;0;0;581;0;660;1240;0,736
21/01/2022;2022;1;6;0;724;1;969;0;1693;0;183;1;249;0;0;581;1;671;1253;0,740
21/01/2022;2022;1;7;0;723;0;936;0;1659;0;183;0;241;0;0;581;0;651;1232;0,743
21/01/2022;2022;1;8;0;724;0;928;0;1652;0;183;0;246;0;0;581;0;662;1244;0,753
21/01/2022;2022;1;9;0;701;0;1031;0;1732;0;178;1;287;0;0;566;1;775;1342;0,775
21/01/2022;2022;1;10;0;727;1;1297;0;2025;0;184;2;332;0;0;584;4;896;1483;0,733
21/01/2022;2022;1;11;0;782;17;1259;0;2058;0;195;13;322;0;0;619;26;869;1513;0,735
21/01/2022;2022;1;12;0;826;28;1432;0;2286;0;204;10;379;0;0;648;19;1022;1688;0,739
21/01/2022;2022;1;13;0;590;18;1600;0;2208;0;155;37;461;0;0;493;72;1244;1810;0,820
21/01/2022;2022;1;14;0;450;1;1871;0;2322;0;121;1;538;0;0;385;3;1451;1839;0,792
21/01/2022;2022;1;15;0;452;10;1973;0;2435;0;122;8;587;0;0;387;16;1584;1988;0,816
21/01/2022;2022;1;16;0;567;0;1880;0;2447;0;151;0;554;0;0;478;0;1494;1972;0,806
21/01/2022;2022;1;17;0;451;9;1901;0;2361;0;122;11;559;0;0;386;21;1507;1914;0,811
21/01/2022;2022;1;18;0;567;24;1699;0;2290;0;151;17;492;0;0;478;33;1327;1838;0,803
21/01/2022;2022;1;19;0;650;1;1452;0;2104;0;168;5;415;0;0;534;11;1119;1664;0,791
21/01/2022;2022;1;20;0;606;0;1399;0;2005;0;159;0;397;0;0;505;0;1071;1576;0,786
21/01/2022;2022;1;21;0;680;0;1611;0;2291;0;177;0;442;0;0;560;0;1191;1751;0,764
21/01/2022;2022;1;22;0;661;0;1594;0;2254;0;165;0;436;0;0;524;0;1177;1701;0,755
21/01/2022;2022;1;23;0;741;0;1560;0;2301;0;182;0;401;0;0;577;0;1082;1659;0,721
21/01/2022;2022;1;24;0;739;24;1329;0;2093;0;181;23;327;0;0;576;45;881;1502;0,718
22/01/2022;2022;1;1;0;731;29;1355;0;2115;0;182;28;312;0;0;576;55;841;1472;0,696
22/01/2022;2022;1;2;0;726;27;1152;0;1906;0;181;24;258;0;0;573;46;697;1316;0,691
22/01/2022;2022;1;3;0;719;1;1156;0;1876;0;179;3;258;0;0;568;6;696;1270;0,677
22/01/2022;2022;1;4;0;580;0;1232;0;1813;0;151;0;271;0;0;479;0;731;1210;0,667
22/01/2022;2022;1;5;0;569;1;1378;0;1948;0;148;3;297;0;0;471;6;801;1279;0,656
22/01/2022;2022;1;6;0;576;1;1370;0;1947;0;150;2;295;0;0;476;3;795;1275;0,655
22/01/2022;2022;1;7;0;572;0;1094;0;1666;0;149;0;232;0;0;472;0;627;1099;0,659
22/01/2022;2022;1;8;0;566;0;1086;0;1651;0;147;0;229;0;0;467;0;616;1084;0,656
22/01/2022;2022;1;9;0;578;0;1016;0;1594;0;150;0;215;0;0;477;0;581;1057;0,663
22/01/2022;2022;1;10;0;697;2;1281;0;1980;0;174;3;269;0;0;553;7;726;1286;0,649
22/01/2022;2022;1;11;0;698;0;1277;0;1976;0;174;0;269;0;0;553;0;725;1278;0,647
22/01/2022;2022;1;12;0;700;0;1375;0;2075;0;175;0;297;0;0;555;0;801;1356;0,653
22/01/2022;2022;1;13;0;722;3;1406;0;2131;0;179;4;320;0;0;569;8;864;1441;0,676
22/01/2022;2022;1;14;0;734;0;1560;0;2294;0;182;0;366;0;0;577;0;988;1564;0,682
22/01/2022;2022;1;15;0;733;0;1297;0;2030;0;182;0;323;0;0;576;0;872;1448;0,713
22/01/2022;2022;1;16;0;735;0;1283;0;2017;0;182;0;323;0;0;577;0;871;1448;0,718
22/01/2022;2022;1;17;0;734;0;1379;0;2113;0;182;0;313;0;0;577;0;843;1420;0,672
22/01/2022;2022;1;18;0;735;0;1324;0;2059;0;182;0;298;0;0;577;0;803;1380;0,670
22/01/2022;2022;1;19;0;717;0;1143;0;1860;0;178;0;260;0;0;566;0;701;1266;0,681
22/01/2022;2022;1;20;0;700;6;1021;0;1726;0;175;9;236;0;0;555;18;635;1208;0,700
22/01/2022;2022;1;21;0;689;1;1333;0;2023;0;172;3;297;0;0;547;6;800;1353;0,669
22/01/2022;2022;1;22;0;688;0;1321;0;2009;0;172;0;293;0;0;547;0;792;1338;0,666
22/01/2022;2022;1;23;0;689;5;1243;0;1938;0;173;6;277;0;0;547;13;748;1308;0,675
22/01/2022;2022;1;24;0;697;4;1217;0;1918;0;174;8;271;0;0;553;16;732;1301;0,678
23/01/2022;2022;1;1;244;700;0;931;0;1875;125;173;0;215;0;292;549;0;580;1421;0,758
23/01/2022;2022;1;2;0;700;0;1022;0;1722;0;173;0;239;0;0;549;0;646;1195;0,694
23/01/2022;2022;1;3;0;709;0;899;0;1607;0;175;0;205;0;0;554;0;553;1108;0,689
23/01/2022;2022;1;4;0;660;0;924;0;1584;0;165;0;211;0;0;523;0;570;1093;0,690
23/01/2022;2022;1;5;240;572;1;886;0;1699;124;147;0;204;0;289;467;1;549;1306;0,768
23/01/2022;2022;1;6;240;573;21;782;0;1616;124;147;21;172;0;289;468;41;465;1262;0,781
23/01/2022;2022;1;7;245;568;0;751;0;1564;125;146;0;160;0;292;464;0;431;1187;0,759
23/01/2022;2022;1;8;248;568;0;614;0;1429;127;146;0;140;0;297;463;0;377;1137;0,796
23/01/2022;2022;1;9;244;557;106;565;0;1473;126;144;36;127;0;294;457;69;342;1163;0,789
23/01/2022;2022;1;10;247;473;243;532;0;1495;127;127;64;116;0;297;403;125;312;1137;0,761
23/01/2022;2022;1;11;249;497;247;589;0;1582;128;132;65;125;0;300;419;126;338;1183;0,748
23/01/2022;2022;1;12;253;571;107;601;0;1532;130;147;33;129;0;303;466;64;347;1179;0,770
23/01/2022;2022;1;13;250;573;109;643;0;1575;128;147;36;140;0;300;467;71;377;1215;0,771
23/01/2022;2022;1;14;247;572;117;682;0;1618;127;147;38;150;0;297;467;74;406;1244;0,768
23/01/2022;2022;1;15;244;575;108;710;0;1637;125;148;33;158;0;292;469;64;427;1251;0,764
23/01/2022;2022;1;16;249;576;107;720;0;1653;128;148;33;161;0;300;469;64;433;1267;0,766
23/01/2022;2022;1;17;247;572;247;709;0;1776;127;147;65;157;0;297;467;127;425;1315;0,740
23/01/2022;2022;1;18;250;562;247;710;0;1768;128;145;65;158;0;300;460;127;426;1312;0,742
23/01/2022;2022;1;19;251;577;125;687;0;1640;128;148;49;151;0;300;471;96;406;1273;0,776
23/01/2022;2022;1;20;247;569;107;647;0;1570;127;147;33;140;0;297;465;64;377;1203;0,766
23/01/2022;2022;1;21;246;569;297;633;0;1745;126;147;89;137;0;294;465;174;371;1304;0,747
23/01/2022;2022;1;22;248;569;298;654;0;1769;127;147;87;145;0;297;465;169;390;1322;0,747
23/01/2022;2022;1;23;249;570;293;656;0;1767;127;147;85;146;0;297;466;167;394;1323;0,749
23/01/2022;2022;1;24;251;570;283;670;0;1773;128;147;86;148;0;300;466;168;399;1332;0,751
24/01/2022;2022;1;1;249;566;363;667;0;1845;127;144;81;148;0;297;458;158;398;1311;0,710
24/01/2022;2022;1;2;249;438;341;656;0;1684;128;110;78;145;0;300;349;153;390;1192;0,707
24/01/2022;2022;1;3;246;440;277;639;0;1602;126;110;63;140;0;294;350;122;378;1145;0,715
24/01/2022;2022;1;4;244;440;275;620;0;1578;125;110;62;135;0;292;350;121;365;1127;0,714
24/01/2022;2022;1;5;246;440;278;609;0;1574;127;111;67;132;0;297;351;130;357;1134;0,721
24/01/2022;2022;1;6;249;441;302;601;0;1592;127;111;77;131;0;297;351;151;352;1151;0,723
24/01/2022;2022;1;7;246;438;278;604;0;1566;127;110;63;131;0;297;349;122;354;1123;0,717
24/01/2022;2022;1;8;250;553;142;588;0;1533;128;140;34;127;0;300;445;66;342;1152;0,752
24/01/2022;2022;1;9;251;656;145;595;0;1647;128;160;37;128;0;300;508;72;345;1225;0,743
24/01/2022;2022;1;10;251;679;258;657;0;1844;128;165;74;143;0;300;522;144;387;1352;0,733
24/01/2022;2022;1;11;250;687;118;812;0;1866;128;166;39;192;0;300;528;77;519;1424;0,763
24/01/2022;2022;1;12;249;692;2;997;0;1940;128;168;2;210;0;300;532;4;565;1401;0,722
24/01/2022;2022;1;13;251;722;0;1090;0;2063;130;174;0;237;0;303;552;0;640;1495;0,725
24/01/2022;2022;1;14;0;741;5;1352;0;2099;0;178;2;322;0;0;565;4;868;1437;0,685
24/01/2022;2022;1;15;0;741;2;1546;0;2289;0;178;4;366;0;0;564;7;988;1559;0,681
24/01/2022;2022;1;16;0;738;0;1540;0;2278;0;177;0;364;0;0;562;0;982;1545;0,678
24/01/2022;2022;1;17;0;738;0;1606;0;2345;0;177;0;381;0;0;563;0;1027;1589;0,678
24/01/2022;2022;1;18;0;733;2;1535;0;2270;0;176;1;362;0;0;558;1;978;1537;0,677
24/01/2022;2022;1;19;0;713;0;1432;0;2145;0;171;0;331;0;0;544;0;892;1436;0,670
24/01/2022;2022;1;20;0;705;2;1384;0;2092;0;168;8;321;0;0;532;16;865;1413;0,675
24/01/2022;2022;1;21;0;707;0;1407;0;2114;0;168;0;327;0;0;533;0;882;1415;0,669
24/01/2022;2022;1;22;250;709;0;1438;0;2397;128;169;0;336;0;300;535;0;907;1741;0,727
24/01/2022;2022;1;23;0;725;0;1440;0;2166;0;173;0;336;0;0;548;0;906;1454;0,671
24/01/2022;2022;1;24;0;726;0;1417;0;2143;0;173;0;331;0;0;548;0;892;1440;0,672
25/01/2022;2022;1;1;0;862;3;1214;0;2079;0;210;3;274;0;0;665;6;739;1410;0,678
25/01/2022;2022;1;2;0;833;6;1023;0;1862;0;203;7;220;0;0;643;14;593;1249;0,671
25/01/2022;2022;1;3;0;821;0;991;0;1812;0;200;0;211;0;0;635;0;569;1204;0,665
25/01/2022;2022;1;4;0;821;0;983;0;1804;0;200;1;210;0;0;635;1;565;1201;0,666
25/01/2022;2022;1;5;0;822;0;961;0;1783;0;200;0;204;0;0;635;0;550;1186;0,665
25/01/2022;2022;1;6;0;813;0;950;0;1764;0;199;0;201;0;0;630;0;541;1171;0,664
25/01/2022;2022;1;7;0;811;4;929;0;1744;0;198;1;195;0;0;628;2;525;1156;0,663
25/01/2022;2022;1;8;0;810;4;942;0;1756;0;198;1;198;0;0;627;2;535;1164;0,663
25/01/2022;2022;1;9;201;810;9;974;0;1994;104;198;11;207;0;243;627;21;557;1449;0,727
25/01/2022;2022;1;10;200;812;4;980;0;1996;105;198;1;209;0;246;628;2;563;1440;0,721
25/01/2022;2022;1;11;205;811;128;1008;0;2153;108;198;43;220;0;252;628;84;592;1557;0,723
25/01/2022;2022;1;12;211;824;121;1056;0;2212;109;203;37;235;0;254;645;72;635;1606;0,726
25/01/2022;2022;1;13;212;824;128;1123;0;2287;109;203;56;254;0;255;645;109;685;1693;0,741
25/01/2022;2022;1;14;217;828;131;1207;0;2383;112;204;48;281;0;263;648;94;758;1763;0,740
25/01/2022;2022;1;15;245;822;3;1307;0;2377;126;203;4;292;0;294;644;7;788;1733;0,729
25/01/2022;2022;1;16;0;695;4;1814;0;2513;0;177;6;405;0;0;563;12;1092;1667;0,663
25/01/2022;2022;1;17;0;694;0;1542;0;2236;0;170;0;345;0;0;540;0;929;1469;0,657
25/01/2022;2022;1;18;0;692;0;1489;0;2181;0;170;0;329;0;0;539;0;888;1427;0,654
25/01/2022;2022;1;19;0;683;1;1453;0;2137;0;168;3;315;0;0;533;6;850;1389;0,650
25/01/2022;2022;1;20;0;683;12;1453;0;2148;0;168;17;317;0;0;533;33;855;1421;0,661
25/01/2022;2022;1;21;0;691;4;1662;0;2358;0;170;3;390;0;0;538;5;1052;1595;0,677
25/01/2022;2022;1;22;0;715;0;1707;0;2421;0;178;0;394;0;0;564;0;1063;1627;0,672
25/01/2022;2022;1;23;0;742;0;1418;0;2161;0;186;0;334;0;0;592;0;901;1493;0,691
25/01/2022;2022;1;24;0;743;1;1383;0;2128;0;187;4;327;0;0;592;9;883;1483;0,697
26/01/2022;2022;1;1;0;672;4;1425;0;2101;0;177;15;329;0;0;560;29;888;1477;0,703
26/01/2022;2022;1;2;0;494;2;1382;0;1878;0;139;1;301;0;0;440;1;812;1253;0,667
26/01/2022;2022;1;3;0;360;3;1648;0;2011;0;112;4;348;0;0;355;8;939;1302;0,648
26/01/2022;2022;1;4;0;350;9;1633;0;1992;0;110;13;344;0;0;348;25;928;1300;0,653
26/01/2022;2022;1;5;0;351;2;1627;0;1980;0;110;1;342;0;0;348;1;923;1273;0,643
26/01/2022;2022;1;6;0;352;6;1276;0;1634;0;110;9;270;0;0;349;17;728;1094;0,669
26/01/2022;2022;1;7;0;354;2;1270;0;1626;0;109;1;269;0;0;345;1;724;1071;0,659
26/01/2022;2022;1;8;0;426;2;1261;0;1689;0;124;1;266;0;0;394;1;719;1114;0,660
26/01/2022;2022;1;9;0;688;2;1278;0;1968;0;185;2;270;0;0;588;5;729;1321;0,672
26/01/2022;2022;1;10;0;806;2;1086;0;1894;0;212;1;249;0;0;673;1;671;1345;0,710
26/01/2022;2022;1;11;0;879;2;1299;0;2180;0;226;1;300;0;0;717;1;810;1528;0,701
26/01/2022;2022;1;12;0;888;2;1170;0;2061;0;228;1;292;0;0;724;1;787;1513;0,734
26/01/2022;2022;1;13;0;928;14;1391;0;2333;0;236;14;321;0;0;750;28;866;1644;0,705
26/01/2022;2022;1;14;0;927;2;1442;0;2371;0;236;1;335;0;0;749;1;903;1653;0,697
26/01/2022;2022;1;15;0;927;3;1157;0;2087;0;236;3;283;0;0;749;6;765;1520;0,728
26/01/2022;2022;1;16;0;821;2;1361;0;2184;0;211;1;318;0;0;670;1;858;1529;0,700
26/01/2022;2022;1;17;0;530;22;1507;0;2058;0;144;9;322;0;0;457;17;868;1341;0,651
26/01/2022;2022;1;18;0;297;6;1654;0;1957;0;86;3;343;0;0;274;5;926;1205;0,616
26/01/2022;2022;1;19;0;238;2;1639;0;1878;0;71;1;337;0;0;224;1;909;1134;0,604
26/01/2022;2022;1;20;0;237;2;1607;0;1846;0;70;1;330;0;0;223;1;890;1114;0,603
26/01/2022;2022;1;21;0;236;2;1614;0;1852;0;70;1;331;0;0;223;1;891;1116;0,602
26/01/2022;2022;1;22;0;237;2;1602;0;1841;0;70;1;328;0;0;223;1;885;1109;0,603
26/01/2022;2022;1;23;0;217;5;1619;0;1841;0;66;7;332;0;0;210;14;895;1119;0,608
26/01/2022;2022;1;24;0;176;2;1588;0;1766;0;51;1;326;0;0;161;1;880;1043;0,591
27/01/2022;2022;1;1;253;179;0;1394;0;1826;130;53;0;287;0;305;167;0;774;1245;0,682
27/01/2022;2022;1;2;0;180;0;1353;0;1533;0;53;0;281;0;0;167;0;758;925;0,604
27/01/2022;2022;1;3;0;181;0;1358;0;1538;0;53;0;281;0;0;168;0;757;924;0,601
27/01/2022;2022;1;4;0;181;29;1351;0;1561;0;53;10;279;0;0;168;20;752;939;0,602
27/01/2022;2022;1;5;0;180;29;1348;0;1557;0;53;10;278;0;0;168;20;750;937;0,602
27/01/2022;2022;1;6;0;180;28;1343;0;1552;0;53;10;277;0;0;168;19;747;934;0,602
27/01/2022;2022;1;7;0;180;29;1255;0;1464;0;54;10;258;0;0;173;20;695;888;0,606
27/01/2022;2022;1;8;0;180;29;1289;0;1498;0;54;10;268;0;0;173;20;722;915;0,611
27/01/2022;2022;1;9;152;180;29;1120;0;1481;81;54;10;233;0;188;173;19;628;1009;0,681
27/01/2022;2022;1;10;234;180;0;1165;0;1579;120;54;0;244;0;281;173;0;657;1111;0,703
27/01/2022;2022;1;11;249;181;0;1253;0;1683;126;55;0;260;0;295;173;0;702;1170;0,695
27/01/2022;2022;1;12;250;180;3;1258;0;1691;127;55;3;260;0;298;173;7;702;1179;0,697
27/01/2022;2022;1;13;252;163;0;1244;0;1659;130;51;0;257;0;303;162;0;693;1158;0,698
27/01/2022;2022;1;14;246;107;1;1250;0;1604;127;41;7;258;0;298;131;14;696;1138;0,710
27/01/2022;2022;1;15;247;105;4;1254;0;1611;125;33;4;259;0;293;105;8;699;1105;0,686
27/01/2022;2022;1;16;246;105;0;1266;0;1617;127;33;0;262;0;298;105;0;707;1109;0,686
27/01/2022;2022;1;17;250;166;0;1257;0;1673;127;49;0;259;0;298;155;0;699;1152;0,688
27/01/2022;2022;1;18;254;191;3;1243;0;1690;131;55;6;256;0;305;174;12;690;1181;0,699
27/01/2022;2022;1;19;254;192;0;1249;0;1694;130;55;0;258;0;303;175;0;695;1172;0,692
27/01/2022;2022;1;20;251;193;0;1249;0;1693;130;55;0;258;0;303;175;0;695;1173;0,693
27/01/2022;2022;1;21;254;194;0;1261;0;1709;129;55;0;262;0;300;176;0;707;1183;0,692
27/01/2022;2022;1;22;255;193;0;1238;0;1686;130;55;0;258;0;303;176;0;697;1175;0,697
27/01/2022;2022;1;23;250;111;310;1077;0;1749;130;37;78;225;0;304;118;152;606;1179;0,675
27/01/2022;2022;1;24;253;103;143;1054;0;1552;129;28;38;219;0;301;88;74;591;1054;0,679
28/01/2022;2022;1;1;251;99;161;1041;0;1552;130;29;40;207;0;303;92;77;557;1029;0,663
28/01/2022;2022;1;2;247;99;276;871;0;1493;128;29;76;195;0;300;91;148;526;1066;0,714
28/01/2022;2022;1;3;188;99;578;748;0;1613;97;29;124;153;0;227;92;241;411;971;0,602
28/01/2022;2022;1;4;149;99;415;715;0;1378;80;29;95;147;0;186;92;185;396;858;0,623
28/01/2022;2022;1;5;119;99;777;671;0;1667;65;29;162;138;0;152;91;315;371;930;0,558
28/01/2022;2022;1;6;116;99;779;671;0;1665;63;29;165;138;0;148;91;321;372;932;0,560
28/01/2022;2022;1;7;121;99;572;670;0;1463;66;29;132;138;0;153;93;257;372;875;0,598
28/01/2022;2022;1;8;120;59;414;746;0;1339;65;18;96;153;0;152;57;186;412;807;0,603
28/01/2022;2022;1;9;146;15;649;743;0;1554;78;6;136;154;0;182;20;265;416;882;0,568
28/01/2022;2022;1;10;214;14;652;739;0;1619;112;6;138;154;0;261;19;268;415;964;0,595
28/01/2022;2022;1;11;206;15;641;746;0;1608;107;6;130;156;0;251;20;253;420;943;0,587
28/01/2022;2022;1;12;203;14;634;856;0;1708;106;6;125;176;0;248;20;243;476;986;0,577
28/01/2022;2022;1;13;204;16;633;934;0;1787;106;7;124;190;0;248;21;242;512;1022;0,572
28/01/2022;2022;1;14;208;15;652;940;0;1816;108;6;139;191;0;253;20;270;515;1058;0,583
28/01/2022;2022;1;15;210;15;647;939;0;1811;110;6;132;190;0;256;20;257;513;1046;0,578
28/01/2022;2022;1;16;207;14;659;942;0;1822;108;6;141;191;0;253;19;275;515;1063;0,584
28/01/2022;2022;1;17;203;5;645;926;0;1778;105;2;134;187;0;246;7;262;504;1019;0,573
28/01/2022;2022;1;18;206;0;1004;615;0;1824;108;0;206;131;0;253;0;401;353;1007;0,552
28/01/2022;2022;1;19;210;0;973;611;0;1795;110;0;207;130;0;256;0;404;352;1011;0,563
28/01/2022;2022;1;20;207;0;1111;610;0;1928;108;0;234;131;0;253;0;456;352;1061;0,550
28/01/2022;2022;1;21;207;0;1009;608;0;1823;108;0;207;130;0;253;0;402;351;1007;0,552
28/01/2022;2022;1;22;221;0;965;663;0;1849;115;0;194;145;0;269;0;378;392;1039;0,562
28/01/2022;2022;1;23;248;0;1060;408;0;1715;128;0;231;88;0;300;0;450;236;986;0,575
28/01/2022;2022;1;24;247;0;1082;274;0;1603;128;0;238;58;0;300;0;463;155;919;0,573
29/01/2022;2022;1;1;249;0;1054;249;0;1552;128;0;227;54;0;298;0;442;145;885;0,570
29/01/2022;2022;1;2;251;0;1011;250;0;1511;128;0;223;54;0;300;0;434;145;879;0,581
29/01/2022;2022;1;3;250;0;949;251;0;1450;128;0;229;54;0;299;0;446;145;890;0,614
29/01/2022;2022;1;4;251;0;916;250;0;1417;128;0;220;54;0;300;0;428;145;872;0,616
29/01/2022;2022;1;5;248;0;865;250;0;1363;128;0;201;54;0;299;0;392;144;836;0,614
29/01/2022;2022;1;6;248;0;878;250;0;1376;127;0;210;53;0;297;0;409;144;851;0,618
29/01/2022;2022;1;7;251;0;810;244;0;1305;128;0;182;52;0;300;0;355;141;796;0,610
29/01/2022;2022;1;8;251;0;829;234;0;1314;128;0;188;50;0;300;0;367;136;802;0,611
29/01/2022;2022;1;9;252;0;902;234;0;1388;128;0;209;50;0;300;0;408;136;843;0,607
29/01/2022;2022;1;10;250;0;960;235;0;1445;128;0;237;51;0;300;0;462;137;898;0,622
29/01/2022;2022;1;11;248;0;979;245;0;1471;127;0;239;53;0;297;0;466;142;905;0,615
29/01/2022;2022;1;12;248;0;1046;248;0;1542;128;0;247;54;0;298;0;481;144;924;0,599
29/01/2022;2022;1;13;246;0;1121;248;0;1615;127;0;274;54;0;296;0;534;145;975;0,604
29/01/2022;2022;1;14;245;0;1120;258;0;1624;127;0;270;55;0;296;0;526;149;971;0,598
29/01/2022;2022;1;15;248;0;1368;308;0;1924;127;0;341;64;0;297;0;663;172;1133;0,589
29/01/2022;2022;1;16;250;0;1318;330;0;1899;128;0;322;70;0;299;0;628;188;1115;0,587
29/01/2022;2022;1;17;255;0;1301;332;0;1887;131;0;316;70;0;305;0;616;189;1110;0,588
29/01/2022;2022;1;18;254;0;1292;333;0;1879;130;0;314;71;0;303;0;612;190;1104;0,588
29/01/2022;2022;1;19;254;0;1188;325;0;1767;130;0;286;68;0;303;0;557;184;1044;0,591
29/01/2022;2022;1;20;252;0;1083;323;0;1658;130;0;268;68;0;304;0;522;183;1009;0,609
29/01/2022;2022;1;21;251;0;1165;326;0;1742;130;0;277;69;0;304;0;539;185;1028;0,590
29/01/2022;2022;1;22;247;0;1203;326;0;1776;127;0;268;69;0;297;0;523;185;1005;0,566
29/01/2022;2022;1;23;250;0;1145;312;0;1706;128;0;248;65;0;300;0;483;176;959;0,562
29/01/2022;2022;1;24;249;0;1082;319;0;1650;128;0;207;68;0;300;0;403;183;885;0,537
30/01/2022;2022;1;1;251;0;1287;324;0;1862;129;0;293;69;0;301;0;570;187;1058;0,568
30/01/2022;2022;1;2;251;0;1181;321;0;1753;129;0;255;69;0;301;0;496;185;982;0,560
30/01/2022;2022;1;3;252;0;1152;294;0;1698;129;0;249;64;0;301;0;485;174;959;0,565
30/01/2022;2022;1;4;254;0;1034;266;0;1553;129;0;220;62;0;302;0;429;166;897;0,577
30/01/2022;2022;1;5;254;0;1014;254;0;1523;130;0;212;61;0;303;0;413;164;880;0,578
30/01/2022;2022;1;6;250;0;1009;265;0;1523;128;0;219;65;0;300;0;426;174;900;0,591
30/01/2022;2022;1;7;146;0;1059;287;0;1492;77;0;250;69;0;179;0;487;187;852;0,571
30/01/2022;2022;1;8;111;0;1076;287;0;1474;60;0;251;69;0;140;0;490;187;816;0,554
30/01/2022;2022;1;9;108;0;1085;288;0;1481;59;0;252;69;0;137;0;490;187;814;0,550
30/01/2022;2022;1;10;108;0;1102;293;0;1503;59;0;259;70;0;137;0;505;188;830;0,552
30/01/2022;2022;1;11;161;0;1072;296;0;1529;88;0;253;70;0;205;0;494;189;887;0,581
30/01/2022;2022;1;12;240;0;1060;300;0;1599;122;0;248;71;0;286;0;483;191;960;0,600
30/01/2022;2022;1;13;252;0;1099;297;0;1648;128;0;252;70;0;300;0;490;188;978;0,594
30/01/2022;2022;1;14;250;0;1212;305;0;1767;128;0;263;71;0;300;0;513;191;1004;0,568
30/01/2022;2022;1;15;249;0;1245;337;0;1831;128;0;293;76;0;300;0;571;205;1076;0,587
30/01/2022;2022;1;16;249;0;1231;346;0;1826;128;0;278;78;0;300;0;541;211;1052;0,576
30/01/2022;2022;1;17;254;0;1216;352;0;1822;130;0;270;80;0;303;0;527;215;1045;0,574
30/01/2022;2022;1;18;249;0;1211;312;0;1771;128;0;269;73;0;300;0;523;197;1020;0,576
30/01/2022;2022;1;19;248;0;1236;265;0;1749;128;0;290;64;0;298;0;564;173;1036;0,592
30/01/2022;2022;1;20;250;0;1204;270;0;1724;128;0;264;65;0;300;0;514;176;991;0,575
30/01/2022;2022;1;21;249;0;1235;338;0;1822;128;0;284;78;0;298;0;553;210;1061;0,582
30/01/2022;2022;1;22;249;0;1234;336;0;1819;128;0;289;76;0;300;0;563;206;1068;0,587
30/01/2022;2022;1;23;250;0;1245;328;0;1823;128;0;277;74;0;300;0;540;199;1039;0,570
30/01/2022;2022;1;24;251;0;1217;342;0;1811;129;0;266;159;0;300;0;519;428;1248;0,689
31/01/2022;2022;1;1;252;0;1073;443;0;1768;130;0;251;113;0;303;0;489;305;1096;0,620
31/01/2022;2022;1;2;251;203;379;821;0;1654;130;49;92;166;0;303;156;179;447;1084;0,655
31/01/2022;2022;1;3;253;216;0;1169;0;1638;130;52;0;231;0;303;166;0;623;1092;0,667
31/01/2022;2022;1;4;252;217;0;1210;0;1679;130;53;0;249;0;303;167;0;671;1141;0,679
31/01/2022;2022;1;5;256;224;0;1203;0;1683;132;56;0;239;0;308;178;0;645;1130;0,672
31/01/2022;2022;1;6;0;225;0;1230;0;1455;0;56;0;254;0;0;179;0;684;862;0,593
31/01/2022;2022;1;7;0;270;0;1197;0;1467;0;65;0;247;0;0;205;0;665;870;0,593
31/01/2022;2022;1;8;0;399;11;1215;0;1625;0;91;16;252;0;0;289;31;679;999;0,615
31/01/2022;2022;1;9;0;407;45;1229;0;1682;0;93;40;254;0;0;296;77;686;1060;0,630
31/01/2022;2022;1;10;0;503;72;1239;0;1815;0;113;44;258;0;0;359;86;697;1142;0,629
31/01/2022;2022;1;11;0;529;40;1262;0;1831;0;118;28;263;0;0;376;54;711;1140;0,623
31/01/2022;2022;1;12;0;528;0;1264;0;1792;0;119;0;264;0;0;376;0;711;1087;0,607
31/01/2022;2022;1;13;0;527;0;1276;0;1803;0;118;0;266;0;0;375;0;718;1093;0,606
31/01/2022;2022;1;14;248;535;0;1292;0;2075;127;120;0;270;0;297;380;0;729;1407;0,678
31/01/2022;2022;1;15;247;539;4;1327;0;2118;127;121;8;281;0;297;384;16;759;1456;0,688
31/01/2022;2022;1;16;249;540;0;1363;0;2152;127;121;0;292;0;297;384;0;786;1467;0,682
31/01/2022;2022;1;17;249;544;0;1362;0;2155;128;122;0;291;0;300;386;0;785;1471;0,683
31/01/2022;2022;1;18;0;538;0;1356;0;1894;0;120;0;289;0;0;382;0;780;1162;0,614
31/01/2022;2022;1;19;0;526;1;1330;0;1857;0;118;3;282;0;0;375;7;761;1143;0,615
31/01/2022;2022;1;20;0;525;3;1291;0;1819;0;118;4;274;0;0;374;8;739;1120;0,616
31/01/2022;2022;1;21;0;528;0;1291;0;1820;0;118;3;272;0;0;376;5;734;1115;0,613
31/01/2022;2022;1;22;241;521;0;1277;0;2040;124;117;0;268;0;289;370;0;724;1383;0,678
31/01/2022;2022;1;23;240;160;190;1342;0;1932;124;41;63;285;0;289;131;123;768;1311;0,679
31/01/2022;2022;1;24;240;95;347;1097;0;1779;124;27;79;230;0;289;85;153;620;1148;0,645
01/02/2022;2022;2;1;237;96;497;992;0;1822;121;28;95;211;0;283;88;185;569;1125;0,618
01/02/2022;2022;2;2;236;96;495;1000;0;1828;121;28;95;210;0;283;88;184;568;1123;0,615
01/02/2022;2022;2;3;224;97;496;1005;0;1822;115;28;95;210;0;270;89;185;566;1109;0,609
01/02/2022;2022;2;4;197;96;494;1000;0;1787;105;28;95;208;0;245;88;186;561;1080;0,604
01/02/2022;2022;2;5;197;99;378;998;0;1671;105;28;84;208;0;244;90;163;560;1057;0,633
01/02/2022;2022;2;6;196;100;382;1007;0;1686;104;29;84;210;0;243;91;164;566;1064;0,631
01/02/2022;2022;2;7;193;97;437;1005;0;1732;103;28;91;209;0;240;88;177;564;1070;0,617
01/02/2022;2022;2;8;195;100;437;1017;0;1749;104;29;91;212;0;242;91;177;572;1082;0,619
01/02/2022;2022;2;9;193;100;449;1029;0;1772;103;29;96;215;0;240;91;186;581;1098;0,620
01/02/2022;2022;2;10;193;99;487;1039;0;1818;103;28;93;217;0;241;90;182;586;1098;0,604
01/02/2022;2022;2;11;196;112;489;1105;0;1903;104;31;92;232;0;244;99;180;625;1147;0,603
01/02/2022;2022;2;12;193;399;4;1249;0;1845;103;93;1;264;0;241;294;2;713;1250;0,678
01/02/2022;2022;2;13;200;466;6;1271;0;1942;106;108;4;272;0;247;341;8;734;1330;0,685
01/02/2022;2022;2;14;205;506;4;1377;0;2091;108;116;1;300;0;253;367;2;808;1430;0,684
01/02/2022;2022;2;15;205;575;4;1350;0;2134;108;130;1;294;0;253;411;2;793;1460;0,684
01/02/2022;2022;2;16;206;575;5;1401;0;2188;107;130;2;308;0;250;411;4;831;1497;0,684
01/02/2022;2022;2;17;214;575;4;1508;0;2301;112;130;1;338;0;261;412;2;911;1586;0,689
01/02/2022;2022;2;18;0;574;4;1508;0;2086;0;129;1;337;0;0;410;2;908;1321;0,633
01/02/2022;2022;2;19;0;573;4;1470;0;2048;0;129;1;328;0;0;410;2;885;1297;0,633
01/02/2022;2022;2;20;0;574;5;1380;0;1959;0;129;4;301;0;0;410;7;811;1229;0,627
01/02/2022;2022;2;21;247;574;7;1419;0;2247;126;129;7;311;0;294;410;14;838;1556;0,693
01/02/2022;2022;2;22;244;573;4;1488;0;2308;126;129;1;330;0;294;409;2;891;1597;0,692
01/02/2022;2022;2;23;246;564;6;1403;0;2219;127;127;12;308;0;297;403;23;830;1553;0,700
01/02/2022;2022;2;24;248;560;9;1337;0;2154;127;126;6;290;0;297;400;13;783;1493;0,693
02/02/2022;2022;2;1;0;558;3;1310;0;1872;0;125;1;283;0;0;395;2;764;1161;0,620
02/02/2022;2022;2;2;0;401;6;1348;0;1755;0;92;13;291;0;0;292;26;786;1104;0,629
02/02/2022;2022;2;3;242;118;3;1356;0;1719;125;33;1;293;0;293;103;2;791;1189;0,691
02/02/2022;2022;2;4;243;96;3;1303;0;1645;124;27;1;271;0;289;86;2;732;1109;0,675
02/02/2022;2022;2;5;0;97;3;1671;0;1771;0;27;1;353;0;0;86;2;951;1039;0,587
02/02/2022;2022;2;6;0;100;3;1712;0;1816;0;28;1;365;0;0;89;2;984;1075;0,592
02/02/2022;2022;2;7;0;97;3;1695;0;1795;0;27;1;363;0;0;87;2;978;1066;0,594
02/02/2022;2022;2;8;0;96;3;1707;0;1806;0;27;1;366;0;0;86;2;987;1075;0,595
02/02/2022;2022;2;9;0;95;3;1731;0;1830;0;27;4;368;0;0;85;8;994;1087;0,594
02/02/2022;2022;2;10;0;121;6;1703;0;1831;0;32;4;362;0;0;102;9;976;1087;0,594
02/02/2022;2022;2;11;0;394;7;1601;0;2001;0;89;5;377;0;0;283;9;1016;1308;0,653
02/02/2022;2022;2;12;0;511;3;1581;0;2096;0;116;1;383;0;0;367;2;1033;1401;0,669
02/02/2022;2022;2;13;0;515;6;1787;0;2307;0;117;5;434;0;0;370;9;1171;1551;0,672
02/02/2022;2022;2;14;0;550;37;1933;0;2520;0;124;28;478;0;0;393;55;1288;1736;0,689
02/02/2022;2022;2;15;0;502;5;1875;0;2382;0;115;5;484;0;0;363;9;1306;1678;0,705
02/02/2022;2022;2;16;0;517;3;2034;0;2555;0;117;1;526;0;0;372;2;1418;1792;0,702
02/02/2022;2022;2;17;0;516;3;1916;0;2435;0;117;1;502;0;0;372;2;1354;1727;0,709
02/02/2022;2022;2;18;0;364;0;1901;0;2265;0;86;0;508;0;0;273;0;1369;1643;0,725
02/02/2022;2022;2;19;0;441;3;1690;0;2134;0;102;1;453;0;0;323;2;1222;1547;0,725
02/02/2022;2022;2;20;0;462;3;1591;0;2057;0;106;1;437;0;0;337;2;1180;1518;0,738
02/02/2022;2022;2;21;0;346;3;1836;0;2185;0;83;1;489;0;0;262;2;1319;1583;0,725
02/02/2022;2022;2;22;0;360;3;1846;0;2209;0;85;1;499;0;0;271;2;1345;1618;0,732
02/02/2022;2022;2;23;0;503;6;1908;0;2417;0;114;5;498;0;0;362;9;1343;1714;0,709
02/02/2022;2022;2;24;0;484;5;1658;0;2146;0;110;5;410;0;0;350;10;1106;1466;0,683
03/02/2022;2022;2;1;0;436;68;1504;0;2007;0;98;40;350;0;0;312;78;945;1334;0,665
03/02/2022;2022;2;2;0;354;63;1659;0;2076;0;82;31;364;0;0;259;60;983;1302;0,627
03/02/2022;2022;2;3;0;310;67;1568;0;1946;0;73;31;339;0;0;230;61;914;1205;0,619
03/02/2022;2022;2;4;0;169;0;1526;0;1695;0;42;0;328;0;0;133;0;885;1018;0,601
03/02/2022;2022;2;5;0;99;4;1558;0;1660;0;27;11;333;0;0;85;21;899;1004;0,605
03/02/2022;2022;2;6;0;99;0;1536;0;1635;0;27;0;328;0;0;85;0;884;969;0,593
03/02/2022;2022;2;7;0;99;0;1516;0;1616;0;27;1;323;0;0;85;3;870;958;0,593
03/02/2022;2022;2;8;0;97;0;1535;0;1632;0;26;3;328;0;0;83;5;884;972;0,596
03/02/2022;2022;2;9;0;98;0;1632;0;1730;0;26;0;352;0;0;83;0;948;1032;0,596
03/02/2022;2022;2;10;0;136;0;1631;0;1768;0;34;0;352;0;0;108;0;948;1056;0,597
03/02/2022;2022;2;11;0;251;4;1705;0;1960;0;58;9;369;0;0;183;18;996;1197;0,611
03/02/2022;2022;2;12;0;439;0;1702;0;2141;0;97;0;366;0;0;308;0;988;1296;0,605
03/02/2022;2022;2;13;0;530;0;1389;0;1920;0;119;3;302;0;0;379;5;815;1198;0,624
03/02/2022;2022;2;14;0;525;2;1793;0;2320;0;117;1;388;0;0;370;2;1047;1419;0,612
03/02/2022;2022;2;15;0;513;9;1805;0;2328;0;115;3;392;0;0;363;6;1057;1426;0,613
03/02/2022;2022;2;16;0;521;0;1832;0;2353;0;116;0;400;0;0;368;0;1078;1446;0,614
03/02/2022;2022;2;17;0;534;1;1584;0;2119;0;119;4;371;0;0;377;7;1000;1384;0,653
03/02/2022;2022;2;18;0;538;3;1431;0;1972;0;120;4;347;0;0;380;8;937;1324;0,672
03/02/2022;2022;2;19;0;512;0;1361;0;1873;0;114;0;331;0;0;362;0;893;1255;0,670
03/02/2022;2022;2;20;0;461;0;1351;0;1811;0;104;0;338;0;0;330;0;910;1240;0,685
03/02/2022;2022;2;21;0;477;0;1444;0;1921;0;107;0;362;0;0;340;0;978;1317;0,686
03/02/2022;2022;2;22;0;425;0;1547;0;1973;0;97;0;402;0;0;306;0;1085;1391;0,705
03/02/2022;2022;2;23;0;445;2;1595;0;2042;0;101;14;401;0;0;319;27;1082;1428;0,699
03/02/2022;2022;2;24;0;476;0;1403;0;1878;0;107;0;327;0;0;338;0;881;1219;0,649
04/02/2022;2022;2;1;0;529;14;1274;0;1817;0;120;11;281;0;0;380;21;758;1159;0,638
04/02/2022;2022;2;2;0;348;4;1331;0;1683;0;83;1;297;0;0;264;3;801;1068;0,634
04/02/2022;2022;2;3;0;328;3;1354;0;1685;0;79;1;292;0;0;250;2;787;1039;0,617
04/02/2022;2022;2;4;0;288;3;1295;0;1586;0;71;1;276;0;0;225;2;745;972;0,612
04/02/2022;2022;2;5;0;231;3;1288;0;1523;0;59;1;275;0;0;188;2;741;931;0,611
04/02/2022;2022;2;6;0;231;3;1591;0;1826;0;59;1;333;0;0;188;2;898;1089;0,596
04/02/2022;2022;2;7;0;231;3;1582;0;1816;0;59;1;330;0;0;189;2;890;1081;0,595
04/02/2022;2022;2;8;0;230;3;1583;0;1817;0;59;1;330;0;0;188;2;891;1081;0,595
04/02/2022;2022;2;9;0;231;3;1688;0;1922;0;60;1;363;0;0;189;2;980;1171;0,609
04/02/2022;2022;2;10;0;346;3;1461;0;1811;0;84;1;329;0;0;265;2;887;1154;0,637
04/02/2022;2022;2;11;0;511;3;1262;0;1777;0;117;1;289;0;0;370;2;779;1151;0,648
04/02/2022;2022;2;12;0;528;3;1349;0;1880;0;120;1;305;0;0;381;2;823;1206;0,641
04/02/2022;2022;2;13;0;527;3;1438;0;1969;0;120;1;328;0;0;380;2;884;1267;0,643
04/02/2022;2022;2;14;0;526;38;1512;0;2076;0;120;16;344;0;0;380;30;929;1339;0,645
04/02/2022;2022;2;15;0;524;3;1706;0;2233;0;119;1;403;0;0;378;2;1087;1468;0,657
04/02/2022;2022;2;16;0;468;108;1395;0;1971;0;105;31;341;0;0;333;60;920;1313;0,666
04/02/2022;2022;2;17;0;472;110;1663;0;2245;0;106;31;391;0;0;336;61;1055;1453;0,647
04/02/2022;2022;2;18;0;468;111;1436;0;2015;0;105;34;327;0;0;333;66;881;1280;0,636
04/02/2022;2022;2;19;0;445;100;1373;0;1918;0;100;34;313;0;0;318;66;843;1227;0,640
04/02/2022;2022;2;20;0;397;48;1399;0;1845;0;90;14;321;0;0;284;28;866;1178;0,639
04/02/2022;2022;2;21;0;432;71;1494;0;1997;0;96;22;342;0;0;305;42;923;1271;0,636
04/02/2022;2022;2;22;0;448;85;1359;0;1892;0;100;24;336;0;0;317;47;907;1272;0,672
04/02/2022;2022;2;23;0;364;49;1530;0;1944;0;82;20;354;0;0;259;39;955;1254;0,645
04/02/2022;2022;2;24;0;104;50;1741;0;1895;0;29;23;387;0;0;91;44;1043;1179;0,622
05/02/2022;2022;2;1;0;106;54;1569;0;1730;0;31;39;353;0;0;98;76;952;1126;0,651
05/02/2022;2022;2;2;0;105;7;1492;0;1604;0;31;22;318;0;0;97;43;859;999;0,623
05/02/2022;2022;2;3;0;105;24;1465;0;1593;0;31;24;314;0;0;97;47;847;992;0,622
05/02/2022;2022;2;4;0;106;24;1299;0;1429;0;31;24;278;0;0;98;47;749;895;0,626
05/02/2022;2022;2;5;0;104;24;1267;0;1395;0;30;25;271;0;0;97;48;732;876;0,628
05/02/2022;2022;2;6;0;104;24;1508;0;1635;0;30;25;315;0;0;96;50;851;997;0,610
05/02/2022;2022;2;7;0;106;116;1219;0;1441;0;31;41;251;0;0;98;80;676;854;0,593
05/02/2022;2022;2;8;0;106;509;746;0;1361;0;31;122;160;0;0;98;238;432;769;0,565
05/02/2022;2022;2;9;0;106;501;794;0;1401;0;31;116;170;0;0;98;225;458;781;0,558
05/02/2022;2022;2;10;0;132;510;925;0;1567;0;37;117;188;0;0;117;227;506;850;0,542
05/02/2022;2022;2;11;0;197;625;953;0;1774;0;52;121;201;0;0;166;236;541;942;0,531
05/02/2022;2022;2;12;0;197;628;793;0;1618;0;52;119;166;0;0;166;232;449;847;0,523
05/02/2022;2022;2;13;0;212;719;833;0;1764;0;56;134;173;0;0;178;261;466;905;0,513
05/02/2022;2022;2;14;0;201;771;786;0;1758;0;54;140;168;0;0;170;273;454;898;0,511
05/02/2022;2022;2;15;0;172;777;585;0;1534;0;47;142;124;0;0;149;277;335;761;0,496
05/02/2022;2022;2;16;0;172;777;587;0;1536;0;47;142;125;0;0;149;277;336;762;0,496
05/02/2022;2022;2;17;0;173;750;587;0;1510;0;47;142;125;0;0;149;277;336;762;0,504
05/02/2022;2022;2;18;0;173;746;589;0;1509;0;47;149;125;0;0;150;290;338;777;0,515
05/02/2022;2022;2;19;0;173;798;582;0;1553;0;47;162;124;0;0;149;315;334;799;0,514
05/02/2022;2022;2;20;0;173;921;580;0;1674;0;47;195;124;0;0;150;380;334;864;0,516
05/02/2022;2022;2;21;0;173;963;579;0;1716;0;47;197;124;0;0;150;384;334;868;0,506
05/02/2022;2022;2;22;0;173;969;578;0;1720;0;47;196;124;0;0;150;382;334;865;0,503
05/02/2022;2022;2;23;0;173;842;572;0;1586;0;47;185;122;0;0;149;361;330;840;0,530
05/02/2022;2022;2;24;0;172;681;569;0;1422;0;47;168;122;0;0;149;326;328;804;0,565
06/02/2022;2022;2;1;0;180;724;562;0;1466;0;51;172;120;0;0;163;336;325;823;0,562
06/02/2022;2022;2;2;0;142;713;454;0;1309;0;41;171;100;0;0;130;333;269;732;0,559
06/02/2022;2022;2;3;0;104;736;449;0;1289;0;32;180;98;0;0;101;351;265;718;0,557
06/02/2022;2022;2;4;0;106;743;448;0;1298;0;32;179;98;0;0;102;350;265;717;0,552
06/02/2022;2022;2;5;0;105;736;448;0;1288;0;32;173;98;0;0;101;338;265;704;0,546
06/02/2022;2022;2;6;0;104;756;448;0;1308;0;32;176;98;0;0;101;342;265;708;0,541
06/02/2022;2022;2;7;0;102;708;444;0;1254;0;31;147;98;0;0;99;286;264;650;0,518
06/02/2022;2022;2;8;0;104;660;420;0;1184;0;32;140;93;0;0;101;273;250;624;0,527
06/02/2022;2022;2;9;0;104;687;459;0;1250;0;32;143;101;0;0;101;279;272;652;0,522
06/02/2022;2022;2;10;0;103;779;482;0;1364;0;32;181;107;0;0;100;354;287;741;0,543
06/02/2022;2022;2;11;0;105;731;497;0;1333;0;32;153;110;0;0;102;297;297;695;0,522
06/02/2022;2022;2;12;0;104;732;507;0;1343;0;32;150;112;0;0;101;292;302;695;0,517
06/02/2022;2022;2;13;0;102;720;508;0;1331;0;31;147;112;0;0;100;287;302;689;0,518
06/02/2022;2022;2;14;0;103;724;515;0;1341;0;31;149;113;0;0;100;291;304;695;0,518
06/02/2022;2022;2;15;0;101;717;520;0;1338;0;31;148;114;0;0;99;289;308;696;0,520
06/02/2022;2022;2;16;0;102;724;521;0;1347;0;31;149;115;0;0;100;290;309;698;0,518
06/02/2022;2022;2;17;0;102;726;521;0;1349;0;31;149;114;0;0;100;291;309;699;0,518
06/02/2022;2022;2;18;0;102;727;521;0;1350;0;31;149;114;0;0;99;290;308;698;0,517
06/02/2022;2022;2;19;0;103;732;494;0;1330;0;32;150;108;0;0;100;292;292;684;0,515
06/02/2022;2022;2;20;0;103;888;553;0;1545;0;32;172;118;0;0;100;336;318;754;0,488
06/02/2022;2022;2;21;0;103;1001;568;0;1672;0;32;186;120;0;0;100;363;324;788;0,471
06/02/2022;2022;2;22;0;103;997;566;0;1666;0;31;187;120;0;0;100;364;324;788;0,473
06/02/2022;2022;2;23;0;103;1002;565;0;1670;0;32;188;120;0;0;100;366;324;790;0,473
06/02/2022;2022;2;24;0;104;1005;565;0;1674;0;32;187;120;0;0;101;365;324;790;0,472
07/02/2022;2022;2;1;0;105;679;563;0;1347;0;30;127;120;0;0;95;247;324;666;0,494
07/02/2022;2022;2;2;0;106;645;515;0;1266;0;30;135;112;0;0;95;263;302;660;0,521
07/02/2022;2022;2;3;0;106;635;476;0;1217;0;30;133;104;0;0;95;258;282;636;0,522
07/02/2022;2022;2;4;0;107;609;475;0;1192;0;30;127;104;0;0;96;248;282;626;0,525
07/02/2022;2022;2;5;0;107;605;477;0;1188;0;30;124;105;0;0;96;241;282;619;0,521
07/02/2022;2022;2;6;0;107;651;478;0;1236;0;30;142;105;0;0;96;277;282;656;0,531
07/02/2022;2022;2;7;0;104;680;478;0;1261;0;30;150;105;0;0;94;291;282;667;0,529
07/02/2022;2022;2;8;52;103;687;477;0;1320;29;30;142;105;0;67;94;276;282;719;0,544
07/02/2022;2022;2;9;74;103;712;488;0;1377;40;30;151;107;0;92;94;295;289;770;0,559
07/02/2022;2022;2;10;75;105;761;549;0;1489;40;30;176;119;0;93;95;342;320;851;0,571
07/02/2022;2022;2;11;77;107;770;573;0;1527;42;30;170;123;0;97;97;331;333;858;0,562
07/02/2022;2022;2;12;108;103;787;579;0;1577;56;30;178;124;0;131;94;346;336;906;0,575
07/02/2022;2022;2;13;183;128;683;729;0;1724;96;35;142;173;0;224;113;277;468;1082;0,627
07/02/2022;2022;2;14;175;122;716;604;0;1617;91;34;152;127;0;213;109;295;344;960;0,594
07/02/2022;2022;2;15;184;115;750;622;0;1669;96;33;163;136;0;223;104;318;366;1012;0,606
07/02/2022;2022;2;16;187;111;729;637;0;1664;97;31;155;139;0;227;99;302;376;1003;0,603
07/02/2022;2022;2;17;190;204;642;638;0;1673;99;55;126;139;0;230;173;245;376;1024;0,612
07/02/2022;2022;2;18;190;391;432;636;0;1648;98;102;79;139;0;230;324;155;374;1083;0,657
07/02/2022;2022;2;19;212;475;445;610;0;1742;111;121;89;132;0;259;385;174;355;1172;0,673
07/02/2022;2022;2;20;206;528;442;599;0;1775;106;131;85;128;0;248;417;165;346;1175;0,662
07/02/2022;2022;2;21;187;532;438;592;0;1748;95;132;83;127;0;223;420;162;341;1147;0,656
07/02/2022;2022;2;22;187;534;447;585;0;1752;95;133;88;125;0;223;421;171;338;1152;0,658
07/02/2022;2022;2;23;187;503;460;603;0;1753;95;126;101;129;0;223;400;197;349;1169;0,667
07/02/2022;2022;2;24;206;232;766;627;0;1831;106;65;154;137;0;248;206;301;369;1123;0,613
08/02/2022;2022;2;1;230;189;735;539;0;1693;119;54;143;116;0;278;172;279;314;1042;0,616
08/02/2022;2022;2;2;223;196;684;481;0;1582;115;56;146;105;0;270;176;285;283;1015;0,641
08/02/2022;2022;2;3;220;196;577;479;0;1473;114;56;122;105;0;267;177;238;283;965;0,656
08/02/2022;2022;2;4;215;194;604;486;0;1499;112;55;130;106;0;261;175;252;287;976;0,651
08/02/2022;2022;2;5;215;192;604;482;0;1492;111;55;130;105;0;260;174;252;284;971;0,650
08/02/2022;2022;2;6;220;209;399;506;0;1334;114;59;87;110;0;267;186;169;296;918;0,688
08/02/2022;2022;2;7;220;329;364;557;0;1470;114;86;78;120;0;267;273;152;323;1015;0,690
08/02/2022;2022;2;8;222;337;379;558;0;1495;115;88;76;120;0;270;280;149;323;1021;0,683
08/02/2022;2022;2;9;226;384;377;567;0;1555;118;99;79;122;0;275;316;153;329;1073;0,690
08/02/2022;2022;2;10;219;428;384;569;0;1601;114;111;83;125;0;267;351;163;336;1116;0,697
08/02/2022;2022;2;11;214;426;373;582;0;1595;111;110;76;125;0;260;349;147;337;1093;0,685
08/02/2022;2022;2;12;205;428;448;591;0;1672;107;110;92;127;0;250;350;179;342;1121;0,671
08/02/2022;2022;2;13;197;593;468;599;0;1857;103;152;102;133;0;241;481;199;358;1279;0,689
08/02/2022;2022;2;14;193;641;457;686;0;1977;103;161;91;159;0;240;510;177;428;1355;0,686
08/02/2022;2022;2;15;180;679;477;715;0;2050;94;169;99;165;0;220;535;193;444;1392;0,679
08/02/2022;2022;2;16;188;715;456;742;0;2100;98;176;85;171;0;228;557;167;460;1412;0,672
08/02/2022;2022;2;17;190;660;459;812;0;2121;98;163;87;197;0;228;517;169;531;1445;0,681
08/02/2022;2022;2;18;215;764;2;798;0;1779;112;187;1;192;0;261;595;1;518;1376;0,773
08/02/2022;2022;2;19;224;782;2;735;0;1743;115;192;1;172;0;270;609;1;465;1344;0,771
08/02/2022;2022;2;20;228;781;2;720;0;1730;117;191;1;169;0;272;607;1;455;1336;0,772
08/02/2022;2022;2;21;236;778;30;748;0;1792;122;191;15;178;0;286;605;29;481;1402;0,782
08/02/2022;2022;2;22;260;780;6;891;0;1937;133;191;7;204;0;311;607;14;549;1481;0,764
08/02/2022;2022;2;23;266;782;7;898;0;1953;135;191;9;204;0;316;607;17;550;1491;0,763
08/02/2022;2022;2;24;265;660;2;965;0;1892;135;166;1;219;0;316;528;1;590;1436;0,759
09/02/2022;2022;2;1;263;526;4;913;0;1706;134;140;1;196;0;314;443;2;529;1288;0,755
09/02/2022;2022;2;2;264;309;380;890;0;1843;135;99;79;191;0;316;315;155;515;1301;0,706
09/02/2022;2022;2;3;264;247;379;894;0;1783;135;68;81;192;0;316;214;159;517;1206;0,676
09/02/2022;2022;2;4;256;250;377;892;0;1774;131;68;76;191;0;305;214;148;516;1183;0,667
09/02/2022;2022;2;5;254;254;3;894;0;1404;131;68;1;191;0;305;215;2;516;1039;0,739
09/02/2022;2022;2;6;257;251;3;889;0;1401;132;67;1;191;0;308;212;2;514;1036;0,740
09/02/2022;2022;2;7;252;250;3;890;0;1396;130;68;1;191;0;303;215;2;514;1034;0,741
09/02/2022;2022;2;8;255;250;376;891;0;1771;131;68;78;191;0;305;217;152;516;1190;0,672
09/02/2022;2022;2;9;255;246;391;897;0;1789;131;68;80;193;0;305;216;156;520;1198;0,670
09/02/2022;2022;2;10;253;254;453;925;0;1885;130;68;95;199;0;303;215;185;538;1240;0,658
09/02/2022;2022;2;11;258;397;464;932;0;2050;132;102;94;200;0;308;324;183;541;1356;0,661
09/02/2022;2022;2;12;258;494;466;938;0;2155;132;128;97;201;0;308;405;189;542;1443;0,670
09/02/2022;2022;2;13;257;655;4;934;0;1850;132;162;1;200;0;308;515;2;540;1365;0,738
09/02/2022;2022;2;14;257;741;7;966;0;1971;132;181;13;209;0;308;573;25;563;1469;0,745
09/02/2022;2022;2;15;260;794;5;1048;0;2106;133;193;3;232;0;311;613;5;626;1555;0,738
09/02/2022;2022;2;16;259;851;4;1076;0;2190;133;209;1;242;0;311;662;2;652;1627;0,743
09/02/2022;2022;2;17;265;839;4;1081;0;2188;135;202;1;243;0;316;642;2;655;1616;0,739
09/02/2022;2022;2;18;0;856;4;1106;0;1966;0;209;1;260;0;0;663;2;700;1366;0,695
09/02/2022;2022;2;19;0;856;4;1113;0;1973;0;209;1;259;0;0;664;2;698;1364;0,691
09/02/2022;2022;2;20;0;860;4;1063;0;1927;0;209;1;245;0;0;663;2;659;1325;0,688
09/02/2022;2022;2;21;0;859;4;1044;0;1907;0;208;1;240;0;0;661;2;646;1309;0,686
09/02/2022;2022;2;22;263;856;4;1049;0;2172;135;208;1;242;0;316;661;2;651;1631;0,751
09/02/2022;2022;2;23;0;843;6;1143;0;1992;0;205;5;260;0;0;651;10;702;1363;0,684
09/02/2022;2022;2;24;258;641;4;1102;0;2005;133;163;1;240;0;311;518;2;648;1479;0,738
10/02/2022;2022;2;1;255;419;42;1000;0;1716;131;111;21;217;0;305;352;40;586;1283;0,748
10/02/2022;2022;2;2;260;296;209;1034;0;1799;133;83;44;222;0;311;263;85;598;1257;0,699
10/02/2022;2022;2;3;262;286;0;1048;0;1596;134;81;0;226;0;314;256;0;608;1178;0,738
10/02/2022;2022;2;4;259;280;0;1056;0;1595;133;79;0;229;0;311;252;0;617;1180;0,739
10/02/2022;2022;2;5;229;290;0;983;0;1501;118;81;0;215;0;275;259;0;579;1113;0,741
10/02/2022;2022;2;6;223;291;0;977;0;1491;115;82;0;214;0;270;259;0;577;1105;0,741
10/02/2022;2022;2;7;207;282;209;994;0;1692;109;80;47;214;0;256;253;91;577;1177;0,695
10/02/2022;2022;2;8;244;284;0;1014;0;1542;125;80;0;218;0;292;254;0;589;1135;0,736
10/02/2022;2022;2;9;266;292;0;1127;0;1685;137;82;0;243;0;319;260;0;655;1234;0,732
10/02/2022;2022;2;10;266;283;3;1132;0;1684;137;80;3;244;0;319;253;7;657;1236;0,734
10/02/2022;2022;2;11;267;301;0;1226;0;1795;137;84;0;261;0;319;266;0;703;1288;0,718
10/02/2022;2022;2;12;0;556;0;1277;0;1833;0;138;0;270;0;0;437;0;729;1166;0,636
10/02/2022;2022;2;13;0;814;0;1244;0;2058;0;196;0;265;0;0;620;0;714;1334;0,648
10/02/2022;2022;2;14;0;825;0;1287;0;2112;0;198;0;276;0;0;628;0;743;1372;0,649
10/02/2022;2022;2;15;0;823;0;1299;0;2122;0;198;0;283;0;0;627;0;763;1390;0,655
10/02/2022;2022;2;16;0;830;27;1322;0;2180;0;199;9;301;0;0;631;18;812;1462;0,671
10/02/2022;2022;2;17;0;830;0;1489;0;2319;0;199;0;346;0;0;632;0;933;1565;0,675
10/02/2022;2022;2;18;0;830;0;1277;0;2108;0;199;0;299;0;0;631;0;806;1437;0,682
10/02/2022;2022;2;19;0;829;0;1142;0;1970;0;199;0;267;0;0;630;0;719;1350;0,685
10/02/2022;2022;2;20;0;828;0;1065;0;1893;0;199;0;246;0;0;630;0;663;1293;0,683
10/02/2022;2022;2;21;0;843;0;1216;0;2059;0;202;0;266;0;0;641;0;717;1358;0,659
10/02/2022;2022;2;22;0;920;0;1134;0;2054;0;220;0;262;0;0;699;0;706;1405;0,684
10/02/2022;2022;2;23;0;921;0;1081;0;2002;0;219;0;244;0;0;695;0;659;1354;0,676
10/02/2022;2022;2;24;0;877;0;1206;0;2084;0;208;0;259;0;0;660;0;698;1358;0,652
11/02/2022;2022;2;1;0;767;0;1134;0;1902;0;186;0;245;0;0;588;0;661;1250;0,657
11/02/2022;2022;2;2;0;614;0;1190;0;1805;0;155;0;258;0;0;491;0;697;1188;0,658
11/02/2022;2022;2;3;0;595;0;1072;0;1667;0;151;0;229;0;0;478;0;619;1097;0,658
11/02/2022;2022;2;4;0;600;0;1071;0;1671;0;152;0;229;0;0;482;0;619;1100;0,659
11/02/2022;2022;2;5;0;599;0;1060;0;1659;0;152;0;226;0;0;481;0;610;1092;0,658
11/02/2022;2022;2;6;0;598;0;1053;0;1651;0;151;0;225;0;0;480;0;606;1086;0,658
11/02/2022;2022;2;7;0;598;0;1053;0;1652;0;152;0;225;0;0;481;0;607;1088;0,659
11/02/2022;2022;2;8;0;635;0;1065;0;1700;0;161;0;229;0;0;509;0;617;1126;0,663
11/02/2022;2022;2;9;0;654;0;1095;0;1749;0;166;0;236;0;0;525;0;637;1162;0,665
11/02/2022;2022;2;10;0;653;0;1103;0;1756;0;165;1;238;0;0;524;3;642;1169;0,666
11/02/2022;2022;2;11;0;782;0;1251;0;2034;0;193;0;285;0;0;611;0;768;1379;0,678
11/02/2022;2022;2;12;0;872;0;991;0;1863;0;211;0;230;0;0;671;0;620;1291;0,693
11/02/2022;2022;2;13;0;878;0;1293;0;2171;0;213;0;294;0;0;674;0;794;1468;0,676
11/02/2022;2022;2;14;0;880;0;1305;0;2185;0;213;0;303;0;0;675;0;817;1492;0,683
11/02/2022;2022;2;15;0;776;0;1390;0;2166;0;191;0;325;0;0;605;0;878;1483;0,685
11/02/2022;2022;2;16;0;592;0;1293;0;1886;0;149;1;297;0;0;474;1;800;1275;0,676
11/02/2022;2022;2;17;0;561;0;1283;0;1845;0;140;0;295;0;0;443;0;796;1239;0,672
11/02/2022;2022;2;18;0;465;0;1220;0;1686;0;117;0;273;0;0;370;0;737;1108;0,657
11/02/2022;2022;2;19;254;206;2;1238;0;1699;132;54;2;273;0;308;170;4;736;1217;0,716
11/02/2022;2022;2;20;255;178;0;1211;0;1644;132;47;0;266;0;308;151;0;716;1175;0,715
11/02/2022;2022;2;21;254;178;185;1205;0;1822;132;48;40;265;0;308;151;77;714;1250;0,686
11/02/2022;2022;2;22;258;175;549;983;0;1965;132;47;125;214;0;308;148;244;576;1277;0,650
11/02/2022;2022;2;23;258;175;251;929;0;1613;133;47;67;204;0;311;149;131;551;1141;0,708
11/02/2022;2022;2;24;258;178;286;829;0;1551;133;47;82;188;0;311;150;160;506;1127;0,727
12/02/2022;2022;2;1;256;178;381;694;0;1509;131;53;75;152;0;305;167;145;411;1029;0,682
12/02/2022;2022;2;2;257;180;407;605;0;1449;131;53;86;133;0;305;169;168;359;1001;0,691
12/02/2022;2022;2;3;257;172;376;596;0;1400;131;51;75;131;0;305;163;146;354;968;0,691
12/02/2022;2022;2;4;253;181;383;584;0;1400;131;53;75;126;0;305;169;146;339;959;0,685
12/02/2022;2022;2;5;255;181;383;546;0;1365;131;53;75;119;0;305;170;146;320;941;0,689
12/02/2022;2022;2;6;258;181;383;547;0;1369;132;54;75;119;0;308;170;146;320;944;0,690
12/02/2022;2022;2;7;255;180;384;547;0;1366;131;53;72;119;0;305;169;140;320;934;0,683
12/02/2022;2022;2;8;257;177;394;545;0;1373;131;53;79;118;0;305;167;154;317;943;0,687
12/02/2022;2022;2;9;258;177;392;553;0;1381;132;53;77;120;0;308;167;149;323;947;0,685
12/02/2022;2022;2;10;257;179;416;559;0;1410;132;53;90;121;0;308;168;175;327;978;0,693
12/02/2022;2022;2;11;254;180;428;554;0;1416;132;53;95;120;0;308;169;184;325;986;0,696
12/02/2022;2022;2;12;190;182;498;558;0;1427;99;54;125;122;0;231;170;244;328;973;0,682
12/02/2022;2022;2;13;194;178;698;559;0;1629;100;53;157;122;0;234;167;306;328;1035;0,635
12/02/2022;2022;2;14;196;178;468;568;0;1410;101;53;108;124;0;237;167;210;336;950;0,674
12/02/2022;2022;2;15;196;180;430;575;0;1381;101;53;91;126;0;237;169;177;341;923;0,668
12/02/2022;2022;2;16;198;179;430;579;0;1386;102;53;91;127;0;239;168;177;343;928;0,669
12/02/2022;2022;2;17;198;179;430;583;0;1390;103;53;94;128;0;241;168;182;345;935;0,673
12/02/2022;2022;2;18;198;172;433;577;0;1380;102;51;97;127;0;239;163;189;341;933;0,676
12/02/2022;2022;2;19;200;178;413;575;0;1366;102;53;86;126;0;239;167;168;339;913;0,669
12/02/2022;2022;2;20;200;181;415;576;0;1372;102;53;84;126;0;239;169;163;339;911;0,664
12/02/2022;2022;2;21;199;180;703;575;0;1657;102;53;154;125;0;239;169;300;338;1046;0,631
12/02/2022;2022;2;22;231;177;681;573;0;1663;119;53;150;125;0;278;167;292;337;1074;0,646
12/02/2022;2022;2;23;258;0;658;542;0;1458;132;0;140;118;0;308;0;273;318;899;0,617
12/02/2022;2022;2;24;260;0;649;505;0;1413;133;0;135;109;0;311;0;263;295;868;0,614
13/02/2022;2022;2;1;263;0;627;502;0;1393;135;0;123;110;0;316;0;240;296;852;0,612
13/02/2022;2022;2;2;263;0;619;498;0;1380;135;0;124;108;0;316;0;241;293;850;0,616
13/02/2022;2022;2;3;263;0;585;495;0;1343;135;0;114;108;0;316;0;221;291;828;0,617
13/02/2022;2022;2;4;263;0;605;497;0;1365;135;0;121;108;0;316;0;235;292;843;0,618
13/02/2022;2022;2;5;262;0;387;496;0;1145;135;0;73;108;0;316;0;142;292;749;0,655
13/02/2022;2022;2;6;265;0;387;497;0;1149;135;0;73;108;0;316;0;142;292;750;0,653
13/02/2022;2022;2;7;243;0;386;500;0;1128;126;0;73;109;0;294;0;142;294;730;0,647
13/02/2022;2022;2;8;204;0;395;506;0;1105;108;0;80;111;0;252;0;156;298;706;0,639
13/02/2022;2022;2;9;205;0;398;514;0;1117;108;0;79;113;0;253;0;154;304;711;0,636
13/02/2022;2022;2;10;205;0;647;516;0;1368;108;0;136;114;0;253;0;265;307;824;0,603
13/02/2022;2022;2;11;228;0;637;521;0;1386;118;0;138;115;0;275;0;269;310;854;0,617
13/02/2022;2022;2;12;250;0;639;522;0;1411;130;0;134;115;0;303;0;261;311;874;0,620
13/02/2022;2022;2;13;250;0;639;522;0;1410;130;0;134;115;0;303;0;261;311;874;0,620
13/02/2022;2022;2;14;253;0;641;524;0;1417;131;0;135;116;0;305;0;263;312;880;0,621
13/02/2022;2022;2;15;252;0;637;524;0;1413;131;0;133;116;0;305;0;260;312;877;0,621
13/02/2022;2022;2;16;252;0;652;525;0;1429;131;0;137;116;0;305;0;267;312;884;0,619
13/02/2022;2022;2;17;257;0;661;517;0;1435;132;0;140;114;0;308;0;273;307;888;0,619
13/02/2022;2022;2;18;255;0;729;521;0;1504;132;0;168;115;0;308;0;326;309;944;0,627
13/02/2022;2022;2;19;250;0;708;514;0;1472;130;0;158;113;0;303;0;308;304;914;0,621
13/02/2022;2022;2;20;253;0;635;519;0;1407;130;0;128;113;0;303;0;249;306;857;0,610
13/02/2022;2022;2;21;257;0;894;591;0;1741;132;0;200;127;0;308;0;389;343;1040;0,597
13/02/2022;2022;2;22;254;0;814;596;0;1664;132;0;163;128;0;308;0;317;346;971;0,584
13/02/2022;2022;2;23;248;0;673;601;0;1523;128;0;144;130;0;300;0;280;350;929;0,610
13/02/2022;2022;2;24;248;0;602;602;0;1452;128;0;121;130;0;300;0;236;351;887;0,611
14/02/2022;2022;2;1;249;0;701;522;0;1472;129;0;182;113;0;301;0;355;306;962;0,654
14/02/2022;2022;2;2;250;0;580;497;0;1327;127;0;141;108;0;298;0;275;291;864;0,651
14/02/2022;2022;2;3;250;176;485;498;0;1409;128;47;106;108;0;298;149;206;292;945;0,670
14/02/2022;2022;2;4;250;175;496;499;0;1420;127;46;131;109;0;298;147;255;293;993;0,699
14/02/2022;2022;2;5;248;173;486;499;0;1406;127;46;106;109;0;298;146;207;293;944;0,671
14/02/2022;2022;2;6;234;171;525;502;0;1432;120;46;122;108;0;281;145;238;292;956;0,668
14/02/2022;2022;2;7;240;175;498;518;0;1431;124;47;130;113;0;289;148;253;304;994;0,694
14/02/2022;2022;2;8;252;175;264;748;0;1439;130;47;57;160;0;303;148;112;432;994;0,691
14/02/2022;2022;2;9;257;168;74;925;0;1425;131;45;32;198;0;306;143;63;534;1046;0,734
14/02/2022;2022;2;10;253;169;25;1119;0;1566;131;45;45;235;0;306;144;87;633;1169;0,746
14/02/2022;2022;2;11;254;182;98;1091;0;1624;130;50;35;242;0;303;157;69;654;1183;0,728
14/02/2022;2022;2;12;253;276;173;954;0;1655;129;69;50;198;0;300;220;98;533;1152;0,696
14/02/2022;2022;2;13;261;676;6;1002;0;1945;132;159;8;221;0;309;505;16;595;1425;0,733
14/02/2022;2022;2;14;0;824;0;1059;0;1883;0;199;0;236;0;0;631;0;637;1268;0,673
14/02/2022;2022;2;15;0;881;0;1059;0;1941;0;212;0;239;0;0;674;0;645;1319;0,679
14/02/2022;2022;2;16;0;905;0;1065;0;1970;0;218;0;241;0;0;690;0;650;1340;0,680
14/02/2022;2022;2;17;0;906;0;1072;0;1978;0;218;0;242;0;0;691;0;653;1344;0,680
14/02/2022;2022;2;18;0;898;1;1087;0;1986;0;216;3;243;0;0;685;5;656;1346;0,678
14/02/2022;2022;2;19;0;897;1;1167;0;2065;0;216;3;261;0;0;684;7;704;1395;0,675
14/02/2022;2022;2;20;0;910;0;871;0;1781;0;219;0;202;0;0;694;0;544;1238;0,695
14/02/2022;2022;2;21;0;912;0;1176;0;2088;0;219;0;262;0;0;696;0;707;1402;0,672
14/02/2022;2022;2;22;0;911;0;1042;0;1954;0;219;4;218;0;0;694;7;588;1290;0,660
14/02/2022;2022;2;23;0;847;4;1136;0;1987;0;206;7;241;0;0;653;14;651;1317;0,663
14/02/2022;2022;2;24;0;792;0;992;0;1785;0;194;0;220;0;0;616;0;595;1211;0,678
15/02/2022;2022;2;1;0;565;0;1071;0;1635;0;143;0;229;0;0;452;0;618;1071;0,655
15/02/2022;2022;2;2;0;329;0;1261;0;1590;0;91;0;268;0;0;290;0;722;1012;0,637
15/02/2022;2022;2;3;0;325;0;1322;0;1647;0;91;0;283;0;0;287;0;763;1050;0,638
15/02/2022;2022;2;4;0;325;0;1323;0;1648;0;91;0;282;0;0;287;0;761;1049;0,636
15/02/2022;2022;2;5;0;329;0;1331;0;1660;0;91;0;284;0;0;290;0;766;1056;0,636
15/02/2022;2022;2;6;0;328;0;1339;0;1667;0;91;0;287;0;0;289;0;773;1062;0,637
15/02/2022;2022;2;7;0;326;6;1374;0;1705;0;91;9;292;0;0;288;18;786;1092;0,641
15/02/2022;2022;2;8;0;325;1;1361;0;1687;0;91;1;291;0;0;287;2;785;1074;0,637
15/02/2022;2022;2;9;0;325;25;1456;0;1806;0;91;25;326;0;0;287;49;878;1215;0,673
15/02/2022;2022;2;10;0;356;1;1521;0;1879;0;100;9;348;0;0;316;17;938;1271;0,677
15/02/2022;2022;2;11;0;727;4;1339;0;2070;0;178;5;309;0;0;566;10;833;1409;0,681
15/02/2022;2022;2;12;0;651;0;1233;0;1884;0;164;0;339;0;0;522;0;915;1436;0,763
15/02/2022;2022;2;13;0;675;0;1282;0;1958;0;170;0;355;0;0;540;0;957;1497;0,765
15/02/2022;2022;2;14;0;721;0;1365;0;2086;0;181;0;374;0;0;573;0;1009;1582;0,758
15/02/2022;2022;2;15;0;752;0;1410;0;2163;0;187;0;387;0;0;595;0;1043;1637;0,757
15/02/2022;2022;2;16;0;754;0;1425;0;2180;0;188;0;392;0;0;596;0;1057;1653;0,758
15/02/2022;2022;2;17;0;764;0;1431;0;2195;0;190;0;395;0;0;602;0;1064;1666;0,759
15/02/2022;2022;2;18;0;747;0;1412;0;2159;0;186;0;387;0;0;591;0;1043;1634;0,757
15/02/2022;2022;2;19;0;723;0;1340;0;2063;0;181;0;369;0;0;575;0;996;1571;0,761
15/02/2022;2022;2;20;0;712;0;1300;0;2012;0;179;1;359;0;0;567;3;969;1539;0,765
15/02/2022;2022;2;21;0;733;0;1402;0;2135;0;183;0;384;0;0;582;0;1036;1618;0,758
15/02/2022;2022;2;22;0;717;0;1413;0;2130;0;180;0;383;0;0;570;0;1034;1604;0,753
15/02/2022;2022;2;23;0;765;7;1293;0;2065;0;190;11;356;0;0;602;21;960;1583;0,767
15/02/2022;2022;2;24;0;787;3;1199;0;1989;0;194;4;301;0;0;614;7;811;1432;0,720
16/02/2022;2022;2;1;0;445;0;1671;0;2116;0;118;0;397;0;0;375;0;1070;1444;0,682
16/02/2022;2022;2;2;0;325;0;1460;0;1785;0;92;0;350;0;0;293;0;943;1236;0,692
16/02/2022;2022;2;3;0;327;0;1397;0;1724;0;93;0;330;0;0;294;0;889;1183;0,686
16/02/2022;2022;2;4;0;329;0;1334;0;1663;0;93;0;306;0;0;295;0;827;1122;0,674
16/02/2022;2022;2;5;0;329;0;1333;0;1661;0;93;0;306;0;0;295;0;825;1120;0,674
16/02/2022;2022;2;6;0;324;0;1324;0;1648;0;92;0;305;0;0;292;0;822;1114;0,676
16/02/2022;2022;2;7;0;325;0;1331;0;1657;0;92;0;304;0;0;293;0;820;1114;0,672
16/02/2022;2022;2;8;0;328;0;1342;0;1670;0;93;0;307;0;0;295;0;828;1123;0,672
16/02/2022;2022;2;9;0;326;0;1644;0;1970;0;92;0;371;0;0;293;0;1000;1293;0,656
16/02/2022;2022;2;10;0;328;0;1675;0;2004;0;93;0;380;0;0;295;0;1024;1319;0,658
16/02/2022;2022;2;11;0;363;0;1650;0;2013;0;100;0;388;0;0;319;0;1048;1366;0,679
16/02/2022;2022;2;12;0;608;1;1456;0;2065;0;156;2;359;0;0;496;5;968;1468;0,711
16/02/2022;2022;2;13;0;770;0;1454;0;2225;0;193;0;376;0;0;613;0;1015;1628;0,732
16/02/2022;2022;2;14;0;771;0;1605;0;2376;0;194;1;414;0;0;616;3;1116;1735;0,730
16/02/2022;2022;2;15;0;774;0;1639;0;2413;0;195;2;429;0;0;618;5;1158;1780;0,738
16/02/2022;2022;2;16;0;789;1;1633;0;2424;0;198;3;432;0;0;628;5;1166;1799;0,742
16/02/2022;2022;2;17;0;770;0;1635;0;2404;0;194;0;432;0;0;616;0;1165;1781;0,741
16/02/2022;2022;2;18;0;821;0;1515;0;2336;0;205;0;403;0;0;649;0;1087;1736;0,743
16/02/2022;2022;2;19;0;817;0;1448;0;2265;0;204;0;382;0;0;647;0;1031;1678;0,741
16/02/2022;2022;2;20;0;799;0;1414;0;2213;0;200;0;372;0;0;635;0;1003;1638;0,740
16/02/2022;2022;2;21;0;731;0;1506;0;2237;0;186;0;415;0;0;591;0;1120;1711;0,765
16/02/2022;2022;2;22;0;720;3;1743;0;2465;0;184;5;480;0;0;583;9;1295;1887;0,766
16/02/2022;2022;2;23;0;493;0;1742;0;2235;0;129;0;480;0;0;411;0;1295;1705;0,763
16/02/2022;2022;2;24;0;720;0;1451;0;2171;0;184;0;404;0;0;584;0;1088;1672;0,770
17/02/2022;2022;2;1;0;735;0;1225;0;1959;0;190;0;316;0;0;602;0;851;1453;0,742
17/02/2022;2022;2;2;0;717;0;1073;0;1790;0;187;0;267;0;0;592;0;720;1312;0,733
17/02/2022;2022;2;3;0;669;0;1069;0;1738;0;175;0;262;0;0;555;0;706;1261;0,725
17/02/2022;2022;2;4;0;542;0;1116;0;1658;0;142;0;271;0;0;450;0;731;1181;0,713
17/02/2022;2022;2;5;0;501;0;1290;0;1791;0;132;0;308;0;0;418;0;831;1249;0,697
17/02/2022;2022;2;6;0;453;0;1214;0;1666;0;122;0;292;0;0;386;0;789;1175;0,705
17/02/2022;2022;2;7;0;459;0;1332;0;1791;0;123;0;319;0;0;391;0;860;1251;0,698
17/02/2022;2022;2;8;0;411;0;1163;0;1574;0;113;0;284;0;0;358;0;767;1125;0,715
17/02/2022;2022;2;9;0;322;0;1323;0;1645;0;89;0;320;0;0;283;0;863;1146;0,696
17/02/2022;2022;2;10;0;330;15;1331;0;1676;0;91;28;322;0;0;287;54;870;1211;0,723
17/02/2022;2022;2;11;0;318;0;1386;0;1704;0;88;3;330;0;0;280;7;891;1178;0,691
17/02/2022;2022;2;12;0;323;0;1462;0;1785;0;89;0;346;0;0;283;0;933;1216;0,681
17/02/2022;2022;2;13;0;325;0;1534;0;1859;0;90;0;363;0;0;284;0;978;1262;0,679
17/02/2022;2022;2;14;0;322;2;1575;0;1899;0;88;5;376;0;0;279;10;1013;1303;0,686
17/02/2022;2022;2;15;0;323;0;1659;0;1982;0;88;0;394;0;0;280;0;1062;1342;0,677
17/02/2022;2022;2;16;0;323;1;1656;0;1980;0;88;2;397;0;0;280;4;1070;1355;0,684
17/02/2022;2022;2;17;0;325;0;1665;0;1989;0;90;0;398;0;0;284;0;1073;1357;0,682
17/02/2022;2022;2;18;0;322;0;1650;0;1972;0;89;0;391;0;0;282;0;1055;1338;0,678
17/02/2022;2022;2;19;0;323;0;1731;0;2054;0;89;0;402;0;0;283;0;1084;1367;0,666
17/02/2022;2022;2;20;0;339;0;1448;0;1787;0;93;0;344;0;0;294;0;927;1220;0,683
17/02/2022;2022;2;21;0;746;0;1237;0;1983;0;184;0;300;0;0;583;0;809;1392;0,702
17/02/2022;2022;2;22;0;575;1;1534;0;2110;0;143;0;362;0;0;454;1;977;1432;0,679
17/02/2022;2022;2;23;0;275;0;1559;0;1834;0;69;0;368;0;0;218;0;992;1210;0,660
17/02/2022;2022;2;24;0;173;0;1599;0;1772;0;47;0;369;0;0;149;0;995;1144;0,646
18/02/2022;2022;2;1;0;174;0;1634;0;1809;0;48;0;358;0;0;152;0;967;1119;0,619
18/02/2022;2022;2;2;0;175;0;1439;0;1613;0;48;0;312;0;0;153;0;842;995;0,617
18/02/2022;2022;2;3;0;174;0;1409;0;1583;0;48;0;299;0;0;152;0;808;960;0,607
18/02/2022;2022;2;4;0;178;0;1365;0;1543;0;49;0;291;0;0;155;0;784;939;0,609
18/02/2022;2022;2;5;0;176;0;1412;0;1588;0;49;0;300;0;0;154;0;810;964;0,607
18/02/2022;2022;2;6;0;178;0;1418;0;1596;0;49;0;302;0;0;155;0;814;969;0,607
18/02/2022;2022;2;7;0;178;0;1362;0;1540;0;49;0;290;0;0;155;0;783;937;0,609
18/02/2022;2022;2;8;0;181;0;1411;0;1591;0;49;0;300;0;0;157;0;809;966;0,607
18/02/2022;2022;2;9;0;180;0;1451;0;1630;0;49;0;312;0;0;156;0;841;997;0,612
18/02/2022;2022;2;10;0;180;4;1531;0;1715;0;49;6;325;0;0;157;12;876;1045;0,609
18/02/2022;2022;2;11;0;244;0;1508;0;1752;0;64;0;321;0;0;202;0;866;1068;0,610
18/02/2022;2022;2;12;0;517;29;1236;0;1782;0;125;10;300;0;0;396;19;809;1224;0,687
18/02/2022;2022;2;13;0;502;0;1330;0;1832;0;124;0;343;0;0;393;0;924;1317;0,719
18/02/2022;2022;2;14;0;458;0;1491;0;1949;0;115;0;382;0;0;364;0;1030;1393;0,715
18/02/2022;2022;2;15;0;694;0;1508;0;2202;0;164;0;382;0;0;519;0;1031;1550;0,704
18/02/2022;2022;2;16;0;649;0;1373;0;2022;0;154;0;364;0;0;489;0;981;1470;0,727
18/02/2022;2022;2;17;0;700;0;1294;0;1994;0;165;0;343;0;0;522;0;924;1446;0,725
18/02/2022;2022;2;18;0;695;0;1280;0;1975;0;163;0;340;0;0;519;0;917;1436;0,727
18/02/2022;2022;2;19;0;663;0;1238;0;1901;0;157;0;337;0;0;498;0;909;1407;0,740
18/02/2022;2022;2;20;0;597;2;1268;0;1867;0;144;2;348;0;0;456;5;938;1398;0,749
18/02/2022;2022;2;21;0;634;0;1300;0;1934;0;151;0;357;0;0;479;0;963;1442;0,746
18/02/2022;2022;2;22;0;620;1;1306;0;1927;0;148;3;358;0;0;469;5;965;1439;0,747
18/02/2022;2022;2;23;0;594;1;1258;0;1853;0;143;1;335;0;0;453;1;903;1358;0,733
18/02/2022;2022;2;24;0;562;0;1224;0;1786;0;136;0;319;0;0;432;0;860;1292;0,723
19/02/2022;2022;2;1;0;392;0;1335;0;1727;0;97;0;337;0;0;307;0;909;1216;0,704
19/02/2022;2022;2;2;0;242;0;1474;0;1715;0;62;0;356;0;0;197;0;959;1156;0,674
19/02/2022;2022;2;3;0;179;0;1690;0;1870;0;49;1;363;0;0;157;2;978;1137;0,608
19/02/2022;2022;2;4;0;178;0;1528;0;1706;0;49;0;328;0;0;156;0;886;1042;0,611
19/02/2022;2022;2;5;0;177;0;1505;0;1682;0;49;0;323;0;0;155;0;870;1025;0,610
19/02/2022;2022;2;6;0;178;0;1481;0;1659;0;49;0;319;0;0;156;0;860;1016;0,612
19/02/2022;2022;2;7;0;178;0;1487;0;1665;0;49;0;321;0;0;156;0;866;1022;0,614
19/02/2022;2022;2;8;0;181;0;1241;0;1422;0;50;0;272;0;0;158;0;733;891;0,626
19/02/2022;2022;2;9;0;178;0;1638;0;1817;0;49;0;350;0;0;156;0;944;1101;0,606
19/02/2022;2022;2;10;0;190;3;1361;0;1554;0;52;5;293;0;0;164;10;790;964;0,620
19/02/2022;2022;2;11;0;362;2;1370;0;1734;0;87;4;306;0;0;275;7;827;1109;0,640
19/02/2022;2022;2;12;0;379;0;1577;0;1956;0;90;0;358;0;0;286;0;965;1251;0,640
19/02/2022;2022;2;13;0;377;0;1362;0;1738;0;90;0;317;0;0;285;0;856;1141;0,656
19/02/2022;2022;2;14;0;379;0;1429;0;1808;0;90;0;345;0;0;286;0;929;1216;0,672
19/02/2022;2022;2;15;0;431;0;1578;0;2009;0;102;0;381;0;0;323;0;1027;1350;0,672
19/02/2022;2022;2;16;0;518;0;1334;0;1852;0;124;0;333;0;0;393;0;897;1290;0,697
19/02/2022;2022;2;17;0;521;0;1331;0;1852;0;126;0;333;0;0;400;0;899;1300;0,702
19/02/2022;2022;2;18;0;535;0;1297;0;1833;0;131;0;326;0;0;416;0;880;1296;0,707
19/02/2022;2022;2;19;0;519;0;1264;0;1783;0;128;0;317;0;0;406;0;855;1261;0,707
19/02/2022;2022;2;20;0;490;0;1281;0;1771;0;121;0;318;0;0;385;1;858;1244;0,702
19/02/2022;2022;2;21;0;544;0;1287;0;1830;0;132;0;318;0;0;420;0;857;1277;0,698
19/02/2022;2022;2;22;0;504;0;1292;0;1796;0;124;0;318;0;0;393;0;858;1251;0,696
19/02/2022;2022;2;23;0;493;2;1462;0;1958;0;115;4;353;0;0;366;8;951;1325;0,677
19/02/2022;2022;2;24;0;374;2;1474;0;1851;0;89;4;335;0;0;283;8;903;1193;0,645
20/02/2022;2022;2;1;0;300;0;1354;0;1654;0;77;0;294;0;0;243;0;793;1036;0,627
20/02/2022;2022;2;2;0;273;0;1261;0;1534;0;71;3;273;0;0;226;7;736;969;0,631
20/02/2022;2022;2;3;0;187;0;1285;0;1472;0;54;0;278;0;0;171;0;751;922;0,626
20/02/2022;2022;2;4;0;178;0;1512;0;1690;0;52;0;323;0;0;165;0;872;1037;0,614
20/02/2022;2022;2;5;0;176;0;1559;0;1735;0;52;0;335;0;0;163;0;902;1066;0,614
20/02/2022;2022;2;6;0;178;0;1258;0;1436;0;52;0;272;0;0;165;0;734;899;0,626
20/02/2022;2022;2;7;0;176;0;1221;0;1397;0;52;0;264;0;0;163;0;712;875;0,627
20/02/2022;2022;2;8;0;177;0;1133;0;1310;0;52;0;248;0;0;165;0;669;834;0,636
20/02/2022;2022;2;9;0;178;0;1476;0;1654;0;52;0;318;0;0;165;0;857;1022;0,618
20/02/2022;2022;2;10;0;177;0;1227;0;1404;0;52;0;269;0;0;164;0;725;889;0,633
20/02/2022;2022;2;11;0;180;0;1508;0;1688;0;53;0;325;0;0;167;0;877;1044;0,618
20/02/2022;2022;2;12;0;181;0;1459;0;1640;0;53;0;316;0;0;167;0;852;1019;0,621
20/02/2022;2022;2;13;0;180;0;1451;0;1631;0;52;0;314;0;0;166;0;848;1014;0,622
20/02/2022;2022;2;14;0;180;0;1454;0;1634;0;52;0;315;0;0;166;0;851;1017;0,623
20/02/2022;2022;2;15;0;181;0;1626;0;1807;0;53;0;349;0;0;167;0;942;1110;0,614
20/02/2022;2022;2;16;0;180;0;1556;0;1736;0;53;0;330;0;0;167;0;890;1057;0,609
20/02/2022;2022;2;17;0;177;0;1554;0;1731;0;52;0;330;0;0;165;0;889;1054;0,609
20/02/2022;2022;2;18;0;183;0;1575;0;1758;0;53;0;334;0;0;169;0;902;1070;0,609
20/02/2022;2022;2;19;0;179;0;1566;0;1745;0;52;0;332;0;0;166;0;895;1061;0,608
20/02/2022;2022;2;20;0;182;0;1563;0;1745;0;53;0;331;0;0;168;0;892;1060;0,608
20/02/2022;2022;2;21;0;181;0;1566;0;1747;0;53;0;331;0;0;167;0;894;1061;0,607
20/02/2022;2022;2;22;0;181;0;1655;0;1836;0;53;0;351;0;0;167;0;947;1114;0,606
20/02/2022;2022;2;23;0;180;0;1649;0;1830;0;52;0;350;0;0;166;0;943;1110;0,607
20/02/2022;2022;2;24;0;179;0;1650;0;1829;0;52;0;350;0;0;166;0;944;1110;0,607
21/02/2022;2022;2;1;0;177;0;1585;0;1762;0;47;0;334;0;0;150;0;902;1052;0,597
21/02/2022;2022;2;2;0;181;0;1295;0;1477;0;48;0;277;0;0;153;0;747;899;0,609
21/02/2022;2022;2;3;0;180;0;1262;0;1441;0;48;0;270;0;0;151;0;727;878;0,609
21/02/2022;2022;2;4;0;152;0;1264;0;1415;0;47;0;270;0;0;150;0;728;878;0,620
21/02/2022;2022;2;5;0;91;0;1297;0;1388;0;26;0;278;0;0;82;0;750;833;0,600
21/02/2022;2022;2;6;0;91;0;1301;0;1392;0;26;0;279;0;0;82;0;752;835;0,600
21/02/2022;2022;2;7;0;91;0;1513;0;1604;0;26;0;319;0;0;82;0;859;942;0,587
21/02/2022;2022;2;8;0;91;0;1540;0;1631;0;26;0;325;0;0;82;0;877;959;0,588
21/02/2022;2022;2;9;0;91;0;1613;0;1704;0;26;0;342;0;0;82;0;921;1003;0,589
21/02/2022;2022;2;10;0;207;0;1424;0;1631;0;57;0;303;0;0;180;0;817;997;0,611
21/02/2022;2022;2;11;0;486;0;1159;0;1645;0;115;0;247;0;0;366;0;667;1033;0,628
21/02/2022;2022;2;12;0;487;0;1307;0;1793;0;116;0;296;0;0;367;0;799;1166;0,650
21/02/2022;2022;2;13;0;490;0;1209;0;1698;0;117;0;281;0;0;371;0;757;1129;0,665
21/02/2022;2022;2;14;0;533;0;1214;0;1747;0;127;0;282;0;0;402;0;762;1163;0,666
21/02/2022;2022;2;15;0;504;0;1231;0;1736;0;121;0;287;0;0;383;0;775;1158;0,667
21/02/2022;2022;2;16;0;535;0;1228;0;1763;0;127;0;286;0;0;403;0;771;1174;0,666
21/02/2022;2022;2;17;0;541;0;1229;0;1770;0;128;0;286;0;0;407;0;771;1179;0,666
21/02/2022;2022;2;18;0;541;7;1228;0;1776;0;128;17;286;0;0;407;32;771;1210;0,681
21/02/2022;2022;2;19;0;542;0;1166;0;1708;0;129;0;272;0;0;408;0;734;1142;0,669
21/02/2022;2022;2;20;0;542;26;1275;0;1843;0;129;10;316;0;0;408;19;853;1280;0,695
21/02/2022;2022;2;21;0;430;0;1379;0;1809;0;106;0;371;0;0;336;0;1000;1336;0,738
21/02/2022;2022;2;22;0;429;0;1416;0;1846;0;106;0;380;0;0;336;0;1026;1361;0,738
21/02/2022;2022;2;23;0;463;0;1516;0;1979;0;113;0;386;0;0;357;0;1041;1398;0,706
21/02/2022;2022;2;24;0;447;0;1437;0;1884;0;109;0;359;0;0;347;0;969;1316;0,699
22/02/2022;2022;2;1;0;432;3;1160;0;1595;0;106;5;276;0;0;337;10;745;1091;0,684
22/02/2022;2022;2;2;0;398;0;1294;0;1692;0;99;0;283;0;0;314;0;763;1078;0,637
22/02/2022;2022;2;3;0;352;0;1175;0;1528;0;89;0;252;0;0;283;0;680;962;0,630
22/02/2022;2022;2;4;0;353;0;1169;0;1522;0;89;0;250;0;0;283;0;675;958;0,629
22/02/2022;2022;2;5;0;354;0;1170;0;1524;0;89;0;250;0;0;283;0;675;958;0,629
22/02/2022;2022;2;6;0;353;0;1169;0;1522;0;89;0;250;0;0;283;0;675;958;0,629
22/02/2022;2022;2;7;0;353;0;1169;0;1522;0;90;0;249;0;0;286;0;673;959;0,630
22/02/2022;2022;2;8;0;383;0;1156;0;1540;0;97;0;250;0;0;309;0;674;983;0,638
22/02/2022;2022;2;9;0;450;0;1092;0;1542;0;111;0;251;0;0;351;0;676;1027;0,666
22/02/2022;2022;2;10;0;466;4;1162;0;1632;0;114;10;267;0;0;361;20;721;1101;0,675
22/02/2022;2022;2;11;0;493;2;1159;0;1654;0;123;5;266;0;0;391;10;718;1119;0,677
22/02/2022;2022;2;12;0;567;0;1157;0;1724;0;139;0;266;0;0;440;0;717;1157;0,671
22/02/2022;2022;2;13;0;695;27;1182;0;1904;0;173;10;275;0;0;547;20;741;1309;0,687
22/02/2022;2022;2;14;0;674;5;1116;0;1795;0;177;9;290;0;0;561;17;783;1361;0,758
22/02/2022;2022;2;15;0;653;0;1150;0;1802;0;171;0;307;0;0;541;0;827;1368;0,759
22/02/2022;2022;2;16;0;673;0;1116;0;1789;0;178;0;300;0;0;566;0;808;1374;0,768
22/02/2022;2022;2;17;0;668;0;1118;0;1786;0;178;0;300;0;0;566;0;809;1375;0,770
22/02/2022;2022;2;18;0;681;0;1083;0;1764;0;183;2;290;0;0;580;4;783;1367;0,775
22/02/2022;2022;2;19;0;730;0;979;0;1709;0;193;0;250;0;0;612;0;674;1286;0,752
22/02/2022;2022;2;20;0;699;0;1019;0;1718;0;189;0;272;0;0;599;0;733;1332;0,776
22/02/2022;2022;2;21;0;635;0;1325;0;1960;0;175;0;358;0;0;556;0;965;1521;0,776
22/02/2022;2022;2;22;0;633;0;1257;0;1890;0;176;0;349;0;0;557;0;942;1499;0,793
22/02/2022;2022;2;23;0;634;4;1261;0;1898;0;175;10;348;0;0;556;20;938;1514;0,798
22/02/2022;2022;2;24;0;635;0;1097;0;1732;0;175;0;304;0;0;555;0;821;1376;0,794
23/02/2022;2022;2;1;0;631;0;1141;0;1772;0;167;0;304;0;0;531;0;821;1351;0,763
23/02/2022;2022;2;2;0;653;0;865;0;1518;0;170;0;203;0;0;540;0;548;1089;0,717
23/02/2022;2022;2;3;0;612;0;974;0;1586;0;161;0;211;0;0;510;0;570;1080;0,681
23/02/2022;2022;2;4;0;417;0;975;0;1393;0;117;0;211;0;0;372;0;570;942;0,677
23/02/2022;2022;2;5;0;388;3;1260;0;1652;0;115;4;271;0;0;365;9;732;1105;0,669
23/02/2022;2022;2;6;0;389;0;1066;0;1455;0;115;0;232;0;0;365;0;627;992;0,682
23/02/2022;2022;2;7;0;480;0;965;0;1446;0;135;0;213;0;0;428;0;576;1004;0,694
23/02/2022;2022;2;8;0;547;3;966;0;1515;0;150;3;214;0;0;477;7;577;1060;0,700
23/02/2022;2022;2;9;0;623;0;1035;0;1658;0;167;0;235;0;0;531;0;632;1163;0,702
23/02/2022;2022;2;10;0;688;0;958;0;1646;0;182;0;227;0;0;577;0;613;1190;0,723
23/02/2022;2022;2;11;0;722;0;952;0;1674;0;191;0;241;0;0;606;0;649;1255;0,750
23/02/2022;2022;2;12;0;717;4;1084;0;1805;0;192;8;295;0;0;608;16;796;1420;0,787
23/02/2022;2022;2;13;0;737;0;1158;0;1894;0;197;0;315;0;0;624;0;851;1474;0,778
23/02/2022;2022;2;14;0;762;0;1114;0;1875;0;202;0;304;0;0;641;0;821;1462;0,779
23/02/2022;2022;2;15;0;788;0;1150;0;1938;0;208;0;304;0;0;660;0;821;1481;0,764
23/02/2022;2022;2;16;0;794;3;1220;0;2017;0;210;4;322;0;0;665;8;870;1543;0,765
23/02/2022;2022;2;17;0;803;0;1286;0;2089;0;212;0;343;0;0;673;0;924;1597;0,764
23/02/2022;2022;2;18;0;799;0;1166;0;1965;0;211;0;304;0;0;670;0;819;1489;0,758
23/02/2022;2022;2;19;0;779;3;999;0;1782;0;207;1;251;0;0;657;2;678;1337;0,750
23/02/2022;2022;2;20;0;856;3;1184;0;2044;0;223;1;281;0;0;708;2;758;1468;0,718
23/02/2022;2022;2;21;0;950;3;1218;0;2171;0;242;1;288;0;0;769;2;777;1548;0,713
23/02/2022;2022;2;22;0;922;0;988;0;1911;0;236;0;241;0;0;749;0;650;1399;0,732
23/02/2022;2022;2;23;0;913;1;923;0;1837;0;234;4;226;0;0;743;7;608;1358;0,739
23/02/2022;2022;2;24;0;869;0;902;0;1771;0;225;0;221;0;0;714;0;597;1311;0,740
24/02/2022;2022;2;1;0;939;0;984;0;1923;0;238;0;233;0;0;756;0;628;1384;0,720
24/02/2022;2022;2;2;0;924;3;917;0;1844;0;235;4;217;0;0;745;8;586;1339;0,726
24/02/2022;2022;2;3;0;825;1;816;0;1642;0;214;7;188;0;0;680;14;508;1202;0,732
24/02/2022;2022;2;4;0;653;0;900;0;1553;0;176;0;198;0;0;559;0;533;1092;0,703
24/02/2022;2022;2;5;0;601;0;896;0;1497;0;164;0;191;0;0;520;0;516;1036;0,692
24/02/2022;2022;2;6;0;561;0;1112;0;1673;0;154;0;249;0;0;489;0;672;1161;0,694
24/02/2022;2022;2;7;0;659;0;948;0;1606;0;175;0;206;0;0;556;0;555;1112;0,692
24/02/2022;2022;2;8;0;687;0;922;0;1609;0;182;0;200;0;0;578;0;541;1119;0,695
24/02/2022;2022;2;9;0;688;0;850;0;1538;0;182;0;189;0;0;578;0;510;1088;0,707
24/02/2022;2022;2;10;0;688;0;1164;0;1852;0;182;0;257;0;0;579;0;692;1271;0,686
24/02/2022;2022;2;11;0;686;5;1014;0;1705;0;183;4;237;0;0;580;8;640;1228;0,720
24/02/2022;2022;2;12;0;688;4;1285;0;1977;0;183;1;301;0;0;582;2;812;1396;0,706
24/02/2022;2022;2;13;0;642;4;1294;0;1940;0;171;1;294;0;0;544;2;792;1339;0,690
24/02/2022;2022;2;14;0;460;4;1313;0;1776;0;129;1;301;0;0;411;2;811;1224;0,689
24/02/2022;2022;2;15;249;381;3;1211;0;1844;127;112;1;265;0;298;355;2;715;1369;0,743
24/02/2022;2022;2;16;252;381;3;1231;0;1867;130;112;1;274;0;303;355;2;740;1401;0,750
24/02/2022;2022;2;17;247;384;0;1332;0;1963;126;112;0;296;0;295;355;0;797;1447;0,737
24/02/2022;2022;2;18;250;383;0;1324;0;1958;127;112;0;292;0;298;355;0;787;1439;0,735
24/02/2022;2022;2;19;250;382;0;1307;0;1939;127;112;0;284;0;298;355;0;766;1419;0,732
24/02/2022;2022;2;20;249;384;6;1283;0;1922;127;112;8;277;0;298;356;15;747;1416;0,737
24/02/2022;2022;2;21;248;387;0;1251;0;1885;127;113;0;271;0;296;358;0;731;1385;0,735
24/02/2022;2022;2;22;250;386;0;1255;0;1891;127;113;0;272;0;298;357;0;733;1389;0,734
24/02/2022;2022;2;23;248;386;0;1241;0;1875;126;113;0;268;0;295;358;0;724;1376;0,734
24/02/2022;2022;2;24;251;386;0;1220;0;1857;127;113;0;263;0;298;358;0;709;1364;0,735
25/02/2022;2022;2;1;0;387;0;1223;0;1611;0;112;0;262;0;0;354;0;705;1059;0,658
25/02/2022;2022;2;2;0;387;0;1216;0;1604;0;112;0;258;0;0;354;0;696;1050;0,655
25/02/2022;2022;2;3;0;371;0;1214;0;1585;0;109;0;257;0;0;347;0;694;1041;0,657
25/02/2022;2022;2;4;0;332;27;1219;0;1578;0;96;10;259;0;0;304;19;698;1021;0,647
25/02/2022;2022;2;5;0;332;27;1210;0;1570;0;96;10;256;0;0;304;19;691;1015;0,646
25/02/2022;2022;2;6;0;332;27;1207;0;1566;0;96;10;254;0;0;305;19;686;1009;0,644
25/02/2022;2022;2;7;0;331;27;1198;0;1556;0;96;9;253;0;0;304;18;683;1005;0,646
25/02/2022;2022;2;8;0;331;0;1192;0;1522;0;96;0;254;0;0;304;0;684;988;0,649
25/02/2022;2022;2;9;251;330;0;1195;0;1776;130;96;0;254;0;303;303;0;685;1291;0,727
25/02/2022;2022;2;10;251;331;0;1207;0;1789;130;96;0;257;0;303;303;1;693;1300;0,727
25/02/2022;2022;2;11;252;292;8;1181;0;1733;130;84;3;257;0;303;267;6;694;1270;0,733
25/02/2022;2022;2;12;248;357;0;1144;0;1750;130;97;0;257;0;303;308;0;693;1304;0,745
25/02/2022;2022;2;13;0;535;0;1293;0;1828;0;137;0;294;0;0;434;0;792;1226;0,671
25/02/2022;2022;2;14;0;651;0;1416;0;2067;0;162;0;304;0;0;515;0;819;1334;0,645
25/02/2022;2022;2;15;0;672;0;1306;0;1978;0;167;0;285;0;0;531;0;769;1300;0,657
25/02/2022;2022;2;16;0;703;0;1304;0;2007;0;174;0;284;0;0;551;0;767;1318;0,657
25/02/2022;2022;2;17;0;712;0;1285;0;1997;0;176;0;280;0;0;558;0;756;1313;0,657
25/02/2022;2022;2;18;0;718;4;1251;0;1973;0;177;4;270;0;0;561;8;729;1298;0,658
25/02/2022;2022;2;19;0;719;0;1236;0;1954;0;177;0;266;0;0;562;0;718;1280;0,655
25/02/2022;2022;2;20;0;719;2;1235;0;1956;0;177;3;267;0;0;562;6;721;1289;0,659
25/02/2022;2022;2;21;0;718;0;1256;0;1974;0;177;0;273;0;0;561;0;738;1298;0,658
25/02/2022;2022;2;22;0;714;1;1245;0;1960;0;176;7;271;0;0;558;14;730;1302;0,664
25/02/2022;2022;2;23;0;578;3;1321;0;1902;0;148;4;285;0;0;470;7;769;1246;0,655
25/02/2022;2022;2;24;0;568;4;1424;0;1995;0;146;7;299;0;0;464;14;808;1285;0,644
26/02/2022;2022;2;1;0;483;1;1231;0;1715;0;132;0;264;0;0;419;1;711;1132;0,660
26/02/2022;2022;2;2;246;341;5;999;0;1591;128;99;5;221;0;300;313;9;597;1218;0,766
26/02/2022;2022;2;3;249;322;363;946;0;1881;128;91;75;211;0;300;289;145;570;1304;0,693
26/02/2022;2022;2;4;247;325;2;943;0;1516;128;91;0;211;0;300;290;1;568;1159;0,764
26/02/2022;2022;2;5;246;325;2;932;0;1505;128;92;0;208;0;300;290;1;560;1151;0,765
26/02/2022;2022;2;6;243;326;2;927;0;1497;126;92;0;206;0;294;291;1;556;1142;0,763
26/02/2022;2022;2;7;205;326;2;928;0;1461;107;92;0;206;0;250;291;1;556;1098;0,752
26/02/2022;2022;2;8;202;325;2;916;0;1445;106;92;0;203;0;248;291;1;547;1086;0,752
26/02/2022;2022;2;9;201;326;3;917;0;1447;106;92;6;203;0;248;291;11;548;1098;0,759
26/02/2022;2022;2;10;201;402;4;921;0;1528;106;108;3;204;0;248;344;7;551;1149;0,752
26/02/2022;2022;2;11;196;481;2;938;0;1617;102;127;0;208;0;239;403;1;561;1204;0,745
26/02/2022;2022;2;12;0;573;1;1091;0;1665;0;149;0;237;0;0;472;1;639;1112;0,668
26/02/2022;2022;2;13;185;581;2;1137;0;1905;99;151;0;248;0;232;479;1;669;1381;0,725
26/02/2022;2022;2;14;0;773;1;1161;0;1935;0;191;0;254;0;0;605;1;686;1292;0,668
26/02/2022;2022;2;15;0;898;1;1210;0;2109;0;217;0;268;0;0;689;1;723;1412;0,670
26/02/2022;2022;2;16;0;946;1;887;0;1834;0;228;0;199;0;0;724;1;536;1261;0,688
26/02/2022;2022;2;17;0;953;1;923;0;1878;0;230;0;209;0;0;730;1;564;1295;0,690
26/02/2022;2022;2;18;0;939;1;912;0;1852;0;227;0;205;0;0;720;1;554;1274;0,688
26/02/2022;2022;2;19;0;939;1;950;0;1890;0;227;0;217;0;0;720;1;585;1306;0,691
26/02/2022;2022;2;20;0;818;14;953;0;1786;0;202;54;233;0;0;642;104;628;1374;0,769
26/02/2022;2022;2;21;0;762;1;1135;0;1898;0;191;0;285;0;0;606;1;768;1374;0,724
26/02/2022;2022;2;22;0;760;1;1117;0;1877;0;190;0;294;0;0;603;1;793;1397;0,744
26/02/2022;2022;2;23;0;748;1;1107;0;1855;0;188;0;293;0;0;595;1;791;1387;0,748
26/02/2022;2022;2;24;0;742;1;1161;0;1904;0;187;0;294;0;0;592;1;793;1386;0,728
27/02/2022;2022;2;1;0;709;0;1128;0;1837;0;178;0;257;0;0;566;0;692;1258;0,685
27/02/2022;2022;2;2;0;708;0;1009;0;1716;0;178;0;228;0;0;565;0;615;1180;0,688
27/02/2022;2022;2;3;0;710;5;990;0;1705;0;179;8;221;0;0;566;16;596;1178;0,691
27/02/2022;2022;2;4;0;704;0;931;0;1634;0;177;0;206;0;0;562;0;556;1118;0,684
27/02/2022;2022;2;5;0;710;0;923;0;1633;0;179;0;203;0;0;567;0;548;1115;0,683
27/02/2022;2022;2;6;0;707;0;913;0;1619;0;178;0;201;0;0;564;0;542;1106;0,683
27/02/2022;2022;2;7;0;708;0;755;0;1463;0;178;0;168;0;0;565;0;453;1018;0,696
27/02/2022;2022;2;8;0;705;3;945;0;1654;0;177;5;203;0;0;563;10;547;1120;0,677
27/02/2022;2022;2;9;0;514;4;942;0;1459;0;132;8;202;0;0;419;15;545;980;0,671
27/02/2022;2022;2;10;237;326;0;958;0;1520;122;91;0;208;0;286;288;0;561;1135;0,747
27/02/2022;2022;2;11;234;316;0;972;0;1522;122;89;0;213;0;286;282;0;576;1144;0,751
27/02/2022;2022;2;12;244;324;7;987;0;1562;126;90;5;217;0;294;287;9;586;1176;0,753
27/02/2022;2022;2;13;245;318;20;1027;0;1610;126;89;12;228;0;294;283;24;614;1215;0,755
27/02/2022;2022;2;14;254;425;0;1084;0;1763;131;113;0;243;0;305;357;0;655;1318;0,748
27/02/2022;2022;2;15;0;622;0;1106;0;1728;0;158;0;249;0;0;501;0;672;1174;0,679
27/02/2022;2022;2;16;0;613;0;1126;0;1739;0;156;0;259;0;0;495;0;698;1193;0,686
27/02/2022;2022;2;17;0;602;0;1168;0;1770;0;154;0;268;0;0;488;0;723;1211;0,684
27/02/2022;2022;2;18;0;589;0;1183;0;1772;0;151;0;271;0;0;479;0;730;1209;0,683
27/02/2022;2022;2;19;0;591;0;1147;0;1737;0;152;0;261;0;0;481;0;705;1186;0,683
27/02/2022;2022;2;20;0;597;0;1134;0;1731;0;154;0;257;0;0;488;0;694;1182;0,683
27/02/2022;2022;2;21;261;600;0;1108;0;1969;134;154;0;251;0;314;489;0;676;1478;0,751
27/02/2022;2022;2;22;0;601;0;1270;0;1871;0;154;0;280;0;0;489;0;755;1245;0,665
27/02/2022;2022;2;23;0;600;0;1328;0;1928;0;154;0;300;0;0;488;0;808;1296;0,673
27/02/2022;2022;2;24;0;602;0;1386;0;1988;0;155;0;316;0;0;490;0;853;1344;0,676
28/02/2022;2022;2;1;0;604;0;1114;0;1718;0;169;0;255;0;0;538;0;688;1226;0,714
28/02/2022;2022;2;2;254;521;117;891;0;1784;131;148;27;206;0;305;468;52;555;1380;0,774
28/02/2022;2022;2;3;259;354;108;785;0;1505;133;107;38;177;0;311;340;74;478;1202;0,799
28/02/2022;2022;2;4;262;339;317;763;0;1682;134;104;77;175;0;314;330;150;471;1264;0,752
28/02/2022;2022;2;5;261;337;287;752;0;1637;134;104;61;171;0;314;328;118;462;1222;0,746
28/02/2022;2022;2;6;249;341;233;740;0;1563;128;105;54;168;0;300;332;105;453;1190;0,761
28/02/2022;2022;2;7;245;342;224;730;0;1541;126;105;48;164;0;294;333;93;443;1163;0,754
28/02/2022;2022;2;8;243;332;273;703;0;1551;125;102;85;157;0;292;324;166;424;1206;0,777
28/02/2022;2022;2;9;245;332;225;715;0;1517;126;102;48;160;0;294;324;93;432;1142;0,753
28/02/2022;2022;2;10;246;330;246;724;0;1546;127;102;53;162;0;297;322;104;437;1160;0,750
28/02/2022;2022;2;11;251;331;287;732;0;1601;130;102;60;164;0;303;322;116;443;1184;0,740
28/02/2022;2022;2;12;253;410;297;740;0;1699;130;120;65;166;0;303;380;127;447;1256;0,739
28/02/2022;2022;2;13;257;464;305;773;0;1799;132;133;72;175;0;308;423;140;471;1342;0,746
28/02/2022;2022;2;14;259;224;303;850;0;1636;133;57;71;196;0;311;180;139;528;1158;0,708
28/02/2022;2022;2;15;261;142;322;850;0;1576;133;36;81;196;0;311;114;158;528;1112;0,705
28/02/2022;2022;2;16;262;86;534;738;0;1620;134;23;154;168;0;314;74;301;454;1142;0,705
28/02/2022;2022;2;17;258;0;812;623;0;1694;133;0;210;142;0;311;0;408;384;1103;0,651
28/02/2022;2022;2;18;259;0;794;605;0;1658;133;0;205;137;0;311;0;400;369;1080;0,652
28/02/2022;2022;2;19;256;0;760;531;0;1546;131;0;198;116;0;305;0;386;314;1006;0,651
28/02/2022;2022;2;20;257;0;638;539;0;1435;132;0;187;121;0;308;0;365;326;999;0,696
28/02/2022;2022;2;21;259;0;1017;548;0;1824;133;0;269;124;0;311;0;524;333;1168;0,640
28/02/2022;2022;2;22;252;0;858;556;0;1666;130;0;250;126;0;303;0;488;340;1131;0,679
28/02/2022;2022;2;23;248;0;827;556;0;1631;127;0;236;126;0;297;0;460;340;1097;0,673
28/02/2022;2022;2;24;245;0;697;535;0;1477;126;0;193;121;0;294;0;376;327;997;0,675
01/03/2022;2022;3;1;244;0;1000;322;0;1566;125;0;236;68;0;292;0;459;182;933;0,596
01/03/2022;2022;3;2;245;0;910;308;0;1464;126;0;215;64;0;294;0;420;173;887;0,606
01/03/2022;2022;3;3;220;0;908;309;0;1437;115;0;213;64;0;269;0;416;172;857;0,596
01/03/2022;2022;3;4;218;0;904;302;0;1424;113;0;205;62;0;264;0;400;167;831;0,583
01/03/2022;2022;3;5;221;0;936;302;0;1459;114;0;217;62;0;267;0;423;168;858;0,588
01/03/2022;2022;3;6;222;0;899;299;0;1421;114;0;195;61;0;267;0;379;165;811;0,571
01/03/2022;2022;3;7;221;0;873;294;0;1388;114;0;188;60;0;267;0;366;162;795;0,573
01/03/2022;2022;3;8;220;0;799;290;0;1310;114;0;157;59;0;267;0;306;160;732;0,559
01/03/2022;2022;3;9;223;0;755;294;0;1271;114;0;153;60;0;267;0;298;162;727;0,572
01/03/2022;2022;3;10;222;0;804;300;0;1326;114;0;164;61;0;267;0;319;164;750;0,566
01/03/2022;2022;3;11;230;0;1024;139;0;1393;118;0;236;44;0;275;0;460;119;854;0,613
01/03/2022;2022;3;12;251;0;1146;16;0;1413;130;0;273;4;0;303;0;532;12;846;0,599
01/03/2022;2022;3;13;252;0;1192;16;0;1461;130;0;287;4;0;303;0;559;12;873;0,598
01/03/2022;2022;3;14;251;0;1211;25;0;1487;130;0;293;7;0;303;0;570;19;891;0,600
01/03/2022;2022;3;15;251;0;1152;43;0;1447;130;0;267;12;0;303;0;520;32;854;0,590
01/03/2022;2022;3;16;248;0;1155;53;0;1455;128;0;268;14;0;300;0;523;38;861;0,592
01/03/2022;2022;3;17;249;0;1189;52;0;1491;128;0;304;14;0;300;0;592;38;930;0,624
01/03/2022;2022;3;18;248;0;1179;53;0;1480;128;0;282;14;0;300;0;549;38;887;0,599
01/03/2022;2022;3;19;250;0;1192;54;0;1497;130;0;297;15;0;303;0;579;39;921;0,616
01/03/2022;2022;3;20;249;0;1218;64;0;1531;128;0;300;17;0;300;0;584;46;930;0,607
01/03/2022;2022;3;21;251;23;1364;75;0;1713;128;6;340;21;0;300;18;662;58;1038;0,606
01/03/2022;2022;3;22;249;19;1331;73;0;1672;128;5;326;21;0;300;17;636;57;1010;0,604
01/03/2022;2022;3;23;250;0;1340;28;0;1618;128;0;330;8;0;300;0;642;21;963;0,595
01/03/2022;2022;3;24;242;0;1276;26;0;1544;125;0;303;7;0;292;0;590;20;901;0,584
02/03/2022;2022;3;1;241;0;1270;13;0;1523;124;0;306;4;0;289;0;596;10;895;0,588
02/03/2022;2022;3;2;235;0;1230;11;0;1476;121;0;302;3;0;283;0;588;9;880;0,596
02/03/2022;2022;3;3;217;0;1150;7;0;1373;112;0;278;2;0;261;0;541;5;808;0,588
02/03/2022;2022;3;4;210;0;1142;6;0;1358;111;0;268;2;0;258;0;521;5;784;0,577
02/03/2022;2022;3;5;193;0;1143;5;0;1341;103;0;264;2;0;240;0;513;4;758;0,565
02/03/2022;2022;3;6;195;0;1165;5;0;1365;104;0;274;2;0;242;0;533;4;780;0,571
02/03/2022;2022;3;7;229;171;940;8;0;1347;118;46;219;2;0;275;144;426;6;852;0,632
02/03/2022;2022;3;8;247;168;977;12;0;1404;127;45;217;4;0;297;142;423;9;872;0,621
02/03/2022;2022;3;9;248;165;830;378;0;1621;127;44;172;80;0;297;140;335;216;988;0,610
02/03/2022;2022;3;10;249;165;782;603;0;1799;128;44;185;129;0;300;140;361;348;1149;0,639
02/03/2022;2022;3;11;251;337;479;619;0;1686;128;81;107;135;0;300;258;208;365;1131;0,671
02/03/2022;2022;3;12;255;652;0;797;0;1705;131;148;1;184;0;305;469;3;496;1274;0,747
02/03/2022;2022;3;13;254;701;44;907;0;1906;131;158;14;213;0;305;503;28;573;1409;0,739
02/03/2022;2022;3;14;0;698;62;1077;0;1837;0;158;15;262;0;0;500;30;708;1238;0,674
02/03/2022;2022;3;15;0;691;61;1327;0;2080;0;156;15;329;0;0;495;30;887;1413;0,679
02/03/2022;2022;3;16;0;697;61;1188;0;1947;0;157;15;288;0;0;499;30;778;1307;0,671
02/03/2022;2022;3;17;0;699;63;1183;0;1946;0;158;22;288;0;0;501;43;776;1321;0,679
02/03/2022;2022;3;18;0;699;61;1241;0;2001;0;158;15;302;0;0;500;30;814;1344;0,672
02/03/2022;2022;3;19;0;698;63;1115;0;1876;0;158;16;265;0;0;500;31;716;1247;0,664
02/03/2022;2022;3;20;0;698;57;1086;0;1842;0;158;12;255;0;0;500;23;687;1210;0,657
02/03/2022;2022;3;21;0;697;57;1328;0;2082;0;157;12;296;0;0;498;23;799;1319;0,634
02/03/2022;2022;3;22;251;699;57;1079;0;2086;130;158;12;233;0;303;500;23;629;1454;0,697
02/03/2022;2022;3;23;245;703;0;1037;0;1984;126;158;0;225;0;294;502;0;606;1402;0,707
02/03/2022;2022;3;24;0;697;0;1138;0;1835;0;157;0;265;0;0;498;0;714;1211;0,660
03/03/2022;2022;3;1;0;439;0;1411;0;1850;0;106;0;310;0;0;336;0;837;1173;0,634
03/03/2022;2022;3;2;0;281;2;1305;0;1587;0;69;4;278;0;0;220;7;750;978;0,616
03/03/2022;2022;3;3;0;191;5;1309;0;1505;0;53;7;279;0;0;168;13;752;932;0,620
03/03/2022;2022;3;4;0;195;0;1398;0;1594;0;54;0;295;0;0;172;0;797;969;0,608
03/03/2022;2022;3;5;0;200;0;1375;0;1576;0;55;0;289;0;0;175;0;780;955;0,606
03/03/2022;2022;3;6;0;192;0;1476;0;1669;0;54;0;310;0;0;171;0;836;1007;0,603
03/03/2022;2022;3;7;0;190;0;1371;0;1561;0;53;1;290;0;0;167;3;783;953;0,610
03/03/2022;2022;3;8;0;191;0;1304;0;1495;0;53;0;286;0;0;167;0;772;939;0,628
03/03/2022;2022;3;9;0;194;0;1378;0;1573;0;53;6;308;0;0;169;12;830;1011;0,643
03/03/2022;2022;3;10;0;191;0;1517;0;1707;0;53;0;335;0;0;167;0;903;1070;0,627
03/03/2022;2022;3;11;0;199;0;1537;0;1736;0;55;0;381;0;0;173;0;1028;1201;0,692
03/03/2022;2022;3;12;0;419;0;1647;0;2066;0;104;0;423;0;0;330;0;1141;1471;0,712
03/03/2022;2022;3;13;0;501;0;1401;0;1902;0;122;0;379;0;0;388;0;1022;1409;0,741
03/03/2022;2022;3;14;0;510;0;1452;0;1962;0;124;0;397;0;0;394;0;1071;1465;0,747
03/03/2022;2022;3;15;0;523;0;1531;0;2054;0;127;0;418;0;0;403;0;1128;1531;0,745
03/03/2022;2022;3;16;0;513;0;1582;0;2095;0;125;0;438;0;0;396;0;1180;1577;0,753
03/03/2022;2022;3;17;0;500;0;1578;0;2079;0;122;0;437;0;0;387;0;1179;1566;0,753
03/03/2022;2022;3;18;0;502;0;1503;0;2005;0;123;0;419;0;0;389;0;1130;1519;0,758
03/03/2022;2022;3;19;0;501;0;1457;0;1958;0;122;0;403;0;0;388;0;1088;1476;0,754
03/03/2022;2022;3;20;0;502;0;1464;0;1966;0;123;0;405;0;0;389;0;1093;1481;0,753
03/03/2022;2022;3;21;0;501;0;1572;0;2074;0;122;0;430;0;0;388;0;1160;1548;0,747
03/03/2022;2022;3;22;0;502;0;1572;0;2073;0;122;0;428;0;0;388;0;1155;1543;0,744
03/03/2022;2022;3;23;0;471;0;1555;0;2025;0;116;0;412;0;0;369;0;1111;1480;0,731
03/03/2022;2022;3;24;0;455;0;1479;0;1934;0;113;0;369;0;0;358;0;996;1354;0,700
04/03/2022;2022;3;1;0;456;1;1367;0;1824;0;115;4;308;0;0;365;7;831;1203;0,659
04/03/2022;2022;3;2;0;453;0;1267;0;1720;0;114;0;276;0;0;363;0;743;1106;0,643
04/03/2022;2022;3;3;0;437;7;1299;0;1743;0;110;11;278;0;0;350;22;750;1123;0,644
04/03/2022;2022;3;4;0;440;0;1239;0;1679;0;111;0;265;0;0;353;0;714;1067;0,635
04/03/2022;2022;3;5;0;458;0;1239;0;1697;0;116;0;265;0;0;367;0;714;1081;0,637
04/03/2022;2022;3;6;0;457;0;1232;0;1689;0;115;0;262;0;0;366;0;707;1073;0,636
04/03/2022;2022;3;7;0;456;0;1230;0;1686;0;115;0;264;0;0;365;0;711;1076;0,638
04/03/2022;2022;3;8;0;458;0;1252;0;1710;0;116;0;269;0;0;367;0;727;1094;0,639
04/03/2022;2022;3;9;0;465;0;1268;0;1733;0;117;0;273;0;0;372;0;737;1109;0,640
04/03/2022;2022;3;10;0;568;0;1163;0;1732;0;138;0;269;0;0;437;0;726;1163;0,671
04/03/2022;2022;3;11;0;506;4;1290;0;1800;0;125;7;304;0;0;397;14;821;1232;0,685
04/03/2022;2022;3;12;0;520;4;1477;0;2001;0;128;7;359;0;0;406;13;969;1388;0,694
04/03/2022;2022;3;13;0;521;0;1580;0;2100;0;128;0;382;0;0;406;0;1031;1438;0,685
04/03/2022;2022;3;14;0;518;0;1644;0;2162;0;127;0;400;0;0;404;0;1078;1482;0,685
04/03/2022;2022;3;15;0;527;0;1715;0;2242;0;129;0;422;0;0;411;0;1137;1548;0,690
04/03/2022;2022;3;16;0;525;0;1776;0;2301;0;129;0;439;0;0;409;0;1183;1592;0,692
04/03/2022;2022;3;17;0;531;0;1776;0;2308;0;130;0;441;0;0;413;0;1190;1602;0,694
04/03/2022;2022;3;18;0;514;0;1519;0;2033;0;127;0;390;0;0;402;0;1051;1453;0,714
04/03/2022;2022;3;19;0;516;0;1421;0;1937;0;127;0;367;0;0;403;0;989;1392;0,718
04/03/2022;2022;3;20;0;588;0;1360;0;1948;0;143;0;348;0;0;452;0;939;1391;0,714
04/03/2022;2022;3;21;0;642;0;1633;0;2275;0;153;0;402;0;0;486;0;1086;1571;0,691
04/03/2022;2022;3;22;0;610;0;1566;0;2176;0;146;0;387;0;0;464;0;1043;1508;0,693
04/03/2022;2022;3;23;0;592;0;1409;0;2001;0;143;0;355;0;0;453;0;957;1410;0,705
04/03/2022;2022;3;24;0;486;0;1461;0;1948;0;119;0;361;0;0;378;0;972;1350;0,693
05/03/2022;2022;3;1;0;423;85;1283;0;1790;0;102;24;305;0;0;324;47;823;1194;0,667
05/03/2022;2022;3;2;0;451;0;1251;0;1701;0;108;0;295;0;0;341;0;795;1136;0,668
05/03/2022;2022;3;3;0;486;0;1142;0;1629;0;115;0;273;0;0;364;0;736;1101;0,676
05/03/2022;2022;3;4;0;487;0;1150;0;1636;0;115;0;265;0;0;365;0;715;1080;0,660
05/03/2022;2022;3;5;0;552;0;1245;0;1797;0;128;0;269;0;0;406;0;726;1132;0,630
05/03/2022;2022;3;6;0;534;0;1227;0;1761;0;125;0;264;0;0;395;0;713;1108;0,629
05/03/2022;2022;3;7;0;549;0;1114;0;1663;0;128;0;243;0;0;406;0;655;1060;0,638
05/03/2022;2022;3;8;0;292;4;1173;0;1469;0;74;9;256;0;0;235;17;691;943;0,642
05/03/2022;2022;3;9;0;284;0;1279;0;1564;0;72;2;284;0;0;229;5;765;999;0,639
05/03/2022;2022;3;10;0;342;0;1373;0;1715;0;86;0;305;0;0;271;0;822;1093;0,637
05/03/2022;2022;3;11;0;351;0;1424;0;1775;0;88;0;323;0;0;278;0;871;1149;0,647
05/03/2022;2022;3;12;0;427;0;1442;0;1869;0;104;0;328;0;0;329;0;885;1215;0,650
05/03/2022;2022;3;13;0;584;2;1137;0;1722;0;135;1;269;0;0;429;2;725;1156;0,671
05/03/2022;2022;3;14;0;661;0;1203;0;1864;0;154;0;289;0;0;488;0;778;1266;0,679
05/03/2022;2022;3;15;0;680;2;1272;0;1955;0;159;2;307;0;0;503;3;828;1334;0,683
05/03/2022;2022;3;16;0;448;7;1363;0;1818;0;110;6;336;0;0;348;12;906;1265;0,696
05/03/2022;2022;3;17;0;430;12;1313;0;1755;0;105;7;321;0;0;334;14;866;1214;0,692
05/03/2022;2022;3;18;0;449;8;1301;0;1758;0;110;6;310;0;0;350;12;836;1198;0,682
05/03/2022;2022;3;19;0;452;2;1405;0;1860;0;111;2;313;0;0;354;3;845;1202;0,647
05/03/2022;2022;3;20;0;453;0;1372;0;1825;0;112;0;304;0;0;354;0;820;1174;0,644
05/03/2022;2022;3;21;0;454;0;1417;0;1871;0;112;0;316;0;0;355;0;852;1207;0,645
05/03/2022;2022;3;22;0;448;0;1345;0;1793;0;110;0;297;0;0;350;0;801;1151;0,642
05/03/2022;2022;3;23;0;456;0;1290;0;1746;0;112;0;285;0;0;356;0;768;1124;0,644
05/03/2022;2022;3;24;0;456;0;1276;0;1732;0;112;0;282;0;0;356;0;761;1117;0,645
06/03/2022;2022;3;1;0;458;0;1113;0;1571;0;120;0;241;0;0;379;0;649;1029;0,655
06/03/2022;2022;3;2;0;391;3;1376;0;1770;0;103;9;300;0;0;327;18;809;1154;0,652
06/03/2022;2022;3;3;0;215;0;1283;0;1498;0;61;0;280;0;0;193;0;755;948;0,633
06/03/2022;2022;3;4;0;197;0;1307;0;1504;0;57;0;283;0;0;180;0;763;942;0,627
06/03/2022;2022;3;5;0;196;0;1292;0;1488;0;56;0;279;0;0;179;0;752;931;0,626
06/03/2022;2022;3;6;0;199;0;1243;0;1443;0;57;0;268;0;0;181;0;724;905;0,628
06/03/2022;2022;3;7;0;194;0;1423;0;1617;0;56;0;302;0;0;177;0;815;993;0,614
06/03/2022;2022;3;8;0;190;0;1374;0;1564;0;55;0;289;0;0;174;0;779;953;0,609
06/03/2022;2022;3;9;0;195;0;1378;0;1573;0;56;0;290;0;0;178;0;782;960;0,610
06/03/2022;2022;3;10;0;192;0;1406;0;1598;0;55;0;297;0;0;176;0;801;977;0,611
06/03/2022;2022;3;11;0;192;0;1393;0;1585;0;56;0;294;0;0;176;0;792;968;0,611
06/03/2022;2022;3;12;0;189;1;1389;0;1579;0;55;2;293;0;0;174;3;790;967;0,612
06/03/2022;2022;3;13;0;191;0;1402;0;1593;0;55;0;297;0;0;176;0;800;975;0,612
06/03/2022;2022;3;14;0;192;0;1416;0;1608;0;55;0;300;0;0;176;0;808;984;0,612
06/03/2022;2022;3;15;0;188;0;1414;0;1603;0;55;0;299;0;0;173;0;807;980;0,612
06/03/2022;2022;3;16;0;196;0;1423;0;1619;0;56;0;302;0;0;179;0;815;993;0,613
06/03/2022;2022;3;17;0;194;0;1422;0;1615;0;56;0;302;0;0;177;0;815;992;0,614
06/03/2022;2022;3;18;0;192;0;1340;0;1532;0;55;0;287;0;0;176;0;774;950;0,620
06/03/2022;2022;3;19;0;197;0;1387;0;1585;0;57;0;295;0;0;180;0;796;976;0,616
06/03/2022;2022;3;20;0;327;0;1518;0;1846;0;86;0;318;0;0;273;0;857;1130;0,612
06/03/2022;2022;3;21;0;656;0;1335;0;1991;0;160;0;280;0;0;507;0;755;1263;0,634
06/03/2022;2022;3;22;0;680;0;1349;0;2029;0;164;0;283;0;0;522;0;762;1284;0,633
06/03/2022;2022;3;23;0;684;0;1355;0;2039;0;165;0;284;0;0;525;0;767;1291;0,633
06/03/2022;2022;3;24;0;682;0;1016;0;1698;0;165;0;217;0;0;523;0;585;1109;0,653
07/03/2022;2022;3;1;0;589;3;1233;0;1825;0;147;1;262;0;0;465;2;708;1175;0,644
07/03/2022;2022;3;2;0;260;3;1558;0;1822;0;72;1;327;0;0;227;2;883;1111;0,610
07/03/2022;2022;3;3;0;190;3;1374;0;1567;0;56;1;291;0;0;178;2;784;964;0,615
07/03/2022;2022;3;4;0;192;3;1333;0;1528;0;57;1;285;0;0;180;2;770;952;0,623
07/03/2022;2022;3;5;0;192;3;1367;0;1562;0;57;1;288;0;0;180;2;778;960;0,614
07/03/2022;2022;3;6;0;194;3;1381;0;1579;0;57;1;293;0;0;182;2;789;973;0,616
07/03/2022;2022;3;7;0;191;24;1420;0;1635;0;57;10;300;0;0;179;20;809;1008;0,617
07/03/2022;2022;3;8;0;186;23;1431;0;1641;0;55;8;303;0;0;176;15;817;1008;0,614
07/03/2022;2022;3;9;0;187;23;1436;0;1646;0;56;8;306;0;0;176;15;826;1017;0,618
07/03/2022;2022;3;10;0;188;24;1464;0;1676;0;56;8;316;0;0;177;16;852;1045;0,624
07/03/2022;2022;3;11;0;187;23;1470;0;1680;0;56;8;316;0;0;176;15;851;1042;0,621
07/03/2022;2022;3;12;0;189;28;1482;0;1699;0;56;19;319;0;0;178;38;861;1077;0,634
07/03/2022;2022;3;13;0;187;23;1698;0;1908;0;56;8;359;0;0;176;15;970;1161;0,609
07/03/2022;2022;3;14;0;185;30;1789;0;2005;0;55;20;375;0;0;175;40;1013;1228;0,613
07/03/2022;2022;3;15;0;187;37;1707;0;1932;0;56;22;366;0;0;177;43;986;1206;0,624
07/03/2022;2022;3;16;0;192;23;1678;0;1892;0;57;8;362;0;0;180;15;976;1170;0,618
07/03/2022;2022;3;17;0;258;23;1640;0;1920;0;77;8;352;0;0;245;15;949;1209;0,630
07/03/2022;2022;3;18;0;262;24;1618;0;1904;0;78;9;345;0;0;248;18;931;1196;0,628
07/03/2022;2022;3;19;0;336;3;1548;0;1887;0;102;1;331;0;0;322;2;894;1218;0,645
07/03/2022;2022;3;20;0;346;3;1584;0;1934;0;104;1;336;0;0;329;2;907;1238;0,640
07/03/2022;2022;3;21;0;341;3;1472;0;1816;0;103;1;311;0;0;325;2;838;1166;0,642
07/03/2022;2022;3;22;0;337;3;1422;0;1763;0;102;1;301;0;0;323;2;812;1137;0,645
07/03/2022;2022;3;23;0;346;3;1351;0;1699;0;104;1;287;0;0;329;2;775;1106;0,651
07/03/2022;2022;3;24;0;342;3;1502;0;1847;0;103;1;309;0;0;326;2;833;1161;0,629
08/03/2022;2022;3;1;0;345;0;1388;0;1733;0;101;0;277;0;0;320;0;747;1067;0,616
08/03/2022;2022;3;2;0;342;2;1241;0;1585;0;100;4;251;0;0;318;7;677;1002;0,633
08/03/2022;2022;3;3;0;345;0;1196;0;1540;0;101;0;243;0;0;320;0;656;977;0,634
08/03/2022;2022;3;4;0;343;0;1173;0;1516;0;101;3;239;0;0;319;7;644;970;0,640
08/03/2022;2022;3;5;0;342;0;1172;0;1514;0;100;0;238;0;0;319;0;643;961;0,635
08/03/2022;2022;3;6;0;345;0;1172;0;1517;0;101;0;238;0;0;320;0;643;963;0,635
08/03/2022;2022;3;7;0;343;0;1165;0;1508;0;101;0;237;0;0;319;0;639;958;0,635
08/03/2022;2022;3;8;0;340;0;1167;0;1508;0;100;0;237;0;0;317;0;639;957;0,634
08/03/2022;2022;3;9;0;346;0;1121;0;1468;0;101;0;232;0;0;321;0;627;948;0,646
08/03/2022;2022;3;10;251;346;139;944;0;1680;130;101;31;197;0;303;321;60;533;1217;0,724
08/03/2022;2022;3;11;242;343;138;972;0;1696;125;101;31;221;0;292;319;61;595;1267;0,747
08/03/2022;2022;3;12;242;343;140;1000;0;1724;125;101;31;227;0;292;319;60;612;1283;0,744
08/03/2022;2022;3;13;242;341;135;995;0;1713;125;100;30;227;0;292;318;59;611;1279;0,747
08/03/2022;2022;3;14;240;344;158;1017;0;1759;125;101;38;217;0;292;320;73;585;1270;0,722
08/03/2022;2022;3;15;239;342;207;1032;0;1821;124;100;47;221;0;289;319;91;596;1294;0,711
08/03/2022;2022;3;16;239;343;213;1036;0;1831;124;101;49;222;0;289;320;95;598;1301;0,711
08/03/2022;2022;3;17;240;342;203;1034;0;1819;124;100;42;220;0;289;319;82;594;1283;0,706
08/03/2022;2022;3;18;239;343;202;1116;0;1899;124;101;43;237;0;289;319;83;639;1330;0,700
08/03/2022;2022;3;19;237;346;0;1204;0;1787;124;101;0;253;0;289;321;0;681;1291;0,723
08/03/2022;2022;3;20;239;346;0;1280;0;1865;124;101;0;262;0;289;321;0;706;1315;0,705
08/03/2022;2022;3;21;0;512;0;1384;0;1896;0;140;0;278;0;0;444;0;750;1194;0,630
08/03/2022;2022;3;22;0;585;0;1376;0;1960;0;158;0;274;0;0;501;1;740;1242;0,633
08/03/2022;2022;3;23;240;579;0;1113;0;1932;124;157;0;244;0;289;497;0;658;1443;0,747
08/03/2022;2022;3;24;239;374;213;845;0;1670;124;107;48;178;0;289;340;93;479;1202;0,720
09/03/2022;2022;3;1;240;330;187;787;0;1544;124;92;49;167;0;289;292;95;451;1126;0,730
09/03/2022;2022;3;2;241;336;156;769;0;1503;124;93;47;163;0;289;296;92;440;1117;0,744
09/03/2022;2022;3;3;171;340;159;768;0;1438;91;94;38;163;0;212;298;74;440;1024;0,712
09/03/2022;2022;3;4;134;341;170;767;0;1411;72;94;47;160;0;169;299;91;432;991;0,703
09/03/2022;2022;3;5;134;343;306;715;0;1498;72;95;70;151;0;169;300;136;408;1014;0,677
09/03/2022;2022;3;6;134;341;309;716;0;1500;72;94;70;151;0;169;299;137;409;1015;0,676
09/03/2022;2022;3;7;183;344;297;729;0;1552;98;95;70;155;0;229;300;136;418;1083;0,698
09/03/2022;2022;3;8;186;337;276;743;0;1542;100;93;61;159;0;233;296;120;428;1076;0,698
09/03/2022;2022;3;9;189;396;143;837;0;1565;101;106;34;176;0;235;335;67;474;1112;0,710
09/03/2022;2022;3;10;187;543;6;982;0;1717;100;138;12;199;0;234;439;23;538;1233;0,718
09/03/2022;2022;3;11;189;596;4;950;0;1738;100;151;2;193;0;234;478;3;521;1236;0,711
09/03/2022;2022;3;12;185;622;144;802;0;1754;98;157;33;169;0;230;497;64;456;1246;0,710
09/03/2022;2022;3;13;180;704;145;760;0;1789;96;175;33;163;0;225;555;64;439;1283;0,717
09/03/2022;2022;3;14;182;724;145;713;0;1764;97;180;34;155;0;227;570;66;419;1283;0,727
09/03/2022;2022;3;15;183;723;144;767;0;1817;98;180;33;169;0;228;570;64;456;1317;0,725
09/03/2022;2022;3;16;204;659;140;784;0;1788;106;165;31;173;0;248;522;61;466;1297;0,725
09/03/2022;2022;3;17;242;563;140;783;0;1727;124;138;31;172;0;289;437;61;463;1250;0,724
09/03/2022;2022;3;18;236;567;0;846;0;1649;121;139;0;184;0;283;440;0;496;1220;0,740
09/03/2022;2022;3;19;243;568;0;958;0;1770;125;139;0;198;0;292;442;0;534;1268;0,716
09/03/2022;2022;3;20;245;571;0;943;0;1759;126;140;0;194;0;294;443;0;525;1262;0,718
09/03/2022;2022;3;21;245;571;140;912;0;1868;126;140;31;188;0;294;443;61;508;1306;0,699
09/03/2022;2022;3;22;246;574;139;924;0;1884;126;140;31;192;0;294;446;61;517;1317;0,699
09/03/2022;2022;3;23;245;572;0;918;0;1735;126;140;0;190;0;294;444;0;512;1251;0,721
09/03/2022;2022;3;24;244;359;140;906;0;1649;126;92;31;190;0;294;292;61;513;1160;0,704
10/03/2022;2022;3;1;246;267;217;783;0;1512;126;77;51;167;0;294;243;99;450;1086;0,718
10/03/2022;2022;3;2;245;268;149;752;0;1414;126;77;39;159;0;294;244;75;430;1043;0,737
10/03/2022;2022;3;3;246;268;143;745;0;1402;126;77;36;157;0;294;244;70;424;1032;0,736
10/03/2022;2022;3;4;246;267;0;885;0;1397;126;77;0;200;0;294;243;0;539;1076;0,770
10/03/2022;2022;3;5;249;268;138;762;0;1416;128;77;31;166;0;300;244;60;448;1052;0,743
10/03/2022;2022;3;6;246;272;141;727;0;1386;126;78;31;152;0;294;247;61;410;1012;0,730
10/03/2022;2022;3;7;246;264;281;733;0;1525;126;76;65;154;0;294;242;127;415;1078;0,707
10/03/2022;2022;3;8;246;267;281;772;0;1567;126;77;65;164;0;294;244;127;442;1107;0,707
10/03/2022;2022;3;9;247;265;287;789;0;1587;126;76;63;167;0;294;242;123;451;1110;0,700
10/03/2022;2022;3;10;246;322;141;909;0;1617;126;89;31;188;0;294;282;61;506;1143;0,707
10/03/2022;2022;3;11;248;503;0;917;0;1668;127;131;0;189;0;297;417;0;509;1223;0,733
10/03/2022;2022;3;12;249;561;0;921;0;1731;127;146;0;189;0;297;462;0;510;1269;0,733
10/03/2022;2022;3;13;247;561;0;924;0;1733;127;146;0;190;0;297;462;0;512;1271;0,734
10/03/2022;2022;3;14;244;561;0;931;0;1737;126;146;0;192;0;294;462;0;517;1273;0,733
10/03/2022;2022;3;15;246;560;0;942;0;1748;126;145;0;194;0;294;461;0;524;1280;0,732
10/03/2022;2022;3;16;245;532;0;937;0;1714;126;138;0;193;0;294;439;0;520;1254;0,731
10/03/2022;2022;3;17;247;352;143;924;0;1666;127;96;32;189;0;297;304;61;511;1173;0,704
10/03/2022;2022;3;18;247;339;140;912;0;1637;127;93;31;186;0;297;295;60;502;1154;0,705
10/03/2022;2022;3;19;246;344;44;911;0;1544;126;94;25;186;0;294;299;49;501;1143;0,741
10/03/2022;2022;3;20;247;530;0;919;0;1696;127;138;0;188;0;297;438;0;508;1243;0,733
10/03/2022;2022;3;21;248;564;0;925;0;1738;127;147;0;190;0;297;465;0;514;1276;0,734
10/03/2022;2022;3;22;247;564;0;912;0;1722;127;146;0;187;0;297;465;0;505;1267;0,736
10/03/2022;2022;3;23;248;567;0;890;0;1704;127;147;0;182;0;297;467;0;490;1254;0,736
10/03/2022;2022;3;24;249;564;0;861;0;1674;128;147;0;174;0;300;465;0;470;1235;0,738
11/03/2022;2022;3;1;249;564;0;844;0;1657;127;144;0;170;0;297;457;0;459;1212;0,732
11/03/2022;2022;3;2;0;561;0;844;0;1405;0;144;0;170;0;0;456;0;458;914;0,650
11/03/2022;2022;3;3;0;565;0;843;0;1409;0;144;0;170;0;0;457;0;458;915;0,649
11/03/2022;2022;3;4;0;568;0;843;0;1411;0;144;0;170;0;0;457;0;458;915;0,648
11/03/2022;2022;3;5;0;568;0;842;0;1410;0;144;0;170;0;0;456;0;457;914;0,648
11/03/2022;2022;3;6;0;568;0;840;0;1408;0;144;0;169;0;0;457;0;457;914;0,649
11/03/2022;2022;3;7;0;567;0;840;0;1407;0;144;0;170;0;0;457;0;458;915;0,650
11/03/2022;2022;3;8;0;568;0;854;0;1422;0;144;0;174;0;0;456;0;468;925;0,650
11/03/2022;2022;3;9;0;663;0;889;0;1551;0;164;0;182;0;0;519;0;492;1012;0,652
11/03/2022;2022;3;10;0;843;0;637;0;1481;0;202;0;137;0;0;640;0;370;1010;0,682
11/03/2022;2022;3;11;0;658;0;908;0;1565;0;149;0;187;0;0;474;0;504;977;0,624
11/03/2022;2022;3;12;233;656;0;911;0;1800;120;149;0;187;0;281;473;0;504;1258;0,699
11/03/2022;2022;3;13;236;590;4;913;0;1743;121;138;4;187;0;283;439;8;505;1235;0,709
11/03/2022;2022;3;14;236;594;0;913;0;1743;122;136;0;187;0;286;431;0;505;1222;0,701
11/03/2022;2022;3;15;237;650;0;911;0;1798;122;152;0;187;0;286;482;0;504;1272;0,707
11/03/2022;2022;3;16;238;579;0;911;0;1728;122;134;0;187;0;286;424;0;503;1213;0,702
11/03/2022;2022;3;17;240;545;0;911;0;1696;124;120;0;187;0;289;382;0;504;1174;0,692
11/03/2022;2022;3;18;239;544;0;912;0;1695;122;120;0;187;0;286;381;0;504;1171;0,691
11/03/2022;2022;3;19;242;546;0;912;0;1699;125;119;0;187;0;292;377;0;505;1173;0,690
11/03/2022;2022;3;20;244;541;6;914;0;1705;125;118;10;188;0;292;375;19;507;1192;0,699
11/03/2022;2022;3;21;243;567;0;910;0;1720;125;127;0;187;0;292;402;0;505;1199;0,697
11/03/2022;2022;3;22;243;685;0;894;0;1822;125;154;0;184;0;292;490;0;495;1276;0,701
11/03/2022;2022;3;23;243;488;0;973;0;1705;125;114;3;202;0;292;360;6;544;1201;0,705
11/03/2022;2022;3;24;235;257;395;603;0;1491;121;57;102;124;0;283;181;199;333;997;0,669
12/03/2022;2022;3;1;231;190;570;513;0;1503;119;54;130;104;0;278;171;253;280;982;0,653
12/03/2022;2022;3;2;230;187;537;492;0;1446;119;53;119;105;0;278;170;232;284;963;0,666
12/03/2022;2022;3;3;235;190;540;484;0;1450;121;54;120;103;0;283;171;233;279;966;0,667
12/03/2022;2022;3;4;234;193;539;484;0;1448;120;55;116;103;0;281;173;225;278;957;0,661
12/03/2022;2022;3;5;234;190;513;483;0;1420;120;54;110;103;0;281;171;214;277;943;0,665
12/03/2022;2022;3;6;229;186;495;481;0;1391;118;53;106;103;0;275;169;206;277;927;0,666
12/03/2022;2022;3;7;232;192;521;508;0;1452;120;55;110;109;0;281;174;214;293;962;0,662
12/03/2022;2022;3;8;229;188;364;511;0;1292;118;54;76;109;0;275;171;149;295;890;0,689
12/03/2022;2022;3;9;230;189;471;512;0;1402;118;54;112;110;0;275;172;217;296;960;0,685
12/03/2022;2022;3;10;235;180;505;513;0;1432;120;51;120;110;0;281;161;233;297;972;0,679
12/03/2022;2022;3;11;231;172;483;521;0;1408;119;48;106;108;0;278;152;207;290;927;0,658
12/03/2022;2022;3;12;232;206;479;577;0;1494;119;55;105;117;0;278;176;205;316;974;0,652
12/03/2022;2022;3;13;238;387;266;580;0;1471;122;98;61;117;0;286;312;120;316;1033;0,702
12/03/2022;2022;3;14;235;435;277;581;0;1527;121;110;67;117;0;283;349;131;316;1079;0,707
12/03/2022;2022;3;15;237;438;269;582;0;1526;121;111;67;117;0;283;351;131;317;1082;0,709
12/03/2022;2022;3;16;234;436;267;582;0;1520;120;110;68;117;0;281;350;132;316;1079;0,710
12/03/2022;2022;3;17;234;436;262;582;0;1514;121;110;66;117;0;283;350;129;316;1079;0,712
12/03/2022;2022;3;18;238;639;0;588;0;1466;122;153;0;119;0;286;485;0;321;1092;0,745
12/03/2022;2022;3;19;236;736;23;596;0;1591;121;173;15;121;0;283;548;30;327;1188;0,747
12/03/2022;2022;3;20;231;728;1;582;0;1541;119;171;0;118;0;278;543;0;317;1138;0,738
12/03/2022;2022;3;21;230;722;227;572;0;1751;118;170;57;115;0;275;539;110;311;1235;0,705
12/03/2022;2022;3;22;232;632;217;601;0;1682;120;150;53;122;0;281;477;103;329;1189;0,707
12/03/2022;2022;3;23;233;253;422;624;0;1532;120;66;93;128;0;281;210;182;344;1017;0,664
12/03/2022;2022;3;24;233;170;422;551;0;1377;120;48;87;110;0;281;151;169;298;898;0,653
13/03/2022;2022;3;1;230;174;427;549;0;1381;118;47;91;110;0;275;149;176;297;897;0,650
13/03/2022;2022;3;2;228;172;395;507;0;1302;118;46;85;107;0;274;147;165;289;876;0,673
13/03/2022;2022;3;3;230;175;504;490;0;1399;118;47;107;104;0;275;149;209;280;913;0,653
13/03/2022;2022;3;4;232;173;285;490;0;1179;119;47;62;104;0;278;148;122;280;827;0,702
13/03/2022;2022;3;5;228;171;281;490;0;1170;118;46;62;104;0;275;146;121;280;822;0,703
13/03/2022;2022;3;6;224;173;281;490;0;1167;117;47;62;104;0;272;148;121;280;820;0,703
13/03/2022;2022;3;7;227;176;285;492;0;1179;117;47;65;104;0;272;150;127;281;830;0,704
13/03/2022;2022;3;8;159;181;337;504;0;1180;85;48;78;108;0;198;153;152;290;794;0,672
13/03/2022;2022;3;9;158;181;389;507;0;1236;86;48;87;109;0;202;153;170;293;818;0,662
13/03/2022;2022;3;10;214;176;452;508;0;1350;112;47;101;109;0;262;150;196;294;902;0,668
13/03/2022;2022;3;11;251;175;447;510;0;1384;131;47;97;110;0;305;149;190;296;940;0,680
13/03/2022;2022;3;12;250;178;458;511;0;1397;131;48;99;110;0;305;151;193;297;947;0,678
13/03/2022;2022;3;13;244;173;477;511;0;1406;127;47;103;110;0;297;148;201;297;944;0,671
13/03/2022;2022;3;14;245;172;471;498;0;1385;127;46;104;106;0;297;147;202;287;933;0,674
13/03/2022;2022;3;15;249;177;475;499;0;1399;130;47;105;106;0;303;151;204;287;943;0,675
13/03/2022;2022;3;16;249;173;493;498;0;1414;130;47;114;106;0;303;148;222;287;959;0,678
13/03/2022;2022;3;17;251;172;479;499;0;1402;131;46;110;106;0;305;147;215;287;954;0,680
13/03/2022;2022;3;18;251;172;467;529;0;1419;131;46;107;106;0;305;147;209;287;949;0,668
13/03/2022;2022;3;19;250;185;455;556;0;1446;130;49;108;111;0;304;156;211;299;970;0,671
13/03/2022;2022;3;20;248;374;248;556;0;1426;130;92;68;111;0;303;291;132;299;1024;0,718
13/03/2022;2022;3;21;245;438;467;556;0;1706;127;107;116;111;0;297;340;226;299;1163;0,682
13/03/2022;2022;3;22;247;438;466;557;0;1707;128;107;117;111;0;300;340;228;300;1168;0,684
13/03/2022;2022;3;23;246;437;306;556;0;1545;128;107;101;111;0;300;339;198;300;1137;0,736
13/03/2022;2022;3;24;245;511;207;553;0;1516;127;129;43;111;0;297;409;84;298;1088;0,718
14/03/2022;2022;3;1;243;511;0;555;0;1309;125;125;0;111;0;292;396;0;300;987;0,754
14/03/2022;2022;3;2;246;422;223;500;0;1391;125;104;51;107;0;293;330;100;287;1011;0,727
14/03/2022;2022;3;3;243;262;227;491;0;1223;125;69;52;105;0;292;220;101;283;895;0,731
14/03/2022;2022;3;4;245;259;338;486;0;1327;126;69;72;104;0;294;218;140;280;932;0,702
14/03/2022;2022;3;5;238;255;304;498;0;1294;122;68;81;103;0;286;215;159;279;938;0,725
14/03/2022;2022;3;6;220;259;335;498;0;1313;115;69;92;102;0;270;218;179;276;943;0,718
14/03/2022;2022;3;7;235;250;353;501;0;1339;121;67;99;103;0;283;212;194;277;966;0,722
14/03/2022;2022;3;8;245;334;279;502;0;1360;126;91;62;103;0;294;289;121;278;981;0,722
14/03/2022;2022;3;9;243;330;283;575;0;1430;125;90;64;120;0;292;286;125;323;1025;0,717
14/03/2022;2022;3;10;242;327;290;700;0;1559;125;90;71;145;0;292;284;139;391;1105;0,709
14/03/2022;2022;3;11;243;341;283;748;0;1616;125;92;62;154;0;292;293;122;415;1121;0,694
14/03/2022;2022;3;12;231;535;160;767;0;1693;120;135;45;157;0;281;428;88;425;1221;0,721
14/03/2022;2022;3;13;230;625;0;793;0;1648;119;155;0;161;0;278;493;0;435;1206;0,731
14/03/2022;2022;3;14;231;619;218;795;0;1863;120;154;52;162;0;281;489;101;436;1306;0,701
14/03/2022;2022;3;15;0;979;0;793;0;1772;0;231;0;163;0;0;734;0;440;1174;0,662
14/03/2022;2022;3;16;0;1105;0;801;0;1907;0;261;0;165;0;0;828;0;444;1272;0,667
14/03/2022;2022;3;17;0;1246;0;554;0;1800;0;293;11;119;0;0;930;21;321;1273;0,707
14/03/2022;2022;3;18;0;1198;1;505;0;1704;0;284;19;112;0;0;902;37;301;1240;0,728
14/03/2022;2022;3;19;0;1219;0;657;0;1877;0;289;0;144;0;0;917;0;389;1305;0,696
14/03/2022;2022;3;20;0;1219;0;570;0;1789;0;289;0;126;0;0;916;0;340;1255;0,702
14/03/2022;2022;3;21;0;1235;0;782;0;2017;0;292;0;167;0;0;925;0;449;1375;0,682
14/03/2022;2022;3;22;0;1221;0;689;0;1910;0;289;0;147;0;0;916;0;396;1312;0,687
14/03/2022;2022;3;23;0;1221;0;668;0;1889;0;289;0;142;0;0;916;0;382;1298;0,687
14/03/2022;2022;3;24;0;1220;0;641;0;1862;0;289;0;135;0;0;916;0;363;1279;0,687
15/03/2022;2022;3;1;0;1184;2;345;0;1531;0;282;3;73;0;0;894;6;196;1096;0,716
15/03/2022;2022;3;2;0;1170;2;344;0;1515;0;279;4;73;0;0;885;8;196;1088;0,718
15/03/2022;2022;3;3;0;1156;0;344;0;1499;0;276;0;73;0;0;876;0;196;1071;0,714
15/03/2022;2022;3;4;0;1151;3;342;0;1496;0;275;4;72;0;0;872;8;195;1075;0,718
15/03/2022;2022;3;5;0;1122;0;342;0;1464;0;269;0;72;0;0;853;0;195;1048;0,716
15/03/2022;2022;3;6;0;1068;0;342;0;1409;0;256;0;72;0;0;814;0;195;1008;0,715
15/03/2022;2022;3;7;0;975;0;436;0;1411;0;236;0;103;0;0;750;0;278;1028;0,729
15/03/2022;2022;3;8;0;1001;0;440;0;1441;0;247;0;126;0;0;784;0;340;1124;0,780
15/03/2022;2022;3;9;0;1034;4;449;0;1486;0;256;1;130;0;0;813;2;350;1165;0,784
15/03/2022;2022;3;10;0;800;5;793;0;1598;0;203;2;215;0;0;646;3;580;1229;0,769
15/03/2022;2022;3;11;0;1022;6;809;0;1836;0;255;5;227;0;0;809;9;612;1430;0,779
15/03/2022;2022;3;12;0;1017;5;799;0;1822;0;254;2;225;0;0;804;3;606;1413;0,775
15/03/2022;2022;3;13;0;1040;33;840;0;1913;0;259;12;241;0;0;823;23;649;1495;0,781
15/03/2022;2022;3;14;0;828;5;1025;0;1857;0;211;1;291;0;0;670;3;785;1457;0,785
15/03/2022;2022;3;15;0;826;6;1031;0;1864;0;210;5;292;0;0;667;10;788;1465;0,786
15/03/2022;2022;3;16;0;830;4;1046;0;1879;0;211;1;296;0;0;670;2;798;1471;0,783
15/03/2022;2022;3;17;0;828;5;1050;0;1883;0;211;2;297;0;0;670;3;801;1474;0,783
15/03/2022;2022;3;18;0;828;5;1048;0;1881;0;211;2;297;0;0;670;3;800;1473;0,783
15/03/2022;2022;3;19;0;834;4;1054;0;1893;0;212;1;298;0;0;674;2;804;1480;0,782
15/03/2022;2022;3;20;0;834;4;1063;0;1901;0;212;1;300;0;0;674;2;809;1485;0,781
15/03/2022;2022;3;21;0;1060;4;1073;0;2136;0;264;1;302;0;0;839;2;814;1655;0,775
15/03/2022;2022;3;22;0;837;4;1082;0;1922;0;213;1;303;0;0;675;2;818;1496;0,778
15/03/2022;2022;3;23;0;1052;2;822;0;1875;0;262;3;232;0;0;831;5;625;1461;0,779
15/03/2022;2022;3;24;0;1207;0;497;0;1704;0;293;0;119;0;0;930;0;320;1250;0,734
16/03/2022;2022;3;1;0;1206;135;351;0;1692;0;289;35;74;0;0;916;68;201;1185;0,700
16/03/2022;2022;3;2;0;1148;0;345;0;1493;0;277;0;73;0;0;878;0;197;1075;0,720
16/03/2022;2022;3;3;0;1056;0;343;0;1399;0;258;0;73;0;0;820;0;196;1015;0,726
16/03/2022;2022;3;4;0;1060;0;549;0;1610;0;259;0;117;0;0;823;0;315;1138;0,707
16/03/2022;2022;3;5;0;1056;0;503;0;1559;0;258;0;110;0;0;819;0;296;1115;0,715
16/03/2022;2022;3;6;0;1056;0;457;0;1512;0;258;0;100;0;0;819;0;270;1089;0,720
16/03/2022;2022;3;7;0;1049;0;557;0;1606;0;255;0;123;0;0;810;0;331;1141;0,711
16/03/2022;2022;3;8;0;1055;6;508;0;1570;0;258;2;111;0;0;818;3;299;1120;0,714
16/03/2022;2022;3;9;0;1057;6;521;0;1584;0;258;2;114;0;0;819;3;307;1129;0,713
16/03/2022;2022;3;10;0;1052;6;571;0;1629;0;257;2;123;0;0;815;3;333;1152;0,707
16/03/2022;2022;3;11;0;1259;6;488;0;1753;0;300;2;120;0;0;951;3;323;1278;0,729
16/03/2022;2022;3;12;0;1098;29;710;0;1836;0;265;11;201;0;0;841;22;543;1406;0,765
16/03/2022;2022;3;13;0;851;0;997;0;1848;0;209;0;285;0;0;663;0;768;1431;0,774
16/03/2022;2022;3;14;0;857;0;1030;0;1888;0;210;0;292;0;0;667;0;788;1455;0,771
16/03/2022;2022;3;15;0;1096;0;1038;0;2134;0;264;0;294;0;0;839;0;793;1632;0,765
16/03/2022;2022;3;16;0;1104;0;1038;0;2142;0;266;0;294;0;0;844;0;793;1637;0,764
16/03/2022;2022;3;17;0;1089;0;1037;0;2126;0;263;0;294;0;0;835;0;792;1627;0,765
16/03/2022;2022;3;18;0;976;0;1037;0;2013;0;241;0;294;0;0;764;0;793;1557;0,773
16/03/2022;2022;3;19;0;827;0;1030;0;1857;0;202;0;292;0;0;640;0;787;1427;0,769
16/03/2022;2022;3;20;0;830;3;1065;0;1899;0;202;4;299;0;0;642;7;808;1457;0,767
16/03/2022;2022;3;21;0;846;7;1121;0;1975;0;206;6;312;0;0;652;12;840;1505;0,762
16/03/2022;2022;3;22;0;835;10;1091;0;1936;0;203;5;303;0;0;645;9;818;1472;0,760
16/03/2022;2022;3;23;0;898;0;955;0;1853;0;216;0;266;0;0;686;0;716;1402;0,756
16/03/2022;2022;3;24;0;919;0;1085;0;2004;0;220;0;279;0;0;699;0;753;1452;0,725
17/03/2022;2022;3;1;0;774;1;887;0;1662;0;199;0;223;0;0;631;1;603;1235;0,743
17/03/2022;2022;3;2;0;753;1;790;0;1543;0;194;0;174;0;0;615;1;469;1085;0,703
17/03/2022;2022;3;3;0;618;1;993;0;1612;0;157;0;200;0;0;498;1;540;1039;0,644
17/03/2022;2022;3;4;0;561;1;873;0;1434;0;144;0;182;0;0;456;1;490;946;0,660
17/03/2022;2022;3;5;246;545;8;826;0;1624;127;140;20;174;0;297;444;39;468;1249;0,769
17/03/2022;2022;3;6;239;547;1;824;0;1611;124;140;0;173;0;289;445;1;466;1201;0,745
17/03/2022;2022;3;7;246;544;1;832;0;1623;127;140;0;175;0;297;443;1;471;1212;0,747
17/03/2022;2022;3;8;243;545;1;850;0;1639;125;140;0;179;0;292;444;1;484;1220;0,744
17/03/2022;2022;3;9;247;547;1;861;0;1655;127;140;0;183;0;297;445;1;492;1235;0,746
17/03/2022;2022;3;10;248;581;1;955;0;1786;127;148;0;197;0;297;469;1;531;1298;0,727
17/03/2022;2022;3;11;0;772;1;1102;0;1874;0;187;0;272;0;0;595;1;732;1328;0,708
17/03/2022;2022;3;12;0;835;25;1197;0;2057;0;202;10;310;0;0;641;20;837;1498;0,728
17/03/2022;2022;3;13;0;700;1;1222;0;1924;0;175;0;340;0;0;554;1;918;1473;0,766
17/03/2022;2022;3;14;0;624;1;1533;0;2159;0;159;0;426;0;0;504;1;1149;1654;0,766
17/03/2022;2022;3;15;0;622;1;1583;0;2206;0;158;0;440;0;0;502;1;1187;1689;0,766
17/03/2022;2022;3;16;0;412;1;1677;0;2090;0;108;0;467;0;0;341;1;1260;1602;0,766
17/03/2022;2022;3;17;0;413;1;1683;0;2097;0;108;0;469;0;0;342;1;1266;1608;0,767
17/03/2022;2022;3;18;0;414;1;1682;0;2097;0;108;0;469;0;0;342;1;1265;1608;0,767
17/03/2022;2022;3;19;0;200;2;1681;0;1882;0;55;4;469;0;0;174;7;1264;1445;0,768
17/03/2022;2022;3;20;0;415;1;1737;0;2153;0;108;0;485;0;0;343;1;1307;1651;0,767
17/03/2022;2022;3;21;0;294;1;1809;0;2104;0;83;0;507;0;0;262;1;1368;1631;0,775
17/03/2022;2022;3;22;0;87;1;1901;0;1989;0;25;0;536;0;0;79;1;1445;1525;0,767
17/03/2022;2022;3;23;0;87;1;1815;0;1903;0;25;0;516;0;0;79;1;1392;1472;0,773
17/03/2022;2022;3;24;0;86;1;1716;0;1803;0;25;0;493;0;0;79;1;1331;1410;0,782
18/03/2022;2022;3;1;0;469;186;1022;0;1676;0;125;40;296;0;0;396;77;798;1271;0,758
18/03/2022;2022;3;2;0;901;1;701;0;1603;0;231;0;203;0;0;732;0;547;1280;0,798
18/03/2022;2022;3;3;0;1151;1;542;0;1694;0;281;0;128;0;0;893;0;346;1240;0,732
18/03/2022;2022;3;4;0;1098;1;343;0;1442;0;271;0;72;0;0;858;0;194;1053;0,730
18/03/2022;2022;3;5;0;1045;1;342;0;1388;0;260;0;72;0;0;825;0;194;1019;0,735
18/03/2022;2022;3;6;0;1038;1;343;0;1381;0;259;0;72;0;0;820;0;194;1015;0,735
18/03/2022;2022;3;7;0;1017;1;631;0;1649;0;250;0;133;0;0;793;0;357;1151;0,698
18/03/2022;2022;3;8;0;828;1;632;0;1461;0;204;0;134;0;0;647;0;361;1008;0,690
18/03/2022;2022;3;9;0;828;1;665;0;1494;0;203;0;143;0;0;645;0;387;1032;0,691
18/03/2022;2022;3;10;0;845;1;704;0;1550;0;206;0;151;0;0;655;0;408;1063;0,686
18/03/2022;2022;3;11;0;828;1;753;0;1582;0;203;0;169;0;0;645;0;455;1100;0,696
18/03/2022;2022;3;12;0;833;1;776;0;1609;0;204;0;181;0;0;648;0;487;1136;0,706
18/03/2022;2022;3;13;0;688;1;1276;0;1965;0;175;0;277;0;0;556;0;747;1303;0,663
18/03/2022;2022;3;14;0;641;1;1212;0;1854;0;167;0;262;0;0;531;0;707;1239;0,668
18/03/2022;2022;3;15;0;587;1;1158;0;1746;0;156;0;242;0;0;496;0;652;1148;0,658
18/03/2022;2022;3;16;0;588;15;1005;0;1608;0;157;19;209;0;0;497;37;563;1097;0,682
18/03/2022;2022;3;17;250;587;1;760;0;1597;128;156;0;172;0;300;496;0;463;1259;0,788
18/03/2022;2022;3;18;252;638;1;796;0;1686;130;168;0;186;0;303;531;0;501;1336;0,792
18/03/2022;2022;3;19;250;673;1;792;0;1716;128;175;0;184;0;300;556;0;496;1352;0,788
18/03/2022;2022;3;20;248;768;2;800;0;1818;127;197;2;186;0;297;625;4;502;1428;0,785
18/03/2022;2022;3;21;0;898;1;799;0;1699;0;227;0;182;0;0;720;0;492;1212;0,714
18/03/2022;2022;3;22;0;899;1;758;0;1658;0;227;0;169;0;0;720;0;456;1176;0,710
18/03/2022;2022;3;23;0;904;1;701;0;1605;0;228;0;149;0;0;724;0;403;1127;0,702
18/03/2022;2022;3;24;0;899;1;623;0;1523;0;227;0;132;0;0;720;0;357;1078;0,708
19/03/2022;2022;3;1;0;901;1;615;0;1517;0;230;3;131;0;0;729;6;353;1089;0,718
19/03/2022;2022;3;2;0;899;0;614;0;1513;0;230;0;131;0;0;728;0;353;1081;0,714
19/03/2022;2022;3;3;0;791;0;613;0;1404;0;204;0;131;0;0;647;0;352;1000;0,712
19/03/2022;2022;3;4;0;471;0;999;0;1471;0;131;0;203;0;0;416;0;548;964;0,656
19/03/2022;2022;3;5;0;446;0;957;0;1403;0;126;0;196;0;0;399;0;528;927;0,660
19/03/2022;2022;3;6;0;444;0;933;0;1377;0;125;0;191;0;0;397;0;516;914;0,664
19/03/2022;2022;3;7;0;445;0;930;0;1375;0;125;0;192;0;0;396;0;517;913;0,664
19/03/2022;2022;3;8;0;447;0;926;0;1373;0;125;0;191;0;0;397;0;515;912;0,664
19/03/2022;2022;3;9;0;451;0;924;0;1375;0;126;0;190;0;0;399;0;514;913;0,664
19/03/2022;2022;3;10;0;536;0;923;0;1460;0;145;0;190;0;0;459;0;512;971;0,665
19/03/2022;2022;3;11;0;708;0;930;0;1638;0;184;0;191;0;0;584;0;514;1098;0,670
19/03/2022;2022;3;12;0;775;0;670;0;1446;0;200;0;143;0;0;635;0;385;1021;0,706
19/03/2022;2022;3;13;0;770;0;674;0;1444;0;199;0;143;0;0;631;0;386;1017;0,705
19/03/2022;2022;3;14;0;764;0;672;0;1437;0;198;0;143;0;0;627;0;385;1012;0,704
19/03/2022;2022;3;15;0;688;0;870;0;1559;0;179;0;183;0;0;569;0;494;1063;0,682
19/03/2022;2022;3;16;241;481;0;829;0;1552;124;132;0;175;0;289;419;0;473;1180;0,761
19/03/2022;2022;3;17;243;461;0;823;0;1527;126;128;0;174;0;294;405;0;470;1169;0,765
19/03/2022;2022;3;18;245;461;0;821;0;1528;126;128;0;174;0;294;405;0;469;1168;0,765
19/03/2022;2022;3;19;247;463;0;820;0;1530;127;128;0;174;0;297;406;0;468;1172;0,766
19/03/2022;2022;3;20;247;463;0;878;0;1588;127;128;0;184;0;297;406;0;497;1200;0,756
19/03/2022;2022;3;21;249;456;0;934;0;1640;128;127;0;195;0;300;402;0;526;1228;0,749
19/03/2022;2022;3;22;250;454;0;823;0;1527;130;129;0;173;0;303;410;0;468;1180;0,773
19/03/2022;2022;3;23;241;424;1;808;0;1474;124;115;2;171;0;289;366;3;462;1119;0,759
19/03/2022;2022;3;24;238;424;145;610;0;1417;122;115;34;127;0;286;365;67;342;1061;0,749
20/03/2022;2022;3;1;233;422;142;579;0;1376;120;116;31;123;0;281;368;61;332;1042;0,757
20/03/2022;2022;3;2;233;417;0;582;0;1233;120;115;0;124;0;281;365;0;335;980;0,795
20/03/2022;2022;3;3;235;424;0;575;0;1233;121;116;0;123;0;283;369;0;330;983;0,797
20/03/2022;2022;3;4;238;426;0;578;0;1241;122;117;0;123;0;286;371;0;332;989;0,796
20/03/2022;2022;3;5;243;423;0;579;0;1245;125;116;0;123;0;292;369;0;332;992;0,797
20/03/2022;2022;3;6;246;415;0;586;0;1247;126;114;0;125;0;294;363;0;338;996;0,799
20/03/2022;2022;3;7;214;417;0;599;0;1230;113;115;0;128;0;264;365;0;344;973;0,791
20/03/2022;2022;3;8;183;422;7;585;0;1198;97;116;3;124;0;227;368;5;334;935;0,780
20/03/2022;2022;3;9;184;425;7;580;0;1197;98;117;2;123;0;229;370;5;331;935;0,781
20/03/2022;2022;3;10;220;430;1;582;0;1233;113;118;7;124;0;264;373;14;333;984;0,798
20/03/2022;2022;3;11;250;421;0;585;0;1255;128;116;0;124;0;300;367;0;336;1003;0,799
20/03/2022;2022;3;12;251;426;144;587;0;1408;128;117;31;125;0;300;371;61;338;1069;0,759
20/03/2022;2022;3;13;252;423;143;587;0;1404;130;116;31;125;0;303;368;61;337;1069;0,761
20/03/2022;2022;3;14;254;419;141;586;0;1400;131;115;31;125;0;305;365;61;336;1067;0,762
20/03/2022;2022;3;15;236;418;140;584;0;1378;121;115;31;124;0;283;365;60;335;1044;0,758
20/03/2022;2022;3;16;220;424;143;586;0;1373;115;116;31;125;0;269;369;61;337;1035;0,754
20/03/2022;2022;3;17;216;423;155;586;0;1380;112;116;54;125;0;261;369;106;336;1072;0,777
20/03/2022;2022;3;18;236;423;147;586;0;1392;121;116;34;125;0;283;368;66;337;1054;0,757
20/03/2022;2022;3;19;251;422;149;582;0;1403;128;116;35;123;0;300;368;67;333;1068;0,761
20/03/2022;2022;3;20;252;450;168;602;0;1472;130;122;39;127;0;303;388;76;342;1108;0,752
20/03/2022;2022;3;21;254;633;0;658;0;1545;131;164;0;139;0;305;522;0;376;1203;0,779
20/03/2022;2022;3;22;251;484;219;585;0;1540;130;129;45;123;0;303;410;87;333;1133;0,736
20/03/2022;2022;3;23;256;427;407;486;0;1576;132;117;89;103;0;308;371;174;278;1131;0,717
20/03/2022;2022;3;24;247;423;352;476;0;1498;128;116;77;100;0;300;368;149;270;1088;0,726
21/03/2022;2022;3;1;225;423;159;475;0;1282;115;114;38;100;0;270;363;74;269;976;0,761
21/03/2022;2022;3;2;224;425;141;474;0;1263;115;115;31;100;0;270;364;61;269;963;0,762
21/03/2022;2022;3;3;198;421;150;472;0;1241;104;114;34;99;0;243;361;67;268;940;0,757
21/03/2022;2022;3;4;178;428;153;472;0;1231;95;115;35;99;0;222;366;68;268;923;0,750
21/03/2022;2022;3;5;181;426;152;472;0;1231;96;115;35;99;0;224;365;68;267;924;0,751
21/03/2022;2022;3;6;239;427;142;471;0;1279;122;115;34;99;0;286;365;66;267;984;0,769
21/03/2022;2022;3;7;248;423;155;471;0;1297;127;115;37;99;0;297;366;72;267;1002;0,773
21/03/2022;2022;3;8;248;433;343;479;0;1502;127;118;74;100;0;297;373;144;271;1085;0,722
21/03/2022;2022;3;9;250;674;0;554;0;1478;128;169;0;114;0;300;535;0;307;1142;0,772
21/03/2022;2022;3;10;0;719;0;881;0;1600;0;179;0;182;0;0;569;0;490;1059;0,661
21/03/2022;2022;3;11;0;773;0;1049;0;1822;0;193;0;215;0;0;611;0;581;1192;0,654
21/03/2022;2022;3;12;0;723;0;1062;0;1785;0;184;0;219;0;0;584;0;589;1173;0,657
21/03/2022;2022;3;13;0;779;0;1066;0;1845;0;197;0;222;0;0;623;0;599;1222;0,662
21/03/2022;2022;3;14;0;799;0;1030;0;1829;0;201;0;216;0;0;636;0;582;1218;0,666
21/03/2022;2022;3;15;0;962;0;608;0;1570;0;234;0;129;0;0;743;0;348;1090;0,695
21/03/2022;2022;3;16;0;1024;0;610;0;1634;0;247;0;129;0;0;783;0;349;1131;0,692
21/03/2022;2022;3;17;0;1032;0;619;0;1651;0;249;0;131;0;0;789;0;354;1143;0,692
21/03/2022;2022;3;18;0;1087;0;623;0;1710;0;260;0;132;0;0;824;0;356;1180;0,690
21/03/2022;2022;3;19;0;1048;0;651;0;1699;0;252;0;143;0;0;798;0;385;1183;0,696
21/03/2022;2022;3;20;0;1064;0;798;0;1862;0;255;0;186;0;0;809;0;501;1310;0,703
21/03/2022;2022;3;21;0;1064;31;959;0;2054;0;255;10;237;0;0;809;20;638;1467;0,714
21/03/2022;2022;3;22;0;1055;28;878;0;1961;0;253;9;234;0;0;803;18;631;1452;0,740
21/03/2022;2022;3;23;0;1059;3;599;0;1661;0;254;2;168;0;0;805;4;453;1262;0,760
21/03/2022;2022;3;24;0;985;0;574;0;1559;0;239;0;168;0;0;758;0;454;1212;0,778
22/03/2022;2022;3;1;0;947;0;737;0;1684;0;230;0;198;0;0;730;0;535;1265;0,752
22/03/2022;2022;3;2;0;818;0;738;0;1557;0;202;0;170;0;0;640;0;458;1098;0,706
22/03/2022;2022;3;3;0;629;0;1007;0;1636;0;163;0;203;0;0;516;0;548;1064;0,650
22/03/2022;2022;3;4;0;476;0;840;0;1316;0;127;0;169;0;0;402;0;457;859;0,653
22/03/2022;2022;3;5;246;425;0;852;0;1523;126;116;0;172;0;295;367;0;463;1125;0,738
22/03/2022;2022;3;6;0;425;0;930;0;1355;0;116;0;186;0;0;367;0;502;869;0,642
22/03/2022;2022;3;7;0;509;12;933;0;1455;0;134;4;187;0;0;426;8;505;939;0,646
22/03/2022;2022;3;8;0;843;12;589;0;1443;0;208;4;125;0;0;660;8;338;1006;0,697
22/03/2022;2022;3;9;0;897;12;672;0;1580;0;220;4;176;0;0;699;9;475;1182;0,748
22/03/2022;2022;3;10;0;952;12;597;0;1561;0;232;4;162;0;0;736;8;438;1182;0,757
22/03/2022;2022;3;11;0;843;12;852;0;1706;0;210;4;216;0;0;666;8;582;1255;0,736
22/03/2022;2022;3;12;0;886;12;847;0;1745;0;219;4;214;0;0;694;8;578;1280;0,733
22/03/2022;2022;3;13;0;813;134;666;0;1613;0;204;48;204;0;0;646;94;550;1290;0,800
22/03/2022;2022;3;14;0;592;230;877;0;1699;0;150;65;263;0;0;477;128;708;1313;0,773
22/03/2022;2022;3;15;0;591;220;1013;0;1824;0;150;63;295;0;0;477;124;797;1397;0,766
22/03/2022;2022;3;16;0;594;219;1041;0;1853;0;151;61;304;0;0;479;119;820;1417;0,765
22/03/2022;2022;3;17;0;325;236;1065;0;1626;0;85;66;308;0;0;268;129;831;1228;0,755
22/03/2022;2022;3;18;0;325;239;1044;0;1608;0;84;67;305;0;0;267;130;823;1220;0,758
22/03/2022;2022;3;19;0;328;240;1046;0;1614;0;85;67;305;0;0;269;131;824;1223;0,758
22/03/2022;2022;3;20;0;595;240;1054;0;1888;0;151;68;307;0;0;479;133;828;1440;0,763
22/03/2022;2022;3;21;0;597;271;1186;0;2054;0;152;77;349;0;0;481;150;942;1574;0,766
22/03/2022;2022;3;22;0;599;13;1325;0;1937;0;152;4;385;0;0;483;8;1038;1529;0,789
22/03/2022;2022;3;23;0;331;13;1329;0;1672;0;85;6;384;0;0;271;11;1034;1316;0,787
22/03/2022;2022;3;24;0;819;13;807;0;1639;0;205;4;220;0;0;651;8;593;1253;0,764
23/03/2022;2022;3;1;0;854;12;674;0;1541;0;213;4;147;0;0;677;8;396;1081;0,701
23/03/2022;2022;3;2;0;587;12;1062;0;1662;0;152;4;220;0;0;481;8;592;1081;0,651
23/03/2022;2022;3;3;0;421;17;986;0;1424;0;115;27;207;0;0;366;52;557;975;0,685
23/03/2022;2022;3;4;0;424;12;1094;0;1530;0;116;4;224;0;0;368;8;605;981;0,641
23/03/2022;2022;3;5;0;423;12;860;0;1295;0;116;4;185;0;0;367;8;498;873;0,674
23/03/2022;2022;3;6;0;425;13;898;0;1335;0;116;4;189;0;0;368;8;511;888;0,665
23/03/2022;2022;3;7;0;561;13;1032;0;1605;0;146;4;215;0;0;463;8;580;1051;0,655
23/03/2022;2022;3;8;0;769;12;973;0;1754;0;194;4;206;0;0;614;8;554;1177;0,671
23/03/2022;2022;3;9;0;815;12;729;0;1556;0;205;4;156;0;0;650;8;421;1080;0,694
23/03/2022;2022;3;10;0;819;12;789;0;1620;0;206;4;173;0;0;653;8;466;1126;0,695
23/03/2022;2022;3;11;0;818;12;1034;0;1864;0;206;4;238;0;0;652;8;642;1303;0,699
23/03/2022;2022;3;12;0;819;12;1064;0;1895;0;206;4;245;0;0;653;8;660;1321;0,697
23/03/2022;2022;3;13;0;817;12;1083;0;1912;0;205;4;252;0;0;651;8;679;1339;0,700
23/03/2022;2022;3;14;0;817;12;1089;0;1918;0;205;4;253;0;0;652;8;683;1343;0,700
23/03/2022;2022;3;15;0;817;12;945;0;1774;0;205;4;216;0;0;651;8;582;1242;0,700
23/03/2022;2022;3;16;0;816;13;1138;0;1967;0;205;6;240;0;0;651;13;648;1311;0,666
23/03/2022;2022;3;17;0;816;12;1132;0;1960;0;205;4;239;0;0;651;8;644;1302;0,665
23/03/2022;2022;3;18;0;817;12;1150;0;1979;0;205;4;244;0;0;651;8;658;1318;0,666
23/03/2022;2022;3;19;0;818;12;1117;0;1947;0;206;4;234;0;0;652;8;632;1293;0,664
23/03/2022;2022;3;20;0;939;12;806;0;1756;0;232;4;174;0;0;735;8;468;1211;0,690
23/03/2022;2022;3;21;0;954;33;918;0;1906;0;235;9;201;0;0;744;18;543;1305;0,685
23/03/2022;2022;3;22;0;740;21;1219;0;1981;0;187;10;261;0;0;593;20;704;1317;0,665
23/03/2022;2022;3;23;0;460;17;1281;0;1759;0;124;8;273;0;0;392;15;737;1145;0,651
23/03/2022;2022;3;24;0;421;12;1194;0;1627;0;115;4;254;0;0;366;8;684;1058;0,650
24/03/2022;2022;3;1;0;424;12;990;0;1426;0;119;4;212;0;0;376;8;573;957;0,671
24/03/2022;2022;3;2;0;422;13;897;0;1331;0;118;4;194;0;0;374;8;523;905;0,680
24/03/2022;2022;3;3;0;423;12;876;0;1310;0;118;4;187;0;0;375;8;506;889;0,678
24/03/2022;2022;3;4;0;423;29;855;0;1307;0;118;10;184;0;0;375;20;497;892;0,682
24/03/2022;2022;3;5;0;429;30;850;0;1309;0;120;10;181;0;0;379;20;489;888;0,679
24/03/2022;2022;3;6;0;426;30;865;0;1321;0;119;11;185;0;0;377;20;498;895;0,678
24/03/2022;2022;3;7;0;434;30;906;0;1370;0;119;10;193;0;0;377;20;521;918;0,670
24/03/2022;2022;3;8;0;424;30;892;0;1345;0;116;10;191;0;0;368;20;515;904;0,672
24/03/2022;2022;3;9;0;419;30;888;0;1336;0;115;10;190;0;0;365;20;514;899;0,673
24/03/2022;2022;3;10;0;424;29;907;0;1360;0;116;10;196;0;0;368;20;528;916;0,673
24/03/2022;2022;3;11;0;423;29;1168;0;1620;0;116;10;246;0;0;368;20;665;1052;0,650
24/03/2022;2022;3;12;0;416;12;1231;0;1659;0;115;4;259;0;0;363;8;699;1070;0,645
24/03/2022;2022;3;13;0;415;15;1319;0;1748;0;114;9;271;0;0;362;18;730;1110;0,635
24/03/2022;2022;3;14;0;421;12;1275;0;1708;0;116;4;260;0;0;367;8;702;1077;0,630
24/03/2022;2022;3;15;0;410;12;1184;0;1606;0;113;4;247;0;0;360;8;665;1033;0,643
24/03/2022;2022;3;16;0;397;12;1186;0;1595;0;111;4;248;0;0;352;8;669;1029;0,645
24/03/2022;2022;3;17;0;400;12;1176;0;1588;0;112;4;246;0;0;354;8;663;1025;0,646
24/03/2022;2022;3;18;0;391;12;1161;0;1564;0;110;4;241;0;0;348;8;650;1006;0,643
24/03/2022;2022;3;19;0;493;13;1047;0;1554;0;133;4;220;0;0;422;9;594;1024;0,659
24/03/2022;2022;3;20;0;688;12;1123;0;1823;0;181;4;238;0;0;574;8;641;1224;0,671
24/03/2022;2022;3;21;0;693;15;1141;0;1848;0;182;7;233;0;0;579;14;628;1221;0,661
24/03/2022;2022;3;22;0;690;13;1075;0;1778;0;183;7;229;0;0;580;15;617;1212;0,681
24/03/2022;2022;3;23;0;692;12;1068;0;1772;0;181;4;227;0;0;575;8;612;1195;0,674
24/03/2022;2022;3;24;0;662;12;1028;0;1702;0;174;4;221;0;0;551;8;595;1154;0,678
25/03/2022;2022;3;1;0;459;91;883;0;1432;0;122;28;190;0;0;387;54;513;955;0,667
25/03/2022;2022;3;2;0;403;35;878;0;1316;0;110;12;189;0;0;349;24;510;882;0,670
25/03/2022;2022;3;3;0;402;39;881;0;1322;0;110;14;190;0;0;348;27;512;886;0,670
25/03/2022;2022;3;4;0;403;34;880;0;1318;0;110;12;190;0;0;348;23;511;883;0,670
25/03/2022;2022;3;5;0;399;45;875;0;1319;0;109;29;188;0;0;346;56;507;909;0,689
25/03/2022;2022;3;6;0;401;38;877;0;1316;0;109;13;189;0;0;347;25;509;882;0,670
25/03/2022;2022;3;7;0;415;33;970;0;1419;0;114;11;207;0;0;362;22;559;944;0,665
25/03/2022;2022;3;8;0;605;32;792;0;1430;0;157;11;169;0;0;497;22;457;976;0,683
25/03/2022;2022;3;9;0;700;32;805;0;1538;0;180;14;173;0;0;570;28;467;1064;0,692
25/03/2022;2022;3;10;0;704;40;794;0;1538;0;180;35;171;0;0;572;68;461;1102;0,717
25/03/2022;2022;3;11;0;701;32;1081;0;1814;0;180;11;231;0;0;570;22;624;1215;0,670
25/03/2022;2022;3;12;0;701;32;1100;0;1833;0;180;11;243;0;0;570;22;654;1246;0,680
25/03/2022;2022;3;13;0;699;39;945;0;1682;0;179;13;198;0;0;568;26;533;1127;0,670
25/03/2022;2022;3;14;0;697;25;942;0;1663;0;179;8;197;0;0;567;16;530;1113;0,669
25/03/2022;2022;3;15;0;697;25;943;0;1665;0;179;8;197;0;0;567;16;530;1114;0,669
25/03/2022;2022;3;16;0;587;20;954;0;1560;0;152;7;197;0;0;483;13;532;1028;0,659
25/03/2022;2022;3;17;0;399;20;1325;0;1744;0;110;7;265;0;0;350;13;715;1078;0,618
25/03/2022;2022;3;18;0;398;20;1375;0;1793;0;110;7;264;0;0;349;13;711;1073;0,599
25/03/2022;2022;3;19;0;464;20;1298;0;1781;0;124;7;265;0;0;394;13;714;1121;0,629
25/03/2022;2022;3;20;0;681;20;1309;0;2010;0;175;7;268;0;0;554;13;722;1289;0,641
25/03/2022;2022;3;21;0;701;30;1304;0;2034;0;180;24;267;0;0;570;46;719;1335;0,656
25/03/2022;2022;3;22;0;703;20;1292;0;2015;0;180;7;263;0;0;572;13;710;1295;0,643
25/03/2022;2022;3;23;0;702;20;1095;0;1817;0;180;7;223;0;0;571;13;601;1185;0,652
25/03/2022;2022;3;24;0;594;38;984;0;1615;0;154;27;197;0;0;489;52;532;1073;0,665
26/03/2022;2022;3;1;169;407;26;806;0;1409;89;113;9;170;0;208;360;17;460;1044;0,741
26/03/2022;2022;3;2;170;397;28;788;0;1382;89;111;12;167;0;208;353;24;449;1034;0,748
26/03/2022;2022;3;3;0;405;26;838;0;1270;0;113;9;178;0;0;359;17;480;856;0,674
26/03/2022;2022;3;4;0;406;26;992;0;1424;0;113;9;205;0;0;360;17;552;928;0,652
26/03/2022;2022;3;5;0;411;26;971;0;1408;0;114;9;201;0;0;363;17;543;923;0,656
26/03/2022;2022;3;6;0;571;26;595;0;1192;0;151;9;133;0;0;479;17;358;854;0,717
26/03/2022;2022;3;7;0;668;26;597;0;1291;0;175;9;133;0;0;555;17;359;931;0,722
26/03/2022;2022;3;8;0;699;26;497;0;1222;0;182;9;111;0;0;578;17;300;896;0,733
26/03/2022;2022;3;9;0;685;26;745;0;1456;0;179;9;161;0;0;568;17;433;1018;0,699
26/03/2022;2022;3;10;0;609;26;795;0;1430;0;160;9;169;0;0;509;17;455;980;0,686
26/03/2022;2022;3;11;0;800;26;574;0;1400;0;203;9;119;0;0;645;17;320;982;0,702
26/03/2022;2022;3;12;0;1018;26;649;0;1693;0;247;9;136;0;0;784;17;367;1169;0,690
26/03/2022;2022;3;13;0;867;26;543;0;1436;0;217;9;134;0;0;688;17;361;1066;0,742
26/03/2022;2022;3;14;0;873;26;512;0;1411;0;218;9;126;0;0;692;17;339;1049;0,743
26/03/2022;2022;3;15;0;749;26;770;0;1544;0;189;9;166;0;0;600;17;447;1064;0,689
26/03/2022;2022;3;16;172;414;249;563;0;1399;90;115;85;118;0;211;364;165;317;1057;0,756
26/03/2022;2022;3;17;106;403;380;493;0;1382;60;112;121;104;0;141;357;235;280;1013;0,733
26/03/2022;2022;3;18;0;403;610;503;0;1516;0;112;174;105;0;0;356;339;285;980;0,646
26/03/2022;2022;3;19;0;493;416;617;0;1525;0;133;121;122;0;0;422;237;330;989;0,648
26/03/2022;2022;3;20;0;1025;1;799;0;1825;0;248;3;175;0;0;787;7;471;1265;0,693
26/03/2022;2022;3;21;0;893;31;685;0;1609;0;222;10;177;0;0;705;20;476;1201;0,746
26/03/2022;2022;3;22;0;748;0;816;0;1564;0;193;0;209;0;0;611;0;565;1176;0,752
26/03/2022;2022;3;23;0;740;0;778;0;1518;0;191;0;200;0;0;605;0;539;1144;0,754
26/03/2022;2022;3;24;0;566;31;810;0;1407;0;150;15;189;0;0;476;29;509;1014;0,720
27/03/2022;2022;3;1;0;396;466;491;0;1353;0;112;124;103;0;0;354;242;277;874;0,646
27/03/2022;2022;3;2;0;395;462;482;0;1340;0;112;118;101;0;0;354;230;272;856;0,639
27/03/2022;2022;3;3;0;394;329;482;0;1205;0;111;94;101;0;0;353;183;272;807;0,670
27/03/2022;2022;3;4;0;396;325;484;0;1206;0;112;86;101;0;0;354;168;273;796;0,660
27/03/2022;2022;3;5;0;395;324;486;0;1206;0;112;86;101;0;0;354;168;273;795;0,660
27/03/2022;2022;3;6;0;397;324;487;0;1208;0;112;86;101;0;0;355;168;274;796;0,659
27/03/2022;2022;3;7;0;396;411;487;0;1294;0;111;108;102;0;0;353;210;274;837;0,647
27/03/2022;2022;3;8;0;398;259;491;0;1148;0;111;74;103;0;0;353;145;277;775;0,676
27/03/2022;2022;3;9;0;398;309;490;0;1197;0;111;87;103;0;0;353;169;278;800;0,668
27/03/2022;2022;3;10;0;404;353;497;0;1254;0;113;97;105;0;0;357;189;282;829;0,661
27/03/2022;2022;3;11;0;429;317;572;0;1318;0;118;97;120;0;0;376;189;323;887;0,673
27/03/2022;2022;3;12;0;521;244;615;0;1380;0;141;85;124;0;0;448;166;334;947;0,686
27/03/2022;2022;3;13;0;594;129;644;0;1367;0;158;42;129;0;0;502;82;349;933;0,682
27/03/2022;2022;3;14;0;666;44;641;0;1352;0;176;12;129;0;0;557;23;347;927;0,686
27/03/2022;2022;3;15;0;666;42;640;0;1349;0;175;12;128;0;0;557;22;346;925;0,686
27/03/2022;2022;3;16;0;667;37;637;0;1341;0;176;11;128;0;0;557;22;344;923;0,689
27/03/2022;2022;3;17;0;667;37;622;0;1326;0;175;11;124;0;0;557;22;334;913;0,689
27/03/2022;2022;3;18;0;694;29;618;0;1340;0;181;11;123;0;0;574;21;331;926;0,691
27/03/2022;2022;3;19;0;1060;1;620;0;1680;0;256;3;123;0;0;812;7;331;1150;0,684
27/03/2022;2022;3;20;0;1159;1;632;0;1791;0;277;4;125;0;0;879;8;338;1224;0,683
27/03/2022;2022;3;21;0;1161;2;424;0;1586;0;277;2;104;0;0;879;5;281;1165;0,735
27/03/2022;2022;3;22;0;1007;0;555;0;1563;0;246;0;136;0;0;781;0;367;1148;0,735
27/03/2022;2022;3;23;0;942;0;558;0;1500;0;233;0;137;0;0;738;0;368;1106;0,738
27/03/2022;2022;3;24;0;865;0;557;0;1422;0;217;0;136;0;0;688;0;367;1055;0,742
28/03/2022;2022;3;1;0;927;0;392;0;1319;0;226;0;91;0;0;716;0;246;962;0,730
28/03/2022;2022;3;2;0;648;0;638;0;1286;0;164;0;131;0;0;520;0;353;873;0,679
28/03/2022;2022;3;3;0;429;265;581;0;1275;0;115;76;116;0;0;366;148;312;826;0,648
28/03/2022;2022;3;4;0;423;264;524;0;1212;0;114;76;108;0;0;362;148;292;801;0,661
28/03/2022;2022;3;5;0;381;478;490;0;1349;0;106;122;103;0;0;337;238;277;852;0,632
28/03/2022;2022;3;6;0;398;315;518;0;1231;0;103;89;108;0;0;328;174;291;793;0,644
28/03/2022;2022;3;7;0;947;0;627;0;1573;0;224;0;125;0;0;712;0;337;1049;0,667
28/03/2022;2022;3;8;0;1053;0;643;0;1696;0;249;0;128;0;0;789;0;346;1135;0,669
28/03/2022;2022;3;9;0;1054;0;654;0;1708;0;249;0;131;0;0;790;0;353;1143;0,669
28/03/2022;2022;3;10;0;1048;0;647;0;1696;0;248;0;129;0;0;787;0;349;1135;0,670
28/03/2022;2022;3;11;0;1039;0;642;0;1681;0;246;0;128;0;0;782;0;346;1128;0,671
28/03/2022;2022;3;12;0;1038;0;641;0;1680;0;246;0;129;0;0;781;0;347;1127;0,671
28/03/2022;2022;3;13;0;1042;0;636;0;1679;0;247;0;128;0;0;784;0;344;1128;0,672
28/03/2022;2022;3;14;0;1049;0;642;0;1691;0;248;0;152;0;0;788;0;411;1199;0,709
28/03/2022;2022;3;15;0;1045;0;677;0;1722;0;248;0;164;0;0;786;0;441;1227;0,712
28/03/2022;2022;3;16;0;1045;0;785;0;1830;0;248;0;186;0;0;786;0;503;1289;0,704
28/03/2022;2022;3;17;0;1041;0;927;0;1969;0;247;0;214;0;0;783;0;576;1359;0,690
28/03/2022;2022;3;18;0;959;0;713;0;1672;0;230;0;188;0;0;731;0;507;1238;0,740
28/03/2022;2022;3;19;0;902;0;749;0;1651;0;219;0;199;0;0;694;0;537;1232;0,746
28/03/2022;2022;3;20;0;803;0;973;0;1776;0;196;0;262;0;0;621;0;707;1327;0,747
28/03/2022;2022;3;21;0;592;30;1368;0;1990;0;147;10;363;0;0;468;19;978;1465;0,736
28/03/2022;2022;3;22;0;611;0;1429;0;2041;0;151;0;374;0;0;480;0;1010;1490;0,730
28/03/2022;2022;3;23;0;540;0;1146;0;1685;0;137;0;305;0;0;433;0;823;1257;0,746
28/03/2022;2022;3;24;0;522;0;1192;0;1714;0;133;0;306;0;0;421;0;826;1247;0,728
29/03/2022;2022;3;1;0;624;96;731;0;1451;0;153;27;187;0;0;485;52;504;1042;0,718
29/03/2022;2022;3;2;0;462;0;945;0;1408;0;119;0;203;0;0;377;0;546;924;0,656
29/03/2022;2022;3;3;0;279;0;1316;0;1596;0;77;0;286;0;0;244;0;771;1015;0,636
29/03/2022;2022;3;4;0;262;0;1108;0;1370;0;73;0;243;0;0;232;0;655;887;0,647
29/03/2022;2022;3;5;0;267;0;1262;0;1529;0;74;0;263;0;0;236;0;710;946;0,618
29/03/2022;2022;3;6;0;391;0;938;0;1329;0;102;0;198;0;0;325;0;534;858;0,646
29/03/2022;2022;3;7;0;729;1;942;0;1672;0;173;0;198;0;0;550;1;534;1085;0,649
29/03/2022;2022;3;8;0;798;0;966;0;1764;0;186;0;214;0;0;592;0;578;1170;0,663
29/03/2022;2022;3;9;0;802;0;700;0;1502;0;188;0;175;0;0;595;0;471;1066;0,710
29/03/2022;2022;3;10;0;799;0;988;0;1787;0;187;0;232;0;0;594;0;627;1221;0,683
29/03/2022;2022;3;11;0;798;0;1026;0;1824;0;187;0;243;0;0;593;0;655;1248;0,684
29/03/2022;2022;3;12;0;799;0;951;0;1749;0;187;0;237;0;0;595;0;639;1234;0,705
29/03/2022;2022;3;13;0;791;31;1091;0;1913;0;186;10;262;0;0;589;20;705;1315;0,687
29/03/2022;2022;3;14;0;799;16;1294;0;2109;0;187;11;324;0;0;593;22;875;1490;0,706
29/03/2022;2022;3;15;0;612;78;1128;0;1817;0;150;25;300;0;0;474;49;809;1332;0,733
29/03/2022;2022;3;16;0;518;88;1190;0;1796;0;130;28;334;0;0;413;54;902;1369;0,762
29/03/2022;2022;3;17;0;570;3;1247;0;1821;0;145;10;345;0;0;459;19;931;1410;0,774
29/03/2022;2022;3;18;0;644;1;1142;0;1787;0;160;4;310;0;0;508;7;836;1351;0,756
29/03/2022;2022;3;19;0;745;0;1081;0;1826;0;183;0;299;0;0;581;0;807;1387;0,760
29/03/2022;2022;3;20;0;769;0;1265;0;2034;0;190;0;383;0;0;602;0;1033;1635;0,804
29/03/2022;2022;3;21;0;786;1;1155;0;1941;0;198;1;372;0;0;629;2;1004;1636;0,843
29/03/2022;2022;3;22;0;802;1;1220;0;2023;0;202;1;378;0;0;640;1;1019;1660;0,821
29/03/2022;2022;3;23;0;897;0;811;0;1709;0;221;0;235;0;0;701;0;633;1333;0,780
29/03/2022;2022;3;24;0;947;0;902;0;1848;0;231;0;198;0;0;732;0;534;1266;0,685
30/03/2022;2022;3;1;0;839;0;822;0;1661;0;210;0;171;0;0;666;0;461;1127;0,678
30/03/2022;2022;3;2;0;782;0;791;0;1574;0;198;0;163;0;0;628;0;440;1068;0,679
30/03/2022;2022;3;3;0;625;8;781;0;1414;0;161;16;161;0;0;510;31;434;975;0,690
30/03/2022;2022;3;4;0;439;0;1162;0;1601;0;119;0;229;0;0;379;0;618;997;0,623
30/03/2022;2022;3;5;0;431;0;1154;0;1586;0;118;0;227;0;0;374;0;613;987;0,623
30/03/2022;2022;3;6;0;524;0;1158;0;1682;0;138;0;229;0;0;438;0;616;1054;0,627
30/03/2022;2022;3;7;0;764;0;796;0;1560;0;195;0;163;0;0;617;0;439;1056;0,677
30/03/2022;2022;3;8;0;858;0;799;0;1658;0;216;3;165;0;0;686;6;444;1136;0,685
30/03/2022;2022;3;9;0;900;0;788;0;1688;0;225;0;163;0;0;713;0;441;1153;0,683
30/03/2022;2022;3;10;0;1022;0;802;0;1824;0;249;0;167;0;0;790;0;450;1240;0,680
30/03/2022;2022;3;11;0;1021;0;743;0;1764;0;249;0;155;0;0;790;0;418;1207;0,684
30/03/2022;2022;3;12;0;882;0;796;0;1678;0;221;1;167;0;0;702;1;449;1152;0,686
30/03/2022;2022;3;13;0;860;0;795;0;1655;0;217;0;164;0;0;687;0;443;1130;0,683
30/03/2022;2022;3;14;0;857;2;787;0;1646;0;216;21;162;0;0;684;40;438;1163;0,706
30/03/2022;2022;3;15;0;865;0;788;0;1653;0;218;0;162;0;0;690;0;436;1126;0,681
30/03/2022;2022;3;16;0;859;0;789;0;1648;0;216;0;161;0;0;686;0;435;1121;0,680
30/03/2022;2022;3;17;0;857;0;788;0;1646;0;216;0;161;0;0;685;0;435;1120;0,681
30/03/2022;2022;3;18;0;1040;0;794;0;1834;0;253;0;163;0;0;803;0;439;1241;0,677
30/03/2022;2022;3;19;0;879;2;654;0;1535;0;221;4;170;0;0;700;7;459;1166;0,760
30/03/2022;2022;3;20;0;858;0;1080;0;1937;0;216;0;280;0;0;685;0;754;1440;0,743
30/03/2022;2022;3;21;0;863;0;980;0;1843;0;217;0;251;0;0;689;0;678;1367;0,742
30/03/2022;2022;3;22;0;865;0;936;0;1801;0;218;0;228;0;0;691;0;615;1305;0,725
30/03/2022;2022;3;23;0;979;0;691;0;1671;0;241;0;154;0;0;765;0;416;1181;0,707
30/03/2022;2022;3;24;0;916;0;687;0;1603;0;229;0;151;0;0;725;0;408;1133;0,707
31/03/2022;2022;3;1;0;868;0;740;0;1608;0;213;0;162;0;0;675;0;437;1113;0,692
31/03/2022;2022;3;2;0;864;0;470;0;1334;0;212;0;110;0;0;673;0;297;969;0,727
31/03/2022;2022;3;3;0;861;0;736;0;1598;0;211;0;153;0;0;671;0;411;1082;0,677
31/03/2022;2022;3;4;0;857;2;730;0;1589;0;210;4;151;0;0;668;7;408;1083;0,681
31/03/2022;2022;3;5;0;864;0;736;0;1600;0;212;0;153;0;0;672;0;412;1085;0,678
31/03/2022;2022;3;6;0;866;0;735;0;1601;0;212;0;153;0;0;674;0;413;1087;0,679
31/03/2022;2022;3;7;0;950;0;735;0;1685;0;229;0;155;0;0;727;0;419;1146;0,680
31/03/2022;2022;3;8;0;1070;0;388;0;1458;0;253;0;86;0;0;802;0;231;1033;0,708
31/03/2022;2022;3;9;0;1111;0;406;0;1516;0;261;0;90;0;0;828;0;243;1071;0,706
31/03/2022;2022;3;10;0;1167;0;415;0;1582;0;272;0;92;0;0;863;0;248;1111;0,702
31/03/2022;2022;3;11;0;1184;0;422;0;1607;0;276;0;93;0;0;874;0;252;1126;0,701
31/03/2022;2022;3;12;0;1187;1;784;0;1972;0;276;4;164;0;0;877;8;441;1325;0,672
31/03/2022;2022;3;13;0;1180;2;428;0;1610;0;275;3;94;0;0;872;5;254;1131;0,703
31/03/2022;2022;3;14;0;993;20;547;0;1559;0;237;57;145;0;0;753;111;390;1254;0,804
31/03/2022;2022;3;15;0;895;0;661;0;1557;0;218;0;174;0;0;690;0;468;1159;0,745
31/03/2022;2022;3;16;0;863;0;839;0;1702;0;212;0;237;0;0;672;0;640;1312;0,771
31/03/2022;2022;3;17;0;867;0;720;0;1587;0;214;0;208;0;0;678;0;560;1238;0,780
31/03/2022;2022;3;18;0;655;0;914;0;1569;0;165;0;252;0;0;523;0;679;1202;0,766
31/03/2022;2022;3;19;0;435;33;1038;0;1507;0;113;12;304;0;0;357;23;821;1201;0,797
31/03/2022;2022;3;20;0;442;0;1381;0;1823;0;114;0;394;0;0;362;0;1062;1425;0,781
31/03/2022;2022;3;21;0;171;0;1631;0;1802;0;46;0;462;0;0;145;0;1246;1391;0,772
31/03/2022;2022;3;22;0;439;0;1519;0;1958;0;114;0;423;0;0;361;0;1140;1500;0,766
31/03/2022;2022;3;23;0;441;2;1392;0;1835;0;114;4;395;0;0;361;8;1065;1434;0,782
31/03/2022;2022;3;24;0;457;0;1185;0;1642;0;119;0;328;0;0;379;0;884;1263;0,769
01/04/2022;2022;4;1;0;701;0;876;0;1577;0;185;0;236;0;0;587;0;638;1225;0,777
01/04/2022;2022;4;2;0;917;0;463;0;1380;0;236;0;111;0;0;749;0;299;1048;0,759
01/04/2022;2022;4;3;0;905;0;438;0;1344;0;233;0;103;0;0;739;0;279;1018;0,757
01/04/2022;2022;4;4;0;906;0;410;0;1316;0;233;0;97;0;0;740;0;263;1003;0,762
01/04/2022;2022;4;5;0;906;0;403;0;1309;0;233;0;93;0;0;739;0;252;991;0,757
01/04/2022;2022;4;6;0;907;0;670;0;1577;0;233;0;152;0;0;740;0;410;1150;0,729
01/04/2022;2022;4;7;0;923;0;667;0;1590;0;232;0;152;0;0;737;0;409;1147;0,721
01/04/2022;2022;4;8;0;919;0;707;0;1626;0;232;0;163;0;0;735;0;439;1174;0,722
01/04/2022;2022;4;9;0;923;0;749;0;1672;0;232;0;173;0;0;737;0;467;1204;0,720
01/04/2022;2022;4;10;0;936;0;791;0;1728;0;235;0;191;0;0;747;0;515;1262;0,730
01/04/2022;2022;4;11;0;931;1;806;0;1738;0;234;3;206;0;0;742;5;555;1303;0,750
01/04/2022;2022;4;12;0;957;0;634;0;1591;0;237;0;150;0;0;752;0;405;1157;0,727
01/04/2022;2022;4;13;0;959;2;614;0;1575;0;236;7;141;0;0;749;14;379;1143;0,726
01/04/2022;2022;4;14;0;1054;0;495;0;1549;0;253;0;113;0;0;802;0;306;1108;0,715
01/04/2022;2022;4;15;0;911;0;800;0;1711;0;223;0;170;0;0;708;0;459;1167;0,682
01/04/2022;2022;4;16;0;574;0;961;0;1535;0;147;0;207;0;0;467;0;558;1026;0,668
01/04/2022;2022;4;17;0;431;0;1119;0;1550;0;116;0;239;0;0;368;0;644;1011;0,653
01/04/2022;2022;4;18;0;427;0;1109;0;1536;0;115;0;235;0;0;365;0;634;1000;0,651
01/04/2022;2022;4;19;0;499;0;1202;0;1701;0;130;0;240;0;0;414;0;647;1061;0,624
01/04/2022;2022;4;20;0;821;0;862;0;1683;0;204;0;179;0;0;648;0;482;1130;0,671
01/04/2022;2022;4;21;0;864;0;867;0;1731;0;215;0;181;0;0;681;0;487;1168;0,675
01/04/2022;2022;4;22;0;741;1;1131;0;1873;0;185;3;232;0;0;586;5;625;1216;0,649
01/04/2022;2022;4;23;0;277;0;1460;0;1737;0;84;0;294;0;0;268;0;792;1060;0,610
01/04/2022;2022;4;24;247;142;299;1095;0;1782;127;34;57;239;0;297;106;111;644;1159;0,651
02/04/2022;2022;4;1;248;81;872;437;0;1638;128;19;175;96;0;299;59;340;259;957;0,585
02/04/2022;2022;4;2;245;0;554;567;0;1366;127;0;114;123;0;296;0;222;331;849;0,621
02/04/2022;2022;4;3;239;0;597;574;0;1410;124;0;132;124;0;290;0;257;335;882;0,625
02/04/2022;2022;4;4;240;0;585;585;0;1410;125;0;128;126;0;291;0;249;341;880;0,624
02/04/2022;2022;4;5;246;0;586;573;0;1406;127;0;127;124;0;297;0;248;334;879;0,625
02/04/2022;2022;4;6;248;0;586;565;0;1399;128;0;125;122;0;299;0;243;329;871;0,622
02/04/2022;2022;4;7;248;0;587;569;0;1404;128;0;126;125;0;299;0;245;336;880;0,627
02/04/2022;2022;4;8;250;0;584;564;0;1398;129;0;128;123;0;301;0;249;333;882;0,631
02/04/2022;2022;4;9;247;0;598;571;0;1416;128;0;139;125;0;298;0;271;337;906;0,640
02/04/2022;2022;4;10;249;0;598;578;0;1426;129;0;141;126;0;300;0;275;340;915;0,642
02/04/2022;2022;4;11;250;0;585;544;0;1379;129;0;129;124;0;301;0;252;335;888;0,644
02/04/2022;2022;4;12;251;0;808;303;0;1362;129;0;173;62;0;302;0;337;167;806;0,592
02/04/2022;2022;4;13;249;0;843;264;0;1355;129;0;182;53;0;300;0;356;142;798;0,588
02/04/2022;2022;4;14;251;0;825;265;0;1341;130;0;175;53;0;303;0;340;142;786;0,586
02/04/2022;2022;4;15;249;0;808;264;0;1321;129;0;169;53;0;301;0;329;142;771;0,584
02/04/2022;2022;4;16;250;0;805;264;0;1319;129;0;166;53;0;302;0;323;142;766;0,581
02/04/2022;2022;4;17;251;0;802;265;0;1318;130;0;167;53;0;303;0;325;142;770;0,584
02/04/2022;2022;4;18;250;0;850;262;0;1362;129;0;187;52;0;301;0;363;141;805;0,591
02/04/2022;2022;4;19;249;0;899;262;0;1410;129;0;179;52;0;300;0;349;141;790;0,561
02/04/2022;2022;4;20;250;0;1155;197;0;1602;129;0;226;42;0;301;0;439;113;854;0,533
02/04/2022;2022;4;21;248;0;1313;14;0;1575;128;0;277;4;0;299;0;539;10;849;0,539
02/04/2022;2022;4;22;251;0;1327;8;0;1585;129;0;289;2;0;302;0;563;6;871;0,549
02/04/2022;2022;4;23;256;0;1199;1;0;1457;132;0;255;0;0;308;0;498;1;806;0,554
02/04/2022;2022;4;24;255;0;1155;4;0;1414;132;0;257;1;0;307;0;500;3;810;0,573
03/04/2022;2022;4;1;254;0;1199;3;0;1456;131;0;248;1;0;305;0;483;2;791;0,543
03/04/2022;2022;4;2;255;0;1099;3;0;1358;131;0;202;1;0;307;0;394;2;703;0,518
03/04/2022;2022;4;3;256;0;1099;2;0;1356;132;0;202;1;0;307;0;394;2;703;0,518
03/04/2022;2022;4;4;256;0;1099;2;0;1357;132;0;204;1;0;308;0;397;1;706;0,520
03/04/2022;2022;4;5;256;0;1096;2;0;1354;132;0;203;0;0;308;0;395;1;705;0,520
03/04/2022;2022;4;6;220;0;1109;2;0;1330;115;0;205;0;0;269;0;399;1;670;0,503
03/04/2022;2022;4;7;209;0;1119;18;0;1346;110;0;209;5;0;257;0;408;14;678;0,504
03/04/2022;2022;4;8;207;0;946;20;0;1174;109;0;180;6;0;255;0;350;15;620;0,528
03/04/2022;2022;4;9;202;0;919;33;0;1155;107;0;209;9;0;249;0;407;24;681;0,590
03/04/2022;2022;4;10;204;0;994;36;0;1233;107;0;216;10;0;251;0;421;26;698;0,566
03/04/2022;2022;4;11;199;0;1094;37;0;1330;105;0;205;10;0;246;0;400;27;673;0,506
03/04/2022;2022;4;12;202;0;1101;38;0;1341;107;0;205;10;0;250;0;400;28;677;0,505
03/04/2022;2022;4;13;199;0;1136;39;0;1375;106;0;205;11;0;247;0;400;29;675;0,491
03/04/2022;2022;4;14;237;0;1086;48;0;1371;123;0;195;13;0;286;0;380;36;703;0,512
03/04/2022;2022;4;15;243;0;1018;28;0;1289;126;0;216;8;0;293;0;421;21;736;0,571
03/04/2022;2022;4;16;233;0;1006;27;0;1266;121;0;214;8;0;283;0;417;21;721;0,569
03/04/2022;2022;4;17;191;0;1043;27;0;1262;102;0;225;8;0;239;0;438;21;697;0,552
03/04/2022;2022;4;18;208;0;1125;21;0;1354;110;0;218;6;0;256;0;425;17;698;0,515
03/04/2022;2022;4;19;239;0;1149;5;0;1393;124;0;220;1;0;289;0;429;4;722;0,518
03/04/2022;2022;4;20;243;0;1199;17;0;1459;126;0;244;5;0;294;0;474;12;780;0,535
03/04/2022;2022;4;21;241;0;1250;61;0;1551;125;0;241;16;0;292;0;470;44;806;0,520
03/04/2022;2022;4;22;242;0;1276;34;0;1552;125;0;249;10;0;293;0;485;26;804;0,518
03/04/2022;2022;4;23;248;0;1209;4;0;1461;128;0;230;1;0;299;0;448;3;750;0,513
03/04/2022;2022;4;24;248;0;1151;3;0;1402;128;0;210;1;0;300;0;409;2;711;0,507
04/04/2022;2022;4;1;248;0;1100;3;0;1351;128;0;254;1;0;299;0;494;2;796;0,589
04/04/2022;2022;4;2;253;0;1012;2;0;1267;131;0;234;1;0;305;0;455;2;762;0,601
04/04/2022;2022;4;3;253;0;998;1;0;1251;131;0;230;0;0;305;0;448;1;754;0,603
04/04/2022;2022;4;4;252;0;1004;1;0;1256;130;0;230;0;0;303;0;448;1;752;0,599
04/04/2022;2022;4;5;245;0;1010;1;0;1256;127;0;231;0;0;297;0;450;1;748;0,595
04/04/2022;2022;4;6;247;0;1184;1;0;1432;128;0;270;0;0;299;0;526;1;825;0,576
04/04/2022;2022;4;7;245;0;1181;1;0;1427;127;0;280;0;0;296;0;545;1;842;0,590
04/04/2022;2022;4;8;247;0;1147;1;0;1395;128;0;288;0;0;298;0;561;1;860;0,616
04/04/2022;2022;4;9;249;0;1341;8;0;1598;128;0;335;2;0;300;0;653;6;958;0,600
04/04/2022;2022;4;10;251;0;1288;12;0;1551;129;0;320;3;0;302;0;624;9;934;0,602
04/04/2022;2022;4;11;245;90;1309;13;0;1657;127;24;315;3;0;296;77;614;9;996;0,601
04/04/2022;2022;4;12;249;107;1211;14;0;1582;129;28;293;4;0;300;89;571;10;971;0,614
04/04/2022;2022;4;13;253;180;1225;15;0;1673;130;45;301;4;0;305;144;586;11;1046;0,625
04/04/2022;2022;4;14;256;201;1159;16;0;1632;132;51;294;4;0;308;160;573;12;1053;0,645
04/04/2022;2022;4;15;250;196;1124;14;0;1585;129;49;284;4;0;302;156;553;10;1021;0,644
04/04/2022;2022;4;16;254;184;849;202;0;1490;131;46;196;39;0;305;147;382;105;939;0,630
04/04/2022;2022;4;17;252;183;842;266;0;1543;130;46;192;51;0;303;146;374;137;960;0,622
04/04/2022;2022;4;18;253;207;866;286;0;1613;130;52;199;55;0;305;165;388;147;1005;0,623
04/04/2022;2022;4;19;252;212;1000;281;0;1745;130;53;264;54;0;303;169;514;145;1131;0,648
04/04/2022;2022;4;20;252;213;1059;290;0;1814;130;54;261;56;0;303;170;508;151;1132;0,624
04/04/2022;2022;4;21;251;213;991;374;0;1830;129;54;221;72;0;302;170;431;193;1095;0,599
04/04/2022;2022;4;22;254;213;982;390;0;1838;131;54;218;74;0;306;170;424;198;1098;0,597
04/04/2022;2022;4;23;244;212;937;375;0;1769;126;53;201;70;0;295;170;391;188;1043;0,590
04/04/2022;2022;4;24;244;212;936;371;0;1763;126;53;203;68;0;295;169;395;185;1044;0,592
05/04/2022;2022;4;1;247;131;824;314;0;1515;127;33;163;61;0;297;103;317;164;881;0,582
05/04/2022;2022;4;2;248;90;724;270;0;1332;128;24;157;53;0;298;75;305;144;823;0,618
05/04/2022;2022;4;3;252;89;707;262;0;1310;130;23;152;52;0;303;74;296;140;813;0,621
05/04/2022;2022;4;4;255;87;717;263;0;1323;131;23;153;52;0;306;73;298;141;818;0,619
05/04/2022;2022;4;5;250;88;716;265;0;1318;129;23;153;53;0;301;73;298;142;814;0,617
05/04/2022;2022;4;6;251;88;713;261;0;1313;129;23;152;52;0;301;74;296;140;811;0,618
05/04/2022;2022;4;7;252;91;786;267;0;1396;130;24;181;53;0;303;76;353;144;876;0,627
05/04/2022;2022;4;8;255;144;762;297;0;1458;131;36;162;59;0;307;113;316;160;896;0,615
05/04/2022;2022;4;9;252;197;854;335;0;1637;130;49;209;66;0;303;154;406;178;1042;0,636
05/04/2022;2022;4;10;248;222;724;357;0;1552;128;55;144;71;0;299;175;281;190;945;0,609
05/04/2022;2022;4;11;254;224;782;383;0;1643;131;55;164;74;0;305;176;320;198;1000;0,608
05/04/2022;2022;4;12;251;227;774;406;0;1658;129;56;163;79;0;302;178;317;212;1009;0,609
05/04/2022;2022;4;13;246;225;760;419;0;1651;127;56;161;82;0;297;177;313;221;1008;0,610
05/04/2022;2022;4;14;249;229;727;422;0;1627;128;57;150;83;0;300;179;293;225;997;0,613
05/04/2022;2022;4;15;251;226;722;417;0;1616;129;56;148;82;0;302;177;289;220;988;0,612
05/04/2022;2022;4;16;249;232;777;416;0;1674;129;57;162;81;0;300;181;315;219;1015;0,607
05/04/2022;2022;4;17;248;227;791;415;0;1681;128;56;165;81;0;300;178;321;219;1018;0,606
05/04/2022;2022;4;18;243;228;779;415;0;1664;126;56;169;81;0;294;178;329;219;1020;0,613
05/04/2022;2022;4;19;245;229;849;410;0;1734;127;56;195;80;0;296;178;381;217;1072;0,618
05/04/2022;2022;4;20;250;229;880;398;0;1757;129;56;203;78;0;301;178;396;210;1085;0,618
05/04/2022;2022;4;21;253;220;904;383;0;1760;130;55;223;74;0;304;174;434;199;1111;0,631
05/04/2022;2022;4;22;251;218;1003;368;0;1840;129;54;226;72;0;302;171;441;193;1107;0,602
05/04/2022;2022;4;23;246;218;847;424;0;1735;127;54;181;90;0;297;171;352;242;1062;0,612
05/04/2022;2022;4;24;239;218;804;498;0;1758;124;54;156;109;0;289;171;305;295;1060;0,603
06/04/2022;2022;4;1;247;198;441;588;0;1474;127;48;80;120;0;296;151;156;325;928;0,630
06/04/2022;2022;4;2;239;99;371;617;0;1326;127;25;71;122;0;296;79;138;329;842;0,635
06/04/2022;2022;4;3;239;87;611;583;0;1519;127;22;122;116;0;296;70;238;313;917;0,604
06/04/2022;2022;4;4;240;87;375;583;0;1284;127;22;71;116;0;296;71;139;312;818;0,637
06/04/2022;2022;4;5;239;87;394;802;0;1522;127;22;86;154;0;296;71;167;416;950;0,624
06/04/2022;2022;4;6;240;87;411;830;0;1567;127;22;89;160;0;296;71;173;432;972;0,620
06/04/2022;2022;4;7;240;119;454;896;0;1710;127;29;100;181;0;296;93;194;487;1070;0,626
06/04/2022;2022;4;8;242;201;0;983;0;1426;127;48;0;200;0;296;153;0;541;990;0,694
06/04/2022;2022;4;9;243;314;7;1039;0;1604;127;72;11;209;0;296;229;22;563;1110;0,692
06/04/2022;2022;4;10;243;470;0;1060;0;1774;127;104;0;213;0;296;330;0;573;1199;0,676
06/04/2022;2022;4;11;0;535;0;1069;0;1604;0;118;0;215;0;0;375;0;579;954;0,595
06/04/2022;2022;4;12;0;575;12;1067;0;1654;0;129;18;213;0;0;410;35;576;1020;0,617
06/04/2022;2022;4;13;0;631;0;1069;0;1700;0;143;0;214;0;0;454;0;577;1031;0,606
06/04/2022;2022;4;14;0;689;0;1067;0;1756;0;155;0;213;0;0;493;0;575;1069;0,608
06/04/2022;2022;4;15;0;747;0;1073;0;1820;0;169;0;216;0;0;536;0;582;1117;0,614
06/04/2022;2022;4;16;0;741;3;966;0;1710;0;168;20;190;0;0;532;39;513;1084;0,634
06/04/2022;2022;4;17;244;735;0;703;0;1683;127;166;0;139;0;296;528;0;375;1199;0,713
06/04/2022;2022;4;18;252;734;3;701;0;1691;127;166;4;139;0;296;526;8;374;1204;0,712
06/04/2022;2022;4;19;253;736;4;697;0;1690;127;166;4;144;0;296;528;9;387;1220;0,722
06/04/2022;2022;4;20;248;740;462;701;0;2150;127;167;97;139;0;296;530;190;375;1391;0,647
06/04/2022;2022;4;21;251;739;469;705;0;2164;127;167;99;140;0;296;529;193;379;1397;0,646
06/04/2022;2022;4;22;250;642;484;749;0;2125;127;149;134;151;0;296;474;261;408;1440;0,678
06/04/2022;2022;4;23;254;526;479;724;0;1983;127;124;123;143;0;296;393;240;386;1315;0,663
06/04/2022;2022;4;24;257;525;79;669;0;1529;127;124;46;130;0;296;392;90;350;1129;0,738
07/04/2022;2022;4;1;253;497;116;663;0;1530;130;122;32;128;0;304;386;62;346;1098;0,717
07/04/2022;2022;4;2;250;432;0;671;0;1353;129;108;0;129;0;301;344;0;347;992;0,733
07/04/2022;2022;4;3;248;430;1;673;0;1352;128;108;3;129;0;299;342;6;347;995;0,736
07/04/2022;2022;4;4;249;431;0;672;0;1352;128;108;0;129;0;300;343;0;347;990;0,732
07/04/2022;2022;4;5;248;430;0;672;0;1350;128;108;0;129;0;299;342;0;347;988;0,732
07/04/2022;2022;4;6;249;430;0;675;0;1354;128;108;0;129;0;300;342;0;348;990;0,731
07/04/2022;2022;4;7;251;444;0;673;0;1368;129;111;0;130;0;302;351;0;351;1004;0,735
07/04/2022;2022;4;8;248;731;0;682;0;1662;128;169;0;133;0;299;535;0;359;1193;0,718
07/04/2022;2022;4;9;252;752;0;686;0;1690;130;173;0;134;0;303;548;0;362;1213;0,718
07/04/2022;2022;4;10;254;753;0;697;0;1703;131;173;0;138;0;305;548;0;372;1225;0,719
07/04/2022;2022;4;11;251;749;0;788;0;1787;129;172;0;171;0;302;546;0;461;1309;0,732
07/04/2022;2022;4;12;250;743;0;815;0;1808;129;171;0;178;0;301;542;0;479;1322;0,731
07/04/2022;2022;4;13;251;757;0;736;0;1743;129;174;0;150;0;302;553;0;405;1260;0,723
07/04/2022;2022;4;14;251;760;184;504;0;1699;130;175;40;112;0;303;555;78;303;1238;0,729
07/04/2022;2022;4;15;254;762;183;465;0;1663;131;175;40;99;0;305;556;78;267;1205;0,725
07/04/2022;2022;4;16;255;766;607;367;0;1994;131;176;118;70;0;306;559;229;188;1282;0,643
07/04/2022;2022;4;17;251;765;611;371;0;1998;130;176;118;70;0;303;559;230;190;1281;0,641
07/04/2022;2022;4;18;252;766;187;408;0;1613;130;176;40;84;0;303;559;79;227;1167;0,724
07/04/2022;2022;4;19;253;767;195;483;0;1698;130;176;45;106;0;304;560;88;286;1239;0,729
07/04/2022;2022;4;20;253;768;620;486;0;2128;130;176;120;104;0;304;559;234;280;1377;0,647
07/04/2022;2022;4;21;256;764;193;715;0;1928;132;175;45;176;0;308;556;88;476;1428;0,740
07/04/2022;2022;4;22;255;766;0;786;0;1807;131;176;0;192;0;307;558;0;519;1383;0,765
07/04/2022;2022;4;23;255;765;5;770;0;1794;131;176;10;187;0;306;557;20;504;1388;0,774
07/04/2022;2022;4;24;254;769;0;722;0;1745;131;176;0;173;0;305;560;0;468;1333;0,764
08/04/2022;2022;4;1;255;769;89;424;0;1537;131;174;16;85;0;307;553;31;230;1121;0,729
08/04/2022;2022;4;2;0;769;0;556;0;1325;0;174;0;105;0;0;552;0;283;835;0,630
08/04/2022;2022;4;3;0;770;2;626;0;1399;0;174;4;153;0;0;553;7;412;973;0,695
08/04/2022;2022;4;4;0;770;0;627;0;1397;0;174;0;153;0;0;553;0;412;965;0,690
08/04/2022;2022;4;5;0;769;0;628;0;1398;0;174;0;153;0;0;552;0;412;964;0,690
08/04/2022;2022;4;6;0;769;0;610;0;1379;0;174;0;153;0;0;552;0;413;965;0,699
08/04/2022;2022;4;7;0;762;0;607;0;1370;0;173;0;152;0;0;547;0;411;958;0,700
08/04/2022;2022;4;8;248;794;5;613;0;1660;128;179;7;154;0;299;567;14;416;1295;0,780
08/04/2022;2022;4;9;0;789;0;756;0;1546;0;178;0;198;0;0;565;0;533;1098;0,711
08/04/2022;2022;4;10;0;790;0;763;0;1554;0;178;0;205;0;0;566;0;552;1118;0,719
08/04/2022;2022;4;11;0;808;0;1094;0;1901;0;182;0;293;0;0;577;0;790;1367;0,719
08/04/2022;2022;4;12;0;792;0;835;0;1627;0;179;0;251;0;0;568;0;678;1246;0,766
08/04/2022;2022;4;13;0;733;0;913;0;1646;0;167;0;279;0;0;530;0;753;1283;0,780
08/04/2022;2022;4;14;0;678;0;966;0;1644;0;156;0;289;0;0;496;0;780;1276;0,776
08/04/2022;2022;4;15;0;567;0;1066;0;1633;0;134;0;315;0;0;425;0;849;1274;0,780
08/04/2022;2022;4;16;0;551;0;1067;0;1618;0;131;0;315;0;0;415;0;849;1264;0,781
08/04/2022;2022;4;17;0;437;0;1289;0;1726;0;107;0;383;0;0;340;0;1034;1374;0,796
08/04/2022;2022;4;18;0;438;0;1298;0;1736;0;107;0;389;0;0;341;0;1050;1391;0,801
08/04/2022;2022;4;19;0;439;0;1337;0;1775;0;108;0;401;0;0;342;0;1082;1424;0,802
08/04/2022;2022;4;20;0;220;0;1643;0;1862;0;55;0;484;0;0;176;0;1306;1482;0,796
08/04/2022;2022;4;21;0;218;0;1533;0;1751;0;55;0;446;0;0;175;0;1203;1377;0,786
08/04/2022;2022;4;22;0;678;0;1017;0;1695;0;156;0;303;0;0;495;0;818;1313;0,775
08/04/2022;2022;4;23;0;790;1;892;0;1683;0;178;3;209;0;0;566;5;565;1136;0,675
08/04/2022;2022;4;24;0;768;0;962;0;1730;0;174;0;198;0;0;551;0;534;1085;0,627
09/04/2022;2022;4;1;0;769;0;971;0;1741;0;175;0;205;0;0;554;0;552;1106;0,635
09/04/2022;2022;4;2;0;639;0;984;0;1623;0;148;0;205;0;0;470;0;553;1023;0,630
09/04/2022;2022;4;3;0;534;1;888;0;1423;0;127;3;181;0;0;404;6;487;897;0,630
09/04/2022;2022;4;4;0;534;0;857;0;1391;0;127;0;173;0;0;404;0;467;871;0,626
09/04/2022;2022;4;5;0;534;0;861;0;1396;0;127;0;174;0;0;404;0;469;874;0,626
09/04/2022;2022;4;6;0;534;0;862;0;1396;0;127;0;174;0;0;404;0;470;873;0,626
09/04/2022;2022;4;7;0;533;0;863;0;1397;0;127;3;174;0;0;404;6;469;879;0,630
09/04/2022;2022;4;8;0;437;0;828;0;1265;0;106;0;167;0;0;337;0;450;786;0,622
09/04/2022;2022;4;9;224;202;400;666;0;1492;126;53;89;136;0;295;168;173;367;1003;0,673
09/04/2022;2022;4;10;187;178;433;666;0;1464;107;48;106;136;0;250;152;206;367;975;0,666
09/04/2022;2022;4;11;187;180;444;681;0;1493;97;49;108;139;0;226;154;211;375;965;0,647
09/04/2022;2022;4;12;186;219;441;746;0;1593;99;57;109;147;0;231;180;213;397;1021;0,641
09/04/2022;2022;4;13;182;465;121;760;0;1528;98;111;46;151;0;228;352;90;406;1077;0,705
09/04/2022;2022;4;14;183;512;21;765;0;1481;98;123;8;152;0;228;389;16;409;1042;0,704
09/04/2022;2022;4;15;184;511;19;762;0;1476;98;122;7;151;0;230;388;13;408;1040;0,704
09/04/2022;2022;4;16;188;511;15;757;0;1471;101;122;5;151;0;235;389;10;406;1040;0,707
09/04/2022;2022;4;17;186;509;17;757;0;1470;101;122;7;150;0;235;387;14;406;1042;0,709
09/04/2022;2022;4;18;189;444;67;752;0;1454;101;109;30;149;0;235;346;58;402;1042;0,717
09/04/2022;2022;4;19;217;433;91;760;0;1500;104;107;39;150;0;243;338;76;406;1063;0,709
09/04/2022;2022;4;20;201;433;123;862;0;1619;116;107;48;178;0;272;339;93;479;1182;0,730
09/04/2022;2022;4;21;250;421;114;875;0;1660;119;104;45;181;0;277;329;87;489;1181;0,712
09/04/2022;2022;4;22;237;208;410;815;0;1670;119;55;102;166;0;277;173;199;448;1097;0,657
09/04/2022;2022;4;23;224;175;483;666;0;1548;123;47;124;136;0;287;150;242;366;1045;0,675
09/04/2022;2022;4;24;249;177;471;576;0;1472;127;48;121;124;0;297;151;235;333;1017;0,691
10/04/2022;2022;4;1;253;178;407;512;0;1350;130;56;99;120;0;304;178;192;324;998;0,739
10/04/2022;2022;4;2;254;176;378;525;0;1333;131;56;87;123;0;305;176;169;333;984;0,738
10/04/2022;2022;4;3;253;88;445;530;0;1316;130;29;118;125;0;304;91;230;336;961;0,731
10/04/2022;2022;4;4;252;87;398;529;0;1266;130;29;107;125;0;303;91;209;336;938;0,741
10/04/2022;2022;4;5;252;88;398;545;0;1282;130;29;107;128;0;304;91;208;345;948;0,739
10/04/2022;2022;4;6;245;88;398;550;0;1281;127;29;107;130;0;296;91;208;350;945;0,737
10/04/2022;2022;4;7;247;0;487;558;0;1292;128;0;136;132;0;298;0;265;356;918;0,711
10/04/2022;2022;4;8;247;0;507;496;0;1249;128;0;145;99;0;298;0;282;266;845;0,677
10/04/2022;2022;4;9;236;0;761;345;0;1341;122;0;209;91;0;285;0;408;246;940;0,701
10/04/2022;2022;4;10;203;0;797;322;0;1322;107;0;216;83;0;249;0;421;224;894;0,676
10/04/2022;2022;4;11;202;0;874;332;0;1408;106;0;230;87;0;248;0;447;236;931;0,662
10/04/2022;2022;4;12;202;0;917;376;0;1495;106;0;242;98;0;248;0;471;265;984;0,658
10/04/2022;2022;4;13;199;0;924;377;0;1500;106;0;245;98;0;248;0;477;265;989;0,659
10/04/2022;2022;4;14;147;0;948;465;0;1561;79;0;254;104;0;184;0;495;281;960;0,615
10/04/2022;2022;4;15;143;0;771;513;0;1427;76;0;216;111;0;177;0;422;300;898;0,629
10/04/2022;2022;4;16;136;0;698;553;0;1387;74;0;195;117;0;173;0;380;315;868;0,626
10/04/2022;2022;4;17;130;0;683;572;0;1385;72;0;190;120;0;167;0;370;323;861;0,621
10/04/2022;2022;4;18;142;0;670;584;0;1397;78;0;185;124;0;182;0;360;333;876;0,627
10/04/2022;2022;4;19;175;0;686;580;0;1440;94;0;197;123;0;219;0;384;333;936;0,650
10/04/2022;2022;4;20;174;0;722;631;0;1526;92;0;203;129;0;215;0;396;349;959;0,629
10/04/2022;2022;4;21;163;0;773;642;0;1578;87;0;213;130;0;203;0;414;351;968;0,613
10/04/2022;2022;4;22;159;0;835;567;0;1561;85;0;232;116;0;198;0;452;313;962;0,617
10/04/2022;2022;4;23;161;0;911;485;0;1557;86;0;244;103;0;200;0;476;278;954;0,613
10/04/2022;2022;4;24;158;0;958;363;0;1479;84;0;258;87;0;197;0;502;234;932;0,630
11/04/2022;2022;4;1;163;75;703;389;0;1330;87;20;152;77;0;202;63;296;209;770;0,579
11/04/2022;2022;4;2;161;159;680;455;0;1454;86;43;146;96;0;200;135;284;259;878;0,604
11/04/2022;2022;4;3;168;172;373;481;0;1195;89;47;84;104;0;208;149;164;282;803;0,672
11/04/2022;2022;4;4;165;171;371;469;0;1176;87;47;94;100;0;204;148;183;270;805;0,684
11/04/2022;2022;4;5;169;171;271;604;0;1216;90;47;62;123;0;210;148;120;332;810;0,666
11/04/2022;2022;4;6;161;171;258;652;0;1243;86;47;56;129;0;200;148;109;348;805;0,647
11/04/2022;2022;4;7;160;242;30;887;0;1319;85;62;13;177;0;200;196;26;478;900;0,682
11/04/2022;2022;4;8;158;394;34;924;0;1510;84;97;12;188;0;197;307;23;506;1032;0,684
11/04/2022;2022;4;9;159;413;35;925;0;1531;85;101;12;189;0;199;321;23;509;1052;0,687
11/04/2022;2022;4;10;170;434;32;938;0;1573;90;107;13;192;0;209;338;26;518;1091;0,693
11/04/2022;2022;4;11;184;437;30;944;0;1596;96;108;10;194;0;225;341;20;523;1109;0,695
11/04/2022;2022;4;12;184;433;313;928;0;1857;96;107;65;191;0;225;338;126;516;1205;0,649
11/04/2022;2022;4;13;178;426;316;915;0;1835;94;104;69;188;0;218;330;135;508;1192;0,649
11/04/2022;2022;4;14;175;422;311;912;0;1819;92;103;65;187;0;215;328;127;503;1173;0,645
11/04/2022;2022;4;15;172;419;311;903;0;1806;92;103;65;186;0;214;326;127;500;1167;0,646
11/04/2022;2022;4;16;176;422;34;911;0;1542;92;103;11;187;0;215;328;22;505;1070;0,694
11/04/2022;2022;4;17;174;421;37;919;0;1552;91;103;13;186;0;214;327;25;500;1066;0,686
11/04/2022;2022;4;18;178;422;31;926;0;1556;94;103;10;187;0;218;327;20;503;1069;0,687
11/04/2022;2022;4;19;176;420;33;930;0;1559;93;103;13;188;0;216;326;26;508;1076;0,690
11/04/2022;2022;4;20;172;435;313;1036;0;1956;90;107;65;217;0;211;339;126;587;1263;0,646
11/04/2022;2022;4;21;179;447;31;1068;0;1724;94;110;10;226;0;219;348;20;610;1197;0,694
11/04/2022;2022;4;22;178;302;326;927;0;1732;95;76;69;193;0;221;242;135;521;1119;0,646
11/04/2022;2022;4;23;181;94;732;817;0;1825;95;24;162;172;0;222;77;315;463;1077;0,590
11/04/2022;2022;4;24;181;82;680;766;0;1708;95;22;147;162;0;221;68;286;436;1012;0,593
12/04/2022;2022;4;1;193;87;319;789;0;1388;101;24;96;159;0;236;75;188;428;927;0,668
12/04/2022;2022;4;2;167;88;506;791;0;1551;89;24;142;157;0;208;76;277;424;986;0,635
12/04/2022;2022;4;3;161;88;459;773;0;1481;87;24;125;153;0;203;76;244;412;935;0,631
12/04/2022;2022;4;4;158;88;459;774;0;1479;85;24;125;153;0;199;76;244;412;930;0,629
12/04/2022;2022;4;5;157;88;462;775;0;1482;85;24;126;153;0;198;76;246;413;933;0,629
12/04/2022;2022;4;6;164;88;315;787;0;1353;88;24;92;157;0;205;76;179;422;882;0,652
12/04/2022;2022;4;7;159;0;465;784;0;1409;85;0;135;160;0;199;0;264;430;894;0,634
12/04/2022;2022;4;8;168;0;489;781;0;1438;90;0;146;160;0;210;0;285;433;927;0,645
12/04/2022;2022;4;9;188;0;626;806;0;1619;99;0;178;165;0;231;0;346;446;1023;0,631
12/04/2022;2022;4;10;239;0;344;991;0;1574;124;0;120;200;0;289;0;234;540;1063;0,675
12/04/2022;2022;4;11;241;0;475;880;0;1595;124;0;162;200;0;290;0;316;540;1146;0,719
12/04/2022;2022;4;12;248;0;657;742;0;1647;128;0;191;151;0;299;0;373;408;1080;0,656
12/04/2022;2022;4;13;251;0;618;738;0;1607;130;0;184;151;0;303;0;358;406;1066;0,664
12/04/2022;2022;4;14;251;0;709;614;0;1575;130;0;200;122;0;303;0;390;329;1022;0,649
12/04/2022;2022;4;15;253;0;697;597;0;1547;130;0;195;118;0;304;0;380;317;1001;0,647
12/04/2022;2022;4;16;249;0;866;599;0;1715;129;0;236;118;0;301;0;459;318;1078;0,629
12/04/2022;2022;4;17;242;0;686;605;0;1533;126;0;192;119;0;293;0;375;322;990;0,646
12/04/2022;2022;4;18;246;0;685;601;0;1531;127;0;193;118;0;297;0;375;318;991;0,647
12/04/2022;2022;4;19;252;0;746;617;0;1615;130;0;205;122;0;304;0;400;328;1032;0,639
12/04/2022;2022;4;20;254;0;781;757;0;1792;131;0;225;156;0;305;0;438;420;1163;0,649
12/04/2022;2022;4;21;261;0;736;783;0;1780;134;0;216;163;0;313;0;421;440;1173;0,659
12/04/2022;2022;4;22;268;0;728;757;0;1753;137;0;219;156;0;321;0;427;420;1168;0,666
12/04/2022;2022;4;23;262;0;652;737;0;1650;134;0;204;150;0;314;0;398;405;1116;0,676
12/04/2022;2022;4;24;257;93;482;715;0;1547;132;25;148;145;0;309;80;289;391;1069;0,691
13/04/2022;2022;4;1;258;90;565;576;0;1489;133;23;162;113;0;310;73;315;306;1003;0,674
13/04/2022;2022;4;2;257;90;519;502;0;1368;132;23;149;101;0;309;72;291;271;943;0,690
13/04/2022;2022;4;3;261;89;491;499;0;1340;134;23;140;98;0;314;72;273;265;924;0,690
13/04/2022;2022;4;4;195;88;614;482;0;1380;104;22;171;94;0;243;71;332;253;900;0,653
13/04/2022;2022;4;5;175;89;695;506;0;1464;94;23;187;99;0;219;72;364;267;921;0,629
13/04/2022;2022;4;6;222;90;524;511;0;1347;116;23;140;100;0;270;72;273;271;886;0,658
13/04/2022;2022;4;7;265;104;663;493;0;1525;136;26;172;100;0;318;82;335;271;1006;0,660
13/04/2022;2022;4;8;261;204;483;501;0;1449;134;49;132;104;0;313;155;258;280;1005;0,694
13/04/2022;2022;4;9;260;219;565;505;0;1548;133;53;155;105;0;312;167;301;284;1064;0,687
13/04/2022;2022;4;10;260;219;677;512;0;1667;133;53;192;106;0;312;167;374;287;1139;0,683
13/04/2022;2022;4;11;263;218;475;635;0;1592;135;52;152;135;0;315;166;297;364;1142;0,718
13/04/2022;2022;4;12;262;216;473;658;0;1609;135;52;150;140;0;315;165;292;376;1148;0,713
13/04/2022;2022;4;13;89;216;691;670;0;1666;53;52;199;144;0;125;165;387;387;1064;0,639
13/04/2022;2022;4;14;64;216;683;661;0;1623;40;52;195;142;0;94;164;379;383;1021;0,629
13/04/2022;2022;4;15;58;204;672;609;0;1543;38;49;190;127;0;88;155;371;342;956;0,620
13/04/2022;2022;4;16;61;110;808;531;0;1510;39;27;225;110;0;91;86;439;297;913;0,605
13/04/2022;2022;4;17;63;87;1162;524;0;1837;40;22;290;109;0;94;71;564;294;1023;0,557
13/04/2022;2022;4;18;61;89;797;529;0;1475;39;23;219;110;0;91;72;427;297;887;0,601
13/04/2022;2022;4;19;55;99;839;560;0;1552;36;25;239;114;0;83;78;466;307;934;0,602
13/04/2022;2022;4;20;54;169;726;760;0;1709;35;40;244;155;0;81;128;476;418;1104;0,646
13/04/2022;2022;4;21;54;223;869;822;0;1968;35;54;267;169;0;82;170;520;457;1229;0,625
13/04/2022;2022;4;22;56;221;792;795;0;1865;36;53;248;163;0;84;169;483;438;1174;0,630
13/04/2022;2022;4;23;53;222;607;777;0;1659;35;53;177;157;0;81;169;344;424;1019;0,614
13/04/2022;2022;4;24;53;222;538;766;0;1579;35;53;167;155;0;81;169;325;417;992;0,628
14/04/2022;2022;4;1;52;220;491;729;0;1492;35;54;144;144;0;81;172;280;389;921;0,617
14/04/2022;2022;4;2;71;219;465;608;0;1362;44;54;131;116;0;103;171;255;312;841;0,617
14/04/2022;2022;4;3;116;215;458;609;0;1398;66;53;125;116;0;154;168;244;312;877;0,627
14/04/2022;2022;4;4;125;215;440;607;0;1388;71;53;118;115;0;165;168;229;311;873;0,629
14/04/2022;2022;4;5;126;216;282;607;0;1231;71;53;83;116;0;165;168;161;312;806;0,655
14/04/2022;2022;4;6;123;218;297;605;0;1243;69;54;92;115;0;162;170;180;310;822;0,661
14/04/2022;2022;4;7;118;218;405;607;0;1348;66;54;116;115;0;154;170;226;311;862;0,639
14/04/2022;2022;4;8;117;218;416;603;0;1354;66;54;118;114;0;154;170;230;309;863;0,637
14/04/2022;2022;4;9;120;286;457;610;0;1472;67;69;133;116;0;157;220;260;313;949;0,645
14/04/2022;2022;4;10;124;528;201;667;0;1520;70;119;72;128;0;162;377;140;345;1024;0,674
14/04/2022;2022;4;11;115;561;127;762;0;1565;65;125;51;150;0;151;395;99;405;1051;0,672
14/04/2022;2022;4;12;122;558;80;761;0;1521;68;124;34;150;0;160;393;67;405;1025;0,674
14/04/2022;2022;4;13;122;346;216;864;0;1548;68;80;77;175;0;160;255;150;472;1036;0,669
14/04/2022;2022;4;14;123;220;523;756;0;1622;69;54;158;150;0;162;172;308;403;1046;0,645
14/04/2022;2022;4;15;125;219;380;757;0;1481;71;54;128;146;0;165;171;250;394;979;0,661
14/04/2022;2022;4;16;125;220;405;734;0;1484;71;54;134;144;0;165;171;261;390;987;0,665
14/04/2022;2022;4;17;126;220;367;733;0;1446;71;54;127;144;0;165;171;247;388;971;0,672
14/04/2022;2022;4;18;128;219;368;734;0;1450;72;54;127;144;0;168;171;248;389;975;0,673
14/04/2022;2022;4;19;127;219;428;741;0;1516;72;54;152;146;0;168;171;296;393;1028;0,678
14/04/2022;2022;4;20;127;219;563;766;0;1675;72;54;187;152;0;168;171;365;411;1115;0,666
14/04/2022;2022;4;21;141;219;602;765;0;1726;78;54;190;152;0;182;170;370;410;1133;0,656
14/04/2022;2022;4;22;205;219;476;766;0;1667;108;54;159;152;0;253;171;309;411;1144;0,686
14/04/2022;2022;4;23;245;219;401;731;0;1596;127;54;140;144;0;296;171;272;387;1127;0,706
14/04/2022;2022;4;24;254;221;404;613;0;1491;131;55;128;118;0;306;173;249;317;1046;0,701
15/04/2022;2022;4;1;252;219;348;605;0;1424;130;53;105;118;0;303;168;204;317;992;0,697
15/04/2022;2022;4;2;243;216;251;607;0;1317;126;52;81;118;0;293;166;157;317;934;0,709
15/04/2022;2022;4;3;240;115;280;624;0;1259;124;28;83;118;0;290;90;162;318;859;0,683
15/04/2022;2022;4;4;245;85;386;629;0;1344;126;22;104;118;0;295;69;202;317;884;0,658
15/04/2022;2022;4;5;247;85;386;630;0;1348;127;22;104;118;0;298;70;202;318;886;0,658
15/04/2022;2022;4;6;248;84;387;629;0;1348;128;22;104;118;0;299;69;203;317;888;0,659
15/04/2022;2022;4;7;250;86;388;632;0;1356;129;22;104;118;0;301;70;203;319;892;0,658
15/04/2022;2022;4;8;210;87;390;580;0;1267;111;22;105;107;0;260;71;204;289;824;0,650
15/04/2022;2022;4;9;175;86;665;533;0;1459;95;22;171;104;0;222;70;333;282;907;0,621
15/04/2022;2022;4;10;201;86;720;501;0;1508;107;22;183;102;0;250;70;357;276;953;0,632
15/04/2022;2022;4;11;244;95;516;543;0;1398;126;24;140;110;0;295;76;273;298;942;0,674
15/04/2022;2022;4;12;252;152;190;730;0;1324;130;37;63;147;0;303;116;124;398;941;0,711
15/04/2022;2022;4;13;256;175;185;728;0;1343;132;42;62;147;0;308;133;121;396;958;0,713
15/04/2022;2022;4;14;260;204;339;545;0;1348;134;49;108;112;0;312;156;210;301;979;0,727
15/04/2022;2022;4;15;261;168;385;497;0;1311;134;40;114;101;0;313;128;223;273;936;0,714
15/04/2022;2022;4;16;262;83;540;502;0;1388;135;22;148;101;0;314;68;289;274;945;0,681
15/04/2022;2022;4;17;263;86;529;514;0;1392;135;22;148;102;0;315;70;289;274;948;0,681
15/04/2022;2022;4;18;264;91;545;516;0;1415;135;23;149;103;0;316;73;291;278;959;0,678
15/04/2022;2022;4;19;263;97;430;556;0;1346;135;24;134;113;0;316;77;261;305;959;0,713
15/04/2022;2022;4;20;253;182;501;717;0;1652;130;44;154;145;0;304;139;300;391;1135;0,687
15/04/2022;2022;4;21;251;221;334;748;0;1554;129;54;115;152;0;302;170;225;410;1106;0,712
15/04/2022;2022;4;22;251;220;329;756;0;1557;130;53;113;154;0;303;169;221;415;1108;0,712
15/04/2022;2022;4;23;253;135;396;717;0;1500;130;33;123;145;0;304;104;240;391;1039;0,693
15/04/2022;2022;4;24;251;14;647;546;0;1458;130;8;169;111;0;303;25;330;299;956;0,656
16/04/2022;2022;4;1;250;0;615;514;0;1379;129;0;159;101;0;301;0;310;273;884;0,641
16/04/2022;2022;4;2;247;0;546;528;0;1321;128;0;141;101;0;298;0;275;273;846;0,641
16/04/2022;2022;4;3;236;0;537;529;0;1303;124;0;138;101;0;289;0;268;273;830;0,637
16/04/2022;2022;4;4;157;0;660;528;0;1345;84;0;166;101;0;197;0;324;272;793;0,590
16/04/2022;2022;4;5;157;0;561;526;0;1245;84;0;146;101;0;197;0;285;271;753;0,605
16/04/2022;2022;4;6;159;0;560;525;0;1244;85;0;145;100;0;199;0;283;271;753;0,605
16/04/2022;2022;4;7;160;0;408;644;0;1212;86;0;114;131;0;200;0;223;354;776;0,640
16/04/2022;2022;4;8;161;0;399;649;0;1210;86;0;112;134;0;201;0;218;361;780;0,645
16/04/2022;2022;4;9;246;0;422;650;0;1318;127;0;122;134;0;296;0;238;361;894;0,679
16/04/2022;2022;4;10;252;0;423;650;0;1325;130;0;125;134;0;303;0;243;361;907;0,685
16/04/2022;2022;4;11;257;0;435;684;0;1376;132;0;128;140;0;309;0;250;379;938;0,681
16/04/2022;2022;4;12;261;0;192;885;0;1338;134;0;67;179;0;312;0;131;483;927;0,693
16/04/2022;2022;4;13;263;0;219;882;0;1364;135;0;77;179;0;315;0;151;483;948;0,695
16/04/2022;2022;4;14;265;0;218;873;0;1356;136;0;77;177;0;317;0;150;478;945;0,697
16/04/2022;2022;4;15;266;0;300;774;0;1340;136;0;100;159;0;318;0;195;429;942;0,703
16/04/2022;2022;4;16;263;0;417;646;0;1326;135;0;123;133;0;316;0;239;358;914;0,689
16/04/2022;2022;4;17;261;0;419;648;0;1328;134;0;123;133;0;313;0;240;360;913;0,687
16/04/2022;2022;4;18;252;0;315;803;0;1370;130;0;101;160;0;304;0;197;431;932;0,680
16/04/2022;2022;4;19;257;42;190;903;0;1393;132;9;77;182;0;309;29;149;491;978;0,702
16/04/2022;2022;4;20;254;275;88;915;0;1533;131;57;32;185;0;305;181;62;499;1047;0,683
16/04/2022;2022;4;21;251;301;88;919;0;1559;129;62;32;185;0;302;197;62;500;1061;0,681
16/04/2022;2022;4;22;251;309;25;927;0;1513;129;64;13;187;0;302;202;26;505;1035;0,684
16/04/2022;2022;4;23;253;291;0;935;0;1479;130;60;0;189;0;305;190;0;510;1004;0,678
16/04/2022;2022;4;24;249;1;155;985;0;1390;128;0;54;202;0;300;1;105;544;949;0,683
17/04/2022;2022;4;1;247;0;180;867;0;1294;128;0;58;179;0;298;0;114;483;895;0,691
17/04/2022;2022;4;2;247;0;288;710;0;1245;127;0;88;147;0;297;0;172;395;864;0,694
17/04/2022;2022;4;3;250;0;290;650;0;1190;129;0;86;136;0;300;0;167;367;834;0,701
17/04/2022;2022;4;4;246;0;381;650;0;1277;127;0;104;136;0;297;0;203;366;866;0,678
17/04/2022;2022;4;5;248;0;246;662;0;1155;128;0;72;135;0;298;0;141;365;804;0,696
17/04/2022;2022;4;6;249;0;329;670;0;1248;128;0;95;136;0;300;0;185;365;850;0,681
17/04/2022;2022;4;7;249;0;246;670;0;1165;128;0;71;135;0;300;0;138;365;803;0,689
17/04/2022;2022;4;8;253;0;246;669;0;1168;130;0;72;135;0;303;0;141;365;809;0,693
17/04/2022;2022;4;9;255;0;221;670;0;1146;131;0;70;136;0;306;0;137;366;809;0,706
17/04/2022;2022;4;10;254;0;254;669;0;1178;131;0;77;135;0;306;0;151;365;821;0,698
17/04/2022;2022;4;11;256;0;325;670;0;1250;132;0;93;135;0;307;0;182;365;854;0,683
17/04/2022;2022;4;12;254;0;337;673;0;1264;131;0;98;136;0;305;0;191;367;863;0,683
17/04/2022;2022;4;13;252;0;332;689;0;1273;130;0;97;139;0;303;0;189;375;868;0,682
17/04/2022;2022;4;14;255;0;425;567;0;1246;131;0;118;112;0;306;0;230;301;837;0,672
17/04/2022;2022;4;15;254;0;423;544;0;1221;131;0;117;107;0;305;0;228;288;821;0,672
17/04/2022;2022;4;16;256;0;476;544;0;1276;131;0;128;107;0;307;0;249;288;844;0,661
17/04/2022;2022;4;17;257;0;474;544;0;1276;132;0;128;107;0;308;0;248;288;844;0,662
17/04/2022;2022;4;18;257;0;475;557;0;1289;132;0;130;109;0;308;0;253;294;856;0,664
17/04/2022;2022;4;19;258;0;315;734;0;1308;133;0;101;147;0;310;0;196;396;903;0,690
17/04/2022;2022;4;20;255;0;492;742;0;1488;131;0;144;151;0;306;0;280;407;994;0,668
17/04/2022;2022;4;21;250;0;593;738;0;1581;129;0;161;150;0;301;0;314;405;1020;0,645
17/04/2022;2022;4;22;251;0;680;597;0;1528;129;0;182;122;0;302;0;355;330;987;0,646
17/04/2022;2022;4;23;254;0;717;523;0;1494;130;0;183;107;0;305;0;357;289;951;0,636
17/04/2022;2022;4;24;254;0;637;522;0;1413;131;0;162;107;0;305;0;316;288;910;0,644
18/04/2022;2022;4;1;256;0;684;532;0;1473;132;0;133;102;0;308;0;258;276;842;0,571
18/04/2022;2022;4;2;257;0;618;543;0;1417;132;0;122;102;0;308;0;237;274;820;0,578
18/04/2022;2022;4;3;257;0;596;544;0;1397;132;0;115;102;0;308;0;224;275;807;0,578
18/04/2022;2022;4;4;255;0;395;544;0;1194;131;0;78;102;0;306;0;152;275;733;0,614
18/04/2022;2022;4;5;247;0;417;544;0;1209;128;0;91;102;0;298;0;178;275;751;0,621
18/04/2022;2022;4;6;247;0;450;525;0;1222;127;0;102;102;0;297;0;198;274;769;0,629
18/04/2022;2022;4;7;250;1;534;606;0;1391;128;0;116;114;0;300;1;227;308;836;0,601
18/04/2022;2022;4;8;254;90;624;757;0;1726;131;18;133;146;0;305;56;258;394;1014;0,587
18/04/2022;2022;4;9;254;95;504;760;0;1613;131;19;119;147;0;305;60;231;396;992;0,615
18/04/2022;2022;4;10;250;95;740;762;0;1847;129;19;148;147;0;301;60;288;398;1046;0,566
18/04/2022;2022;4;11;246;95;832;754;0;1927;127;19;165;146;0;297;60;321;393;1071;0,556
18/04/2022;2022;4;12;240;95;848;750;0;1933;124;19;171;145;0;290;60;333;391;1074;0,556
18/04/2022;2022;4;13;246;95;862;745;0;1947;127;19;173;144;0;296;60;336;389;1081;0,555
18/04/2022;2022;4;14;248;95;841;740;0;1924;128;19;166;143;0;299;60;324;386;1069;0,556
18/04/2022;2022;4;15;216;95;879;740;0;1929;114;19;183;143;0;266;60;356;387;1069;0,554
18/04/2022;2022;4;16;199;95;914;743;0;1951;105;19;190;144;0;246;60;371;390;1067;0,547
18/04/2022;2022;4;17;243;42;954;668;0;1907;125;9;203;132;0;293;27;395;357;1071;0,562
18/04/2022;2022;4;18;256;0;639;661;0;1555;132;0;131;132;0;307;0;256;357;920;0,591
18/04/2022;2022;4;19;257;12;835;726;0;1830;132;2;174;142;0;309;7;340;382;1038;0,567
18/04/2022;2022;4;20;255;94;917;761;0;2028;131;19;212;149;0;306;59;414;402;1181;0,582
18/04/2022;2022;4;21;256;95;845;769;0;1965;132;19;174;151;0;307;60;339;406;1112;0,566
18/04/2022;2022;4;22;257;95;845;770;0;1966;132;19;216;151;0;309;60;421;407;1196;0,609
18/04/2022;2022;4;23;256;95;900;751;0;2001;132;19;212;146;0;307;60;412;393;1172;0,586
18/04/2022;2022;4;24;256;95;510;743;0;1605;132;19;141;144;0;308;60;275;387;1030;0,642
19/04/2022;2022;4;1;257;18;758;750;0;1783;132;4;158;149;0;308;12;307;402;1029;0,577
19/04/2022;2022;4;2;255;0;385;765;0;1404;131;0;80;149;0;306;0;155;402;863;0,614
19/04/2022;2022;4;3;256;0;386;622;0;1264;132;0;79;120;0;308;0;153;325;786;0,622
19/04/2022;2022;4;4;259;0;545;530;0;1335;133;0;113;103;0;311;0;220;277;808;0,605
19/04/2022;2022;4;5;256;0;546;530;0;1331;132;0;113;102;0;307;0;220;276;804;0,604
19/04/2022;2022;4;6;255;0;543;516;0;1315;131;0;113;102;0;306;0;220;274;800;0,609
19/04/2022;2022;4;7;255;0;721;509;0;1485;131;0;161;103;0;306;0;314;277;897;0,604
19/04/2022;2022;4;8;255;0;718;517;0;1490;131;0;153;105;0;306;0;299;282;887;0,595
19/04/2022;2022;4;9;257;0;713;523;0;1492;132;0;145;106;0;309;0;282;287;877;0,588
19/04/2022;2022;4;10;252;0;1015;529;0;1795;130;0;208;108;0;302;0;405;290;998;0,556
19/04/2022;2022;4;11;255;0;1033;553;0;1841;131;0;217;113;0;306;0;423;305;1035;0,562
19/04/2022;2022;4;12;253;15;991;614;0;1873;130;4;198;121;0;304;14;385;326;1029;0,549
19/04/2022;2022;4;13;251;15;996;626;0;1888;129;4;203;124;0;301;14;396;335;1046;0,554
19/04/2022;2022;4;14;253;28;702;615;0;1598;130;8;147;120;0;304;26;287;325;942;0,589
19/04/2022;2022;4;15;252;51;703;618;0;1624;130;15;146;121;0;304;47;285;327;963;0,593
19/04/2022;2022;4;16;254;49;703;618;0;1624;131;14;143;121;0;306;45;278;328;956;0,589
19/04/2022;2022;4;17;256;99;694;607;0;1656;132;28;141;123;0;308;90;276;330;1004;0,606
19/04/2022;2022;4;18;256;148;703;547;0;1654;132;42;142;112;0;308;133;277;303;1022;0,618
19/04/2022;2022;4;19;257;176;790;664;0;1887;132;50;155;133;0;308;158;302;359;1127;0,597
19/04/2022;2022;4;20;260;251;492;772;0;1775;134;66;134;157;0;312;210;261;423;1206;0,679
19/04/2022;2022;4;21;262;239;870;777;0;2148;134;62;181;157;0;314;198;352;425;1288;0,600
19/04/2022;2022;4;22;262;93;886;768;0;2010;135;26;191;155;0;314;81;373;418;1187;0,591
19/04/2022;2022;4;23;260;0;853;755;0;1868;134;0;168;152;0;312;0;328;409;1049;0,562
19/04/2022;2022;4;24;255;0;863;744;0;1862;131;0;172;149;0;307;0;335;402;1043;0,560
20/04/2022;2022;4;1;257;0;483;687;0;1427;132;0;101;137;0;309;0;197;369;874;0,613
20/04/2022;2022;4;2;257;0;611;539;0;1406;132;0;122;105;0;308;0;237;284;829;0,590
20/04/2022;2022;4;3;259;0;590;530;0;1379;133;0;115;103;0;312;0;224;277;812;0,589
20/04/2022;2022;4;4;258;0;614;532;0;1405;133;0;122;103;0;310;0;238;278;826;0,588
20/04/2022;2022;4;5;258;0;614;533;0;1404;133;0;123;103;0;309;0;239;278;826;0,589
20/04/2022;2022;4;6;255;0;640;520;0;1415;131;0;132;103;0;307;0;257;278;842;0,595
20/04/2022;2022;4;7;254;0;624;583;0;1461;131;0;133;119;0;305;0;259;322;886;0,607
20/04/2022;2022;4;8;252;0;700;683;0;1635;130;0;143;142;0;304;0;279;383;966;0,591
20/04/2022;2022;4;9;252;0;763;707;0;1723;130;0;149;141;0;304;0;290;379;973;0,565
20/04/2022;2022;4;10;254;0;763;775;0;1792;131;0;148;158;0;305;0;288;425;1018;0,568
20/04/2022;2022;4;11;255;0;771;764;0;1790;131;0;153;155;0;306;0;299;419;1023;0,572
20/04/2022;2022;4;12;262;0;736;703;0;1701;134;0;140;140;0;314;0;273;377;964;0,567
20/04/2022;2022;4;13;262;0;1199;381;0;1842;134;0;260;77;0;314;0;506;208;1028;0,558
20/04/2022;2022;4;14;264;0;1193;373;0;1831;136;0;257;70;0;317;0;500;190;1006;0,550
20/04/2022;2022;4;15;260;0;1176;377;0;1813;134;0;253;72;0;312;0;494;193;999;0,551
20/04/2022;2022;4;16;260;0;1159;378;0;1797;133;0;268;72;0;311;0;523;195;1029;0,572
20/04/2022;2022;4;17;262;0;1168;379;0;1809;134;0;278;72;0;314;0;541;195;1050;0,580
20/04/2022;2022;4;18;260;0;1068;380;0;1707;134;0;260;73;0;312;0;506;196;1014;0,594
20/04/2022;2022;4;19;250;0;1191;378;0;1819;129;0;294;72;0;301;0;572;195;1067;0,587
20/04/2022;2022;4;20;246;108;1040;387;0;1780;127;24;261;74;0;296;75;508;200;1079;0,606
20/04/2022;2022;4;21;253;262;851;410;0;1776;130;55;197;79;0;304;175;383;213;1076;0,606
20/04/2022;2022;4;22;253;50;939;529;0;1772;131;11;229;106;0;305;34;447;287;1073;0,605
20/04/2022;2022;4;23;254;0;1233;385;0;1872;131;0;298;72;0;305;0;581;195;1081;0,577
20/04/2022;2022;4;24;251;0;938;349;0;1538;129;0;219;64;0;302;0;426;174;902;0,587
21/04/2022;2022;4;1;251;0;923;275;0;1449;129;0;178;54;0;302;0;346;147;795;0,549
21/04/2022;2022;4;2;250;0;994;268;0;1512;129;0;201;53;0;301;0;392;143;836;0,553
21/04/2022;2022;4;3;252;0;923;269;0;1444;130;0;200;53;0;303;0;390;143;836;0,579
21/04/2022;2022;4;4;256;0;854;270;0;1380;131;0;182;53;0;307;0;354;144;805;0,584
21/04/2022;2022;4;5;257;0;973;271;0;1501;132;0;200;53;0;309;0;390;144;843;0,562
21/04/2022;2022;4;6;257;0;1014;271;0;1541;132;0;207;53;0;309;0;403;144;855;0,555
21/04/2022;2022;4;7;260;0;1100;271;0;1631;133;0;217;54;0;312;0;423;144;880;0,539
21/04/2022;2022;4;8;252;0;1093;283;0;1628;130;0;210;57;0;303;0;409;153;864;0,531
21/04/2022;2022;4;9;215;0;1108;300;0;1623;112;0;213;61;0;261;0;415;165;841;0,519
21/04/2022;2022;4;10;215;0;1110;306;0;1631;112;0;214;63;0;262;0;416;170;847;0,519
21/04/2022;2022;4;11;218;0;1190;336;0;1743;113;0;228;67;0;264;0;444;182;890;0,511
21/04/2022;2022;4;12;213;0;1261;382;0;1856;111;0;241;72;0;259;0;470;195;924;0,498
21/04/2022;2022;4;13;213;0;1230;386;0;1829;111;0;239;73;0;259;0;465;196;921;0,504
21/04/2022;2022;4;14;212;0;1229;383;0;1823;110;0;234;72;0;258;0;456;195;909;0,498
21/04/2022;2022;4;15;215;0;1034;380;0;1629;112;0;203;72;0;261;0;396;193;850;0,522
21/04/2022;2022;4;16;215;0;977;379;0;1571;112;0;194;72;0;261;0;379;193;832;0,530
21/04/2022;2022;4;17;217;0;1005;378;0;1601;112;0;199;71;0;261;0;387;193;841;0,525
21/04/2022;2022;4;18;218;0;1001;378;0;1597;113;0;198;71;0;264;0;385;192;842;0,527
21/04/2022;2022;4;19;217;0;1082;383;0;1682;113;0;209;73;0;263;0;408;196;866;0,515
21/04/2022;2022;4;20;219;0;1271;387;0;1876;113;0;256;74;0;265;0;499;198;962;0,513
21/04/2022;2022;4;21;219;0;1251;382;0;1852;113;0;238;72;0;264;0;464;195;923;0,498
21/04/2022;2022;4;22;216;0;1258;375;0;1848;112;0;240;70;0;262;0;467;189;918;0,497
21/04/2022;2022;4;23;216;0;1190;366;0;1771;112;0;230;68;0;262;0;448;183;893;0,504
21/04/2022;2022;4;24;216;0;989;362;0;1567;112;0;196;67;0;262;0;381;180;823;0,526
22/04/2022;2022;4;1;258;0;953;362;0;1573;132;0;190;67;0;309;0;371;180;860;0,547
22/04/2022;2022;4;2;260;0;968;334;0;1562;134;0;199;65;0;312;0;387;174;874;0,559
22/04/2022;2022;4;3;258;0;965;268;0;1490;133;0;198;53;0;310;0;386;142;838;0,562
22/04/2022;2022;4;4;256;0;950;268;0;1474;132;0;187;53;0;308;0;365;143;815;0,553
22/04/2022;2022;4;5;250;0;868;270;0;1388;129;0;193;53;0;301;0;375;143;819;0,591
22/04/2022;2022;4;6;251;0;944;266;0;1461;129;0;185;53;0;302;0;361;142;805;0,551
22/04/2022;2022;4;7;251;0;948;271;0;1469;129;0;190;53;0;302;0;369;144;815;0,555
22/04/2022;2022;4;8;251;0;962;351;0;1564;129;0;194;65;0;302;0;378;176;856;0,547
22/04/2022;2022;4;9;255;12;950;377;0;1594;131;3;188;70;0;306;9;366;190;871;0,547
22/04/2022;2022;4;10;261;355;619;379;0;1614;134;76;127;71;0;313;240;248;191;991;0,614
22/04/2022;2022;4;11;257;465;696;381;0;1799;133;101;141;71;0;309;320;274;192;1096;0,609
22/04/2022;2022;4;12;252;558;702;384;0;1896;130;123;141;72;0;303;389;275;193;1160;0,612
22/04/2022;2022;4;13;252;575;695;388;0;1910;130;127;140;72;0;304;402;273;195;1175;0,615
22/04/2022;2022;4;14;252;575;699;389;0;1915;130;127;141;73;0;304;402;274;196;1176;0,614
22/04/2022;2022;4;15;252;575;699;388;0;1914;130;127;141;73;0;304;402;274;196;1176;0,614
22/04/2022;2022;4;16;255;574;696;389;0;1914;131;127;140;73;0;306;402;273;196;1177;0,615
22/04/2022;2022;4;17;255;571;687;390;0;1902;131;126;139;73;0;306;399;271;197;1173;0,617
22/04/2022;2022;4;18;255;570;689;386;0;1900;131;126;139;72;0;306;400;271;195;1172;0,617
22/04/2022;2022;4;19;254;575;700;384;0;1913;131;127;140;72;0;306;402;272;194;1175;0,614
22/04/2022;2022;4;20;251;583;393;629;0;1857;129;129;82;146;0;302;408;161;394;1266;0,682
22/04/2022;2022;4;21;252;583;197;945;0;1978;130;129;46;220;0;303;408;90;593;1395;0,705
22/04/2022;2022;4;22;254;583;0;949;0;1786;131;129;0;220;0;305;408;0;594;1307;0,732
22/04/2022;2022;4;23;255;582;0;945;0;1782;132;129;0;218;0;307;408;0;587;1302;0,731
22/04/2022;2022;4;24;250;570;0;890;0;1711;129;126;0;219;0;302;400;0;590;1291;0,755
23/04/2022;2022;4;1;250;571;10;769;0;1600;129;125;4;144;0;301;397;8;388;1094;0,683
23/04/2022;2022;4;2;248;583;2;775;0;1608;128;127;4;144;0;298;404;7;389;1098;0,683
23/04/2022;2022;4;3;249;292;3;879;0;1423;129;70;3;168;0;300;221;7;452;980;0,689
23/04/2022;2022;4;4;251;217;104;797;0;1369;129;55;22;149;0;302;173;44;401;919;0,672
23/04/2022;2022;4;5;252;218;104;772;0;1346;130;55;22;144;0;303;174;44;387;907;0,674
23/04/2022;2022;4;6;250;217;106;772;0;1344;129;55;23;144;0;300;174;45;387;906;0,674
23/04/2022;2022;4;7;225;218;121;771;0;1335;117;55;33;143;0;273;173;65;387;898;0,673
23/04/2022;2022;4;8;219;219;496;775;0;1708;114;55;99;145;0;266;174;192;391;1023;0,599
23/04/2022;2022;4;9;217;231;497;784;0;1729;113;59;99;148;0;264;186;193;398;1041;0,602
23/04/2022;2022;4;10;219;528;8;795;0;1551;114;117;3;150;0;266;370;5;405;1047;0,675
23/04/2022;2022;4;11;219;536;9;791;0;1555;114;118;3;150;0;266;376;6;404;1051;0,676
23/04/2022;2022;4;12;219;534;8;789;0;1550;114;118;3;149;0;266;375;5;401;1048;0,676
23/04/2022;2022;4;13;220;538;9;778;0;1545;114;119;3;146;0;267;377;6;394;1044;0,676
23/04/2022;2022;4;14;220;537;8;773;0;1539;114;119;3;145;0;267;377;5;391;1041;0,676
23/04/2022;2022;4;15;0;506;8;886;0;1400;0;113;3;183;0;0;357;5;495;857;0,612
23/04/2022;2022;4;16;0;490;8;974;0;1473;0;110;3;183;0;0;347;5;493;846;0,574
23/04/2022;2022;4;17;0;490;8;1074;0;1573;0;109;6;202;0;0;347;12;546;905;0,576
23/04/2022;2022;4;18;0;443;8;1071;0;1522;0;100;3;201;0;0;317;5;543;866;0,569
23/04/2022;2022;4;19;0;395;9;1079;0;1483;0;90;3;205;0;0;287;6;552;845;0,570
23/04/2022;2022;4;20;218;533;9;1087;0;1847;113;118;4;210;0;265;374;9;565;1213;0,657
23/04/2022;2022;4;21;217;409;8;1141;0;1776;113;93;3;222;0;264;294;6;598;1161;0,654
23/04/2022;2022;4;22;219;376;8;1098;0;1700;114;86;3;212;0;266;273;5;571;1115;0,656
23/04/2022;2022;4;23;220;292;11;1129;0;1652;115;70;7;218;0;267;222;14;588;1091;0,660
23/04/2022;2022;4;24;219;216;72;968;0;1476;114;54;16;179;0;266;172;31;483;952;0,645
24/04/2022;2022;4;1;219;217;8;1063;0;1508;114;54;3;209;0;266;172;5;564;1008;0,668
24/04/2022;2022;4;2;0;218;8;1093;0;1319;0;54;3;216;0;0;172;5;582;759;0,576
24/04/2022;2022;4;3;0;219;8;1090;0;1318;0;55;3;215;0;0;173;5;580;759;0,576
24/04/2022;2022;4;4;0;219;8;1082;0;1309;0;55;3;213;0;0;173;5;573;752;0,575
24/04/2022;2022;4;5;0;220;8;1086;0;1314;0;55;3;214;0;0;174;5;577;756;0,576
24/04/2022;2022;4;6;0;220;8;1088;0;1316;0;55;3;214;0;0;174;5;578;758;0,576
24/04/2022;2022;4;7;0;217;8;1088;0;1313;0;55;3;214;0;0;175;5;578;759;0,578
24/04/2022;2022;4;8;0;214;8;1085;0;1308;0;55;3;214;0;0;173;6;577;755;0,578
24/04/2022;2022;4;9;0;133;8;1054;0;1196;0;36;3;207;0;0;114;6;559;679;0,568
24/04/2022;2022;4;10;220;90;8;1080;0;1398;114;25;3;214;0;267;80;5;578;930;0,665
24/04/2022;2022;4;11;223;141;8;1086;0;1457;116;36;3;217;0;270;115;5;584;975;0,669
24/04/2022;2022;4;12;218;214;10;1072;0;1514;113;54;3;213;0;265;171;6;575;1017;0,672
24/04/2022;2022;4;13;219;217;8;1065;0;1510;114;54;3;212;0;265;172;5;572;1014;0,672
24/04/2022;2022;4;14;222;214;8;1036;0;1481;115;54;3;205;0;269;170;5;554;998;0,674
24/04/2022;2022;4;15;220;192;340;873;0;1624;114;48;64;175;0;267;153;125;471;1015;0,625
24/04/2022;2022;4;16;219;132;276;776;0;1403;114;34;56;152;0;266;109;108;411;895;0,638
24/04/2022;2022;4;17;216;128;276;776;0;1397;113;34;56;153;0;263;107;109;411;890;0,637
24/04/2022;2022;4;18;214;132;286;783;0;1414;111;34;65;154;0;260;109;126;415;910;0,643
24/04/2022;2022;4;19;209;204;348;891;0;1653;110;51;72;176;0;256;162;140;475;1033;0,625
24/04/2022;2022;4;20;211;397;338;915;0;1860;110;92;64;183;0;257;291;125;493;1165;0,626
24/04/2022;2022;4;21;213;532;8;921;0;1674;111;118;3;184;0;260;376;5;497;1137;0,679
24/04/2022;2022;4;22;214;522;8;924;0;1668;111;116;3;185;0;260;369;5;498;1133;0,679
24/04/2022;2022;4;23;210;529;8;931;0;1678;110;118;3;186;0;257;374;5;502;1138;0,678
24/04/2022;2022;4;24;0;514;8;927;0;1450;0;115;3;185;0;0;363;5;498;867;0,598
25/04/2022;2022;4;1;0;344;11;986;0;1341;0;80;4;186;0;0;255;7;503;764;0,570
25/04/2022;2022;4;2;202;217;11;931;0;1361;106;54;4;174;0;247;172;7;470;897;0,659
25/04/2022;2022;4;3;202;218;11;911;0;1341;106;55;4;169;0;248;173;7;455;883;0,658
25/04/2022;2022;4;4;203;218;11;909;0;1341;106;55;4;168;0;248;173;7;454;883;0,658
25/04/2022;2022;4;5;205;219;11;920;0;1355;107;55;4;171;0;251;174;7;461;893;0,659
25/04/2022;2022;4;6;0;216;14;1055;0;1284;0;54;8;220;0;0;172;15;592;780;0,607
25/04/2022;2022;4;7;0;315;11;1127;0;1453;0;77;4;231;0;0;245;7;623;875;0,602
25/04/2022;2022;4;8;0;438;11;1132;0;1581;0;103;6;233;0;0;328;12;628;968;0,612
25/04/2022;2022;4;9;0;453;11;1142;0;1606;0;107;4;234;0;0;341;7;630;978;0,609
25/04/2022;2022;4;10;0;455;11;1149;0;1614;0;108;4;236;0;0;342;7;636;985;0,610
25/04/2022;2022;4;11;0;471;11;1191;0;1673;0;111;4;245;0;0;353;7;660;1020;0,609
25/04/2022;2022;4;12;0;548;11;1210;0;1768;0;136;4;248;0;0;432;7;669;1108;0,626
25/04/2022;2022;4;13;0;579;11;1222;0;1812;0;142;4;251;0;0;452;7;678;1137;0,627
25/04/2022;2022;4;14;0;585;11;1253;0;1849;0;144;4;259;0;0;457;7;698;1162;0,629
25/04/2022;2022;4;15;0;609;11;1276;0;1895;0;150;4;268;0;0;476;7;724;1207;0,637
25/04/2022;2022;4;16;0;632;11;1300;0;1943;0;156;4;282;0;0;494;7;759;1261;0,649
25/04/2022;2022;4;17;0;632;11;1003;0;1646;0;156;4;229;0;0;494;7;618;1119;0,680
25/04/2022;2022;4;18;0;619;13;1106;0;1737;0;153;10;245;0;0;486;20;660;1166;0,671
25/04/2022;2022;4;19;0;592;11;1252;0;1855;0;148;5;271;0;0;469;10;731;1210;0,652
25/04/2022;2022;4;20;0;592;11;1495;0;2097;0;148;4;323;0;0;469;7;871;1347;0,642
25/04/2022;2022;4;21;0;568;11;1236;0;1814;0;143;4;282;0;0;454;7;760;1220;0,672
25/04/2022;2022;4;22;0;578;11;1452;0;2040;0;145;4;312;0;0;459;7;842;1308;0,641
25/04/2022;2022;4;23;0;559;10;1415;0;1984;0;140;5;298;0;0;443;9;803;1255;0,633
25/04/2022;2022;4;24;0;524;13;1059;0;1596;0;133;10;230;0;0;421;20;621;1062;0,665
26/04/2022;2022;4;1;0;374;14;1283;0;1671;0;98;7;276;0;0;309;14;743;1067;0,639
26/04/2022;2022;4;2;0;374;12;1307;0;1693;0;98;4;282;0;0;309;8;762;1079;0,637
26/04/2022;2022;4;3;0;372;11;1270;0;1654;0;97;4;274;0;0;308;7;738;1054;0,637
26/04/2022;2022;4;4;0;372;11;1264;0;1648;0;97;4;272;0;0;308;8;733;1049;0,636
26/04/2022;2022;4;5;0;372;12;1259;0;1643;0;97;4;271;0;0;308;8;732;1048;0,638
26/04/2022;2022;4;6;0;373;12;1254;0;1639;0;97;4;272;0;0;309;8;733;1049;0,640
26/04/2022;2022;4;7;0;373;13;1225;0;1611;0;98;9;264;0;0;310;17;712;1039;0,645
26/04/2022;2022;4;8;0;372;12;1289;0;1673;0;98;4;277;0;0;310;8;747;1065;0,636
26/04/2022;2022;4;9;0;389;12;1300;0;1700;0;101;4;279;0;0;322;8;753;1082;0,637
26/04/2022;2022;4;10;0;373;14;1303;0;1690;0;98;5;281;0;0;310;9;757;1076;0,636
26/04/2022;2022;4;11;0;376;13;1304;0;1693;0;98;5;281;0;0;312;9;757;1078;0,637
26/04/2022;2022;4;12;0;375;14;1304;0;1693;0;98;8;280;0;0;311;15;755;1082;0,639
26/04/2022;2022;4;13;0;385;12;1353;0;1751;0;100;4;290;0;0;318;8;781;1107;0,632
26/04/2022;2022;4;14;0;373;12;1348;0;1733;0;98;4;288;0;0;310;8;778;1095;0,632
26/04/2022;2022;4;15;0;376;12;1364;0;1751;0;98;4;292;0;0;312;8;789;1108;0,633
26/04/2022;2022;4;16;0;374;12;1361;0;1748;0;98;4;292;0;0;311;8;788;1106;0,633
26/04/2022;2022;4;17;0;374;12;1306;0;1693;0;98;4;281;0;0;311;8;757;1076;0,636
26/04/2022;2022;4;18;0;388;12;1300;0;1701;0;101;4;279;0;0;321;8;753;1082;0,636
26/04/2022;2022;4;19;0;399;14;1374;0;1787;0;104;7;299;0;0;331;13;807;1151;0,644
26/04/2022;2022;4;20;0;426;12;1692;0;2130;0;110;4;380;0;0;349;8;1026;1383;0,649
26/04/2022;2022;4;21;0;399;12;1772;0;2183;0;104;4;399;0;0;331;8;1077;1416;0,648
26/04/2022;2022;4;22;0;395;12;1532;0;1939;0;103;4;343;0;0;328;8;926;1262;0,651
26/04/2022;2022;4;23;0;381;14;1353;0;1748;0;99;7;290;0;0;315;13;782;1110;0,635
26/04/2022;2022;4;24;0;368;28;1264;0;1660;0;96;41;271;0;0;306;80;730;1116;0,672
27/04/2022;2022;4;1;0;369;181;1157;0;1707;0;101;64;245;0;0;321;124;661;1106;0,648
27/04/2022;2022;4;2;0;360;12;1075;0;1446;0;99;7;230;0;0;313;13;621;948;0,655
27/04/2022;2022;4;3;0;229;12;1263;0;1503;0;68;4;267;0;0;215;8;720;943;0,627
27/04/2022;2022;4;4;0;204;12;1124;0;1340;0;62;4;238;0;0;198;8;642;847;0,632
27/04/2022;2022;4;5;0;206;12;1128;0;1345;0;63;4;240;0;0;199;8;646;853;0,634
27/04/2022;2022;4;6;0;206;12;1154;0;1372;0;63;4;246;0;0;199;8;664;871;0,635
27/04/2022;2022;4;7;0;204;14;1175;0;1394;0;63;8;252;0;0;199;15;679;893;0,641
27/04/2022;2022;4;8;0;206;12;1429;0;1646;0;63;4;290;0;0;199;8;784;990;0,602
27/04/2022;2022;4;9;0;216;12;1262;0;1489;0;65;4;272;0;0;206;8;733;947;0,636
27/04/2022;2022;4;10;0;391;12;1341;0;1743;0;105;4;288;0;0;334;8;776;1118;0,641
27/04/2022;2022;4;11;0;453;12;1329;0;1794;0;119;4;281;0;0;378;8;758;1144;0,638
27/04/2022;2022;4;12;0;486;12;1391;0;1889;0;126;4;292;0;0;398;8;788;1194;0,632
27/04/2022;2022;4;13;0;503;15;1412;0;1930;0;129;10;296;0;0;409;20;799;1228;0,636
27/04/2022;2022;4;14;0;519;12;1398;0;1929;0;132;4;293;0;0;419;8;792;1219;0,632
27/04/2022;2022;4;15;0;521;12;1405;0;1938;0;133;4;295;0;0;421;8;795;1224;0,631
27/04/2022;2022;4;16;0;520;12;1391;0;1923;0;132;4;293;0;0;420;8;789;1217;0,633
27/04/2022;2022;4;17;0;454;12;1349;0;1815;0;119;4;285;0;0;377;8;769;1154;0,636
27/04/2022;2022;4;18;0;382;12;1258;0;1652;0;104;4;268;0;0;330;8;724;1061;0,643
27/04/2022;2022;4;19;0;450;12;1324;0;1785;0;120;4;280;0;0;382;8;755;1144;0,641
27/04/2022;2022;4;20;0;494;12;1394;0;1900;0;129;4;294;0;0;409;8;792;1209;0,636
27/04/2022;2022;4;21;0;482;14;1404;0;1900;0;126;19;295;0;0;401;36;795;1232;0,648
27/04/2022;2022;4;22;0;475;12;1390;0;1877;0;125;4;291;0;0;396;8;785;1189;0,634
27/04/2022;2022;4;23;0;419;12;1288;0;1719;0;112;4;275;0;0;355;8;740;1103;0,641
27/04/2022;2022;4;24;0;323;18;1309;0;1650;0;90;24;277;0;0;287;46;748;1081;0,655
28/04/2022;2022;4;1;0;217;11;1396;0;1624;0;60;4;300;0;0;191;7;809;1007;0,620
28/04/2022;2022;4;2;0;208;11;1203;0;1422;0;58;4;269;0;0;185;7;725;918;0,646
28/04/2022;2022;4;3;0;207;11;1341;0;1559;0;58;4;295;0;0;185;7;795;987;0,633
28/04/2022;2022;4;4;0;181;11;1316;0;1508;0;53;4;289;0;0;168;7;780;956;0,634
28/04/2022;2022;4;5;0;117;11;1289;0;1417;0;34;4;284;0;0;109;7;766;882;0,623
28/04/2022;2022;4;6;0;117;11;1329;0;1456;0;34;4;291;0;0;108;7;785;900;0,618
28/04/2022;2022;4;7;0;117;11;1400;0;1528;0;33;4;307;0;0;105;7;828;940;0,615
28/04/2022;2022;4;8;0;123;11;1687;0;1821;0;34;4;367;0;0;109;7;989;1105;0,607
28/04/2022;2022;4;9;0;116;11;1561;0;1688;0;33;4;337;0;0;104;7;909;1020;0,604
28/04/2022;2022;4;10;0;198;11;1560;0;1770;0;55;4;337;0;0;175;7;908;1091;0,616
28/04/2022;2022;4;11;0;206;15;1551;0;1772;0;57;13;336;0;0;180;26;906;1113;0,628
28/04/2022;2022;4;12;0;207;11;1590;0;1807;0;57;4;343;0;0;181;7;925;1113;0,616
28/04/2022;2022;4;13;0;165;11;1592;0;1768;0;49;4;342;0;0;155;7;924;1086;0,614
28/04/2022;2022;4;14;0;165;11;1592;0;1767;0;49;4;344;0;0;155;7;928;1090;0,617
28/04/2022;2022;4;15;0;268;11;1434;0;1714;0;75;4;316;0;0;239;7;851;1098;0,641
28/04/2022;2022;4;16;0;281;11;1432;0;1725;0;78;4;314;0;0;248;7;848;1103;0,640
28/04/2022;2022;4;17;0;289;11;1410;0;1710;0;80;4;310;0;0;254;7;836;1098;0,642
28/04/2022;2022;4;18;0;372;11;1306;0;1689;0;97;4;285;0;0;308;7;768;1083;0,641
28/04/2022;2022;4;19;0;240;11;1446;0;1697;0;64;4;310;0;0;203;7;835;1046;0,617
28/04/2022;2022;4;20;0;270;11;1760;0;2041;0;72;4;377;0;0;227;7;1016;1251;0,613
28/04/2022;2022;4;21;0;267;11;1778;0;2056;0;71;4;381;0;0;226;7;1028;1262;0,614
28/04/2022;2022;4;22;0;264;11;1767;0;2042;0;71;4;379;0;0;225;7;1021;1253;0,614
28/04/2022;2022;4;23;0;236;11;1781;0;2029;0;64;4;381;0;0;202;8;1028;1238;0,610
28/04/2022;2022;4;24;0;235;13;1739;0;1987;0;63;7;373;0;0;200;13;1006;1219;0,614
29/04/2022;2022;4;1;0;457;38;1055;0;1551;0;123;13;226;0;0;390;24;608;1023;0,660
29/04/2022;2022;4;2;0;375;10;1113;0;1498;0;104;3;243;0;0;330;7;655;991;0,662
29/04/2022;2022;4;3;0;281;10;1099;0;1390;0;83;3;242;0;0;263;7;652;921;0,663
29/04/2022;2022;4;4;0;279;10;1098;0;1386;0;82;3;241;0;0;261;7;651;918;0,662
29/04/2022;2022;4;5;0;279;10;1098;0;1387;0;82;3;242;0;0;261;7;652;920;0,663
29/04/2022;2022;4;6;0;266;10;1149;0;1426;0;79;3;252;0;0;252;7;681;940;0,659
29/04/2022;2022;4;7;0;290;12;1219;0;1522;0;84;4;265;0;0;268;8;716;992;0,652
29/04/2022;2022;4;8;0;439;11;1402;0;1853;0;118;4;302;0;0;375;8;815;1198;0,647
29/04/2022;2022;4;9;0;459;11;1161;0;1631;0;124;4;255;0;0;395;7;689;1091;0,669
29/04/2022;2022;4;10;0;500;13;1527;0;2040;0;133;15;327;0;0;422;29;883;1334;0,654
29/04/2022;2022;4;11;0;501;12;1544;0;2057;0;133;4;334;0;0;423;8;900;1330;0,647
29/04/2022;2022;4;12;0;511;11;1548;0;2070;0;135;4;334;0;0;429;7;900;1336;0,645
29/04/2022;2022;4;13;0;474;10;1226;0;1710;0;130;3;273;0;0;413;7;737;1156;0,676
29/04/2022;2022;4;14;0;480;12;1208;0;1699;0;131;4;270;0;0;416;8;729;1153;0,679
29/04/2022;2022;4;15;0;491;10;1170;0;1670;0;134;7;262;0;0;425;15;706;1146;0,686
29/04/2022;2022;4;16;0;493;11;1112;0;1616;0;134;4;250;0;0;426;7;674;1107;0,685
29/04/2022;2022;4;17;0;494;11;1114;0;1619;0;135;4;250;0;0;427;7;675;1110;0,685
29/04/2022;2022;4;18;0;499;11;1118;0;1629;0;136;4;266;0;0;431;7;716;1155;0,709
29/04/2022;2022;4;19;0;500;10;1228;0;1738;0;136;3;342;0;0;432;7;924;1362;0,784
29/04/2022;2022;4;20;0;501;10;1560;0;2071;0;137;3;424;0;0;433;6;1144;1584;0,765
29/04/2022;2022;4;21;0;416;12;1591;0;2019;0;112;4;436;0;0;354;8;1176;1538;0,762
29/04/2022;2022;4;22;0;452;11;1659;0;2122;0;122;4;445;0;0;386;7;1200;1594;0,751
29/04/2022;2022;4;23;0;532;11;1336;0;1879;0;144;4;348;0;0;456;7;938;1401;0,745
29/04/2022;2022;4;24;0;524;11;1210;0;1746;0;141;4;312;0;0;447;7;842;1297;0,743
30/04/2022;2022;4;1;0;521;11;1120;0;1652;0;137;4;280;0;0;434;7;754;1195;0,723
30/04/2022;2022;4;2;0;528;12;1063;0;1603;0;139;8;268;0;0;440;15;723;1178;0,735
30/04/2022;2022;4;3;0;482;11;960;0;1452;0;128;4;245;0;0;405;7;662;1073;0,739
30/04/2022;2022;4;4;0;337;10;1062;0;1409;0;91;3;256;0;0;288;6;690;984;0,698
30/04/2022;2022;4;5;0;336;10;1083;0;1430;0;91;3;238;0;0;287;7;641;935;0,654
30/04/2022;2022;4;6;0;335;10;1109;0;1455;0;90;3;246;0;0;287;7;663;956;0,657
30/04/2022;2022;4;7;0;363;9;1196;0;1569;0;97;3;260;0;0;308;6;702;1016;0,648
30/04/2022;2022;4;8;0;377;10;1256;0;1643;0;100;3;272;0;0;317;7;735;1058;0,644
30/04/2022;2022;4;9;0;360;11;1156;0;1527;0;96;4;251;0;0;305;7;676;988;0,647
30/04/2022;2022;4;10;0;239;10;1604;0;1853;0;71;3;355;0;0;225;6;958;1189;0,642
30/04/2022;2022;4;11;0;267;11;1342;0;1621;0;77;4;306;0;0;245;7;825;1077;0,665
30/04/2022;2022;4;12;0;406;10;1289;0;1706;0;109;3;295;0;0;344;7;795;1146;0,672
30/04/2022;2022;4;13;0;414;11;1303;0;1728;0;110;4;299;0;0;350;7;806;1163;0,673
30/04/2022;2022;4;14;0;413;10;1371;0;1793;0;110;3;311;0;0;349;6;840;1195;0,666
30/04/2022;2022;4;15;0;386;10;1244;0;1640;0;104;3;283;0;0;331;7;763;1101;0,671
30/04/2022;2022;4;16;0;371;11;1393;0;1775;0;101;4;315;0;0;321;7;850;1178;0,664
30/04/2022;2022;4;17;0;371;10;1259;0;1640;0;101;3;279;0;0;321;7;753;1081;0,659
30/04/2022;2022;4;18;0;422;8;1305;0;1735;0;112;3;287;0;0;355;5;773;1134;0,653
30/04/2022;2022;4;19;0;410;10;1223;0;1643;0;109;3;304;0;0;347;7;820;1173;0,714
30/04/2022;2022;4;20;0;410;0;1385;0;1795;0;109;0;363;0;0;347;0;978;1325;0,738
30/04/2022;2022;4;21;0;407;0;1428;0;1835;0;109;0;372;0;0;344;0;1004;1348;0,735
30/04/2022;2022;4;22;0;405;0;1537;0;1942;0;108;0;392;0;0;343;0;1057;1400;0,721
30/04/2022;2022;4;23;0;405;0;1546;0;1951;0;108;0;354;0;0;343;0;955;1298;0,665
30/04/2022;2022;4;24;0;379;0;1231;0;1610;0;101;0;264;0;0;320;0;712;1031;0,641
01/05/2022;2022;5;1;0;374;2;1188;0;1564;0;101;1;258;0;0;322;1;695;1018;0,651
01/05/2022;2022;5;2;0;375;2;1192;0;1570;0;102;1;258;0;0;323;1;696;1020;0,650
01/05/2022;2022;5;3;0;369;2;1171;0;1542;0;100;1;250;0;0;319;1;674;994;0,645
01/05/2022;2022;5;4;0;355;2;1169;0;1526;0;97;1;250;0;0;307;1;675;983;0,644
01/05/2022;2022;5;5;0;233;2;1203;0;1438;0;69;1;257;0;0;218;1;692;912;0,634
01/05/2022;2022;5;6;0;203;2;1122;0;1327;0;62;1;239;0;0;197;1;644;843;0,635
01/05/2022;2022;5;7;0;202;2;1129;0;1333;0;61;1;246;0;0;195;1;664;860;0,645
01/05/2022;2022;5;8;0;201;2;1274;0;1477;0;61;1;266;0;0;194;1;717;912;0,617
01/05/2022;2022;5;9;0;200;2;1274;0;1476;0;61;1;266;0;0;193;1;718;912;0,618
01/05/2022;2022;5;10;0;201;2;1283;0;1485;0;61;1;269;0;0;193;1;725;919;0,619
01/05/2022;2022;5;11;0;200;2;1271;0;1473;0;61;1;268;0;0;193;1;723;917;0,623
01/05/2022;2022;5;12;0;200;2;1275;0;1478;0;61;2;270;0;0;193;4;727;925;0,626
01/05/2022;2022;5;13;0;200;2;1246;0;1448;0;61;1;261;0;0;193;1;703;897;0,620
01/05/2022;2022;5;14;0;200;2;1229;0;1431;0;61;1;257;0;0;193;1;692;887;0,620
01/05/2022;2022;5;15;0;200;11;1074;0;1285;0;61;4;223;0;0;193;7;602;802;0,624
01/05/2022;2022;5;16;0;200;9;1065;0;1275;0;61;3;221;0;0;193;6;596;796;0,624
01/05/2022;2022;5;17;0;200;9;1019;0;1229;0;61;3;212;0;0;193;6;572;771;0,628
01/05/2022;2022;5;18;0;200;10;1282;0;1493;0;61;3;263;0;0;193;7;709;909;0,609
01/05/2022;2022;5;19;0;334;9;1153;0;1496;0;91;3;241;0;0;287;6;650;943;0,630
01/05/2022;2022;5;20;0;520;2;1291;0;1813;0;133;1;274;0;0;422;1;739;1162;0,641
01/05/2022;2022;5;21;0;522;12;1286;0;1821;0;134;20;272;0;0;424;39;734;1198;0,658
01/05/2022;2022;5;22;0;525;2;1252;0;1780;0;134;1;264;0;0;426;1;712;1139;0,640
01/05/2022;2022;5;23;0;536;2;1241;0;1779;0;137;1;261;0;0;433;1;703;1137;0,639
01/05/2022;2022;5;24;0;512;2;1232;0;1746;0;132;1;258;0;0;418;1;697;1116;0,639
02/05/2022;2022;5;1;0;393;2;1241;0;1636;0;102;1;256;0;0;322;1;691;1014;0,620
02/05/2022;2022;5;2;0;365;2;1057;0;1424;0;95;1;216;0;0;301;1;583;885;0,622
02/05/2022;2022;5;3;0;236;2;1070;0;1308;0;67;1;221;0;0;211;1;597;809;0,619
02/05/2022;2022;5;4;0;204;2;1048;0;1254;0;60;1;216;0;0;190;1;583;774;0,617
02/05/2022;2022;5;5;0;220;2;1039;0;1261;0;63;1;214;0;0;200;1;577;779;0,618
02/05/2022;2022;5;6;0;392;2;1142;0;1536;0;101;1;239;0;0;322;1;644;967;0,629
02/05/2022;2022;5;7;0;380;12;1231;0;1623;0;100;12;255;0;0;316;23;687;1026;0,632
02/05/2022;2022;5;8;0;405;2;1308;0;1716;0;107;1;272;0;0;339;1;735;1075;0,627
02/05/2022;2022;5;9;0;448;3;1346;0;1797;0;120;3;287;0;0;382;6;774;1162;0,647
02/05/2022;2022;5;10;0;473;2;1298;0;1773;0;127;1;297;0;0;402;1;802;1205;0,680
02/05/2022;2022;5;11;0;500;2;1530;0;2031;0;134;1;361;0;0;424;1;974;1398;0,688
02/05/2022;2022;5;12;0;501;2;1328;0;1831;0;134;1;326;0;0;425;1;879;1305;0,713
02/05/2022;2022;5;13;0;503;2;1389;0;1894;0;134;1;338;0;0;426;1;912;1339;0,707
02/05/2022;2022;5;14;0;506;2;1413;0;1922;0;135;1;343;0;0;429;1;924;1355;0,705
02/05/2022;2022;5;15;0;505;2;1380;0;1888;0;135;1;334;0;0;428;1;900;1330;0,704
02/05/2022;2022;5;16;0;438;2;1466;0;1906;0;119;1;348;0;0;377;1;939;1317;0,691
02/05/2022;2022;5;17;0;405;8;1476;0;1889;0;111;14;349;0;0;354;27;941;1322;0,700
02/05/2022;2022;5;18;0;422;2;1296;0;1720;0;115;1;325;0;0;365;1;875;1242;0,722
02/05/2022;2022;5;19;0;499;2;1441;0;1942;0;133;1;358;0;0;422;1;965;1389;0,715
02/05/2022;2022;5;20;0;515;2;1651;0;2168;0;137;1;415;0;0;435;1;1118;1555;0,717
02/05/2022;2022;5;21;0;290;5;1751;0;2046;0;82;48;457;0;0;261;93;1232;1587;0,776
02/05/2022;2022;5;22;0;298;2;1703;0;2003;0;85;1;445;0;0;269;1;1200;1470;0,734
02/05/2022;2022;5;23;0;330;2;1576;0;1909;0;93;1;413;0;0;296;1;1115;1413;0,740
02/05/2022;2022;5;24;0;369;2;1390;0;1762;0;104;3;362;0;0;331;7;976;1313;0,745
03/05/2022;2022;5;1;0;679;1;1136;0;1816;0;182;0;273;0;0;576;1;737;1314;0,724
03/05/2022;2022;5;2;0;655;1;888;0;1544;0;175;0;195;0;0;555;1;527;1082;0,701
03/05/2022;2022;5;3;0;586;1;1170;0;1757;0;157;0;242;0;0;499;1;652;1151;0,655
03/05/2022;2022;5;4;0;448;1;1185;0;1635;0;126;0;246;0;0;401;1;663;1064;0,651
03/05/2022;2022;5;5;0;415;1;1186;0;1601;0;119;0;246;0;0;378;1;662;1041;0,650
03/05/2022;2022;5;6;0;427;1;1220;0;1647;0;122;0;256;0;0;387;1;691;1078;0,654
03/05/2022;2022;5;7;0;608;1;987;0;1596;0;166;0;207;0;0;527;1;559;1087;0,681
03/05/2022;2022;5;8;0;591;1;1263;0;1855;0;158;0;291;0;0;503;1;785;1288;0,695
03/05/2022;2022;5;9;0;399;1;1368;0;1768;0;112;0;324;0;0;355;1;874;1230;0,695
03/05/2022;2022;5;10;0;620;1;1175;0;1796;0;166;3;287;0;0;525;5;774;1304;0,726
03/05/2022;2022;5;11;0;617;1;1322;0;1940;0;165;0;319;0;0;523;1;859;1383;0,713
03/05/2022;2022;5;12;0;628;1;1291;0;1921;0;167;0;312;0;0;531;1;841;1372;0,715
03/05/2022;2022;5;13;0;655;1;1285;0;1941;0;176;0;309;0;0;558;1;833;1392;0,717
03/05/2022;2022;5;14;0;431;1;1287;0;1719;0;121;0;309;0;0;383;1;833;1216;0,708
03/05/2022;2022;5;15;0;640;1;1052;0;1693;0;172;0;260;0;0;544;1;702;1247;0,737
03/05/2022;2022;5;16;0;381;1;1241;0;1623;0;108;0;302;0;0;342;1;813;1156;0,712
03/05/2022;2022;5;17;0;388;1;1338;0;1728;0;112;0;324;0;0;355;1;873;1228;0,711
03/05/2022;2022;5;18;0;392;1;1236;0;1629;0;111;0;302;0;0;351;1;814;1166;0,716
03/05/2022;2022;5;19;0;430;1;1354;0;1786;0;120;0;327;0;0;382;1;882;1264;0,708
03/05/2022;2022;5;20;0;441;1;1535;0;1977;0;123;0;365;0;0;391;1;984;1376;0,696
03/05/2022;2022;5;21;0;454;1;1597;0;2052;0;127;0;379;0;0;401;1;1022;1424;0,694
03/05/2022;2022;5;22;0;443;1;1594;0;2038;0;124;0;378;0;0;392;1;1018;1411;0,692
03/05/2022;2022;5;23;0;443;1;1509;0;1953;0;124;0;359;0;0;392;1;967;1360;0,696
03/05/2022;2022;5;24;0;419;1;1405;0;1825;0;118;0;334;0;0;373;1;902;1276;0,699
04/05/2022;2022;5;1;0;602;1;1188;0;1791;0;159;0;282;0;0;505;1;762;1267;0,708
04/05/2022;2022;5;2;0;582;1;941;0;1524;0;154;0;204;0;0;489;1;550;1039;0,682
04/05/2022;2022;5;3;0;457;1;1066;0;1524;0;124;0;227;0;0;393;1;612;1005;0,659
04/05/2022;2022;5;4;0;431;1;1063;0;1495;0;118;0;226;0;0;374;1;609;984;0,658
04/05/2022;2022;5;5;0;431;1;1059;0;1491;0;118;0;226;0;0;374;1;608;982;0,659
04/05/2022;2022;5;6;0;464;1;1153;0;1618;0;126;0;249;0;0;399;1;671;1071;0,662
04/05/2022;2022;5;7;0;569;18;1387;0;1974;0;149;12;294;0;0;471;23;793;1287;0,652
04/05/2022;2022;5;8;0;590;67;1027;0;1684;0;154;17;222;0;0;487;34;598;1119;0,665
04/05/2022;2022;5;9;0;634;41;1357;0;2032;0;165;13;290;0;0;524;25;782;1331;0,655
04/05/2022;2022;5;10;0;682;4;1422;0;2108;0;178;8;303;0;0;565;15;818;1398;0,663
04/05/2022;2022;5;11;0;718;1;1418;0;2137;0;186;0;303;0;0;590;1;816;1406;0,658
04/05/2022;2022;5;12;0;739;1;1394;0;2133;0;191;0;297;0;0;605;1;801;1407;0,659
04/05/2022;2022;5;13;0;731;1;1143;0;1875;0;189;0;247;0;0;599;1;666;1265;0,675
04/05/2022;2022;5;14;0;736;1;1071;0;1808;0;190;0;232;0;0;603;1;625;1228;0,679
04/05/2022;2022;5;15;0;642;1;1082;0;1725;0;167;0;234;0;0;530;1;631;1162;0,674
04/05/2022;2022;5;16;0;522;1;1086;0;1608;0;140;0;234;0;0;444;1;631;1076;0,669
04/05/2022;2022;5;17;0;646;2;1132;0;1779;0;170;3;243;0;0;539;5;655;1199;0,674
04/05/2022;2022;5;18;0;469;1;1144;0;1613;0;125;0;245;0;0;396;1;660;1057;0,655
04/05/2022;2022;5;19;0;536;1;1215;0;1751;0;141;0;269;0;0;447;1;726;1173;0,670
04/05/2022;2022;5;20;0;752;1;1421;0;2175;0;194;0;310;0;0;615;1;837;1453;0,668
04/05/2022;2022;5;21;0;753;1;1528;0;2282;0;194;0;332;0;0;616;1;896;1513;0,663
04/05/2022;2022;5;22;0;753;1;1533;0;2288;0;194;0;333;0;0;616;1;898;1515;0,662
04/05/2022;2022;5;23;0;754;1;1121;0;1876;0;194;0;247;0;0;617;1;666;1284;0,684
04/05/2022;2022;5;24;0;747;1;1073;0;1820;0;193;0;231;0;0;612;1;624;1236;0,679
05/05/2022;2022;5;1;0;372;3;1337;0;1713;0;99;1;283;0;0;313;2;765;1079;0,630
05/05/2022;2022;5;2;0;373;3;1250;0;1627;0;99;1;270;0;0;314;2;728;1043;0,641
05/05/2022;2022;5;3;0;368;3;1239;0;1611;0;98;1;269;0;0;310;2;724;1036;0,643
05/05/2022;2022;5;4;0;258;3;1239;0;1501;0;72;1;269;0;0;228;2;725;955;0,636
05/05/2022;2022;5;5;0;306;3;1130;0;1439;0;85;1;244;0;0;271;2;657;930;0,647
05/05/2022;2022;5;6;0;399;3;1127;0;1530;0;110;1;244;0;0;349;2;658;1009;0,659
05/05/2022;2022;5;7;0;273;3;1292;0;1569;0;75;1;275;0;0;238;2;741;981;0,626
05/05/2022;2022;5;8;0;279;3;1505;0;1787;0;76;1;313;0;0;241;2;844;1087;0,608
05/05/2022;2022;5;9;0;280;3;1525;0;1809;0;76;1;318;0;0;242;2;858;1102;0,609
05/05/2022;2022;5;10;0;280;3;1517;0;1801;0;76;1;317;0;0;242;2;856;1100;0,611
05/05/2022;2022;5;11;0;281;3;1431;0;1715;0;77;1;320;0;0;243;2;864;1109;0,647
05/05/2022;2022;5;12;0;359;3;1364;0;1726;0;96;1;308;0;0;304;2;831;1137;0,659
05/05/2022;2022;5;13;0;354;3;1486;0;1843;0;95;1;364;0;0;301;2;981;1284;0,697
05/05/2022;2022;5;14;0;338;3;1292;0;1634;0;91;1;300;0;0;288;2;810;1101;0,674
05/05/2022;2022;5;15;0;305;3;1337;0;1645;0;83;1;313;0;0;263;2;843;1108;0,673
05/05/2022;2022;5;16;0;303;3;1304;0;1610;0;83;1;301;0;0;264;2;813;1079;0,670
05/05/2022;2022;5;17;0;382;9;1176;0;1567;0;103;10;275;0;0;326;19;742;1087;0,694
05/05/2022;2022;5;18;0;303;3;1274;0;1581;0;83;1;293;0;0;265;2;792;1058;0,669
05/05/2022;2022;5;19;0;371;17;1283;0;1671;0;98;5;295;0;0;311;10;797;1118;0,669
05/05/2022;2022;5;20;0;369;21;1427;0;1817;0;96;5;310;0;0;303;9;835;1147;0,631
05/05/2022;2022;5;21;0;370;3;1743;0;2117;0;96;1;373;0;0;304;2;1006;1312;0,620
05/05/2022;2022;5;22;0;382;3;1712;0;2098;0;99;1;366;0;0;313;2;987;1303;0,621
05/05/2022;2022;5;23;0;381;3;1484;0;1869;0;99;1;318;0;0;313;2;858;1173;0,628
05/05/2022;2022;5;24;0;743;3;922;0;1668;0;183;1;202;0;0;581;2;545;1129;0,677
06/05/2022;2022;5;1;0;634;1;931;0;1565;0;163;0;227;0;0;516;1;613;1129;0,721
06/05/2022;2022;5;2;0;435;1;1172;0;1608;0;118;0;275;0;0;373;1;742;1116;0,694
06/05/2022;2022;5;3;0;495;9;937;0;1441;0;136;3;230;0;0;431;6;620;1057;0,734
06/05/2022;2022;5;4;0;472;9;945;0;1426;0;131;3;227;0;0;416;6;614;1036;0,726
06/05/2022;2022;5;5;0;473;11;920;0;1403;0;131;5;198;0;0;416;10;533;959;0,683
06/05/2022;2022;5;6;0;536;9;966;0;1511;0;144;3;207;0;0;458;6;558;1022;0,677
06/05/2022;2022;5;7;0;819;1;752;0;1572;0;212;1;160;0;0;673;2;433;1108;0,705
06/05/2022;2022;5;8;0;859;1;740;0;1600;0;221;0;156;0;0;702;1;421;1123;0,702
06/05/2022;2022;5;9;0;860;1;829;0;1690;0;221;0;175;0;0;702;1;473;1175;0,696
06/05/2022;2022;5;10;0;862;5;836;0;1703;0;222;5;176;0;0;704;9;475;1188;0,698
06/05/2022;2022;5;11;0;861;1;773;0;1635;0;222;0;165;0;0;704;1;444;1149;0,703
06/05/2022;2022;5;12;0;857;1;825;0;1684;0;221;0;179;0;0;701;1;481;1183;0,703
06/05/2022;2022;5;13;0;853;1;959;0;1812;0;220;0;212;0;0;698;1;572;1270;0,701
06/05/2022;2022;5;14;0;845;1;1021;0;1867;0;218;0;221;0;0;691;1;595;1287;0,689
06/05/2022;2022;5;15;0;844;1;960;0;1806;0;218;0;206;0;0;691;1;555;1246;0,690
06/05/2022;2022;5;16;0;842;1;995;0;1838;0;217;0;212;0;0;689;1;572;1261;0,686
06/05/2022;2022;5;17;0;841;1;879;0;1721;0;217;0;184;0;0;688;1;495;1184;0,688
06/05/2022;2022;5;18;0;624;147;810;0;1580;0;164;55;184;0;0;521;107;497;1124;0,711
06/05/2022;2022;5;19;0;515;255;851;0;1621;0;137;71;194;0;0;436;139;524;1099;0,678
06/05/2022;2022;5;20;0;631;264;901;0;1796;0;166;73;204;0;0;527;142;551;1220;0,679
06/05/2022;2022;5;21;0;860;269;649;0;1778;0;222;74;147;0;0;703;144;397;1243;0,699
06/05/2022;2022;5;22;0;635;271;848;0;1755;0;167;74;187;0;0;530;144;504;1178;0,671
06/05/2022;2022;5;23;0;633;273;1002;0;1907;0;167;74;242;0;0;529;145;651;1325;0,695
06/05/2022;2022;5;24;0;628;97;859;0;1584;0;165;24;209;0;0;524;47;563;1134;0,716
07/05/2022;2022;5;1;0;631;188;745;0;1564;0;166;46;194;0;0;526;90;524;1140;0,729
07/05/2022;2022;5;2;0;631;12;970;0;1613;0;166;10;235;0;0;526;20;634;1180;0,731
07/05/2022;2022;5;3;0;521;1;820;0;1342;0;139;0;204;0;0;442;1;550;992;0,739
07/05/2022;2022;5;4;203;541;1;766;0;1511;107;148;0;191;0;250;470;1;514;1235;0,817
07/05/2022;2022;5;5;203;494;1;763;0;1461;109;138;0;156;0;255;439;1;420;1113;0,762
07/05/2022;2022;5;6;203;506;1;765;0;1475;108;141;0;161;0;251;446;1;434;1132;0,768
07/05/2022;2022;5;7;0;641;1;769;0;1411;0;172;0;163;0;0;545;1;440;985;0,698
07/05/2022;2022;5;8;0;753;1;768;0;1522;0;197;0;165;0;0;624;1;446;1070;0,703
07/05/2022;2022;5;9;0;777;1;769;0;1547;0;203;0;166;0;0;643;1;447;1090;0,705
07/05/2022;2022;5;10;0;782;1;789;0;1572;0;204;2;169;0;0;646;3;455;1105;0,703
07/05/2022;2022;5;11;0;778;1;870;0;1649;0;203;0;183;0;0;643;1;492;1136;0,689
07/05/2022;2022;5;12;0;556;1;906;0;1463;0;150;0;189;0;0;474;1;510;985;0,673
07/05/2022;2022;5;13;0;564;1;921;0;1486;0;151;0;191;0;0;480;1;514;995;0,670
07/05/2022;2022;5;14;0;551;1;886;0;1438;0;148;0;185;0;0;471;1;499;970;0,674
07/05/2022;2022;5;15;0;771;1;805;0;1577;0;201;0;170;0;0;638;1;459;1098;0,697
07/05/2022;2022;5;16;0;775;1;752;0;1527;0;202;0;161;0;0;641;1;434;1075;0,704
07/05/2022;2022;5;17;0;777;1;752;0;1530;0;203;0;159;0;0;643;1;428;1072;0,700
07/05/2022;2022;5;18;0;782;1;753;0;1535;0;204;0;159;0;0;647;1;429;1076;0,701
07/05/2022;2022;5;19;0;845;1;646;0;1491;0;217;0;136;0;0;687;1;367;1054;0,707
07/05/2022;2022;5;20;0;900;1;717;0;1618;0;229;0;151;0;0;728;1;407;1135;0,701
07/05/2022;2022;5;21;0;935;1;693;0;1629;0;237;0;144;0;0;751;1;387;1138;0,699
07/05/2022;2022;5;22;0;900;1;691;0;1592;0;229;0;143;0;0;728;1;386;1115;0,700
07/05/2022;2022;5;23;0;869;1;687;0;1557;0;223;0;142;0;0;707;1;382;1090;0,700
07/05/2022;2022;5;24;0;835;1;834;0;1669;0;217;0;171;0;0;689;1;462;1152;0,690
08/05/2022;2022;5;1;216;637;35;469;0;1357;114;170;10;119;0;265;538;20;322;1145;0,844
08/05/2022;2022;5;2;217;627;1;472;0;1317;114;167;0;141;0;266;531;1;380;1178;0,894
08/05/2022;2022;5;3;219;616;1;470;0;1306;115;165;0;139;0;269;523;1;376;1168;0,894
08/05/2022;2022;5;4;205;512;63;469;0;1249;109;143;21;140;0;254;452;40;378;1124;0,899
08/05/2022;2022;5;5;199;492;89;468;0;1247;106;138;28;141;0;247;439;54;379;1119;0,898
08/05/2022;2022;5;6;187;494;93;470;0;1244;100;139;29;116;0;234;440;57;313;1044;0,839
08/05/2022;2022;5;7;177;596;5;473;0;1250;95;162;2;108;0;222;514;3;291;1030;0,824
08/05/2022;2022;5;8;177;663;5;474;0;1318;95;176;2;108;0;223;559;3;291;1076;0,816
08/05/2022;2022;5;9;177;664;5;479;0;1324;95;176;2;108;0;223;559;3;292;1077;0,814
08/05/2022;2022;5;10;178;686;5;480;0;1349;96;181;2;109;0;224;575;3;293;1095;0,811
08/05/2022;2022;5;11;178;730;5;482;0;1395;96;191;2;109;0;223;606;3;294;1126;0,807
08/05/2022;2022;5;12;180;759;5;450;0;1394;97;198;2;109;0;226;628;3;294;1151;0,826
08/05/2022;2022;5;13;178;780;122;241;0;1320;96;203;37;55;0;223;644;73;147;1088;0,824
08/05/2022;2022;5;14;179;778;141;226;0;1324;96;203;43;51;0;224;643;84;138;1089;0,823
08/05/2022;2022;5;15;181;765;122;224;0;1292;97;199;37;50;0;226;633;73;135;1066;0,826
08/05/2022;2022;5;16;181;731;163;223;0;1299;97;191;54;50;0;227;606;105;135;1073;0,826
08/05/2022;2022;5;17;181;730;151;225;0;1286;97;191;49;50;0;226;605;95;135;1062;0,826
08/05/2022;2022;5;18;190;728;158;219;0;1295;102;190;51;49;0;238;604;100;133;1074;0,830
08/05/2022;2022;5;19;205;906;2;313;0;1426;109;229;3;65;0;254;727;6;175;1162;0,815
08/05/2022;2022;5;20;0;1169;1;360;0;1531;0;285;0;74;0;0;903;1;200;1103;0,721
08/05/2022;2022;5;21;215;1184;1;349;0;1749;113;287;0;72;0;264;912;1;193;1370;0,783
08/05/2022;2022;5;22;211;1184;1;343;0;1739;112;287;0;70;0;261;912;1;190;1363;0,784
08/05/2022;2022;5;23;0;1157;1;343;0;1501;0;282;0;70;0;0;896;1;189;1086;0,724
08/05/2022;2022;5;24;0;1059;1;352;0;1412;0;263;0;72;0;0;834;1;194;1029;0,728
09/05/2022;2022;5;1;0;960;3;362;0;1325;0;250;1;75;0;0;793;2;202;997;0,752
09/05/2022;2022;5;2;204;738;3;333;0;1277;108;200;1;150;0;252;633;2;404;1291;1,011
09/05/2022;2022;5;3;202;500;223;283;0;1209;107;146;51;133;0;251;463;99;358;1170;0,968
09/05/2022;2022;5;4;205;489;187;444;0;1325;108;144;40;132;0;253;455;78;357;1144;0,864
09/05/2022;2022;5;5;205;488;188;471;0;1351;108;143;40;133;0;253;455;78;359;1146;0,848
09/05/2022;2022;5;6;206;631;3;567;0;1406;109;174;1;122;0;254;552;2;329;1137;0,808
09/05/2022;2022;5;7;0;786;3;723;0;1512;0;211;1;141;0;0;671;2;381;1053;0,697
09/05/2022;2022;5;8;0;810;3;711;0;1524;0;217;1;154;0;0;689;2;415;1106;0,726
09/05/2022;2022;5;9;0;817;3;721;0;1541;0;219;1;157;0;0;694;2;423;1118;0,726
09/05/2022;2022;5;10;0;824;3;733;0;1559;0;220;1;162;0;0;697;2;437;1136;0,728
09/05/2022;2022;5;11;188;961;33;588;0;1771;101;240;27;140;0;237;760;52;378;1427;0,806
09/05/2022;2022;5;12;187;997;3;560;0;1747;101;247;1;135;0;235;785;2;365;1387;0,794
09/05/2022;2022;5;13;0;937;3;655;0;1595;0;236;1;148;0;0;749;2;399;1150;0,721
09/05/2022;2022;5;14;0;801;3;759;0;1563;0;207;1;163;0;0;655;2;438;1096;0,701
09/05/2022;2022;5;15;0;788;13;740;0;1541;0;205;28;160;0;0;650;55;431;1136;0,737
09/05/2022;2022;5;16;0;760;3;762;0;1525;0;206;1;174;0;0;654;2;469;1124;0,737
09/05/2022;2022;5;17;0;767;3;834;0;1604;0;208;1;192;0;0;659;2;519;1179;0,736
09/05/2022;2022;5;18;0;800;3;823;0;1625;0;215;1;191;0;0;683;2;514;1199;0,738
09/05/2022;2022;5;19;0;832;3;894;0;1729;0;223;1;212;0;0;707;2;572;1280;0,740
09/05/2022;2022;5;20;0;836;3;995;0;1833;0;224;1;235;0;0;710;2;634;1346;0,734
09/05/2022;2022;5;21;0;837;3;1030;0;1869;0;224;1;247;0;0;711;2;667;1379;0,738
09/05/2022;2022;5;22;0;833;3;1074;0;1910;0;223;1;256;0;0;708;2;689;1399;0,733
09/05/2022;2022;5;23;0;575;3;1134;0;1712;0;161;1;275;0;0;510;2;742;1254;0,732
09/05/2022;2022;5;24;0;786;3;944;0;1732;0;213;1;221;0;0;676;2;597;1275;0,736
10/05/2022;2022;5;1;0;566;1;1208;0;1775;0;156;0;266;0;0;496;1;717;1213;0,684
10/05/2022;2022;5;2;0;760;1;800;0;1561;0;198;0;184;0;0;628;1;496;1124;0,720
10/05/2022;2022;5;3;0;704;1;791;0;1497;0;183;0;181;0;0;579;1;487;1067;0,713
10/05/2022;2022;5;4;0;619;1;731;0;1351;0;161;0;168;0;0;511;1;454;965;0,714
10/05/2022;2022;5;5;0;623;1;1002;0;1626;0;162;0;221;0;0;515;1;596;1111;0,683
10/05/2022;2022;5;6;0;618;1;1001;0;1621;0;161;0;221;0;0;511;1;596;1107;0,683
10/05/2022;2022;5;7;0;616;1;993;0;1609;0;161;0;220;0;0;510;1;593;1104;0,686
10/05/2022;2022;5;8;0;392;1;1378;0;1771;0;108;0;297;0;0;343;1;801;1145;0,646
10/05/2022;2022;5;9;0;399;1;1447;0;1848;0;110;0;313;0;0;349;1;845;1195;0,647
10/05/2022;2022;5;10;0;646;1;1118;0;1765;0;169;0;250;0;0;537;1;675;1212;0,687
10/05/2022;2022;5;11;0;645;1;1143;0;1790;0;169;0;258;0;0;537;1;695;1232;0,688
10/05/2022;2022;5;12;0;426;1;1502;0;1928;0;117;0;328;0;0;373;1;886;1259;0,653
10/05/2022;2022;5;13;0;421;1;1488;0;1910;0;116;0;327;0;0;369;1;881;1251;0,655
10/05/2022;2022;5;14;0;420;1;1505;0;1926;0;116;0;321;0;0;369;1;865;1234;0,641
10/05/2022;2022;5;15;0;419;14;1165;0;1598;0;116;25;246;0;0;368;48;663;1079;0,675
10/05/2022;2022;5;16;0;414;1;1306;0;1721;0;115;0;271;0;0;364;1;732;1096;0,637
10/05/2022;2022;5;17;0;413;1;1318;0;1732;0;114;0;272;0;0;363;1;734;1097;0,634
10/05/2022;2022;5;18;0;634;1;1046;0;1682;0;166;0;238;0;0;528;1;643;1171;0,696
10/05/2022;2022;5;19;0;418;1;1323;0;1742;0;116;0;316;0;0;367;1;853;1221;0,701
10/05/2022;2022;5;20;0;421;1;1650;0;2072;0;117;0;405;0;0;370;1;1092;1462;0,706
10/05/2022;2022;5;21;0;421;1;1449;0;1871;0;117;0;371;0;0;370;1;1001;1371;0,733
10/05/2022;2022;5;22;0;420;1;1522;0;1943;0;116;0;385;0;0;369;1;1038;1407;0,724
10/05/2022;2022;5;23;0;419;1;1341;0;1761;0;116;0;349;0;0;368;1;942;1311;0,744
10/05/2022;2022;5;24;0;413;1;1427;0;1841;0;114;0;355;0;0;363;1;958;1321;0,718
11/05/2022;2022;5;1;0;574;16;1171;0;1760;0;154;8;272;0;0;490;16;733;1238;0,703
11/05/2022;2022;5;2;0;489;29;1012;0;1531;0;133;11;208;0;0;421;22;560;1003;0,656
11/05/2022;2022;5;3;0;324;380;891;0;1595;0;97;74;191;0;0;307;145;516;968;0,607
11/05/2022;2022;5;4;0;319;378;838;0;1536;0;96;74;179;0;0;304;144;483;931;0,606
11/05/2022;2022;5;5;0;317;381;846;0;1544;0;95;74;181;0;0;303;145;487;935;0,605
11/05/2022;2022;5;6;0;330;368;951;0;1649;0;98;72;207;0;0;311;140;560;1010;0,613
11/05/2022;2022;5;7;0;511;1;1135;0;1647;0;139;0;241;0;0;441;1;650;1091;0,663
11/05/2022;2022;5;8;0;600;1;1137;0;1739;0;160;0;242;0;0;508;1;654;1162;0,668
11/05/2022;2022;5;9;0;602;1;1132;0;1735;0;160;0;242;0;0;509;1;652;1162;0,670
11/05/2022;2022;5;10;0;608;1;1128;0;1737;0;162;0;243;0;0;513;1;655;1169;0,673
11/05/2022;2022;5;11;0;633;1;1061;0;1694;0;169;0;223;0;0;535;1;601;1137;0,671
11/05/2022;2022;5;12;0;634;1;1070;0;1704;0;169;0;225;0;0;537;1;606;1144;0,671
11/05/2022;2022;5;13;0;629;1;1045;0;1674;0;168;0;219;0;0;533;1;591;1125;0,672
11/05/2022;2022;5;14;0;625;9;1065;0;1700;0;167;23;224;0;0;531;45;604;1180;0,694
11/05/2022;2022;5;15;0;630;25;1053;0;1709;0;168;26;221;0;0;534;51;595;1180;0,691
11/05/2022;2022;5;16;0;631;1;973;0;1605;0;169;0;201;0;0;535;1;543;1078;0,672
11/05/2022;2022;5;17;0;618;415;858;0;1891;0;165;91;181;0;0;525;178;488;1190;0,629
11/05/2022;2022;5;18;0;643;1;1071;0;1715;0;172;0;224;0;0;545;1;605;1151;0,671
11/05/2022;2022;5;19;0;647;1;1103;0;1751;0;173;0;235;0;0;548;1;634;1182;0,675
11/05/2022;2022;5;20;0;746;1;1115;0;1862;0;193;0;238;0;0;612;1;642;1255;0,674
11/05/2022;2022;5;21;0;795;1;1123;0;1919;0;203;0;240;0;0;644;1;648;1292;0,673
11/05/2022;2022;5;22;0;781;1;1106;0;1888;0;200;0;236;0;0;635;1;637;1272;0,674
11/05/2022;2022;5;23;0;748;1;1066;0;1815;0;193;0;224;0;0;612;1;603;1216;0,670
11/05/2022;2022;5;24;0;651;1;1051;0;1703;0;173;0;220;0;0;549;1;593;1143;0,671
12/05/2022;2022;5;1;0;618;1;998;0;1617;0;165;0;211;0;0;522;1;570;1093;0,676
12/05/2022;2022;5;2;0;525;243;774;0;1542;0;141;80;167;0;0;447;156;451;1053;0,683
12/05/2022;2022;5;3;0;439;260;754;0;1453;0;122;87;163;0;0;388;169;439;996;0,685
12/05/2022;2022;5;4;0;339;462;760;0;1561;0;100;140;164;0;0;316;273;442;1031;0,661
12/05/2022;2022;5;5;0;315;475;759;0;1549;0;94;149;165;0;0;300;291;444;1035;0,668
12/05/2022;2022;5;6;0;607;88;814;0;1510;0;155;36;179;0;0;493;71;482;1046;0,693
12/05/2022;2022;5;7;0;528;1;1025;0;1553;0;142;0;229;0;0;450;1;617;1068;0,687
12/05/2022;2022;5;8;0;594;1;1033;0;1628;0;159;2;257;0;0;504;3;693;1200;0,737
12/05/2022;2022;5;9;0;606;1;1248;0;1855;0;161;0;306;0;0;511;1;826;1337;0,721
12/05/2022;2022;5;10;0;632;1;1116;0;1749;0;170;0;279;0;0;539;1;751;1291;0,738
12/05/2022;2022;5;11;0;635;1;1380;0;2017;0;170;0;332;0;0;538;1;895;1433;0,711
12/05/2022;2022;5;12;0;638;6;1369;0;2014;0;170;18;311;0;0;539;36;840;1415;0,703
12/05/2022;2022;5;13;0;636;12;1199;0;1848;0;170;23;261;0;0;539;45;705;1289;0,698
12/05/2022;2022;5;14;0;527;1;1165;0;1692;0;143;0;248;0;0;454;1;669;1124;0,664
12/05/2022;2022;5;15;0;492;1;1127;0;1621;0;137;0;239;0;0;434;1;645;1080;0,666
12/05/2022;2022;5;16;0;492;126;1036;0;1653;0;137;50;220;0;0;434;97;592;1122;0,679
12/05/2022;2022;5;17;0;497;194;992;0;1683;0;139;77;213;0;0;440;149;574;1163;0,691
12/05/2022;2022;5;18;0;635;10;989;0;1634;0;175;12;212;0;0;554;24;572;1150;0,704
12/05/2022;2022;5;19;0;708;1;1115;0;1824;0;190;0;244;0;0;603;1;658;1262;0,692
12/05/2022;2022;5;20;0;848;1;1130;0;1979;0;221;0;250;0;0;702;1;675;1378;0,696
12/05/2022;2022;5;21;0;916;1;1159;0;2077;0;236;0;257;0;0;748;1;694;1443;0,695
12/05/2022;2022;5;22;0;917;1;1129;0;2048;0;236;0;249;0;0;748;1;671;1420;0,693
12/05/2022;2022;5;23;0;909;3;1076;0;1988;0;234;2;233;0;0;742;4;627;1373;0,691
12/05/2022;2022;5;24;0;867;4;1059;0;1929;0;222;8;223;0;0;706;16;600;1322;0,685
13/05/2022;2022;5;1;0;712;2;908;0;1622;0;186;0;194;0;0;591;1;523;1115;0,688
13/05/2022;2022;5;2;0;506;164;860;0;1530;0;142;56;183;0;0;450;109;495;1054;0,689
13/05/2022;2022;5;3;0;494;111;859;0;1464;0;139;40;183;0;0;441;78;494;1013;0,692
13/05/2022;2022;5;4;0;497;83;867;0;1446;0;140;30;185;0;0;443;58;498;999;0,691
13/05/2022;2022;5;5;0;497;83;867;0;1446;0;140;30;185;0;0;444;58;498;1000;0,691
13/05/2022;2022;5;6;0;498;137;868;0;1503;0;140;47;185;0;0;444;91;499;1034;0,688
13/05/2022;2022;5;7;0;498;460;873;0;1832;0;141;114;188;0;0;447;223;508;1178;0,643
13/05/2022;2022;5;8;0;529;541;862;0;1932;0;148;138;187;0;0;468;269;503;1241;0,642
13/05/2022;2022;5;9;0;546;234;895;0;1675;0;151;78;195;0;0;480;151;526;1157;0,691
13/05/2022;2022;5;10;0;549;325;889;0;1763;0;152;103;196;0;0;482;201;529;1212;0,688
13/05/2022;2022;5;11;0;562;326;889;0;1777;0;155;103;194;0;0;491;201;523;1215;0,684
13/05/2022;2022;5;12;0;599;324;829;0;1752;0;163;109;182;0;0;518;211;491;1220;0,696
13/05/2022;2022;5;13;0;623;322;805;0;1750;0;170;112;177;0;0;540;217;477;1235;0,705
13/05/2022;2022;5;14;0;617;242;829;0;1689;0;169;91;182;0;0;536;178;490;1204;0,713
13/05/2022;2022;5;15;0;510;329;828;0;1667;0;145;113;181;0;0;461;221;489;1171;0,702
13/05/2022;2022;5;16;0;630;156;830;0;1616;0;165;62;182;0;0;524;121;492;1136;0,703
13/05/2022;2022;5;17;0;638;137;847;0;1622;0;168;56;187;0;0;531;109;504;1144;0,705
13/05/2022;2022;5;18;0;640;110;888;0;1638;0;168;46;201;0;0;532;90;542;1164;0,711
13/05/2022;2022;5;19;0;671;0;1115;0;1787;0;176;0;253;0;0;558;0;683;1241;0,695
13/05/2022;2022;5;20;0;690;0;1205;0;1895;0;181;0;268;0;0;574;0;723;1297;0,685
13/05/2022;2022;5;21;0;696;3;1218;0;1916;0;182;3;268;0;0;578;6;722;1305;0,681
13/05/2022;2022;5;22;0;693;0;1222;0;1915;0;182;0;266;0;0;577;0;718;1295;0,676
13/05/2022;2022;5;23;0;690;0;1294;0;1984;0;181;0;278;0;0;574;0;750;1323;0,667
13/05/2022;2022;5;24;0;433;2;1294;0;1729;0;119;3;276;0;0;378;6;745;1129;0,653
14/05/2022;2022;5;1;0;692;3;1001;0;1697;0;182;4;207;0;0;577;8;559;1144;0,674
14/05/2022;2022;5;2;0;485;0;1044;0;1530;0;133;0;217;0;0;422;0;584;1006;0,658
14/05/2022;2022;5;3;0;404;159;924;0;1487;0;115;55;187;0;0;366;106;503;976;0,656
14/05/2022;2022;5;4;0;402;171;851;0;1424;0;115;60;169;0;0;365;117;456;937;0,658
14/05/2022;2022;5;5;0;398;143;862;0;1404;0;114;51;172;0;0;362;98;464;924;0,658
14/05/2022;2022;5;6;0;391;180;873;0;1444;0;110;62;174;0;0;349;121;469;939;0,650
14/05/2022;2022;5;7;0;393;317;748;0;1458;0;111;107;163;0;0;354;209;439;1002;0,687
14/05/2022;2022;5;8;0;395;576;575;0;1546;0;112;184;117;0;0;355;359;315;1029;0,666
14/05/2022;2022;5;9;0;371;475;603;0;1448;0;107;173;124;0;0;339;337;335;1011;0,698
14/05/2022;2022;5;10;0;318;594;603;0;1516;0;89;200;125;0;0;282;390;336;1008;0,665
14/05/2022;2022;5;11;0;328;654;578;0;1559;0;91;216;117;0;0;289;420;317;1025;0,658
14/05/2022;2022;5;12;0;349;631;576;0;1556;0;98;206;117;0;0;310;402;315;1027;0,660
14/05/2022;2022;5;13;0;349;583;567;0;1499;0;98;190;115;0;0;310;371;309;989;0,660
14/05/2022;2022;5;14;0;345;647;564;0;1555;0;97;184;114;0;0;307;359;307;973;0,626
14/05/2022;2022;5;15;0;347;611;569;0;1528;0;98;172;115;0;0;309;336;311;956;0,626
14/05/2022;2022;5;16;0;347;604;571;0;1522;0;98;171;116;0;0;310;333;312;955;0,627
14/05/2022;2022;5;17;0;350;607;587;0;1545;0;98;172;119;0;0;312;335;321;968;0,627
14/05/2022;2022;5;18;0;353;615;587;0;1555;0;99;180;119;0;0;313;350;321;985;0,633
14/05/2022;2022;5;19;0;662;223;738;0;1622;0;165;79;155;0;0;525;153;418;1096;0,676
14/05/2022;2022;5;20;0;812;78;863;0;1753;0;195;32;178;0;0;620;62;480;1162;0,663
14/05/2022;2022;5;21;0;813;122;855;0;1791;0;196;44;176;0;0;621;85;475;1181;0,660
14/05/2022;2022;5;22;0;814;116;832;0;1762;0;196;42;173;0;0;622;83;467;1171;0,664
14/05/2022;2022;5;23;0;811;173;687;0;1671;0;195;59;150;0;0;619;116;406;1140;0,682
14/05/2022;2022;5;24;0;521;684;483;0;1687;0;136;183;100;0;0;430;356;269;1055;0,625
15/05/2022;2022;5;1;0;360;689;507;0;1556;0;98;199;109;0;0;309;387;294;991;0,637
15/05/2022;2022;5;2;0;312;614;573;0;1499;0;87;181;122;0;0;276;352;329;956;0,638
15/05/2022;2022;5;3;0;313;620;577;0;1511;0;87;183;122;0;0;277;356;330;963;0,637
15/05/2022;2022;5;4;0;314;619;578;0;1511;0;87;182;123;0;0;277;355;331;963;0,637
15/05/2022;2022;5;5;0;313;451;576;0;1339;0;87;145;122;0;0;276;283;330;889;0,664
15/05/2022;2022;5;6;0;313;451;577;0;1341;0;87;146;122;0;0;276;284;330;890;0,663
15/05/2022;2022;5;7;0;313;458;578;0;1350;0;86;147;123;0;0;274;287;331;892;0,661
15/05/2022;2022;5;8;0;313;458;575;0;1346;0;86;148;122;0;0;274;287;330;891;0,662
15/05/2022;2022;5;9;0;313;439;580;0;1333;0;86;143;123;0;0;274;278;333;884;0,664
15/05/2022;2022;5;10;0;312;501;587;0;1400;0;86;159;125;0;0;273;310;338;921;0,658
15/05/2022;2022;5;11;0;312;503;588;0;1404;0;86;159;126;0;0;273;310;339;922;0,657
15/05/2022;2022;5;12;0;313;666;577;0;1556;0;86;195;124;0;0;273;380;334;987;0,635
15/05/2022;2022;5;13;0;313;661;575;0;1549;0;86;194;124;0;0;274;378;333;984;0,635
15/05/2022;2022;5;14;0;313;637;579;0;1529;0;86;188;124;0;0;274;366;335;975;0,638
15/05/2022;2022;5;15;0;313;622;590;0;1525;0;86;185;126;0;0;274;360;340;974;0,639
15/05/2022;2022;5;16;0;313;624;586;0;1523;0;86;185;125;0;0;274;361;337;972;0,638
15/05/2022;2022;5;17;0;313;622;614;0;1548;0;86;184;133;0;0;274;359;359;991;0,640
15/05/2022;2022;5;18;0;316;507;635;0;1459;0;87;164;138;0;0;276;320;372;968;0,664
15/05/2022;2022;5;19;0;681;162;860;0;1702;0;164;60;186;0;0;521;118;501;1139;0,669
15/05/2022;2022;5;20;0;660;4;1144;0;1808;0;161;1;257;0;0;511;3;693;1207;0,668
15/05/2022;2022;5;21;0;854;80;928;0;1862;0;200;34;202;0;0;635;65;544;1244;0,668
15/05/2022;2022;5;22;0;838;124;905;0;1866;0;197;45;193;0;0;624;88;522;1234;0,661
15/05/2022;2022;5;23;0;632;275;992;0;1899;0;155;93;212;0;0;491;181;572;1244;0,655
15/05/2022;2022;5;24;0;499;265;917;0;1681;0;128;89;195;0;0;406;172;527;1105;0,657
16/05/2022;2022;5;1;0;503;164;894;0;1562;0;129;51;189;0;0;409;100;509;1018;0,652
16/05/2022;2022;5;2;0;446;365;717;0;1528;0;116;122;150;0;0;368;238;405;1011;0,662
16/05/2022;2022;5;3;0;322;536;592;0;1451;0;86;177;122;0;0;274;344;329;947;0,653
16/05/2022;2022;5;4;0;405;450;599;0;1454;0;107;135;124;0;0;341;264;333;938;0,645
16/05/2022;2022;5;5;0;406;453;599;0;1458;0;108;136;123;0;0;341;265;333;939;0,644
16/05/2022;2022;5;6;0;402;453;599;0;1455;0;107;136;124;0;0;338;264;334;936;0,643
16/05/2022;2022;5;7;0;594;120;838;0;1552;0;146;43;175;0;0;463;84;473;1020;0,657
16/05/2022;2022;5;8;0;499;104;1332;0;1935;0;127;23;289;0;0;404;44;778;1227;0,634
16/05/2022;2022;5;9;0;327;185;1260;0;1772;0;89;97;303;0;0;282;190;818;1289;0,728
16/05/2022;2022;5;10;0;230;159;1528;0;1917;0;64;35;366;0;0;203;69;988;1261;0,658
16/05/2022;2022;5;11;0;227;205;1681;0;2113;0;64;54;396;0;0;202;104;1068;1374;0,650
16/05/2022;2022;5;12;0;242;213;1682;0;2136;0;67;53;396;0;0;212;103;1068;1382;0,647
16/05/2022;2022;5;13;0;277;210;1672;0;2160;0;75;49;394;0;0;237;95;1063;1395;0,646
16/05/2022;2022;5;14;0;293;197;1671;0;2161;0;79;47;394;0;0;250;91;1062;1403;0,649
16/05/2022;2022;5;15;0;294;188;1671;0;2153;0;79;45;394;0;0;250;88;1062;1400;0,650
16/05/2022;2022;5;16;0;294;189;1348;0;1831;0;79;45;339;0;0;250;88;915;1253;0,685
16/05/2022;2022;5;17;0;148;248;1415;0;1811;0;41;71;363;0;0;129;139;978;1246;0,688
16/05/2022;2022;5;18;0;298;104;1559;0;1960;0;80;23;395;0;0;253;44;1064;1361;0,695
16/05/2022;2022;5;19;0;296;167;1527;0;1989;0;79;61;401;0;0;252;120;1080;1452;0,730
16/05/2022;2022;5;20;0;295;106;1825;0;2225;0;79;24;503;0;0;252;46;1357;1654;0,743
16/05/2022;2022;5;21;0;150;102;1926;0;2178;0;41;22;534;0;0;131;43;1440;1614;0,741
16/05/2022;2022;5;22;0;296;100;1882;0;2278;0;80;22;512;0;0;253;43;1380;1676;0,736
16/05/2022;2022;5;23;0;296;100;1726;0;2122;0;80;22;445;0;0;252;43;1201;1496;0,705
16/05/2022;2022;5;24;0;307;58;1559;0;1924;0;82;15;382;0;0;261;29;1031;1321;0,686
17/05/2022;2022;5;1;0;428;1;1496;0;1926;0;114;0;325;0;0;360;1;876;1236;0,642
17/05/2022;2022;5;2;0;404;4;1183;0;1592;0;112;1;269;0;0;355;2;725;1082;0,680
17/05/2022;2022;5;3;0;477;3;1299;0;1780;0;134;1;283;0;0;425;2;763;1190;0,668
17/05/2022;2022;5;4;0;477;3;1048;0;1529;0;134;1;229;0;0;425;2;618;1045;0,684
17/05/2022;2022;5;5;0;477;3;1052;0;1532;0;134;1;230;0;0;425;2;620;1047;0,683
17/05/2022;2022;5;6;0;478;3;1313;0;1795;0;134;1;284;0;0;425;2;765;1192;0,664
17/05/2022;2022;5;7;0;477;3;1251;0;1732;0;136;1;270;0;0;430;2;727;1160;0,669
17/05/2022;2022;5;8;0;378;3;1473;0;1853;0;106;1;314;0;0;336;2;847;1185;0,639
17/05/2022;2022;5;9;0;368;0;1641;0;2009;0;100;0;350;0;0;318;0;945;1263;0,629
17/05/2022;2022;5;10;0;406;0;1542;0;1948;0;111;0;346;0;0;351;0;934;1285;0,660
17/05/2022;2022;5;11;0;406;0;1616;0;2022;0;111;0;365;0;0;351;0;985;1336;0,661
17/05/2022;2022;5;12;0;418;0;1631;0;2049;0;114;0;368;0;0;360;0;992;1352;0,660
17/05/2022;2022;5;13;0;407;0;1631;0;2038;0;111;0;367;0;0;351;0;991;1342;0,659
17/05/2022;2022;5;14;0;293;0;1955;0;2248;0;82;0;435;0;0;259;0;1174;1433;0,637
17/05/2022;2022;5;15;0;407;0;1511;0;1918;0;111;0;343;0;0;351;0;924;1275;0,665
17/05/2022;2022;5;16;0;407;0;1657;0;2064;0;111;0;368;0;0;351;0;993;1344;0,651
17/05/2022;2022;5;17;0;291;0;1648;0;1939;0;81;0;365;0;0;257;0;983;1240;0,639
17/05/2022;2022;5;18;0;400;0;1698;0;2097;0;109;0;375;0;0;345;0;1010;1355;0,646
17/05/2022;2022;5;19;0;405;0;1608;0;2013;0;110;0;362;0;0;350;0;975;1325;0,658
17/05/2022;2022;5;20;0;407;0;1964;0;2370;0;111;0;436;0;0;351;0;1175;1526;0,644
17/05/2022;2022;5;21;0;293;0;1895;0;2188;0;82;0;436;0;0;259;0;1177;1436;0,656
17/05/2022;2022;5;22;0;293;0;2035;0;2328;0;82;0;484;0;0;259;0;1307;1565;0,672
17/05/2022;2022;5;23;0;406;1;1978;0;2385;0;111;3;434;0;0;351;5;1170;1526;0,640
17/05/2022;2022;5;24;0;355;0;1611;0;1967;0;97;0;356;0;0;308;0;959;1267;0,644
18/05/2022;2022;5;1;0;455;0;1487;0;1941;0;122;0;304;0;0;388;0;820;1209;0,623
18/05/2022;2022;5;2;0;408;0;1499;0;1907;0;113;0;313;0;0;357;0;845;1203;0,631
18/05/2022;2022;5;3;0;479;2;1155;0;1635;0;132;0;245;0;0;419;1;661;1080;0,661
18/05/2022;2022;5;4;0;478;2;1089;0;1569;0;132;0;234;0;0;418;1;631;1050;0,670
18/05/2022;2022;5;5;0;476;2;1084;0;1561;0;131;0;233;0;0;417;1;630;1047;0,671
18/05/2022;2022;5;6;0;477;2;1134;0;1612;0;131;0;244;0;0;417;1;659;1077;0,668
18/05/2022;2022;5;7;0;479;2;1144;0;1624;0;132;0;245;0;0;418;1;661;1080;0,665
18/05/2022;2022;5;8;0;477;2;1144;0;1623;0;131;0;245;0;0;417;1;662;1080;0,665
18/05/2022;2022;5;9;0;479;2;1142;0;1622;0;132;0;245;0;0;418;1;661;1080;0,666
18/05/2022;2022;5;10;0;479;2;1139;0;1620;0;132;0;245;0;0;418;1;662;1081;0,667
18/05/2022;2022;5;11;0;480;3;1455;0;1938;0;132;4;309;0;0;419;8;832;1258;0,649
18/05/2022;2022;5;12;0;469;2;1173;0;1644;0;129;0;254;0;0;411;1;684;1096;0,667
18/05/2022;2022;5;13;0;467;2;1182;0;1650;0;127;0;258;0;0;403;1;697;1101;0,667
18/05/2022;2022;5;14;0;454;2;1139;0;1595;0;124;0;249;0;0;392;1;673;1066;0,668
18/05/2022;2022;5;15;0;454;2;1091;0;1547;0;124;0;238;0;0;392;1;642;1034;0,669
18/05/2022;2022;5;16;0;447;2;1092;0;1540;0;120;0;238;0;0;382;1;641;1024;0,665
18/05/2022;2022;5;17;0;440;2;1090;0;1531;0;118;0;240;0;0;376;1;648;1025;0,669
18/05/2022;2022;5;18;0;452;0;1332;0;1784;0;119;0;302;0;0;379;0;815;1194;0,669
18/05/2022;2022;5;19;0;596;0;1331;0;1928;0;151;0;310;0;0;480;0;836;1316;0,683
18/05/2022;2022;5;20;0;623;0;1523;0;2146;0;158;0;359;0;0;500;0;968;1469;0,684
18/05/2022;2022;5;21;0;627;0;1554;0;2180;0;159;0;365;0;0;503;0;984;1487;0,682
18/05/2022;2022;5;22;0;642;0;1549;0;2191;0;163;0;363;0;0;518;0;978;1496;0,683
18/05/2022;2022;5;23;0;640;0;1537;0;2176;0;163;0;359;0;0;516;0;967;1483;0,682
18/05/2022;2022;5;24;0;367;0;1472;0;1840;0;95;0;338;0;0;302;0;911;1213;0,659
19/05/2022;2022;5;1;0;586;18;1067;0;1671;0;159;6;236;0;0;503;11;638;1152;0,689
19/05/2022;2022;5;2;0;587;18;1256;0;1861;0;159;6;266;0;0;504;11;717;1232;0,662
19/05/2022;2022;5;3;0;434;18;1030;0;1481;0;119;6;226;0;0;378;11;609;998;0,674
19/05/2022;2022;5;4;0;535;18;1016;0;1568;0;148;8;223;0;0;470;15;601;1086;0,693
19/05/2022;2022;5;5;0;462;17;1015;0;1495;0;130;6;223;0;0;414;11;601;1026;0,686
19/05/2022;2022;5;6;0;399;18;1240;0;1657;0;113;7;269;0;0;360;13;726;1099;0,663
19/05/2022;2022;5;7;0;563;19;1385;0;1968;0;152;8;297;0;0;483;15;802;1299;0,660
19/05/2022;2022;5;8;0;569;19;1418;0;2006;0;153;9;306;0;0;486;17;825;1328;0,662
19/05/2022;2022;5;9;0;566;18;1484;0;2067;0;153;6;333;0;0;484;11;898;1393;0,674
19/05/2022;2022;5;10;0;569;17;1378;0;1965;0;154;6;346;0;0;489;11;933;1434;0,730
19/05/2022;2022;5;11;0;455;22;1444;0;1921;0;124;19;367;0;0;393;38;990;1420;0,739
19/05/2022;2022;5;12;0;456;18;1573;0;2047;0;124;6;397;0;0;394;11;1070;1475;0,721
19/05/2022;2022;5;13;0;456;17;1398;0;1872;0;124;6;355;0;0;394;11;957;1362;0,728
19/05/2022;2022;5;14;0;432;1;1424;0;1857;0;118;0;365;0;0;373;1;985;1359;0,732
19/05/2022;2022;5;15;0;603;1;1292;0;1896;0;166;0;325;0;0;526;1;876;1403;0,740
19/05/2022;2022;5;16;0;521;33;1270;0;1825;0;143;43;315;0;0;454;84;849;1386;0,760
19/05/2022;2022;5;17;0;505;1;1269;0;1775;0;138;0;311;0;0;438;1;838;1277;0,720
19/05/2022;2022;5;18;0;516;1;1285;0;1802;0;140;0;307;0;0;445;1;829;1274;0,707
19/05/2022;2022;5;19;0;457;6;1660;0;2123;0;124;4;404;0;0;394;8;1089;1491;0,702
19/05/2022;2022;5;20;0;377;1;1756;0;2133;0;105;0;437;0;0;332;1;1177;1510;0,708
19/05/2022;2022;5;21;0;352;0;1853;0;2206;0;96;0;461;0;0;305;0;1244;1548;0,702
19/05/2022;2022;5;22;0;353;0;1813;0;2166;0;96;0;455;0;0;305;0;1227;1532;0,707
19/05/2022;2022;5;23;0;353;0;1772;0;2125;0;96;0;446;0;0;305;0;1203;1508;0,709
19/05/2022;2022;5;24;0;354;6;1905;0;2265;0;98;4;459;0;0;311;8;1239;1558;0,688
20/05/2022;2022;5;1;0;92;498;1264;0;1854;0;26;116;271;0;0;82;227;731;1039;0,561
20/05/2022;2022;5;2;0;249;242;1204;0;1694;0;66;59;257;0;0;208;115;692;1015;0,599
20/05/2022;2022;5;3;0;112;243;1501;0;1856;0;30;57;326;0;0;97;111;880;1088;0,586
20/05/2022;2022;5;4;0;221;245;1117;0;1583;0;59;57;246;0;0;188;111;664;963;0,609
20/05/2022;2022;5;5;0;175;244;1166;0;1585;0;46;56;254;0;0;146;110;685;942;0,594
20/05/2022;2022;5;6;0;175;243;1246;0;1665;0;46;57;268;0;0;147;111;723;980;0,589
20/05/2022;2022;5;7;0;175;367;1404;0;1947;0;45;73;302;0;0;143;142;815;1100;0,565
20/05/2022;2022;5;8;0;175;421;1519;0;2115;0;45;82;325;0;0;143;159;876;1179;0,557
20/05/2022;2022;5;9;0;175;417;1544;0;2136;0;45;77;333;0;0;143;151;899;1193;0,559
20/05/2022;2022;5;10;0;177;413;1374;0;1964;0;46;84;315;0;0;145;164;849;1157;0,589
20/05/2022;2022;5;11;0;50;409;1753;0;2211;0;14;83;395;0;0;44;162;1067;1272;0,575
20/05/2022;2022;5;12;0;205;415;1604;0;2224;0;54;83;350;0;0;170;162;943;1275;0,573
20/05/2022;2022;5;13;0;96;401;1508;0;2005;0;28;80;325;0;0;88;155;877;1120;0,558
20/05/2022;2022;5;14;0;96;433;1275;0;1804;0;28;91;284;0;0;88;176;765;1029;0,570
20/05/2022;2022;5;15;0;97;435;1375;0;1906;0;28;82;305;0;0;88;159;824;1071;0,562
20/05/2022;2022;5;16;0;96;432;1369;0;1897;0;28;84;304;0;0;88;165;821;1073;0,565
20/05/2022;2022;5;17;0;96;432;1367;0;1895;0;28;80;304;0;0;88;156;819;1063;0,561
20/05/2022;2022;5;18;0;96;427;1311;0;1834;0;28;82;302;0;0;87;160;816;1064;0,580
20/05/2022;2022;5;19;0;97;430;1549;0;2077;0;28;84;354;0;0;88;163;956;1207;0,581
20/05/2022;2022;5;20;0;283;415;1623;0;2320;0;74;81;365;0;0;234;158;985;1378;0,594
20/05/2022;2022;5;21;0;291;418;1633;0;2343;0;76;83;367;0;0;240;161;989;1390;0,593
20/05/2022;2022;5;22;0;291;416;1563;0;2270;0;76;81;342;0;0;240;158;922;1320;0,582
20/05/2022;2022;5;23;0;290;297;1531;0;2118;0;76;66;331;0;0;240;129;893;1261;0,596
20/05/2022;2022;5;24;0;251;183;1497;0;1931;0;66;42;322;0;0;209;82;869;1160;0,601
21/05/2022;2022;5;1;0;299;56;1497;0;1852;0;82;28;327;0;0;260;54;881;1195;0,645
21/05/2022;2022;5;2;0;272;0;1535;0;1807;0;73;0;327;0;0;230;0;881;1112;0,615
21/05/2022;2022;5;3;0;185;0;1578;0;1763;0;53;0;337;0;0;169;0;909;1077;0,611
21/05/2022;2022;5;4;0;262;0;1506;0;1768;0;74;0;330;0;0;235;0;889;1124;0,636
21/05/2022;2022;5;5;0;263;0;1506;0;1769;0;74;0;330;0;0;235;0;889;1124;0,636
21/05/2022;2022;5;6;0;266;0;1440;0;1706;0;75;0;314;0;0;237;0;848;1085;0,636
21/05/2022;2022;5;7;0;184;0;1366;0;1551;0;55;1;300;0;0;175;3;808;986;0,636
21/05/2022;2022;5;8;0;218;0;1404;0;1623;0;62;0;307;0;0;198;0;827;1025;0,632
21/05/2022;2022;5;9;0;249;0;1407;0;1656;0;69;0;307;0;0;220;0;828;1048;0,633
21/05/2022;2022;5;10;0;285;0;1404;0;1689;0;78;0;308;0;0;248;0;830;1078;0,638
21/05/2022;2022;5;11;0;243;4;1604;0;1850;0;68;4;352;0;0;215;8;948;1172;0,633
21/05/2022;2022;5;12;0;150;0;1490;0;1639;0;43;0;320;0;0;136;0;864;1000;0,610
21/05/2022;2022;5;13;0;150;0;1476;0;1626;0;43;0;315;0;0;137;0;851;988;0,608
21/05/2022;2022;5;14;0;150;3;1612;0;1765;0;43;3;348;0;0;137;6;937;1080;0,612
21/05/2022;2022;5;15;0;151;0;1406;0;1557;0;43;0;306;0;0;138;0;825;963;0,618
21/05/2022;2022;5;16;0;135;0;1448;0;1583;0;40;0;315;0;0;126;0;850;977;0,617
21/05/2022;2022;5;17;0;198;0;1448;0;1646;0;58;0;315;0;0;183;0;850;1033;0,627
21/05/2022;2022;5;18;0;205;0;1398;0;1603;0;60;0;311;0;0;191;0;838;1028;0,642
21/05/2022;2022;5;19;0;149;0;1498;0;1648;0;44;0;333;0;0;140;0;897;1037;0,629
21/05/2022;2022;5;20;0;180;0;1627;0;1807;0;52;0;356;0;0;164;0;960;1123;0,621
21/05/2022;2022;5;21;0;184;0;1633;0;1817;0;53;0;357;0;0;167;0;964;1132;0,623
21/05/2022;2022;5;22;0;181;0;1879;0;2060;0;52;0;405;0;0;165;0;1092;1257;0,610
21/05/2022;2022;5;23;0;146;0;1809;0;1955;0;45;0;392;0;0;143;0;1058;1201;0,614
21/05/2022;2022;5;24;0;224;0;1454;0;1678;0;66;0;317;0;0;208;0;856;1064;0,634
22/05/2022;2022;5;1;0;197;0;1430;0;1627;0;62;0;313;0;0;195;0;843;1039;0,638
22/05/2022;2022;5;2;0;198;0;1434;0;1632;0;61;0;313;0;0;195;0;845;1040;0,637
22/05/2022;2022;5;3;0;198;0;1434;0;1632;0;61;0;313;0;0;195;0;845;1040;0,637
22/05/2022;2022;5;4;0;198;0;1431;0;1629;0;61;0;313;0;0;195;0;844;1039;0,638
22/05/2022;2022;5;5;0;198;0;1435;0;1633;0;61;0;313;0;0;195;0;845;1040;0,637
22/05/2022;2022;5;6;0;198;0;1192;0;1390;0;62;0;262;0;0;195;0;708;903;0,650
22/05/2022;2022;5;7;0;199;0;1241;0;1439;0;59;0;275;0;0;188;0;741;929;0,645
22/05/2022;2022;5;8;0;198;0;1197;0;1395;0;59;0;266;0;0;187;0;718;905;0,649
22/05/2022;2022;5;9;0;198;0;1198;0;1396;0;59;0;267;0;0;187;0;719;906;0,649
22/05/2022;2022;5;10;0;207;0;1254;0;1460;0;61;0;276;0;0;193;0;744;937;0,642
22/05/2022;2022;5;11;0;237;0;1320;0;1557;0;67;0;291;0;0;214;0;785;999;0,642
22/05/2022;2022;5;12;0;239;1;1334;0;1574;0;68;2;294;0;0;215;4;794;1013;0,644
22/05/2022;2022;5;13;0;238;0;1359;0;1597;0;68;0;300;0;0;215;0;808;1023;0,641
22/05/2022;2022;5;14;0;210;0;1235;0;1445;0;62;0;276;0;0;196;0;745;941;0,651
22/05/2022;2022;5;15;0;203;0;1210;0;1413;0;60;0;271;0;0;192;0;730;922;0,652
22/05/2022;2022;5;16;0;203;0;1243;0;1446;0;61;0;280;0;0;192;0;755;947;0,655
22/05/2022;2022;5;17;0;203;0;1212;0;1415;0;60;0;271;0;0;192;0;731;923;0,652
22/05/2022;2022;5;18;0;206;3;1237;0;1446;0;61;5;276;0;0;195;11;743;949;0,656
22/05/2022;2022;5;19;0;321;0;1373;0;1694;0;89;0;303;0;0;282;0;816;1098;0,649
22/05/2022;2022;5;20;0;292;0;1478;0;1770;0;79;0;323;0;0;252;0;872;1124;0,635
22/05/2022;2022;5;21;0;398;0;1682;0;2080;0;108;0;367;0;0;341;0;990;1331;0,640
22/05/2022;2022;5;22;0;253;0;1529;0;1782;0;72;0;336;0;0;230;0;906;1136;0,637
22/05/2022;2022;5;23;0;200;1;1507;0;1708;0;60;2;331;0;0;190;4;893;1086;0,636
22/05/2022;2022;5;24;0;201;1;1470;0;1672;0;60;3;323;0;0;191;7;872;1069;0,639
23/05/2022;2022;5;1;0;201;0;1474;0;1675;0;57;0;325;0;0;181;0;875;1056;0,631
23/05/2022;2022;5;2;0;199;0;1233;0;1432;0;57;0;275;0;0;179;0;741;921;0,643
23/05/2022;2022;5;3;0;200;0;1243;0;1442;0;57;0;277;0;0;180;0;748;928;0,643
23/05/2022;2022;5;4;0;200;8;1204;0;1413;0;57;39;270;0;0;180;76;730;986;0,698
23/05/2022;2022;5;5;0;198;0;1258;0;1456;0;56;0;284;0;0;179;0;766;945;0,649
23/05/2022;2022;5;6;0;201;1;1261;0;1462;0;57;0;292;0;0;182;1;788;970;0,663
23/05/2022;2022;5;7;0;201;0;1498;0;1700;0;58;0;333;0;0;184;0;898;1082;0,637
23/05/2022;2022;5;8;0;256;2;1447;0;1705;0;70;3;315;0;0;222;6;849;1077;0,631
23/05/2022;2022;5;9;0;152;3;1738;0;1893;0;44;4;372;0;0;139;7;1003;1149;0,607
23/05/2022;2022;5;10;0;129;0;1801;0;1930;0;38;0;386;0;0;122;0;1041;1163;0,603
23/05/2022;2022;5;11;0;128;0;1862;0;1990;0;36;0;405;0;0;114;0;1092;1206;0,606
23/05/2022;2022;5;12;0;128;4;1814;0;1947;0;36;5;397;0;0;114;10;1071;1195;0,614
23/05/2022;2022;5;13;0;147;0;1795;0;1942;0;44;0;388;0;0;139;0;1047;1186;0,611
23/05/2022;2022;5;14;0;145;0;1554;0;1699;0;41;0;336;0;0;131;0;907;1039;0,611
23/05/2022;2022;5;15;0;260;0;1652;0;1912;0;72;0;360;0;0;229;0;970;1200;0,627
23/05/2022;2022;5;16;0;232;0;1410;0;1642;0;66;0;311;0;0;211;0;838;1049;0,639
23/05/2022;2022;5;17;0;239;0;1364;0;1603;0;68;0;300;0;0;217;0;810;1027;0,641
23/05/2022;2022;5;18;0;242;2;1383;0;1627;0;69;4;306;0;0;218;8;824;1050;0,645
23/05/2022;2022;5;19;0;367;0;1436;0;1803;0;103;0;312;0;0;326;0;842;1167;0,647
23/05/2022;2022;5;20;0;453;0;1461;0;1914;0;122;0;327;0;0;388;0;882;1269;0,663
23/05/2022;2022;5;21;0;458;0;1499;0;1957;0;123;0;337;0;0;391;0;908;1299;0,664
23/05/2022;2022;5;22;0;457;0;1812;0;2269;0;123;0;398;0;0;391;0;1074;1465;0,645
23/05/2022;2022;5;23;0;458;0;1618;0;2076;0;123;0;349;0;0;391;0;941;1332;0,642
23/05/2022;2022;5;24;0;501;0;1433;0;1934;0;139;0;317;0;0;440;0;854;1294;0,669
24/05/2022;2022;5;1;0;376;1;1276;0;1653;0;107;3;282;0;0;339;5;760;1103;0,668
24/05/2022;2022;5;2;0;376;0;1273;0;1649;0;107;0;281;0;0;338;0;758;1096;0,665
24/05/2022;2022;5;3;0;378;0;1276;0;1655;0;107;0;282;0;0;339;0;761;1100;0,665
24/05/2022;2022;5;4;0;381;0;1283;0;1664;0;107;0;283;0;0;340;0;765;1105;0,664
24/05/2022;2022;5;5;0;381;0;1006;0;1387;0;107;0;224;0;0;341;0;605;946;0,682
24/05/2022;2022;5;6;0;380;0;1279;0;1659;0;107;0;282;0;0;340;0;762;1102;0,664
24/05/2022;2022;5;7;0;385;0;1154;0;1539;0;107;0;257;0;0;341;0;694;1035;0,673
24/05/2022;2022;5;8;0;289;2;1544;0;1834;0;81;3;341;0;0;257;6;919;1182;0,644
24/05/2022;2022;5;9;0;288;0;1590;0;1878;0;81;0;347;0;0;256;0;936;1192;0,635
24/05/2022;2022;5;10;0;289;0;1624;0;1913;0;81;0;358;0;0;257;0;965;1222;0,639
24/05/2022;2022;5;11;0;290;0;1642;0;1932;0;81;0;364;0;0;257;0;983;1240;0,642
24/05/2022;2022;5;12;0;308;0;1459;0;1767;0;87;0;333;0;0;277;0;898;1175;0,665
24/05/2022;2022;5;13;0;336;0;1598;0;1934;0;94;0;364;0;0;298;0;983;1280;0,662
24/05/2022;2022;5;14;0;337;3;1646;0;1985;0;94;6;375;0;0;299;12;1013;1323;0,666
24/05/2022;2022;5;15;0;319;0;1534;0;1853;0;89;0;354;0;0;283;0;954;1237;0,668
24/05/2022;2022;5;16;0;390;0;1257;0;1647;0;109;0;294;0;0;344;0;793;1138;0,691
24/05/2022;2022;5;17;0;394;6;1262;0;1662;0;109;8;294;0;0;347;17;792;1155;0,695
24/05/2022;2022;5;18;0;395;0;1296;0;1690;0;110;0;304;0;0;347;0;820;1168;0,691
24/05/2022;2022;5;19;0;316;0;1774;0;2090;0;88;0;403;0;0;280;0;1086;1365;0,653
24/05/2022;2022;5;20;0;340;0;1770;0;2110;0;94;0;402;0;0;297;0;1084;1381;0,655
24/05/2022;2022;5;21;0;342;0;1784;0;2126;0;94;0;410;0;0;298;0;1106;1404;0,661
24/05/2022;2022;5;22;0;342;0;1769;0;2111;0;94;0;407;0;0;299;0;1097;1396;0,661
24/05/2022;2022;5;23;0;317;0;1636;0;1953;0;88;0;375;0;0;280;0;1010;1290;0,661
24/05/2022;2022;5;24;0;299;0;1442;0;1742;0;82;1;329;0;0;261;3;887;1151;0,661
25/05/2022;2022;5;1;0;385;0;1329;0;1713;0;109;0;291;0;0;347;0;786;1132;0,661
25/05/2022;2022;5;2;0;370;3;1306;0;1679;0;105;4;283;0;0;334;8;764;1106;0,659
25/05/2022;2022;5;3;0;366;0;1111;0;1477;0;104;0;245;0;0;330;0;660;990;0,670
25/05/2022;2022;5;4;0;367;0;1077;0;1444;0;104;0;231;0;0;331;0;623;954;0,660
25/05/2022;2022;5;5;0;364;0;1075;0;1439;0;104;0;231;0;0;329;0;623;952;0,662
25/05/2022;2022;5;6;0;364;0;1072;0;1437;0;104;0;231;0;0;329;0;622;951;0,662
25/05/2022;2022;5;7;0;367;0;1079;0;1445;0;105;0;231;0;0;333;0;623;956;0,661
25/05/2022;2022;5;8;0;374;0;1083;0;1457;0;107;0;232;0;0;338;0;626;964;0,661
25/05/2022;2022;5;9;0;489;0;1081;0;1569;0;132;0;231;0;0;420;0;624;1044;0,665
25/05/2022;2022;5;10;0;506;0;1082;0;1587;0;136;0;232;0;0;433;0;625;1058;0,667
25/05/2022;2022;5;11;0;608;0;1088;0;1696;0;161;0;235;0;0;510;0;635;1144;0,675
25/05/2022;2022;5;12;0;382;0;1559;0;1941;0;102;0;351;0;0;324;0;948;1272;0,655
25/05/2022;2022;5;13;0;388;0;1509;0;1897;0;104;0;351;0;0;330;0;945;1275;0,672
25/05/2022;2022;5;14;0;388;0;1530;0;1918;0;104;0;355;0;0;330;0;958;1288;0,672
25/05/2022;2022;5;15;0;386;0;1517;0;1903;0;104;0;352;0;0;328;0;950;1279;0,672
25/05/2022;2022;5;16;0;385;7;1554;0;1947;0;103;2;352;0;0;328;4;949;1281;0,658
25/05/2022;2022;5;17;0;663;0;1296;0;1959;0;175;0;279;0;0;554;0;753;1308;0,667
25/05/2022;2022;5;18;0;663;0;1304;0;1967;0;175;0;282;0;0;554;0;761;1315;0,669
25/05/2022;2022;5;19;0;662;0;1368;0;2030;0;175;0;301;0;0;554;0;811;1365;0,672
25/05/2022;2022;5;20;0;662;3;1399;0;2064;0;175;42;309;0;0;554;82;834;1470;0,712
25/05/2022;2022;5;21;0;663;4;1569;0;2236;0;175;2;367;0;0;554;4;991;1549;0,693
25/05/2022;2022;5;22;0;389;0;1829;0;2218;0;104;0;434;0;0;331;0;1169;1500;0,676
25/05/2022;2022;5;23;0;389;0;1702;0;2091;0;104;0;403;0;0;331;0;1086;1417;0,678
25/05/2022;2022;5;24;0;391;0;1471;0;1861;0;105;0;343;0;0;332;0;924;1256;0,675
26/05/2022;2022;5;1;0;427;15;1385;0;1827;0;111;7;295;0;0;353;14;797;1163;0,637
26/05/2022;2022;5;2;0;386;0;1299;0;1686;0;101;0;270;0;0;321;0;728;1048;0,622
26/05/2022;2022;5;3;0;361;2;1182;0;1545;0;93;4;246;0;0;296;7;664;967;0,626
26/05/2022;2022;5;4;0;448;3;1095;0;1547;0;117;4;236;0;0;370;9;637;1016;0,657
26/05/2022;2022;5;5;0;472;22;1087;0;1581;0;123;7;236;0;0;389;13;637;1039;0,657
26/05/2022;2022;5;6;0;472;54;1105;0;1631;0;123;15;241;0;0;389;29;651;1069;0,656
26/05/2022;2022;5;7;0;333;101;1304;0;1738;0;86;21;273;0;0;273;42;735;1050;0,604
26/05/2022;2022;5;8;0;386;145;1476;0;2008;0;98;53;327;0;0;311;103;882;1296;0,646
26/05/2022;2022;5;9;0;387;380;1271;0;2039;0;98;92;296;0;0;312;179;799;1290;0,633
26/05/2022;2022;5;10;0;288;528;1331;0;2147;0;74;143;303;0;0;234;278;817;1329;0,619
26/05/2022;2022;5;11;0;119;498;1368;0;1985;0;35;100;314;0;0;111;195;847;1154;0,581
26/05/2022;2022;5;12;0;116;495;1412;0;2023;0;35;100;333;0;0;110;194;897;1200;0,593
26/05/2022;2022;5;13;0;133;510;1416;0;2059;0;41;126;338;0;0;130;245;911;1286;0,625
26/05/2022;2022;5;14;12;205;386;1433;0;2036;7;59;79;340;0;17;189;154;918;1278;0,628
26/05/2022;2022;5;15;11;112;345;1428;0;1897;7;35;72;340;0;17;109;140;917;1183;0,624
26/05/2022;2022;5;16;12;112;343;1436;0;1903;8;34;71;342;0;18;109;139;922;1189;0,625
26/05/2022;2022;5;17;10;257;345;1277;0;1889;7;72;72;298;0;16;228;140;805;1188;0,629
26/05/2022;2022;5;18;10;257;346;1361;0;1974;7;74;74;332;0;15;235;144;895;1289;0,653
26/05/2022;2022;5;19;10;260;343;1458;0;2072;7;75;72;348;0;16;239;139;938;1332;0,643
26/05/2022;2022;5;20;10;526;340;1563;0;2439;7;140;71;378;0;16;445;138;1020;1618;0,663
26/05/2022;2022;5;21;10;255;344;1699;0;2308;7;71;71;420;0;16;226;139;1132;1513;0,656
26/05/2022;2022;5;22;10;255;241;1746;0;2252;7;71;51;425;0;15;226;99;1146;1487;0,660
26/05/2022;2022;5;23;10;254;103;1774;0;2141;6;71;22;429;0;15;225;42;1157;1439;0,672
26/05/2022;2022;5;24;10;485;103;1622;0;2220;7;130;22;392;0;15;413;42;1057;1527;0,688
27/05/2022;2022;5;1;0;354;10;1617;0;1981;0;98;14;385;0;0;311;27;1040;1377;0,695
27/05/2022;2022;5;2;24;395;1;1271;0;1690;16;112;0;281;0;38;356;1;757;1151;0,681
27/05/2022;2022;5;3;0;467;1;1261;0;1729;0;134;0;280;0;0;426;1;756;1182;0,684
27/05/2022;2022;5;4;8;486;1;1237;0;1732;5;142;0;273;0;13;451;1;736;1201;0,693
27/05/2022;2022;5;5;0;472;1;1234;0;1707;0;136;0;272;0;0;430;1;734;1165;0,683
27/05/2022;2022;5;6;0;476;1;1233;0;1710;0;137;0;272;0;0;435;1;735;1170;0,684
27/05/2022;2022;5;7;0;399;3;1344;0;1747;0;112;1;295;0;0;357;2;797;1156;0,662
27/05/2022;2022;5;8;25;342;9;1552;0;1929;17;96;2;344;0;39;305;4;927;1275;0,661
27/05/2022;2022;5;9;16;391;14;1641;0;2063;11;109;3;369;0;25;347;6;995;1373;0,665
27/05/2022;2022;5;10;13;395;14;1669;0;2091;9;111;3;375;0;20;352;6;1011;1390;0,665
27/05/2022;2022;5;11;13;462;2;1497;0;1974;9;130;0;344;0;20;412;1;927;1359;0,689
27/05/2022;2022;5;12;24;405;1;1682;0;2112;16;118;0;380;0;37;373;1;1026;1437;0,680
27/05/2022;2022;5;13;23;402;3;1624;0;2053;15;117;4;368;0;36;371;7;992;1406;0,685
27/05/2022;2022;5;14;24;402;1;1657;0;2084;15;117;0;378;0;36;371;1;1020;1427;0,685
27/05/2022;2022;5;15;23;402;1;1588;0;2014;15;117;0;365;0;36;371;1;986;1393;0,691
27/05/2022;2022;5;16;23;402;1;1387;0;1814;15;117;0;317;0;35;371;1;856;1263;0,696
27/05/2022;2022;5;17;23;406;1;1370;0;1800;15;118;0;313;0;35;373;1;844;1254;0,697
27/05/2022;2022;5;18;23;381;7;1650;0;2061;15;108;2;404;0;36;343;4;1089;1471;0,714
27/05/2022;2022;5;19;24;415;17;1542;0;1997;15;116;4;362;0;36;367;7;977;1387;0,695
27/05/2022;2022;5;20;23;222;14;1847;0;2107;15;66;3;434;0;35;209;6;1170;1420;0,674
27/05/2022;2022;5;21;24;224;14;2160;0;2422;16;66;3;488;0;37;211;6;1316;1570;0,648
27/05/2022;2022;5;22;24;334;15;2030;0;2403;16;94;3;456;0;37;299;6;1230;1572;0,654
27/05/2022;2022;5;23;23;332;11;1724;0;2090;15;94;2;390;0;35;297;5;1052;1389;0,665
27/05/2022;2022;5;24;17;227;20;1696;0;1961;11;68;12;384;0;26;217;24;1035;1301;0,664
28/05/2022;2022;5;1;0;89;1134;557;0;1780;0;34;230;142;0;0;108;448;382;938;0,527
28/05/2022;2022;5;2;11;87;1030;545;0;1673;7;34;221;134;0;16;106;430;361;913;0,546
28/05/2022;2022;5;3;0;236;978;529;0;1743;0;76;207;125;0;0;241;404;336;981;0,563
28/05/2022;2022;5;4;0;237;976;493;0;1706;0;76;206;117;0;0;242;401;316;959;0,562
28/05/2022;2022;5;5;0;329;977;255;0;1560;0;103;206;61;0;0;326;401;166;893;0,572
28/05/2022;2022;5;6;0;329;974;262;0;1564;0;103;205;63;0;0;325;400;169;894;0,572
28/05/2022;2022;5;7;0;327;977;271;0;1575;0;102;206;64;0;0;324;401;174;899;0,571
28/05/2022;2022;5;8;0;326;996;301;0;1624;0;102;214;74;0;0;323;416;200;939;0,578
28/05/2022;2022;5;9;0;262;1092;289;0;1642;0;83;237;71;0;0;265;461;193;919;0,559
28/05/2022;2022;5;10;0;91;1072;690;0;1853;0;35;233;164;0;0;111;455;441;1007;0,543
28/05/2022;2022;5;11;0;91;1093;731;0;1915;0;35;235;186;0;0;110;459;501;1070;0,559
28/05/2022;2022;5;12;0;166;1261;483;0;1909;0;55;258;137;0;0;173;503;370;1046;0,548
28/05/2022;2022;5;13;0;166;1251;336;0;1753;0;54;266;98;0;0;172;518;265;955;0,545
28/05/2022;2022;5;14;0;165;1256;389;0;1811;0;54;274;108;0;0;171;535;292;998;0,551
28/05/2022;2022;5;15;0;163;1315;376;0;1854;0;53;287;105;0;0;168;559;283;1010;0,545
28/05/2022;2022;5;16;0;160;1318;360;0;1838;0;52;284;101;0;0;165;553;273;991;0,539
28/05/2022;2022;5;17;0;161;1318;191;0;1670;0;52;287;63;0;0;167;559;170;896;0,536
28/05/2022;2022;5;18;0;79;1308;451;0;1838;0;29;284;124;0;0;93;553;334;980;0,533
28/05/2022;2022;5;19;0;39;1619;185;0;1843;0;16;336;64;0;0;52;655;173;880;0,477
28/05/2022;2022;5;20;0;40;1836;92;0;1968;0;17;381;39;0;0;53;742;106;901;0,458
28/05/2022;2022;5;21;0;83;1768;197;0;2048;0;31;358;68;0;0;97;698;182;977;0,477
28/05/2022;2022;5;22;0;37;1763;190;0;1990;0;16;350;66;0;0;49;682;177;908;0,456
28/05/2022;2022;5;23;0;37;1721;163;0;1921;0;16;339;58;0;0;49;661;158;867;0,452
28/05/2022;2022;5;24;0;37;1560;208;0;1805;0;16;325;76;0;0;50;632;205;887;0,492
29/05/2022;2022;5;1;0;154;969;606;0;1728;0;50;215;142;0;0;157;420;384;960;0,556
29/05/2022;2022;5;2;0;154;917;559;0;1630;0;50;213;125;0;0;158;414;338;910;0,558
29/05/2022;2022;5;3;0;241;864;552;0;1658;0;74;203;124;0;0;234;395;334;963;0,581
29/05/2022;2022;5;4;11;237;899;335;0;1482;7;72;205;75;0;17;228;399;203;847;0,572
29/05/2022;2022;5;5;11;235;961;284;0;1491;7;71;206;65;0;16;225;401;174;816;0,548
29/05/2022;2022;5;6;11;232;963;285;0;1491;7;71;206;65;0;17;224;401;174;816;0,547
29/05/2022;2022;5;7;0;176;969;336;0;1481;0;59;207;76;0;0;189;403;205;796;0,537
29/05/2022;2022;5;8;17;146;969;339;0;1471;11;47;206;77;0;26;148;402;207;784;0,533
29/05/2022;2022;5;9;11;145;950;348;0;1455;7;47;206;80;0;16;148;401;217;782;0,537
29/05/2022;2022;5;10;28;144;970;581;0;1722;18;46;209;131;0;42;147;408;353;950;0,552
29/05/2022;2022;5;11;28;144;970;591;0;1733;18;46;207;134;0;43;147;404;360;954;0,550
29/05/2022;2022;5;12;0;146;971;613;0;1730;0;47;207;140;0;0;148;403;377;929;0,537
29/05/2022;2022;5;13;0;146;972;649;0;1767;0;47;207;150;0;0;148;403;404;955;0,540
29/05/2022;2022;5;14;17;144;970;620;0;1751;11;46;206;145;0;26;147;402;390;965;0,551
29/05/2022;2022;5;15;17;143;969;594;0;1723;11;46;207;135;0;26;146;403;364;938;0,544
29/05/2022;2022;5;16;28;143;975;541;0;1687;18;46;208;123;0;43;145;404;332;925;0,548
29/05/2022;2022;5;17;28;143;975;591;0;1737;18;46;208;134;0;43;145;405;361;953;0,549
29/05/2022;2022;5;18;30;73;977;602;0;1682;20;27;212;139;0;46;86;413;375;919;0,546
29/05/2022;2022;5;19;30;74;1281;510;0;1896;19;27;259;118;0;45;84;505;319;954;0,503
29/05/2022;2022;5;20;12;82;1362;595;0;2051;7;30;275;139;0;17;94;535;375;1022;0,498
29/05/2022;2022;5;21;0;91;1382;951;0;2424;0;32;302;217;0;0;103;588;585;1276;0,526
29/05/2022;2022;5;22;0;91;1357;728;0;2176;0;32;274;196;0;0;102;533;527;1163;0,535
29/05/2022;2022;5;23;0;102;1338;634;0;2074;0;37;270;188;0;0;117;527;506;1150;0,554
29/05/2022;2022;5;24;0;105;1145;859;0;2109;0;37;239;239;0;0;118;466;646;1230;0,583
30/05/2022;2022;5;1;33;113;154;1586;0;1886;21;40;40;381;0;49;128;78;1027;1282;0,680
30/05/2022;2022;5;2;32;447;33;1128;0;1640;21;130;19;251;0;48;412;37;677;1174;0,716
30/05/2022;2022;5;3;31;435;44;1192;0;1703;20;127;31;270;0;47;404;60;729;1240;0,728
30/05/2022;2022;5;4;31;186;44;1293;0;1555;20;61;31;307;0;47;192;60;827;1126;0,724
30/05/2022;2022;5;5;32;259;43;1254;0;1588;20;81;30;284;0;48;256;59;767;1129;0,711
30/05/2022;2022;5;6;32;185;172;1236;0;1624;20;60;85;281;0;48;191;166;758;1162;0,715
30/05/2022;2022;5;7;32;183;213;1451;0;1879;21;60;68;323;0;48;190;132;872;1242;0,661
30/05/2022;2022;5;8;32;190;225;1453;0;1900;20;61;67;320;0;48;195;130;863;1236;0,650
30/05/2022;2022;5;9;31;113;297;1527;0;1969;20;40;76;338;0;47;126;148;911;1232;0,626
30/05/2022;2022;5;10;31;113;339;1634;0;2118;20;40;80;361;0;47;126;157;973;1303;0,615
30/05/2022;2022;5;11;31;119;335;1637;0;2123;20;41;78;361;0;47;132;152;972;1303;0,614
30/05/2022;2022;5;12;31;119;334;1683;0;2166;20;41;78;391;0;47;131;152;1054;1384;0,639
30/05/2022;2022;5;13;31;119;332;1637;0;2118;20;41;77;379;0;47;131;150;1023;1351;0,638
30/05/2022;2022;5;14;31;122;329;1630;0;2112;20;43;79;373;0;47;137;155;1006;1345;0,637
30/05/2022;2022;5;15;31;161;308;1555;0;2055;20;53;68;362;0;47;169;133;977;1326;0,645
30/05/2022;2022;5;16;31;162;315;1566;0;2075;20;54;70;370;0;47;170;136;999;1351;0,651
30/05/2022;2022;5;17;31;106;318;1579;0;2035;20;36;69;374;0;47;113;135;1010;1305;0,641
30/05/2022;2022;5;18;31;219;318;1490;0;2059;20;70;73;374;0;47;222;143;1009;1421;0,690
30/05/2022;2022;5;19;33;238;309;1739;0;2320;21;77;71;493;0;48;245;138;1328;1759;0,758
30/05/2022;2022;5;20;0;92;315;1986;0;2393;0;35;72;562;0;0;110;140;1515;1765;0,738
30/05/2022;2022;5;21;0;143;368;1928;0;2440;0;50;86;546;0;0;157;168;1472;1798;0,737
30/05/2022;2022;5;22;0;253;373;1807;0;2433;0;83;88;513;0;0;265;171;1384;1819;0,748
30/05/2022;2022;5;23;12;257;391;1728;0;2388;8;84;92;484;0;18;265;179;1305;1768;0,740
30/05/2022;2022;5;24;12;258;305;1664;0;2239;8;84;84;457;0;18;266;164;1233;1682;0,751
31/05/2022;2022;5;1;32;404;37;1619;0;2093;21;124;13;403;0;48;394;26;1086;1554;0,743
31/05/2022;2022;5;2;27;483;40;1257;0;1807;18;143;14;295;0;43;453;28;795;1318;0,729
31/05/2022;2022;5;3;29;424;40;1246;0;1739;19;127;14;275;0;44;403;28;742;1216;0,699
31/05/2022;2022;5;4;31;382;40;1429;0;1882;20;120;14;317;0;47;380;28;856;1310;0,696
31/05/2022;2022;5;5;31;388;40;1381;0;1840;20;121;14;308;0;47;384;28;831;1290;0,701
31/05/2022;2022;5;6;30;397;41;1242;0;1709;19;123;14;275;0;45;391;28;742;1206;0,706
31/05/2022;2022;5;7;30;359;40;1388;0;1817;20;112;14;302;0;46;355;28;814;1243;0,684
31/05/2022;2022;5;8;29;445;41;1476;0;1991;19;136;14;331;0;44;432;28;893;1397;0,702
31/05/2022;2022;5;9;29;449;41;1633;0;2151;19;137;14;377;0;44;434;28;1017;1523;0,708
31/05/2022;2022;5;10;29;369;38;1730;0;2166;19;115;14;403;0;44;366;26;1087;1523;0,703
31/05/2022;2022;5;11;29;279;38;1846;0;2192;19;93;13;438;0;45;296;26;1181;1548;0,706
31/05/2022;2022;5;12;29;253;38;1876;0;2195;19;82;13;448;0;44;260;26;1209;1539;0,701
31/05/2022;2022;5;13;29;253;38;2004;0;2323;19;82;13;480;0;44;259;26;1295;1624;0,699
31/05/2022;2022;5;14;31;177;38;1983;0;2228;20;57;13;469;0;47;181;26;1265;1519;0,681
31/05/2022;2022;5;15;31;274;45;1842;0;2192;20;84;15;431;0;47;268;29;1164;1507;0,687
31/05/2022;2022;5;16;31;312;41;1801;0;2185;20;96;14;423;0;47;306;28;1141;1522;0,696
31/05/2022;2022;5;17;31;283;30;1796;0;2141;20;90;10;420;0;47;287;20;1133;1487;0,694
31/05/2022;2022;5;18;31;187;26;1870;0;2114;20;60;9;497;0;47;192;18;1340;1597;0,755
31/05/2022;2022;5;19;31;190;37;2219;0;2477;20;64;17;593;0;47;202;34;1598;1881;0,759
31/05/2022;2022;5;20;29;194;26;2239;0;2488;19;64;9;621;0;45;202;18;1676;1941;0,780
31/05/2022;2022;5;21;32;198;24;2405;0;2658;21;65;9;657;0;48;206;17;1772;2043;0,769
31/05/2022;2022;5;22;12;208;32;2352;0;2605;8;69;12;664;0;18;220;22;1790;2050;0,787
31/05/2022;2022;5;23;33;207;23;2209;0;2472;20;69;8;614;0;48;218;16;1657;1939;0,784
31/05/2022;2022;5;24;30;196;13;1955;0;2193;19;64;4;527;0;44;204;9;1421;1677;0,765
01/06/2022;2022;6;1;0;192;1176;675;0;2043;0;65;262;199;0;0;205;510;536;1251;0,612
01/06/2022;2022;6;2;27;165;1038;697;0;1927;17;57;227;188;0;41;182;442;507;1171;0,608
01/06/2022;2022;6;3;28;164;1021;531;0;1744;18;57;225;128;0;42;181;438;344;1005;0,576
01/06/2022;2022;6;4;27;165;1018;515;0;1725;17;57;227;121;0;41;182;442;326;990;0,574
01/06/2022;2022;6;5;28;253;1018;425;0;1724;18;82;224;99;0;42;261;437;267;1007;0,584
01/06/2022;2022;6;6;28;165;1019;531;0;1742;18;57;224;122;0;42;181;437;329;989;0,568
01/06/2022;2022;6;7;31;177;1033;682;0;1923;20;60;228;174;0;46;191;444;468;1150;0,598
01/06/2022;2022;6;8;29;200;1034;914;0;2176;18;67;227;277;0;43;212;441;747;1443;0,663
01/06/2022;2022;6;9;0;81;1035;988;0;2104;0;30;227;294;0;0;96;443;793;1331;0,633
01/06/2022;2022;6;10;0;82;1008;1065;0;2155;0;30;219;313;0;0;97;426;844;1367;0,634
01/06/2022;2022;6;11;0;63;912;1382;0;2357;0;21;198;398;0;0;67;385;1072;1525;0,647
01/06/2022;2022;6;12;0;63;763;1384;0;2210;0;21;174;399;0;0;67;338;1076;1481;0,670
01/06/2022;2022;6;13;0;66;676;1381;0;2123;0;22;152;400;0;0;70;296;1079;1445;0,681
01/06/2022;2022;6;14;0;83;678;1324;0;2085;0;28;151;388;0;0;88;293;1046;1427;0,685
01/06/2022;2022;6;15;0;201;684;1370;0;2255;0;64;151;395;0;0;204;295;1066;1565;0,694
01/06/2022;2022;6;16;0;204;687;1194;0;2085;0;65;152;356;0;0;206;296;960;1462;0,701
01/06/2022;2022;6;17;0;212;789;1226;0;2227;0;67;201;366;0;0;213;391;987;1590;0,714
01/06/2022;2022;6;18;0;99;728;1234;0;2061;0;34;165;383;0;0;108;321;1034;1462;0,709
01/06/2022;2022;6;19;0;60;793;1506;0;2360;0;20;168;446;0;0;65;328;1204;1597;0,677
01/06/2022;2022;6;20;0;63;962;1347;0;2372;0;21;198;402;0;0;67;385;1085;1537;0,648
01/06/2022;2022;6;21;0;63;976;1387;0;2426;0;21;202;413;0;0;68;393;1114;1575;0,649
01/06/2022;2022;6;22;0;63;992;1454;0;2509;0;21;214;432;0;0;67;417;1166;1651;0,658
01/06/2022;2022;6;23;0;63;924;1442;0;2429;0;21;205;428;0;0;67;399;1155;1621;0,667
01/06/2022;2022;6;24;0;81;991;1098;0;2170;0;27;210;349;0;0;87;410;941;1438;0,663
02/06/2022;2022;6;1;0;42;1780;296;0;2118;0;14;357;109;0;0;44;696;295;1035;0,489
02/06/2022;2022;6;2;0;90;1502;198;0;1791;0;31;310;63;0;0;98;605;170;873;0,487
02/06/2022;2022;6;3;0;127;1490;132;0;1750;0;43;305;43;0;0;138;594;116;848;0,484
02/06/2022;2022;6;4;0;126;1497;106;0;1729;0;43;306;35;0;0;137;597;93;827;0,478
02/06/2022;2022;6;5;0;68;1498;157;0;1723;0;24;306;51;0;0;75;597;138;809;0,470
02/06/2022;2022;6;6;0;151;1489;130;0;1770;0;50;305;42;0;0;158;593;113;865;0,489
02/06/2022;2022;6;7;0;79;1719;239;0;2037;0;27;337;87;0;0;87;656;234;977;0,480
02/06/2022;2022;6;8;0;58;1841;466;0;2365;0;20;366;149;0;0;63;712;403;1178;0,498
02/06/2022;2022;6;9;0;42;1853;299;0;2195;0;14;367;105;0;0;45;716;283;1043;0,475
02/06/2022;2022;6;10;0;42;1846;325;0;2212;0;14;370;114;0;0;44;721;308;1073;0,485
02/06/2022;2022;6;11;0;103;1650;650;0;2404;0;36;343;200;0;0;113;667;540;1321;0,549
02/06/2022;2022;6;12;0;107;1648;652;0;2406;0;37;346;201;0;0;117;674;541;1332;0,554
02/06/2022;2022;6;13;0;107;1658;323;0;2087;0;37;351;113;0;0;117;684;304;1105;0,529
02/06/2022;2022;6;14;0;62;1653;322;0;2037;0;21;349;111;0;0;67;680;300;1047;0,514
02/06/2022;2022;6;15;0;61;1642;521;0;2224;0;21;343;168;0;0;67;669;453;1189;0,535
02/06/2022;2022;6;16;0;63;1652;460;0;2175;0;22;344;156;0;0;69;670;421;1159;0,533
02/06/2022;2022;6;17;0;61;1629;465;0;2155;0;21;335;157;0;0;67;653;424;1144;0,531
02/06/2022;2022;6;18;0;63;1696;638;0;2397;0;22;346;214;0;0;69;673;578;1320;0,551
02/06/2022;2022;6;19;0;63;1523;741;0;2326;0;22;309;237;0;0;69;602;639;1309;0,563
02/06/2022;2022;6;20;0;63;1843;525;0;2431;0;22;370;183;0;0;69;721;494;1284;0,528
02/06/2022;2022;6;21;0;84;1854;497;0;2434;0;29;373;166;0;0;92;726;448;1265;0,520
02/06/2022;2022;6;22;0;84;1852;477;0;2413;0;29;373;158;0;0;92;726;426;1244;0,516
02/06/2022;2022;6;23;0;63;1852;522;0;2437;0;22;373;176;0;0;69;727;476;1271;0,521
02/06/2022;2022;6;24;0;57;1412;749;0;2217;0;20;295;251;0;0;62;575;677;1315;0,593
03/06/2022;2022;6;1;0;160;1428;578;0;2166;0;51;302;166;0;0;161;588;447;1197;0,553
03/06/2022;2022;6;2;0;156;1405;387;0;1948;0;50;310;105;0;0;157;604;284;1045;0,537
03/06/2022;2022;6;3;0;144;1282;363;0;1790;0;47;276;86;0;0;150;538;233;921;0,515
03/06/2022;2022;6;4;0;179;1316;214;0;1708;0;57;293;52;0;0;181;572;141;894;0,523
03/06/2022;2022;6;5;0;137;1342;213;0;1692;0;45;298;52;0;0;143;581;141;865;0,511
03/06/2022;2022;6;6;0;160;1387;334;0;1880;0;52;304;84;0;0;166;592;227;986;0,524
03/06/2022;2022;6;7;0;100;1650;324;0;2074;0;34;335;82;0;0;106;652;221;980;0,472
03/06/2022;2022;6;8;0;66;1835;82;0;1983;0;23;374;28;0;0;73;729;77;879;0,444
03/06/2022;2022;6;9;0;63;1883;104;0;2049;0;22;381;35;0;0;69;743;94;906;0,442
03/06/2022;2022;6;10;0;31;1862;241;0;2134;0;11;378;83;0;0;34;737;223;994;0,466
03/06/2022;2022;6;11;0;21;1818;444;0;2283;0;7;371;136;0;0;23;722;368;1113;0,488
03/06/2022;2022;6;12;0;21;1831;474;0;2325;0;7;365;145;0;0;23;710;391;1124;0,483
03/06/2022;2022;6;13;0;21;1827;459;0;2307;0;7;364;140;0;0;23;709;377;1109;0,481
03/06/2022;2022;6;14;0;21;1567;450;0;2038;0;7;324;137;0;0;23;631;371;1024;0,502
03/06/2022;2022;6;15;0;20;1608;426;0;2055;0;7;332;131;0;0;23;647;352;1022;0,498
03/06/2022;2022;6;16;0;20;1720;423;0;2163;0;7;357;132;0;0;23;696;356;1075;0,497
03/06/2022;2022;6;17;0;20;1494;444;0;1958;0;7;312;143;0;0;22;608;385;1015;0,519
03/06/2022;2022;6;18;0;20;1451;928;0;2399;0;7;299;286;0;0;22;583;771;1376;0,574
03/06/2022;2022;6;19;0;21;1617;748;0;2386;0;7;331;223;0;0;23;644;601;1268;0,531
03/06/2022;2022;6;20;0;21;1672;814;0;2507;0;7;340;242;0;0;23;663;653;1339;0,534
03/06/2022;2022;6;21;0;0;1764;817;0;2582;0;0;357;257;0;0;0;696;692;1389;0,538
03/06/2022;2022;6;22;0;0;1880;829;0;2709;0;0;377;261;0;0;0;735;703;1438;0,531
03/06/2022;2022;6;23;0;50;1960;477;0;2487;0;17;389;154;0;0;55;757;415;1227;0,493
03/06/2022;2022;6;24;0;50;1923;320;0;2293;0;17;385;108;0;0;55;750;292;1098;0,479
04/06/2022;2022;6;1;0;50;1974;175;0;2199;0;17;427;60;0;0;55;831;163;1049;0,477
04/06/2022;2022;6;2;0;26;1805;23;0;1854;0;10;383;7;0;0;33;746;18;797;0,430
04/06/2022;2022;6;3;0;252;1361;237;0;1851;0;80;283;58;0;0;255;551;157;963;0,520
04/06/2022;2022;6;4;0;238;1338;236;0;1812;0;77;276;58;0;0;244;537;156;938;0,518
04/06/2022;2022;6;5;0;239;1334;236;0;1808;0;77;275;58;0;0;245;535;156;936;0,518
04/06/2022;2022;6;6;0;239;1345;236;0;1820;0;77;277;58;0;0;245;540;156;940;0,517
04/06/2022;2022;6;7;0;196;1508;33;0;1736;0;64;291;9;0;0;202;568;25;795;0,458
04/06/2022;2022;6;8;0;52;1718;21;0;1790;0;19;333;6;0;0;60;648;17;725;0,405
04/06/2022;2022;6;9;0;52;1735;17;0;1804;0;19;334;5;0;0;60;651;14;725;0,402
04/06/2022;2022;6;10;0;258;1718;18;0;1994;0;78;329;5;0;0;248;640;13;901;0,452
04/06/2022;2022;6;11;0;270;1734;49;0;2053;0;82;338;15;0;0;259;658;42;958;0,467
04/06/2022;2022;6;12;0;255;1633;48;0;1936;0;77;331;15;0;0;245;645;41;931;0,481
04/06/2022;2022;6;13;0;251;1520;252;0;2022;0;76;302;60;0;0;241;589;161;991;0,490
04/06/2022;2022;6;14;0;253;1524;29;0;1806;0;77;300;8;0;0;243;584;21;848;0,470
04/06/2022;2022;6;15;0;265;1527;50;0;1842;0;80;300;14;0;0;254;584;37;875;0,475
04/06/2022;2022;6;16;0;20;1683;37;0;1740;0;7;324;10;0;0;22;630;28;680;0,391
04/06/2022;2022;6;17;0;19;1708;21;0;1748;0;7;332;6;0;0;22;648;16;685;0,392
04/06/2022;2022;6;18;0;20;1708;43;0;1770;0;7;332;16;0;0;22;647;44;712;0,402
04/06/2022;2022;6;19;0;50;1739;156;0;1945;0;17;359;60;0;0;55;699;163;917;0,471
04/06/2022;2022;6;20;0;20;1383;830;0;2233;0;7;275;254;0;0;22;535;686;1244;0,557
04/06/2022;2022;6;21;0;20;1386;920;0;2326;0;7;275;266;0;0;22;537;718;1277;0,549
04/06/2022;2022;6;22;0;20;1391;692;0;2103;0;7;276;201;0;0;22;538;543;1104;0,525
04/06/2022;2022;6;23;0;20;1393;656;0;2070;0;7;277;192;0;0;22;539;518;1080;0,522
04/06/2022;2022;6;24;0;20;1316;850;0;2186;0;7;260;242;0;0;22;506;652;1180;0,540
05/06/2022;2022;6;1;0;16;1353;480;0;1849;0;6;304;138;0;0;19;592;373;984;0,533
05/06/2022;2022;6;2;0;53;1539;315;0;1907;0;19;310;97;0;0;61;604;262;928;0,486
05/06/2022;2022;6;3;0;175;1317;373;0;1865;0;56;266;84;0;0;179;519;227;925;0,496
05/06/2022;2022;6;4;0;174;1242;275;0;1691;0;56;250;64;0;0;178;488;172;838;0,495
05/06/2022;2022;6;5;0;259;1135;247;0;1641;0;81;231;57;0;0;256;450;154;859;0,524
05/06/2022;2022;6;6;0;262;1018;247;0;1526;0;81;213;57;0;0;258;415;153;826;0,541
05/06/2022;2022;6;7;0;261;1030;297;0;1588;0;82;218;68;0;0;259;424;183;866;0,545
05/06/2022;2022;6;8;0;177;1346;15;0;1537;0;57;273;4;0;0;181;532;12;725;0,472
05/06/2022;2022;6;9;0;22;1472;12;0;1507;0;8;300;4;0;0;27;584;10;621;0,412
05/06/2022;2022;6;10;0;81;1474;24;0;1579;0;28;304;7;0;0;89;592;18;699;0,443
05/06/2022;2022;6;11;0;177;1450;47;0;1675;0;57;297;13;0;0;182;579;35;795;0,475
05/06/2022;2022;6;12;0;186;1445;269;0;1899;0;60;296;62;0;0;189;576;168;933;0,491
05/06/2022;2022;6;13;0;170;1288;255;0;1713;0;54;270;59;0;0;171;526;160;857;0,500
05/06/2022;2022;6;14;20;173;1072;363;0;1627;13;55;230;82;0;31;174;449;222;876;0,538
05/06/2022;2022;6;15;20;172;1045;408;0;1645;14;55;225;91;0;32;174;438;246;889;0,540
05/06/2022;2022;6;16;20;172;1029;403;0;1624;14;55;222;90;0;32;173;433;243;881;0,542
05/06/2022;2022;6;17;20;174;1155;282;0;1631;14;55;244;64;0;32;176;476;172;855;0,524
05/06/2022;2022;6;18;0;180;1426;43;0;1648;0;57;290;16;0;0;180;566;43;789;0,479
05/06/2022;2022;6;19;0;52;1472;299;0;1822;0;18;304;107;0;0;56;592;287;936;0,513
05/06/2022;2022;6;20;0;20;1483;763;0;2267;0;7;305;225;0;0;22;595;607;1224;0,540
05/06/2022;2022;6;21;0;0;1185;877;0;2062;0;0;254;250;0;0;0;495;675;1170;0,568
05/06/2022;2022;6;22;0;20;1244;802;0;2067;0;7;260;231;0;0;22;507;623;1152;0,557
05/06/2022;2022;6;23;0;20;1901;169;0;2090;0;7;388;61;0;0;22;756;165;943;0,451
05/06/2022;2022;6;24;0;20;1860;31;0;1911;0;7;386;13;0;0;22;752;36;809;0,423
06/06/2022;2022;6;1;0;16;1748;15;0;1780;0;6;375;5;0;0;19;730;12;762;0,428
06/06/2022;2022;6;2;0;22;1582;14;0;1618;0;8;332;4;0;0;26;647;11;685;0,423
06/06/2022;2022;6;3;0;45;1510;9;0;1564;0;16;316;3;0;0;51;616;7;674;0,431
06/06/2022;2022;6;4;0;111;1434;8;0;1553;0;37;305;2;0;0;118;594;6;719;0,463
06/06/2022;2022;6;5;0;167;1375;8;0;1549;0;55;292;2;0;0;174;569;6;749;0,484
06/06/2022;2022;6;6;0;242;1193;144;0;1580;0;78;250;35;0;0;249;487;93;829;0,525
06/06/2022;2022;6;7;0;268;1104;398;0;1769;0;85;217;92;0;0;269;423;249;941;0,532
06/06/2022;2022;6;8;0;239;1216;550;0;2006;0;74;235;122;0;0;236;457;330;1023;0,510
06/06/2022;2022;6;9;0;249;1358;307;0;1914;0;77;261;71;0;0;245;508;192;945;0,493
06/06/2022;2022;6;10;0;164;1543;358;0;2065;0;53;300;89;0;0;168;584;239;991;0,480
06/06/2022;2022;6;11;0;135;1775;135;0;2045;0;50;358;44;0;0;159;698;119;976;0,477
06/06/2022;2022;6;12;0;39;1891;90;0;2020;0;13;392;31;0;0;42;763;85;890;0,441
06/06/2022;2022;6;13;0;18;1876;75;0;1969;0;7;388;27;0;0;21;756;74;851;0,432
06/06/2022;2022;6;14;0;20;1865;68;0;1953;0;7;387;26;0;0;22;755;69;846;0,433
06/06/2022;2022;6;15;0;21;1799;39;0;1858;0;7;367;18;0;0;23;716;48;787;0,423
06/06/2022;2022;6;16;0;70;1673;56;0;1799;0;23;339;22;0;0;74;660;60;794;0,441
06/06/2022;2022;6;17;0;70;1612;89;0;1771;0;23;325;28;0;0;74;634;75;783;0,442
06/06/2022;2022;6;18;0;139;1644;76;0;1859;0;45;328;25;0;0;141;640;68;849;0,457
06/06/2022;2022;6;19;0;22;1732;433;0;2187;0;8;347;144;0;0;24;676;389;1090;0,498
06/06/2022;2022;6;20;0;21;1561;631;0;2213;0;7;336;190;0;0;23;654;512;1188;0,537
06/06/2022;2022;6;21;0;21;1618;700;0;2339;0;7;348;204;0;0;23;678;549;1250;0,534
06/06/2022;2022;6;22;0;0;1888;386;0;2274;0;0;401;118;0;0;0;780;319;1099;0,483
06/06/2022;2022;6;23;0;21;1858;460;0;2339;0;7;393;140;0;0;23;766;378;1168;0,499
06/06/2022;2022;6;24;0;21;1687;382;0;2090;0;7;350;110;0;0;23;682;297;1002;0,479
07/06/2022;2022;6;1;0;142;1252;569;0;1963;0;45;258;144;0;0;143;502;387;1033;0,526
07/06/2022;2022;6;2;0;110;1194;445;0;1750;0;37;245;107;0;0;117;478;289;883;0,505
07/06/2022;2022;6;3;0;141;1193;354;0;1688;0;47;258;85;0;0;148;503;230;880;0,521
07/06/2022;2022;6;4;0;143;1213;346;0;1702;0;47;265;83;0;0;149;516;223;888;0,522
07/06/2022;2022;6;5;0;142;1212;403;0;1758;0;47;265;97;0;0;149;516;263;927;0,527
07/06/2022;2022;6;6;0;142;1234;400;0;1777;0;47;268;92;0;0;149;521;248;918;0,517
07/06/2022;2022;6;7;0;154;1496;137;0;1788;0;50;306;32;0;0;159;595;87;842;0,471
07/06/2022;2022;6;8;0;138;1656;172;0;1966;0;44;335;40;0;0;140;653;107;900;0,458
07/06/2022;2022;6;9;0;152;1788;51;0;1992;0;48;361;19;0;0;153;703;50;906;0,455
07/06/2022;2022;6;10;0;85;1780;162;0;2026;0;27;360;47;0;0;87;701;128;915;0,452
07/06/2022;2022;6;11;0;32;1794;223;0;2049;0;11;368;68;0;0;35;717;185;937;0,457
07/06/2022;2022;6;12;0;30;1700;310;0;2040;0;11;344;93;0;0;33;671;251;955;0,468
07/06/2022;2022;6;13;0;30;1687;278;0;1994;0;10;342;83;0;0;33;666;223;923;0,463
07/06/2022;2022;6;14;0;68;1674;194;0;1936;0;23;338;60;0;0;72;659;162;893;0,461
07/06/2022;2022;6;15;0;136;1520;279;0;1935;0;43;312;69;0;0;138;609;185;932;0,481
07/06/2022;2022;6;16;0;137;1594;280;0;2010;0;44;328;69;0;0;138;640;185;963;0,479
07/06/2022;2022;6;17;0;68;1622;292;0;1983;0;23;342;73;0;0;72;667;197;935;0,472
07/06/2022;2022;6;18;0;68;1767;100;0;1935;0;23;366;31;0;0;72;713;84;870;0,449
07/06/2022;2022;6;19;0;23;1862;567;0;2452;0;9;383;173;0;0;28;746;466;1240;0,506
07/06/2022;2022;6;20;0;15;1984;343;0;2342;0;6;408;100;0;0;18;796;269;1082;0,462
07/06/2022;2022;6;21;0;18;2004;351;0;2373;0;7;411;103;0;0;21;800;279;1100;0,463
07/06/2022;2022;6;22;0;0;2002;351;0;2353;0;0;411;103;0;0;0;801;279;1079;0,459
07/06/2022;2022;6;23;0;18;2007;347;0;2372;0;6;429;102;0;0;20;835;275;1131;0,477
07/06/2022;2022;6;24;0;14;1541;580;0;2136;0;5;353;170;0;0;17;688;458;1163;0,545
08/06/2022;2022;6;1;0;14;1873;102;0;1989;0;5;387;32;0;0;17;754;86;857;0,431
08/06/2022;2022;6;2;0;23;1819;36;0;1878;0;9;370;10;0;0;27;721;27;776;0,413
08/06/2022;2022;6;3;0;23;1812;16;0;1851;0;9;369;6;0;0;27;720;17;764;0,413
08/06/2022;2022;6;4;0;23;1788;0;0;1811;0;9;365;0;0;0;27;711;0;739;0,408
08/06/2022;2022;6;5;0;23;1794;0;0;1817;0;9;366;0;0;0;27;713;0;740;0,408
08/06/2022;2022;6;6;0;23;1789;0;0;1813;0;9;365;0;0;0;28;712;0;740;0,408
08/06/2022;2022;6;7;0;28;1850;3;0;1881;0;10;377;6;0;0;31;735;15;782;0,416
08/06/2022;2022;6;8;0;20;2016;90;0;2126;0;7;406;34;0;0;22;791;92;905;0,426
08/06/2022;2022;6;9;0;21;2073;124;0;2218;0;7;417;43;0;0;23;811;115;950;0,428
08/06/2022;2022;6;10;0;21;2106;131;0;2258;0;7;425;48;0;0;23;828;129;980;0,434
08/06/2022;2022;6;11;0;21;2109;115;0;2245;0;7;423;39;0;0;23;825;106;954;0,425
08/06/2022;2022;6;12;0;21;2096;125;0;2242;0;7;421;43;0;0;23;820;116;959;0,428
08/06/2022;2022;6;13;0;21;2082;132;0;2235;0;7;420;42;0;0;23;819;113;955;0,427
08/06/2022;2022;6;14;0;21;1989;71;0;2081;0;7;405;26;0;0;23;788;71;882;0,424
08/06/2022;2022;6;15;0;17;1914;68;0;1999;0;6;392;21;0;0;20;763;55;838;0,419
08/06/2022;2022;6;16;0;15;1861;44;0;1920;0;6;384;13;0;0;18;748;35;801;0,417
08/06/2022;2022;6;17;0;30;1859;74;0;1964;0;16;386;22;0;0;51;751;60;862;0,439
08/06/2022;2022;6;18;0;18;1879;217;0;2114;0;7;391;69;0;0;21;761;187;969;0,458
08/06/2022;2022;6;19;0;0;1617;469;0;2086;0;0;342;153;0;0;0;667;413;1080;0,518
08/06/2022;2022;6;20;0;21;1716;680;0;2416;0;7;361;197;0;0;23;703;532;1258;0,520
08/06/2022;2022;6;21;0;21;1794;471;0;2286;0;7;373;138;0;0;23;727;372;1122;0,491
08/06/2022;2022;6;22;0;21;1806;450;0;2276;0;7;376;132;0;0;23;732;356;1111;0,488
08/06/2022;2022;6;23;0;0;1753;491;0;2244;0;0;367;149;0;0;0;714;403;1117;0,498
08/06/2022;2022;6;24;0;15;2054;152;0;2221;0;6;420;53;0;0;18;819;144;981;0,441
09/06/2022;2022;6;1;0;166;1269;426;0;1860;0;53;258;97;0;0;167;502;262;931;0,500
09/06/2022;2022;6;2;0;143;1213;350;0;1706;0;47;244;82;0;0;149;475;222;847;0,496
09/06/2022;2022;6;3;0;143;1210;416;0;1769;0;47;242;99;0;0;149;471;266;886;0,501
09/06/2022;2022;6;4;0;143;1209;415;0;1767;0;47;242;99;0;0;149;471;266;886;0,501
09/06/2022;2022;6;5;0;142;1215;412;0;1769;0;47;243;98;0;0;148;473;266;887;0,501
09/06/2022;2022;6;6;0;142;1154;349;0;1645;0;47;254;84;0;0;149;495;228;872;0,530
09/06/2022;2022;6;7;22;144;926;618;0;1711;15;48;190;142;0;35;152;371;384;941;0,550
09/06/2022;2022;6;8;22;176;922;794;0;1914;15;57;182;183;0;34;181;355;492;1062;0,555
09/06/2022;2022;6;9;22;225;940;820;0;2007;15;70;186;195;0;34;221;362;526;1142;0,569
09/06/2022;2022;6;10;22;231;937;887;0;2078;15;71;185;217;0;34;226;361;584;1205;0,580
09/06/2022;2022;6;11;22;234;937;918;0;2111;15;72;185;222;0;34;228;360;599;1221;0,578
09/06/2022;2022;6;12;0;255;924;927;0;2106;0;78;182;223;0;0;246;355;601;1202;0,571
09/06/2022;2022;6;13;0;262;826;924;0;2012;0;79;168;224;0;0;252;327;603;1182;0,587
09/06/2022;2022;6;14;0;258;831;944;0;2033;0;78;169;227;0;0;249;329;612;1190;0,586
09/06/2022;2022;6;15;0;196;843;874;0;1913;0;63;171;209;0;0;199;334;564;1097;0,573
09/06/2022;2022;6;16;0;183;828;996;0;2008;0;59;166;236;0;0;187;324;637;1147;0,572
09/06/2022;2022;6;17;0;185;834;999;0;2017;0;60;167;242;0;0;189;325;652;1166;0,578
09/06/2022;2022;6;18;0;207;833;931;0;1971;0;65;167;225;0;0;208;325;606;1139;0,578
09/06/2022;2022;6;19;0;253;828;997;0;2078;0;77;166;250;0;0;245;323;675;1243;0,598
09/06/2022;2022;6;20;0;265;867;1122;0;2254;0;80;171;278;0;0;254;333;749;1336;0,593
09/06/2022;2022;6;21;0;264;895;1307;0;2466;0;80;176;318;0;0;254;342;858;1454;0,589
09/06/2022;2022;6;22;0;264;897;1348;0;2509;0;80;176;327;0;0;253;343;883;1479;0,590
09/06/2022;2022;6;23;0;263;895;1273;0;2431;0;80;176;311;0;0;253;343;839;1435;0,590
09/06/2022;2022;6;24;0;264;895;1053;0;2212;0;80;176;252;0;0;255;343;679;1276;0,577
10/06/2022;2022;6;1;0;350;248;1408;0;2005;0;106;63;320;0;0;337;124;863;1324;0,660
10/06/2022;2022;6;2;0;266;49;1430;0;1745;0;87;11;323;0;0;276;22;872;1170;0,670
10/06/2022;2022;6;3;19;230;3;1563;0;1814;13;80;1;355;0;30;254;2;956;1242;0,685
10/06/2022;2022;6;4;19;319;3;1332;0;1674;13;101;1;303;0;31;320;2;816;1170;0,699
10/06/2022;2022;6;5;19;318;3;1334;0;1675;13;101;1;303;0;31;320;2;817;1170;0,699
10/06/2022;2022;6;6;19;319;3;1451;0;1792;13;101;1;328;0;30;320;2;884;1237;0,690
10/06/2022;2022;6;7;19;238;9;1532;0;1798;13;77;8;350;0;30;245;16;944;1236;0,687
10/06/2022;2022;6;8;24;232;4;1795;0;2055;15;74;1;404;0;36;233;2;1090;1361;0,663
10/06/2022;2022;6;9;24;277;4;1951;0;2255;15;88;1;458;0;36;278;2;1236;1553;0,688
10/06/2022;2022;6;10;0;276;4;1846;0;2126;0;87;1;477;0;0;277;2;1286;1566;0,736
10/06/2022;2022;6;11;0;279;4;1943;0;2226;0;87;1;513;0;0;276;2;1383;1662;0,747
10/06/2022;2022;6;12;0;177;4;1932;0;2112;0;58;1;508;0;0;184;2;1371;1558;0,737
10/06/2022;2022;6;13;0;283;4;1815;0;2102;0;88;1;485;0;0;279;2;1309;1591;0,757
10/06/2022;2022;6;14;0;288;4;1978;0;2269;0;89;1;519;0;0;283;2;1401;1686;0,743
10/06/2022;2022;6;15;0;374;4;1687;0;2065;0;113;1;457;0;0;358;2;1233;1593;0,772
10/06/2022;2022;6;16;0;369;4;1831;0;2204;0;112;1;486;0;0;354;2;1311;1667;0,757
10/06/2022;2022;6;17;0;371;4;1597;0;1972;0;113;1;436;0;0;357;2;1175;1534;0,778
10/06/2022;2022;6;18;0;190;4;1829;0;2023;0;62;1;499;0;0;197;2;1347;1546;0,764
10/06/2022;2022;6;19;0;199;5;2059;0;2263;0;65;2;554;0;0;205;3;1493;1701;0,752
10/06/2022;2022;6;20;0;265;5;2349;0;2619;0;82;2;625;0;0;259;3;1686;1948;0,744
10/06/2022;2022;6;21;0;374;4;2068;0;2445;0;112;1;561;0;0;356;2;1512;1870;0,765
10/06/2022;2022;6;22;0;388;4;2065;0;2457;0;116;1;564;0;0;369;2;1522;1894;0,771
10/06/2022;2022;6;23;0;385;5;2038;0;2427;0;116;2;553;0;0;367;3;1491;1861;0,767
10/06/2022;2022;6;24;0;382;4;1802;0;2188;0;115;1;455;0;0;364;3;1228;1596;0,729
11/06/2022;2022;6;1;0;364;1;1636;0;2001;0;108;0;372;0;0;342;1;1003;1346;0,673
11/06/2022;2022;6;2;23;162;1;1837;0;2024;15;53;0;414;0;36;169;1;1117;1323;0,654
11/06/2022;2022;6;3;43;243;1;1520;0;1807;28;76;0;342;0;65;242;1;922;1230;0,680
11/06/2022;2022;6;4;23;313;1;1526;0;1863;15;97;0;341;0;35;308;1;921;1264;0,679
11/06/2022;2022;6;5;0;309;1;1514;0;1823;0;96;0;340;0;0;305;1;917;1222;0,670
11/06/2022;2022;6;6;0;230;1;1510;0;1741;0;74;0;340;0;0;233;1;917;1151;0,661
11/06/2022;2022;6;7;23;152;3;1570;0;1747;15;51;1;350;0;35;162;2;943;1142;0,653
11/06/2022;2022;6;8;44;299;1;1442;0;1786;28;89;0;341;0;66;284;1;920;1270;0,711
11/06/2022;2022;6;9;44;340;7;1718;0;2109;29;101;3;389;0;67;322;5;1049;1443;0,684
11/06/2022;2022;6;10;0;371;1;1581;0;1953;0;110;0;368;0;0;349;1;992;1342;0,687
11/06/2022;2022;6;11;0;385;8;1604;0;1996;0;114;5;386;0;0;362;9;1041;1412;0,707
11/06/2022;2022;6;12;0;383;1;1619;0;2003;0;114;0;394;0;0;360;1;1064;1425;0,711
11/06/2022;2022;6;13;0;386;10;1805;0;2200;0;114;3;422;0;0;362;7;1139;1508;0,685
11/06/2022;2022;6;14;0;385;1;1490;0;1875;0;114;0;349;0;0;361;1;941;1303;0,695
11/06/2022;2022;6;15;0;380;1;1456;0;1837;0;112;0;340;0;0;356;1;916;1273;0,693
11/06/2022;2022;6;16;0;382;1;1408;0;1791;0;118;0;331;0;0;373;1;893;1267;0,708
11/06/2022;2022;6;17;0;379;1;1409;0;1789;0;112;0;329;0;0;355;1;887;1243;0,695
11/06/2022;2022;6;18;0;387;1;1365;0;1753;0;114;0;336;0;0;363;1;906;1269;0,724
11/06/2022;2022;6;19;0;389;1;1574;0;1963;0;115;0;418;0;0;366;1;1127;1493;0,760
11/06/2022;2022;6;20;0;390;1;1777;0;2168;0;116;0;471;0;0;367;1;1270;1637;0,755
11/06/2022;2022;6;21;0;389;1;1850;0;2240;0;115;0;491;0;0;366;1;1324;1691;0,755
11/06/2022;2022;6;22;0;388;1;1863;0;2251;0;115;0;488;0;0;365;1;1315;1681;0,747
11/06/2022;2022;6;23;0;382;1;1782;0;2165;0;113;0;459;0;0;360;1;1239;1600;0,739
11/06/2022;2022;6;24;0;275;1;1732;0;2008;0;84;0;447;0;0;267;1;1206;1474;0,734
12/06/2022;2022;6;1;0;276;315;1336;0;1927;0;86;68;339;0;0;273;133;915;1322;0,686
12/06/2022;2022;6;2;0;432;264;1267;0;1963;0;127;56;294;0;0;404;108;792;1304;0,665
12/06/2022;2022;6;3;23;185;214;1411;0;1834;15;61;44;315;0;35;194;86;849;1164;0,635
12/06/2022;2022;6;4;0;345;204;1144;0;1693;0;108;43;255;0;0;344;83;689;1116;0,659
12/06/2022;2022;6;5;23;335;79;1195;0;1633;15;106;22;266;0;36;336;43;717;1132;0,693
12/06/2022;2022;6;6;23;336;2;1397;0;1757;15;106;1;309;0;35;337;1;833;1206;0,686
12/06/2022;2022;6;7;23;336;3;1412;0;1774;15;105;1;313;0;35;334;2;844;1216;0,686
12/06/2022;2022;6;8;24;342;2;1444;0;1812;15;107;1;323;0;36;340;1;872;1248;0,689
12/06/2022;2022;6;9;0;343;2;1462;0;1807;0;107;1;327;0;0;340;1;881;1223;0,677
12/06/2022;2022;6;10;0;370;2;1316;0;1687;0;113;1;300;0;0;359;1;808;1169;0,693
12/06/2022;2022;6;11;24;183;2;1560;0;1769;15;60;1;363;0;36;190;1;978;1206;0,682
12/06/2022;2022;6;12;8;178;2;1528;0;1716;6;58;1;359;0;14;185;1;969;1170;0,682
12/06/2022;2022;6;13;0;175;2;1523;0;1700;0;57;1;359;0;0;180;1;968;1150;0,676
12/06/2022;2022;6;14;0;177;2;1459;0;1637;0;57;1;344;0;0;182;1;929;1112;0,679
12/06/2022;2022;6;15;0;248;2;1436;0;1686;0;78;1;339;0;0;246;1;914;1162;0,689
12/06/2022;2022;6;16;0;329;2;1196;0;1526;0;103;1;287;0;0;326;1;774;1102;0,722
12/06/2022;2022;6;17;0;337;2;1407;0;1745;0;105;1;325;0;0;332;1;878;1211;0,694
12/06/2022;2022;6;18;0;370;2;1242;0;1614;0;114;1;284;0;0;362;1;765;1128;0,699
12/06/2022;2022;6;19;0;442;2;1336;0;1780;0;133;1;339;0;0;422;1;914;1338;0,752
12/06/2022;2022;6;20;0;341;2;1649;0;1992;0;106;1;432;0;0;335;1;1166;1502;0,754
12/06/2022;2022;6;21;0;334;2;1786;0;2122;0;104;1;466;0;0;330;1;1257;1588;0,748
12/06/2022;2022;6;22;0;337;2;1841;0;2180;0;105;1;476;0;0;332;1;1285;1618;0,742
12/06/2022;2022;6;23;0;326;2;1768;0;2096;0;102;1;448;0;0;322;1;1209;1533;0,731
12/06/2022;2022;6;24;0;318;2;1888;0;2208;0;99;1;444;0;0;315;1;1197;1513;0,686
13/06/2022;2022;6;1;0;312;730;1076;0;2118;0;94;141;236;0;0;297;276;637;1210;0,571
13/06/2022;2022;6;2;0;251;618;949;0;1817;0;78;122;213;0;0;247;239;576;1061;0,584
13/06/2022;2022;6;3;0;224;591;862;0;1677;0;71;132;198;0;0;225;257;534;1016;0,606
13/06/2022;2022;6;4;0;223;610;834;0;1668;0;71;145;192;0;0;224;282;519;1025;0,615
13/06/2022;2022;6;5;0;221;705;837;0;1763;0;70;180;190;0;0;223;350;512;1085;0,615
13/06/2022;2022;6;6;0;234;1351;36;0;1621;0;73;313;9;0;0;232;610;24;866;0,534
13/06/2022;2022;6;7;0;23;1875;6;0;1904;0;8;382;2;0;0;27;745;5;777;0,408
13/06/2022;2022;6;8;0;14;1947;9;0;1969;0;5;387;3;0;0;16;753;8;777;0,395
13/06/2022;2022;6;9;0;14;2017;10;0;2040;0;5;400;3;0;0;16;779;8;803;0,394
13/06/2022;2022;6;10;0;15;2052;44;0;2111;0;6;410;16;0;0;19;798;42;859;0,407
13/06/2022;2022;6;11;0;24;2060;75;0;2158;0;10;411;22;0;0;31;801;61;892;0,413
13/06/2022;2022;6;12;0;24;2072;48;0;2144;0;10;412;17;0;0;31;802;46;879;0,410
13/06/2022;2022;6;13;0;25;2051;49;0;2125;0;10;406;17;0;0;32;791;46;869;0,409
13/06/2022;2022;6;14;0;26;2022;48;0;2096;0;10;401;17;0;0;32;781;45;858;0,409
13/06/2022;2022;6;15;0;36;2001;74;0;2111;0;15;399;24;0;0;48;778;66;891;0,422
13/06/2022;2022;6;16;0;14;2128;47;0;2190;0;6;425;14;0;0;18;829;37;884;0,404
13/06/2022;2022;6;17;0;0;1810;9;0;1820;0;0;392;3;0;0;0;763;8;771;0,424
13/06/2022;2022;6;18;0;0;1922;8;0;1930;0;0;406;2;0;0;0;791;6;797;0,413
13/06/2022;2022;6;19;0;0;2302;57;0;2359;0;0;462;17;0;0;0;901;45;946;0,401
13/06/2022;2022;6;20;0;0;2383;69;0;2453;0;0;476;23;0;0;0;928;62;990;0,404
13/06/2022;2022;6;21;0;0;2460;82;0;2542;0;0;490;28;0;0;0;955;75;1029;0,405
13/06/2022;2022;6;22;0;0;2421;116;0;2537;0;0;481;35;0;0;0;937;96;1032;0,407
13/06/2022;2022;6;23;0;0;2432;112;0;2544;0;0;486;33;0;0;0;948;88;1035;0,407
13/06/2022;2022;6;24;0;13;2042;101;0;2157;0;5;412;31;0;0;16;802;83;900;0,417
14/06/2022;2022;6;1;0;32;1989;35;0;2056;0;15;417;11;0;0;47;813;28;889;0,432
14/06/2022;2022;6;2;0;13;1669;12;0;1694;0;5;356;4;0;0;16;694;9;719;0,424
14/06/2022;2022;6;3;0;34;1679;12;0;1724;0;14;353;4;0;0;44;687;9;740;0,429
14/06/2022;2022;6;4;0;13;1685;12;0;1710;0;5;357;4;0;0;16;696;9;721;0,422
14/06/2022;2022;6;5;0;13;1712;12;0;1738;0;5;365;4;0;0;16;710;9;736;0,423
14/06/2022;2022;6;6;0;13;1671;0;0;1684;0;5;359;0;0;0;16;699;0;715;0,425
14/06/2022;2022;6;7;0;14;2009;32;0;2054;0;5;428;11;0;0;16;833;29;879;0,428
14/06/2022;2022;6;8;0;14;1967;45;0;2025;0;5;422;14;0;0;16;823;37;876;0,432
14/06/2022;2022;6;9;0;24;2295;45;0;2363;0;9;462;14;0;0;28;901;37;965;0,408
14/06/2022;2022;6;10;0;46;2002;23;0;2071;0;18;409;7;0;0;57;796;19;872;0,421
14/06/2022;2022;6;11;0;0;1979;49;0;2028;0;0;405;17;0;0;0;790;45;834;0,411
14/06/2022;2022;6;12;0;0;1977;50;0;2027;0;0;408;14;0;0;0;795;38;833;0,411
14/06/2022;2022;6;13;0;0;1913;50;0;1962;0;0;399;14;0;0;0;777;38;815;0,415
14/06/2022;2022;6;14;0;0;1880;13;0;1893;0;0;395;4;0;0;0;769;10;779;0,411
14/06/2022;2022;6;15;0;0;1832;13;0;1844;0;0;384;4;0;0;0;748;10;758;0,411
14/06/2022;2022;6;16;0;0;2015;12;0;2027;0;0;421;3;0;0;0;820;9;830;0,409
14/06/2022;2022;6;17;0;0;2024;10;0;2034;0;0;422;3;0;0;0;823;8;831;0,409
14/06/2022;2022;6;18;0;0;2108;25;0;2132;0;0;443;13;0;0;0;863;34;897;0,421
14/06/2022;2022;6;19;0;10;2150;54;0;2213;0;3;433;21;0;0;11;844;56;911;0,411
14/06/2022;2022;6;20;0;0;2456;56;0;2513;0;0;507;21;0;0;0;987;57;1045;0,416
14/06/2022;2022;6;21;0;0;2203;46;0;2248;0;0;465;18;0;0;0;906;49;955;0,425
14/06/2022;2022;6;22;0;0;2186;42;0;2228;0;0;462;17;0;0;0;900;46;946;0,425
14/06/2022;2022;6;23;0;0;2206;7;0;2213;0;0;467;6;0;0;0;909;16;925;0,418
14/06/2022;2022;6;24;0;15;2108;1;0;2123;0;5;444;0;0;0;17;865;1;883;0,416
15/06/2022;2022;6;1;0;14;1809;1;0;1823;0;5;384;0;0;0;17;747;0;764;0,419
15/06/2022;2022;6;2;0;14;1825;0;0;1839;0;5;390;0;0;0;17;761;0;777;0,423
15/06/2022;2022;6;3;0;14;1774;0;0;1788;0;5;380;0;0;0;17;740;0;757;0,423
15/06/2022;2022;6;4;0;14;1775;0;0;1789;0;5;380;0;0;0;17;741;0;757;0,423
15/06/2022;2022;6;5;0;30;1574;1;0;1606;0;11;344;0;0;0;34;670;1;704;0,439
15/06/2022;2022;6;6;0;14;1598;0;0;1612;0;5;349;0;0;0;17;680;0;696;0,432
15/06/2022;2022;6;7;0;14;1765;1;0;1780;0;5;370;0;0;0;17;722;0;739;0,415
15/06/2022;2022;6;8;0;0;1968;7;0;1975;0;0;407;4;0;0;0;793;12;805;0,407
15/06/2022;2022;6;9;0;0;1973;51;0;2024;0;0;408;16;0;0;0;795;44;839;0,415
15/06/2022;2022;6;10;0;0;2038;6;0;2044;0;0;435;4;0;0;0;848;11;858;0,420
15/06/2022;2022;6;11;0;0;2045;26;0;2071;0;0;438;10;0;0;0;854;28;882;0,426
15/06/2022;2022;6;12;0;0;2108;32;0;2139;0;0;452;12;0;0;0;880;33;913;0,427
15/06/2022;2022;6;13;0;0;1952;41;0;1993;0;0;423;17;0;0;0;825;46;870;0,437
15/06/2022;2022;6;14;0;0;1881;57;0;1938;0;0;435;22;0;0;0;847;60;907;0,468
15/06/2022;2022;6;15;0;0;1809;1;0;1810;0;0;431;0;0;0;0;840;1;841;0,465
15/06/2022;2022;6;16;0;4;1759;36;0;1799;0;4;417;11;0;0;14;812;28;854;0,475
15/06/2022;2022;6;17;0;10;1880;40;0;1931;0;4;423;12;0;0;12;825;32;868;0,450
15/06/2022;2022;6;18;0;10;1672;60;0;1742;0;4;387;22;0;0;12;753;61;825;0,474
15/06/2022;2022;6;19;0;0;1754;280;0;2034;0;0;376;101;0;0;0;732;273;1005;0,494
15/06/2022;2022;6;20;0;0;1990;182;0;2172;0;0;415;59;0;0;0;809;160;969;0,446
15/06/2022;2022;6;21;0;0;2055;190;0;2245;0;0;431;64;0;0;0;841;174;1015;0,452
15/06/2022;2022;6;22;0;0;2053;174;0;2227;0;0;431;59;0;0;0;840;160;1000;0,449
15/06/2022;2022;6;23;0;0;1974;252;0;2226;0;0;468;84;0;0;0;911;226;1137;0,511
15/06/2022;2022;6;24;0;0;1892;147;0;2040;0;0;454;53;0;0;0;885;142;1027;0,504
16/06/2022;2022;6;1;23;257;1071;463;0;1814;15;77;220;117;0;34;243;428;316;1021;0,563
16/06/2022;2022;6;2;21;362;899;666;0;1948;14;104;188;144;0;32;331;367;389;1118;0,574
16/06/2022;2022;6;3;19;397;864;631;0;1911;13;114;177;132;0;30;362;346;356;1093;0,572
16/06/2022;2022;6;4;19;392;859;619;0;1889;13;113;176;129;0;31;358;343;347;1079;0,571
16/06/2022;2022;6;5;19;404;857;627;0;1907;13;116;175;132;0;30;367;341;356;1094;0,574
16/06/2022;2022;6;6;19;355;793;659;0;1826;13;102;163;143;0;30;325;317;385;1057;0,579
16/06/2022;2022;6;7;18;353;797;813;0;1982;13;101;164;183;0;30;321;319;492;1161;0,586
16/06/2022;2022;6;8;19;225;838;762;0;1844;13;67;175;189;0;30;212;340;510;1092;0,592
16/06/2022;2022;6;9;19;327;815;824;0;1987;13;94;171;207;0;31;298;333;559;1221;0,615
16/06/2022;2022;6;10;20;99;770;1176;0;2065;13;33;160;299;0;31;104;312;806;1254;0,607
16/06/2022;2022;6;11;19;99;638;1461;0;2216;13;33;129;374;0;31;103;251;1009;1394;0,629
16/06/2022;2022;6;12;20;99;642;1209;0;1970;14;33;127;322;0;32;103;247;869;1252;0,636
16/06/2022;2022;6;13;20;101;633;1147;0;1900;14;33;125;309;0;32;105;244;832;1213;0,639
16/06/2022;2022;6;14;20;104;565;1141;0;1831;14;34;114;309;0;32;109;223;833;1197;0,654
16/06/2022;2022;6;15;20;106;567;1387;0;2080;14;35;118;363;0;32;111;230;978;1350;0,649
16/06/2022;2022;6;16;21;112;573;1058;0;1764;14;36;119;284;0;33;115;233;766;1147;0,650
16/06/2022;2022;6;17;21;113;578;1238;0;1949;14;37;120;305;0;33;116;234;822;1205;0,618
16/06/2022;2022;6;18;20;114;592;1112;0;1837;14;37;122;273;0;32;117;239;735;1123;0,611
16/06/2022;2022;6;19;21;134;689;1116;0;1960;14;44;138;287;0;32;138;269;773;1213;0,619
16/06/2022;2022;6;20;14;140;768;1245;0;2168;10;45;158;341;0;23;144;308;918;1393;0,642
16/06/2022;2022;6;21;14;140;829;1189;0;2172;9;45;175;336;0;22;144;342;906;1414;0,651
16/06/2022;2022;6;22;0;38;840;1295;0;2173;0;13;177;365;0;0;42;345;983;1370;0,631
16/06/2022;2022;6;23;0;88;841;1202;0;2131;0;29;177;339;0;0;93;345;915;1354;0,636
16/06/2022;2022;6;24;0;144;828;1125;0;2097;0;46;175;312;0;0;147;341;841;1329;0,634
17/06/2022;2022;6;1;13;177;796;1177;0;2163;9;55;179;271;0;21;174;349;730;1274;0,589
17/06/2022;2022;6;2;13;207;454;1087;0;1761;10;65;104;248;0;23;206;203;670;1101;0,625
17/06/2022;2022;6;3;12;459;372;870;0;1713;9;132;83;201;0;20;420;162;543;1145;0,668
17/06/2022;2022;6;4;12;458;372;848;0;1690;9;132;82;195;0;20;419;160;527;1125;0,666
17/06/2022;2022;6;5;12;458;371;838;0;1679;9;132;82;193;0;20;419;160;521;1120;0,667
17/06/2022;2022;6;6;12;459;357;758;0;1586;9;132;77;177;0;20;420;150;478;1067;0,673
17/06/2022;2022;6;7;11;459;351;969;0;1790;8;133;72;215;0;18;422;140;581;1162;0,649
17/06/2022;2022;6;8;11;419;353;1199;0;1981;8;120;79;259;0;18;381;154;699;1252;0,632
17/06/2022;2022;6;9;11;306;386;1270;0;1972;8;90;87;275;0;18;287;169;741;1215;0,616
17/06/2022;2022;6;10;12;306;407;1271;0;1996;9;91;91;275;0;20;287;177;742;1226;0,614
17/06/2022;2022;6;11;12;305;458;1304;0;2079;9;90;103;284;0;20;286;200;765;1272;0,612
17/06/2022;2022;6;12;12;326;632;945;0;1915;9;97;135;210;0;20;308;262;565;1156;0,603
17/06/2022;2022;6;13;12;370;695;735;0;1813;9;107;151;168;0;20;340;295;453;1107;0,611
17/06/2022;2022;6;14;24;390;632;1035;0;2081;17;113;130;228;0;40;358;253;616;1267;0,609
17/06/2022;2022;6;15;19;405;544;1108;0;2076;14;117;116;251;0;32;373;227;676;1307;0,630
17/06/2022;2022;6;16;20;404;496;1107;0;2027;14;117;104;247;0;34;372;203;667;1276;0,630
17/06/2022;2022;6;17;20;409;495;1089;0;2014;15;119;104;241;0;34;378;203;650;1265;0,628
17/06/2022;2022;6;18;20;427;622;792;0;1860;14;122;125;184;0;33;389;243;498;1163;0,625
17/06/2022;2022;6;19;24;245;754;1010;0;2032;16;76;154;239;0;37;241;299;643;1220;0,601
17/06/2022;2022;6;20;23;250;849;1074;0;2197;15;77;179;258;0;35;245;349;695;1324;0,603
17/06/2022;2022;6;21;23;160;888;1466;0;2537;15;54;186;339;0;35;170;363;914;1483;0,585
17/06/2022;2022;6;22;24;160;890;1459;0;2532;16;54;187;338;0;37;171;364;911;1483;0,586
17/06/2022;2022;6;23;26;160;897;1044;0;2127;17;54;188;246;0;40;170;367;665;1242;0,584
17/06/2022;2022;6;24;26;159;875;991;0;2051;17;53;186;232;0;40;169;361;624;1195;0,583
18/06/2022;2022;6;1;0;72;1694;162;0;1928;0;26;348;45;0;0;83;678;123;883;0,458
18/06/2022;2022;6;2;0;123;1347;357;0;1827;0;42;286;88;0;0;134;558;237;929;0,508
18/06/2022;2022;6;3;23;225;1106;344;0;1698;16;69;239;79;0;37;220;467;214;937;0,552
18/06/2022;2022;6;4;23;286;1084;268;0;1660;16;92;235;63;0;37;290;457;170;954;0,575
18/06/2022;2022;6;5;23;228;1077;502;0;1829;16;72;234;115;0;37;230;455;310;1032;0,564
18/06/2022;2022;6;6;22;226;1075;267;0;1592;16;72;233;63;0;37;229;454;170;890;0,559
18/06/2022;2022;6;7;22;225;1073;326;0;1647;16;71;235;74;0;37;226;458;200;921;0,559
18/06/2022;2022;6;8;22;203;1181;283;0;1689;16;63;254;65;0;36;200;495;175;906;0,537
18/06/2022;2022;6;9;12;84;1384;415;0;1894;9;30;282;103;0;20;94;548;277;940;0,496
18/06/2022;2022;6;10;0;43;1527;376;0;1945;0;16;304;114;0;0;51;593;306;950;0,489
18/06/2022;2022;6;11;0;43;1229;615;0;1887;0;16;252;177;0;0;51;490;477;1018;0,540
18/06/2022;2022;6;12;0;43;1212;696;0;1950;0;16;248;198;0;0;51;483;533;1067;0,547
18/06/2022;2022;6;13;0;43;1143;823;0;2009;0;16;236;235;0;0;51;460;634;1145;0,570
18/06/2022;2022;6;14;0;43;1098;621;0;1762;0;16;235;182;0;0;51;457;491;999;0,567
18/06/2022;2022;6;15;0;95;1080;560;0;1734;0;33;232;164;0;0;105;452;442;999;0,576
18/06/2022;2022;6;16;0;92;989;725;0;1806;0;32;213;203;0;0;103;415;548;1065;0,590
18/06/2022;2022;6;17;0;91;882;771;0;1745;0;32;190;213;0;0;102;370;576;1048;0,601
18/06/2022;2022;6;18;0;42;913;841;0;1796;0;15;196;247;0;0;48;382;666;1097;0,611
18/06/2022;2022;6;19;0;29;1143;1000;0;2172;0;11;242;291;0;0;34;472;784;1289;0,594
18/06/2022;2022;6;20;0;71;857;1138;0;2066;0;25;175;335;0;0;78;342;903;1323;0,640
18/06/2022;2022;6;21;0;71;878;1204;0;2153;0;24;179;352;0;0;78;349;949;1375;0,639
18/06/2022;2022;6;22;0;50;1213;1150;0;2414;0;17;241;338;0;0;55;469;912;1436;0,595
18/06/2022;2022;6;23;0;29;939;1083;0;2051;0;11;199;319;0;0;33;387;861;1281;0,625
18/06/2022;2022;6;24;0;112;937;1065;0;2114;0;37;199;295;0;0;116;388;795;1299;0,614
19/06/2022;2022;6;1;15;522;1;1435;0;1973;10;153;0;338;0;23;485;0;912;1420;0,720
19/06/2022;2022;6;2;29;362;1;1355;0;1747;19;110;0;301;0;45;348;0;811;1204;0,689
19/06/2022;2022;6;3;24;386;8;1439;0;1858;17;119;4;318;0;39;379;8;858;1283;0,691
19/06/2022;2022;6;4;24;370;8;1304;0;1707;17;117;3;294;0;39;372;6;793;1210;0,709
19/06/2022;2022;6;5;24;371;8;1322;0;1725;17;117;3;299;0;39;372;6;807;1224;0,710
19/06/2022;2022;6;6;24;371;8;1330;0;1734;17;117;3;302;0;39;372;7;814;1231;0,710
19/06/2022;2022;6;7;24;384;9;1295;0;1711;17;120;3;292;0;39;382;7;787;1215;0,710
19/06/2022;2022;6;8;24;296;9;1456;0;1785;17;97;3;321;0;39;306;7;865;1217;0,682
19/06/2022;2022;6;9;26;330;9;1599;0;1964;17;105;3;347;0;40;332;7;935;1314;0,669
19/06/2022;2022;6;10;26;408;9;1319;0;1761;17;125;3;286;0;40;396;7;772;1215;0,690
19/06/2022;2022;6;11;26;413;9;1384;0;1832;18;126;4;298;0;42;400;7;804;1253;0,684
19/06/2022;2022;6;12;26;411;9;1451;0;1898;18;126;4;311;0;42;399;7;839;1286;0,678
19/06/2022;2022;6;13;26;423;9;1356;0;1815;18;129;4;290;0;41;408;7;782;1239;0,683
19/06/2022;2022;6;14;26;380;10;1353;0;1769;18;117;4;298;0;41;371;8;804;1225;0,692
19/06/2022;2022;6;15;26;415;14;1279;0;1734;18;128;5;285;0;42;406;11;767;1226;0,707
19/06/2022;2022;6;16;26;389;15;1233;0;1664;18;122;6;277;0;42;388;12;746;1188;0,714
19/06/2022;2022;6;17;27;457;15;989;0;1487;18;147;8;224;0;43;468;16;605;1132;0,761
19/06/2022;2022;6;18;27;389;15;1310;0;1741;19;119;6;302;0;44;378;11;815;1247;0,717
19/06/2022;2022;6;19;27;306;15;1533;0;1881;18;98;6;375;0;42;310;11;1012;1376;0,731
19/06/2022;2022;6;20;28;307;15;1542;0;1892;18;98;6;396;0;43;311;12;1069;1434;0,758
19/06/2022;2022;6;21;28;308;14;1607;0;1957;18;98;6;414;0;42;312;11;1118;1483;0,758
19/06/2022;2022;6;22;27;308;14;1627;0;1977;18;98;6;419;0;42;311;11;1131;1496;0,757
19/06/2022;2022;6;23;27;308;15;1627;0;1977;18;98;6;420;0;42;312;11;1132;1497;0,757
19/06/2022;2022;6;24;27;311;12;1510;0;1860;18;99;5;395;0;42;315;9;1066;1432;0,770
20/06/2022;2022;6;1;27;381;6;1413;0;1826;18;117;2;371;0;42;373;4;1000;1419;0,777
20/06/2022;2022;6;2;26;431;24;1364;0;1845;18;132;8;329;0;41;419;15;887;1363;0,739
20/06/2022;2022;6;3;25;400;66;1270;0;1762;18;124;14;275;0;41;394;27;742;1203;0,683
20/06/2022;2022;6;4;25;350;92;1050;0;1518;18;110;17;237;0;41;350;34;638;1063;0,700
20/06/2022;2022;6;5;25;330;91;1417;0;1863;17;108;17;313;0;41;341;34;844;1259;0,676
20/06/2022;2022;6;6;25;325;6;1423;0;1779;17;106;2;314;0;41;337;4;847;1228;0,690
20/06/2022;2022;6;7;25;325;6;1428;0;1784;17;107;2;316;0;41;338;4;852;1234;0,692
20/06/2022;2022;6;8;25;333;7;1452;0;1817;18;108;2;320;0;41;344;4;863;1252;0,689
20/06/2022;2022;6;9;26;386;7;1173;0;1592;18;121;2;260;0;41;384;4;701;1131;0,710
20/06/2022;2022;6;10;26;499;7;1301;0;1832;18;150;2;284;0;41;477;4;766;1288;0,703
20/06/2022;2022;6;11;26;444;7;1361;0;1837;18;135;2;295;0;41;427;4;796;1268;0,690
20/06/2022;2022;6;12;25;436;7;1369;0;1837;18;128;2;297;0;41;406;4;802;1253;0,682
20/06/2022;2022;6;13;26;428;7;1376;0;1837;18;124;2;301;0;42;392;4;813;1250;0,681
20/06/2022;2022;6;14;27;428;7;1425;0;1887;19;124;2;311;0;43;392;4;840;1279;0,678
20/06/2022;2022;6;15;27;427;7;1435;0;1896;19;123;2;313;0;44;391;4;843;1282;0,676
20/06/2022;2022;6;16;27;429;7;1451;0;1914;19;124;2;316;0;44;392;4;852;1292;0,675
20/06/2022;2022;6;17;27;429;7;1533;0;1996;19;124;2;332;0;44;392;4;896;1336;0,669
20/06/2022;2022;6;18;27;432;7;1368;0;1834;19;124;2;324;0;44;394;4;874;1316;0,718
20/06/2022;2022;6;19;27;340;7;1604;0;1978;19;100;2;457;0;44;316;4;1231;1595;0,807
20/06/2022;2022;6;20;0;59;10;1976;0;2045;0;21;3;588;0;0;68;7;1587;1661;0,812
20/06/2022;2022;6;21;0;59;7;2054;0;2120;0;21;2;595;0;0;68;4;1605;1677;0,791
20/06/2022;2022;6;22;0;58;8;2081;0;2148;0;21;8;593;0;0;68;16;1600;1683;0,784
20/06/2022;2022;6;23;0;67;16;1975;0;2058;0;30;11;576;0;0;94;21;1553;1668;0,810
20/06/2022;2022;6;24;14;109;33;1756;0;1912;10;43;17;482;0;22;136;33;1299;1490;0,779
21/06/2022;2022;6;1;13;273;965;700;0;1951;9;96;192;183;0;21;303;375;493;1192;0,611
21/06/2022;2022;6;2;13;330;850;561;0;1754;9;112;166;132;0;21;357;323;356;1057;0,603
21/06/2022;2022;6;3;0;324;776;426;0;1526;0;111;155;102;0;0;351;302;276;929;0,608
21/06/2022;2022;6;4;13;336;778;377;0;1504;9;113;175;91;0;21;358;342;247;968;0,643
21/06/2022;2022;6;5;0;340;893;359;0;1593;0;114;212;86;0;0;362;413;231;1005;0,631
21/06/2022;2022;6;6;12;336;1209;158;0;1716;9;113;261;38;0;21;358;509;101;989;0,576
21/06/2022;2022;6;7;0;189;1322;257;0;1768;0;69;288;64;0;0;218;560;173;952;0,538
21/06/2022;2022;6;8;13;318;1452;103;0;1886;9;106;307;30;0;21;336;598;81;1036;0,549
21/06/2022;2022;6;9;13;336;1472;134;0;1955;9;111;310;41;0;21;351;604;112;1087;0,556
21/06/2022;2022;6;10;13;342;1367;486;0;2207;9;112;294;129;0;21;356;573;349;1298;0,588
21/06/2022;2022;6;11;13;344;1422;434;0;2213;9;112;293;133;0;21;357;571;358;1307;0,590
21/06/2022;2022;6;12;13;343;1527;548;0;2432;9;112;310;166;0;21;357;604;447;1428;0,587
21/06/2022;2022;6;13;0;180;899;959;0;2037;0;63;187;282;0;0;201;365;761;1327;0,651
21/06/2022;2022;6;14;0;258;885;831;0;1974;0;86;185;245;0;0;274;361;660;1294;0,656
21/06/2022;2022;6;15;0;170;897;884;0;1950;0;60;187;261;0;0;189;364;705;1259;0,646
21/06/2022;2022;6;16;0;72;1070;845;0;1986;0;31;245;242;0;0;97;477;651;1226;0,617
21/06/2022;2022;6;17;0;72;1174;697;0;1942;0;28;268;195;0;0;89;523;527;1138;0,586
21/06/2022;2022;6;18;13;330;1040;593;0;1976;9;103;234;174;0;21;327;456;469;1273;0,644
21/06/2022;2022;6;19;0;73;1085;1043;0;2201;0;26;242;309;0;0;83;472;833;1389;0,631
21/06/2022;2022;6;20;0;72;1084;1247;0;2403;0;26;243;368;0;0;83;474;994;1551;0,645
21/06/2022;2022;6;21;0;71;1168;1355;0;2593;0;26;262;390;0;0;82;510;1052;1644;0,634
21/06/2022;2022;6;22;0;70;921;1353;0;2344;0;26;211;391;0;0;81;410;1054;1545;0,659
21/06/2022;2022;6;23;0;70;873;1322;0;2265;0;26;200;386;0;0;81;391;1041;1512;0,668
21/06/2022;2022;6;24;0;68;857;1188;0;2112;0;27;192;349;0;0;86;374;941;1400;0,663
22/06/2022;2022;6;1;12;328;62;1645;0;2048;9;104;19;398;0;21;331;36;1072;1460;0,713
22/06/2022;2022;6;2;12;311;32;1421;0;1776;9;100;10;319;0;20;318;20;860;1218;0,685
22/06/2022;2022;6;3;12;192;0;1675;0;1880;9;68;0;369;0;21;217;0;996;1233;0,656
22/06/2022;2022;6;4;13;271;0;1501;0;1785;9;92;0;340;0;20;292;0;917;1229;0,689
22/06/2022;2022;6;5;12;297;22;1450;0;1781;9;100;8;322;0;20;316;15;867;1219;0,684
22/06/2022;2022;6;6;12;306;42;1464;0;1824;9;102;12;323;0;20;324;23;870;1237;0,678
22/06/2022;2022;6;7;13;348;0;1728;0;2088;9;112;0;389;0;21;354;0;1050;1424;0,682
22/06/2022;2022;6;8;13;312;5;1735;0;2064;9;101;3;462;0;21;320;6;1247;1593;0,771
22/06/2022;2022;6;9;12;224;1;2035;0;2272;9;76;0;545;0;20;242;1;1469;1732;0,762
22/06/2022;2022;6;10;12;223;0;1941;0;2177;9;76;0;534;0;20;242;0;1440;1702;0,782
22/06/2022;2022;6;11;12;224;0;1981;0;2217;8;73;0;549;0;19;233;0;1482;1733;0,782
22/06/2022;2022;6;12;12;228;0;1998;0;2238;8;71;0;557;0;19;225;0;1501;1745;0,780
22/06/2022;2022;6;13;0;73;0;2167;0;2240;0;27;0;598;0;0;84;0;1613;1697;0,758
22/06/2022;2022;6;14;0;148;8;2088;0;2245;0;48;30;579;0;0;153;58;1561;1772;0,789
22/06/2022;2022;6;15;0;231;8;2008;0;2247;0;74;3;559;0;0;233;5;1507;1746;0,777
22/06/2022;2022;6;16;12;376;9;1870;0;2267;8;116;4;528;0;19;369;8;1423;1819;0,803
22/06/2022;2022;6;17;11;146;0;2039;0;2196;8;48;0;565;0;19;153;0;1525;1697;0,773
22/06/2022;2022;6;18;0;73;7;2127;0;2207;0;26;4;598;0;0;83;9;1614;1706;0,773
22/06/2022;2022;6;19;0;73;7;2334;0;2415;0;26;5;694;0;0;83;9;1871;1964;0,813
22/06/2022;2022;6;20;0;73;2;2425;0;2500;0;26;1;732;0;0;84;3;1974;2060;0,824
22/06/2022;2022;6;21;0;75;1;2495;0;2571;0;27;0;752;0;0;86;1;2027;2114;0,822
22/06/2022;2022;6;22;0;84;0;2503;0;2586;0;30;0;742;0;0;97;0;2001;2098;0,811
22/06/2022;2022;6;23;0;80;1;2328;0;2409;0;30;3;693;0;0;95;5;1869;1969;0,818
22/06/2022;2022;6;24;0;83;5;2158;0;2247;0;30;2;625;0;0;95;4;1685;1784;0,794
23/06/2022;2022;6;1;11;348;1;1668;0;2029;8;106;0;444;0;18;338;1;1199;1555;0,767
23/06/2022;2022;6;2;11;342;0;1547;0;1900;8;105;0;379;0;18;333;0;1021;1373;0,723
23/06/2022;2022;6;3;11;345;0;1423;0;1779;8;106;0;332;0;18;335;1;895;1249;0,702
23/06/2022;2022;6;4;11;340;0;1351;0;1702;8;104;0;313;0;18;331;0;844;1193;0,701
23/06/2022;2022;6;5;11;336;4;1348;0;1698;8;104;6;312;0;18;331;12;842;1204;0,709
23/06/2022;2022;6;6;11;336;0;1400;0;1746;8;105;0;338;0;18;332;0;912;1262;0,723
23/06/2022;2022;6;7;11;208;1;1597;0;1817;8;71;0;459;0;18;225;1;1238;1482;0,816
23/06/2022;2022;6;8;0;152;2;1857;0;2012;0;55;7;547;0;0;174;14;1474;1663;0,827
23/06/2022;2022;6;9;0;149;5;2014;0;2168;0;54;3;590;0;0;172;6;1591;1769;0,816
23/06/2022;2022;6;10;0;150;1;2269;0;2420;0;55;0;661;0;0;173;1;1784;1958;0,809
23/06/2022;2022;6;11;0;150;6;2298;0;2454;0;58;20;667;0;0;184;39;1800;2022;0,824
23/06/2022;2022;6;12;0;151;2;2096;0;2249;0;59;1;619;0;0;186;2;1669;1856;0,825
23/06/2022;2022;6;13;0;149;0;2119;0;2268;0;58;0;616;0;0;183;0;1662;1845;0,813
23/06/2022;2022;6;14;0;150;0;2033;0;2183;0;58;0;591;0;0;184;0;1593;1777;0,814
23/06/2022;2022;6;15;0;157;2;2027;0;2186;0;60;3;593;0;0;192;7;1600;1798;0,822
23/06/2022;2022;6;16;0;160;6;2016;0;2182;0;61;9;591;0;0;193;18;1595;1805;0,827
23/06/2022;2022;6;17;0;232;1;1930;0;2163;0;82;0;577;0;0;259;1;1555;1815;0,839
23/06/2022;2022;6;18;0;161;4;2035;0;2200;0;61;6;618;0;0;193;13;1667;1873;0,852
23/06/2022;2022;6;19;0;130;1;2441;0;2572;0;51;1;744;0;0;162;1;2008;2171;0,844
23/06/2022;2022;6;20;0;129;0;2584;0;2714;0;51;0;784;0;0;161;0;2116;2277;0,839
23/06/2022;2022;6;21;0;133;0;2524;0;2656;0;52;0;763;0;0;164;0;2058;2222;0,836
23/06/2022;2022;6;22;0;157;0;2419;0;2576;0;60;0;716;0;0;191;0;1932;2123;0,824
23/06/2022;2022;6;23;0;156;0;2299;0;2455;0;60;0;686;0;0;190;0;1849;2039;0,831
23/06/2022;2022;6;24;0;150;0;2104;0;2254;0;53;0;639;0;0;167;0;1725;1892;0,839
24/06/2022;2022;6;1;16;339;24;1643;0;2022;11;114;10;460;0;25;360;19;1242;1647;0,814
24/06/2022;2022;6;2;20;417;23;1404;0;1865;13;134;10;338;0;31;426;19;913;1389;0,745
24/06/2022;2022;6;3;15;420;23;1542;0;2000;10;136;10;356;0;23;430;19;960;1432;0,716
24/06/2022;2022;6;4;12;415;29;1371;0;1826;8;135;18;305;0;19;428;36;821;1303;0,714
24/06/2022;2022;6;5;12;412;21;1384;0;1829;8;134;9;303;0;19;425;17;818;1279;0,699
24/06/2022;2022;6;6;12;376;21;1408;0;1816;8;126;9;312;0;19;399;17;841;1276;0,703
24/06/2022;2022;6;7;12;382;21;1457;0;1872;8;128;9;323;0;19;405;18;872;1313;0,701
24/06/2022;2022;6;8;12;402;29;1785;0;2229;8;132;13;438;0;19;419;25;1181;1644;0,738
24/06/2022;2022;6;9;12;344;23;1931;0;2310;8;115;10;520;0;19;366;19;1403;1808;0,782
24/06/2022;2022;6;10;12;349;15;2001;0;2378;8;117;6;540;0;19;371;12;1456;1858;0,781
24/06/2022;2022;6;11;12;363;3;2029;0;2408;8;119;1;549;0;19;377;2;1480;1878;0,780
24/06/2022;2022;6;12;14;360;3;2031;0;2409;10;117;1;548;0;23;373;2;1479;1876;0,779
24/06/2022;2022;6;13;12;363;8;1987;0;2370;8;118;3;537;0;19;375;5;1447;1846;0,779
24/06/2022;2022;6;14;12;360;6;1929;0;2307;8;117;2;514;0;19;372;3;1386;1780;0,772
24/06/2022;2022;6;15;12;360;4;1735;0;2111;8;118;1;441;0;19;373;2;1190;1585;0,751
24/06/2022;2022;6;16;12;375;3;1711;0;2102;8;122;1;438;0;19;387;2;1180;1588;0,756
24/06/2022;2022;6;17;12;387;3;1689;0;2092;8;124;1;433;0;19;395;2;1167;1583;0,757
24/06/2022;2022;6;18;12;395;10;1855;0;2271;8;127;4;499;0;19;401;7;1346;1773;0,781
24/06/2022;2022;6;19;0;160;11;2091;0;2262;0;60;4;627;0;0;191;8;1690;1889;0,835
24/06/2022;2022;6;20;0;114;3;2254;0;2371;0;44;1;658;0;0;140;2;1774;1916;0,808
24/06/2022;2022;6;21;0;160;3;2398;0;2562;0;60;1;703;0;0;191;2;1896;2090;0,816
24/06/2022;2022;6;22;0;158;3;2381;0;2543;0;60;1;694;0;0;190;2;1873;2065;0,812
24/06/2022;2022;6;23;11;308;11;2042;0;2373;8;103;4;605;0;18;326;8;1632;1985;0,836
24/06/2022;2022;6;24;11;385;4;1939;0;2339;8;122;1;529;0;18;386;2;1427;1834;0,784
25/06/2022;2022;6;1;11;556;2;1522;0;2091;8;169;1;391;0;20;538;1;1055;1613;0,771
25/06/2022;2022;6;2;11;557;1;1532;0;2100;8;169;1;363;0;18;538;1;980;1537;0,732
25/06/2022;2022;6;3;11;557;3;1232;0;1803;8;169;2;293;0;18;537;3;789;1348;0,748
25/06/2022;2022;6;4;11;556;1;1164;0;1731;8;169;0;268;0;18;537;1;722;1278;0,738
25/06/2022;2022;6;5;11;562;14;1159;0;1746;8;172;16;267;0;18;546;32;720;1316;0,754
25/06/2022;2022;6;6;12;583;18;1073;0;1686;8;179;19;249;0;20;569;37;671;1296;0,769
25/06/2022;2022;6;7;12;578;18;1085;0;1693;8;178;19;251;0;20;563;37;676;1297;0,766
25/06/2022;2022;6;8;11;580;8;1159;0;1759;8;177;3;273;0;18;563;6;736;1323;0,752
25/06/2022;2022;6;9;17;584;9;1207;0;1817;12;178;3;289;0;28;564;6;780;1378;0,758
25/06/2022;2022;6;10;20;586;1;1383;0;1989;13;179;0;351;0;30;568;1;947;1545;0,777
25/06/2022;2022;6;11;20;495;1;1518;0;2034;13;155;3;389;0;30;491;5;1050;1576;0,775
25/06/2022;2022;6;12;0;317;1;1774;0;2091;0;103;0;468;0;0;327;1;1263;1591;0,761
25/06/2022;2022;6;13;0;316;1;1674;0;1991;0;103;0;462;0;0;326;1;1245;1571;0,789
25/06/2022;2022;6;14;0;314;4;1814;0;2132;0;102;10;478;0;0;324;19;1290;1633;0,766
25/06/2022;2022;6;15;0;317;4;1584;0;1905;0;103;16;428;0;0;328;31;1154;1513;0,794
25/06/2022;2022;6;16;0;314;1;1570;0;1886;0;102;0;428;0;0;324;1;1154;1478;0,784
25/06/2022;2022;6;17;0;317;1;1561;0;1878;0;103;0;422;0;0;326;1;1139;1466;0,781
25/06/2022;2022;6;18;0;316;14;1799;0;2128;0;102;5;523;0;0;325;10;1409;1745;0,820
25/06/2022;2022;6;19;0;45;9;2260;0;2314;0;21;4;664;0;0;68;8;1791;1866;0,806
25/06/2022;2022;6;20;0;45;2;2224;0;2271;0;21;1;637;0;0;68;2;1718;1788;0,787
25/06/2022;2022;6;21;0;44;1;2231;0;2276;0;21;0;641;0;0;67;1;1729;1796;0,789
25/06/2022;2022;6;22;0;99;1;2252;0;2352;0;40;0;660;0;0;128;1;1781;1910;0,812
25/06/2022;2022;6;23;12;429;7;1792;0;2240;8;136;3;514;0;18;431;6;1386;1841;0,822
25/06/2022;2022;6;24;12;507;1;1623;0;2143;9;157;0;433;0;20;498;1;1169;1688;0,788
26/06/2022;2022;6;1;12;338;5;1588;0;1943;9;108;2;408;0;20;342;4;1101;1467;0,755
26/06/2022;2022;6;2;12;256;1;1551;0;1820;9;83;0;355;0;20;263;1;957;1241;0,682
26/06/2022;2022;6;3;12;337;1;1536;0;1886;9;108;0;351;0;20;341;1;947;1309;0,694
26/06/2022;2022;6;4;12;329;1;1340;0;1681;9;108;0;328;0;20;342;1;884;1246;0,741
26/06/2022;2022;6;5;12;252;1;1464;0;1729;9;84;0;366;0;20;265;1;987;1273;0,736
26/06/2022;2022;6;6;12;254;1;1569;0;1835;9;85;0;371;0;20;268;1;1001;1290;0,703
26/06/2022;2022;6;7;12;249;1;1398;0;1659;9;83;0;334;0;20;262;1;900;1184;0,713
26/06/2022;2022;6;8;12;249;3;1364;0;1629;9;83;3;329;0;20;263;5;887;1176;0,722
26/06/2022;2022;6;9;12;249;1;1488;0;1749;9;83;0;376;0;20;262;1;1013;1296;0,741
26/06/2022;2022;6;10;12;259;2;1635;0;1907;9;85;2;422;0;20;271;3;1137;1431;0,751
26/06/2022;2022;6;11;12;254;1;1564;0;1830;9;84;0;407;0;20;267;1;1099;1387;0,758
26/06/2022;2022;6;12;12;254;1;1739;0;2006;9;84;0;447;0;20;267;1;1207;1495;0,745
26/06/2022;2022;6;13;11;256;1;1739;0;2008;8;85;0;445;0;20;269;1;1200;1489;0,741
26/06/2022;2022;6;14;11;256;1;1746;0;2013;8;85;0;447;0;18;268;1;1207;1494;0,742
26/06/2022;2022;6;15;12;256;1;1741;0;2010;9;85;0;448;0;20;269;1;1207;1497;0,745
26/06/2022;2022;6;16;12;256;1;1759;0;2028;9;85;1;453;0;20;269;2;1221;1512;0,746
26/06/2022;2022;6;17;12;256;1;1730;0;1999;9;85;0;441;0;20;269;1;1191;1480;0,741
26/06/2022;2022;6;18;12;256;11;1903;0;2182;9;85;5;508;0;20;268;9;1370;1667;0,764
26/06/2022;2022;6;19;17;342;2;1835;0;2197;12;109;1;541;0;28;346;1;1458;1833;0,834
26/06/2022;2022;6;20;0;106;1;2126;0;2234;0;42;0;608;0;0;133;1;1641;1775;0,795
26/06/2022;2022;6;21;0;106;1;2202;0;2308;0;42;0;628;0;0;133;1;1693;1826;0,791
26/06/2022;2022;6;22;0;103;1;2219;0;2323;0;41;0;621;0;0;130;1;1675;1806;0,777
26/06/2022;2022;6;23;0;94;1;2167;0;2262;0;37;0;607;0;0;118;1;1636;1755;0,776
26/06/2022;2022;6;24;0;304;8;1849;0;2160;0;95;3;507;0;0;301;6;1369;1676;0,776
27/06/2022;2022;6;1;21;729;3;1456;0;2208;13;223;1;355;0;30;709;2;958;1700;0,770
27/06/2022;2022;6;2;32;578;1;1431;0;2042;21;186;0;319;0;50;590;1;861;1501;0,735
27/06/2022;2022;6;3;13;622;1;1058;0;1693;9;201;0;241;0;21;637;1;650;1309;0,773
27/06/2022;2022;6;4;13;641;1;1030;0;1684;9;208;0;236;0;21;660;1;636;1317;0,782
27/06/2022;2022;6;5;34;720;1;1031;0;1786;22;230;0;237;0;52;730;1;639;1422;0,796
27/06/2022;2022;6;6;35;638;1;1112;0;1785;23;205;0;256;0;54;650;1;690;1395;0,781
27/06/2022;2022;6;7;13;364;3;1407;0;1787;9;122;1;329;0;21;387;2;887;1296;0,725
27/06/2022;2022;6;8;14;534;1;1393;0;1941;9;169;0;321;0;21;537;1;866;1425;0,734
27/06/2022;2022;6;9;14;530;3;1514;0;2061;9;169;1;374;0;21;535;2;1008;1567;0,760
27/06/2022;2022;6;10;14;448;1;1668;0;2132;9;146;0;422;0;21;462;1;1139;1623;0,762
27/06/2022;2022;6;11;14;450;1;1751;0;2215;9;146;0;439;0;21;463;1;1184;1669;0,753
27/06/2022;2022;6;12;14;447;3;1820;0;2283;9;145;1;458;0;21;461;2;1235;1720;0,753
27/06/2022;2022;6;13;14;447;1;1805;0;2267;9;145;0;451;0;21;461;1;1217;1700;0,750
27/06/2022;2022;6;14;13;547;1;1746;0;2308;9;172;0;427;0;21;546;1;1151;1719;0,745
27/06/2022;2022;6;15;13;471;1;1691;0;2175;9;150;0;394;0;21;475;1;1062;1559;0,717
27/06/2022;2022;6;16;13;470;1;1692;0;2176;9;150;0;392;0;21;475;1;1057;1553;0,714
27/06/2022;2022;6;17;13;470;3;1667;0;2153;9;150;2;396;0;21;474;4;1068;1567;0,728
27/06/2022;2022;6;18;14;390;8;1755;0;2166;9;127;3;467;0;21;404;6;1260;1692;0,781
27/06/2022;2022;6;19;13;473;1;1996;0;2483;9;151;0;535;0;21;479;1;1443;1943;0,782
27/06/2022;2022;6;20;14;311;2;2048;0;2375;9;105;1;588;0;21;335;2;1587;1945;0,819
27/06/2022;2022;6;21;0;240;1;2191;0;2432;0;84;0;626;0;0;268;1;1687;1956;0,804
27/06/2022;2022;6;22;14;312;1;2127;0;2453;9;106;0;604;0;21;335;1;1629;1986;0,810
27/06/2022;2022;6;23;14;392;1;1953;0;2360;9;128;0;542;0;21;407;1;1461;1890;0,801
27/06/2022;2022;6;24;18;466;6;1912;0;2401;12;148;3;484;0;28;470;6;1305;1809;0,753
28/06/2022;2022;6;1;14;498;9;1719;0;2239;9;155;3;394;0;21;490;6;1062;1579;0,705
28/06/2022;2022;6;2;14;507;5;1270;0;1796;9;156;1;291;0;21;494;3;785;1302;0,725
28/06/2022;2022;6;3;14;506;5;1358;0;1883;9;155;1;302;0;21;493;3;815;1332;0,707
28/06/2022;2022;6;4;14;419;5;1411;0;1848;9;131;1;320;0;21;415;3;863;1302;0,705
28/06/2022;2022;6;5;14;338;5;1402;0;1758;9;108;1;318;0;21;342;3;859;1225;0,697
28/06/2022;2022;6;6;14;342;5;1455;0;1815;9;109;1;330;0;21;346;3;891;1261;0,695
28/06/2022;2022;6;7;15;695;6;1061;0;1777;10;209;2;244;0;23;663;4;659;1350;0,759
28/06/2022;2022;6;8;15;698;6;1437;0;2156;10;209;5;327;0;23;664;10;883;1579;0,733
28/06/2022;2022;6;9;15;782;5;1553;0;2355;10;233;1;359;0;23;739;3;969;1734;0,736
28/06/2022;2022;6;10;15;786;5;1543;0;2348;10;234;1;363;0;23;743;3;979;1748;0,744
28/06/2022;2022;6;11;14;698;6;1572;0;2290;9;209;4;369;0;22;664;7;995;1688;0,737
28/06/2022;2022;6;12;14;782;5;1517;0;2318;9;233;2;349;0;21;739;3;943;1706;0,736
28/06/2022;2022;6;13;14;780;5;1345;0;2144;9;233;1;309;0;21;738;3;832;1594;0,743
28/06/2022;2022;6;14;14;776;7;1300;0;2097;9;232;4;299;0;22;734;8;807;1571;0,749
28/06/2022;2022;6;15;0;778;5;1234;0;2016;0;232;1;286;0;0;735;3;772;1510;0,749
28/06/2022;2022;6;16;15;774;5;1175;0;1969;10;231;1;276;0;23;733;3;743;1502;0,763
28/06/2022;2022;6;17;15;766;5;1335;0;2121;10;229;1;311;0;23;726;3;838;1590;0,750
28/06/2022;2022;6;18;14;770;5;1190;0;1979;9;230;1;281;0;22;730;3;759;1513;0,765
28/06/2022;2022;6;19;14;768;56;1451;0;2290;9;230;32;355;0;21;730;62;959;1772;0,774
28/06/2022;2022;6;20;14;768;5;1693;0;2480;9;230;1;419;0;22;729;3;1130;1884;0,760
28/06/2022;2022;6;21;15;764;5;1579;0;2363;10;229;2;388;0;23;726;3;1046;1797;0,761
28/06/2022;2022;6;22;13;763;5;1793;0;2574;9;228;1;436;0;21;724;3;1176;1924;0,747
28/06/2022;2022;6;23;13;675;5;1589;0;2282;9;203;1;388;0;21;645;3;1048;1717;0,753
28/06/2022;2022;6;24;13;753;5;1516;0;2287;9;225;1;364;0;21;714;3;981;1719;0,752
29/06/2022;2022;6;1;13;634;4;1412;0;2063;9;191;2;325;0;21;605;3;877;1506;0,730
29/06/2022;2022;6;2;13;581;2;1303;0;1898;9;175;1;290;0;21;554;1;782;1358;0,715
29/06/2022;2022;6;3;13;524;1;1196;0;1734;9;161;0;266;0;21;511;1;717;1250;0,721
29/06/2022;2022;6;4;13;524;1;1209;0;1747;9;161;0;268;0;21;511;1;722;1255;0,718
29/06/2022;2022;6;5;13;522;1;1141;0;1677;9;161;0;254;0;21;510;1;685;1216;0,725
29/06/2022;2022;6;6;13;525;1;1191;0;1730;9;161;0;267;0;21;512;1;719;1253;0,724
29/06/2022;2022;6;7;13;527;3;1434;0;1976;9;156;1;314;0;21;496;2;848;1367;0,692
29/06/2022;2022;6;8;13;353;1;1776;0;2143;9;110;0;393;0;21;348;1;1061;1431;0,668
29/06/2022;2022;6;9;13;354;2;1809;0;2177;9;110;4;405;0;21;349;7;1091;1469;0,675
29/06/2022;2022;6;10;36;706;2;1369;0;2114;24;207;2;316;0;55;656;4;852;1566;0,741
29/06/2022;2022;6;11;36;677;1;1423;0;2138;24;201;0;331;0;56;638;1;893;1588;0,743
29/06/2022;2022;6;12;35;615;1;1429;0;2080;23;181;0;333;0;55;574;1;898;1527;0,734
29/06/2022;2022;6;13;35;570;0;1414;0;2020;23;167;0;327;0;55;530;0;883;1468;0,727
29/06/2022;2022;6;14;35;399;1;1521;0;1956;23;121;2;342;0;55;384;3;923;1364;0,697
29/06/2022;2022;6;15;35;673;1;1283;0;1993;23;195;0;295;0;55;620;0;795;1470;0,738
29/06/2022;2022;6;16;13;477;1;1337;0;1829;9;144;3;305;0;21;457;5;824;1307;0,714
29/06/2022;2022;6;17;14;381;0;1455;0;1851;10;119;0;349;0;22;377;0;940;1340;0,724
29/06/2022;2022;6;18;36;691;0;1241;0;1969;24;200;0;283;0;56;635;0;762;1454;0,738
29/06/2022;2022;6;19;13;427;1;1791;0;2232;10;129;0;402;0;22;409;0;1085;1517;0,680
29/06/2022;2022;6;20;14;595;1;1650;0;2259;10;174;0;373;0;23;552;1;1005;1581;0,700
29/06/2022;2022;6;21;14;479;1;1734;0;2228;10;143;1;395;0;23;452;2;1065;1543;0,692
29/06/2022;2022;6;22;36;405;1;1783;0;2225;24;121;0;405;0;56;384;0;1093;1534;0,689
29/06/2022;2022;6;23;36;406;1;1776;0;2218;24;122;0;403;0;56;386;0;1088;1530;0,690
29/06/2022;2022;6;24;15;464;4;1660;0;2143;10;137;1;380;0;24;434;3;1025;1486;0,693
30/06/2022;2022;6;1;13;489;761;593;0;1857;9;143;153;135;0;21;453;297;363;1135;0,611
30/06/2022;2022;6;2;14;707;669;474;0;1864;10;203;133;104;0;23;645;259;279;1206;0,647
30/06/2022;2022;6;3;14;353;622;765;0;1755;10;109;130;172;0;23;345;254;463;1085;0,618
30/06/2022;2022;6;4;14;353;642;764;0;1773;10;109;134;172;0;23;345;261;463;1091;0,615
30/06/2022;2022;6;5;14;355;658;764;0;1792;10;109;137;172;0;23;346;267;463;1099;0,613
30/06/2022;2022;6;6;14;357;698;817;0;1887;10;110;138;183;0;23;348;269;494;1134;0,601
30/06/2022;2022;6;7;14;454;704;832;0;2004;10;137;139;186;0;23;436;271;502;1231;0,614
30/06/2022;2022;6;8;14;453;703;732;0;1902;10;133;139;169;0;22;423;270;456;1171;0,616
30/06/2022;2022;6;9;14;444;703;797;0;1958;9;129;139;181;0;21;409;270;487;1187;0,606
30/06/2022;2022;6;10;13;533;707;810;0;2062;9;153;139;183;0;21;486;271;495;1273;0,617
30/06/2022;2022;6;11;35;531;670;823;0;2059;23;153;133;185;0;53;485;258;500;1296;0,629
30/06/2022;2022;6;12;14;527;646;1108;0;2294;9;151;131;249;0;22;480;255;672;1429;0,623
30/06/2022;2022;6;13;35;721;642;550;0;1949;23;204;130;132;0;54;646;254;356;1310;0,672
30/06/2022;2022;6;14;14;580;670;810;0;2074;10;166;135;182;0;22;528;263;491;1304;0,629
30/06/2022;2022;6;15;14;528;700;540;0;1782;10;152;141;125;0;22;483;274;336;1116;0,626
30/06/2022;2022;6;16;14;578;686;521;0;1800;10;166;138;118;0;22;526;269;317;1134;0,630
30/06/2022;2022;6;17;13;532;707;674;0;1926;9;153;144;150;0;21;487;280;405;1192;0,619
30/06/2022;2022;6;18;16;595;710;520;0;1841;10;171;144;117;0;23;541;280;317;1162;0,631
30/06/2022;2022;6;19;16;540;751;780;0;2087;10;156;152;178;0;23;494;295;479;1292;0,619
30/06/2022;2022;6;20;16;598;908;882;0;2404;10;172;190;196;0;23;544;371;528;1466;0,610
30/06/2022;2022;6;21;16;602;1020;586;0;2223;10;173;212;135;0;23;547;413;363;1347;0,606
30/06/2022;2022;6;22;14;597;1050;579;0;2239;9;171;218;132;0;21;544;426;357;1348;0,602
30/06/2022;2022;6;23;0;575;869;864;0;2309;0;163;185;191;0;0;517;361;514;1392;0,603
30/06/2022;2022;6;24;0;569;829;781;0;2178;0;161;164;170;0;0;511;320;459;1290;0,592
01/07/2022;2022;7;1;0;170;1769;58;0;1997;0;50;371;21;0;0;160;722;57;939;0,470
01/07/2022;2022;7;2;0;412;1448;8;0;1868;0;121;316;3;0;0;383;617;7;1006;0,539
01/07/2022;2022;7;3;0;336;1368;5;0;1709;0;103;310;1;0;0;325;605;4;934;0,547
01/07/2022;2022;7;4;0;334;1405;5;0;1744;0;102;315;1;0;0;323;613;4;940;0,539
01/07/2022;2022;7;5;0;337;1447;5;0;1788;0;103;324;1;0;0;326;632;4;961;0,538
01/07/2022;2022;7;6;0;340;1347;5;0;1692;0;103;292;1;0;0;327;569;4;900;0,532
01/07/2022;2022;7;7;0;176;1468;176;0;1820;0;57;319;38;0;0;179;621;102;903;0,496
01/07/2022;2022;7;8;0;219;1619;94;0;1933;0;67;355;21;0;0;213;692;56;961;0,497
01/07/2022;2022;7;9;0;248;1653;98;0;1998;0;74;364;21;0;0;236;709;58;1003;0,502
01/07/2022;2022;7;10;0;352;1691;52;0;2095;0;102;373;14;0;0;323;726;39;1087;0,519
01/07/2022;2022;7;11;0;260;1698;104;0;2062;0;77;373;32;0;0;245;727;85;1057;0,513
01/07/2022;2022;7;12;0;265;1697;79;0;2041;0;79;372;22;0;0;250;724;59;1033;0,506
01/07/2022;2022;7;13;0;191;1781;53;0;2026;0;58;390;14;0;0;185;760;39;984;0,486
01/07/2022;2022;7;14;0;123;1816;52;0;1991;0;39;393;14;0;0;122;765;38;925;0,465
01/07/2022;2022;7;15;0;123;1821;49;0;1993;0;39;392;13;0;0;122;763;36;921;0,462
01/07/2022;2022;7;16;0;123;1833;42;0;1998;0;39;394;12;0;0;122;768;31;922;0,461
01/07/2022;2022;7;17;0;123;1821;36;0;1980;0;39;391;10;0;0;122;763;27;911;0,460
01/07/2022;2022;7;18;0;123;1860;38;0;2021;0;39;402;13;0;0;122;784;35;941;0,466
01/07/2022;2022;7;19;0;123;2023;85;0;2231;0;39;434;23;0;0;123;845;63;1031;0,462
01/07/2022;2022;7;20;0;123;2148;198;0;2469;0;39;458;52;0;0;123;893;140;1156;0,468
01/07/2022;2022;7;21;0;123;2165;237;0;2524;0;39;460;68;0;0;123;897;183;1203;0,477
01/07/2022;2022;7;22;0;123;2148;195;0;2466;0;39;457;58;0;0;123;890;158;1171;0,475
01/07/2022;2022;7;23;0;204;1863;103;0;2170;0;62;396;29;0;0;197;771;77;1046;0,482
01/07/2022;2022;7;24;0;203;1695;141;0;2040;0;62;359;35;0;0;197;699;95;990;0,486
02/07/2022;2022;7;1;0;265;835;965;0;2066;0;83;181;207;0;0;264;353;557;1175;0,569
02/07/2022;2022;7;2;22;364;789;640;0;1817;14;107;171;139;0;33;340;334;374;1081;0,595
02/07/2022;2022;7;3;27;505;788;573;0;1894;19;149;172;127;0;43;474;335;344;1196;0,632
02/07/2022;2022;7;4;10;331;785;705;0;1831;8;103;171;163;0;18;325;333;441;1117;0,610
02/07/2022;2022;7;5;12;336;850;450;0;1648;8;104;189;105;0;19;330;368;283;1000;0,607
02/07/2022;2022;7;6;13;336;861;468;0;1678;9;104;190;110;0;21;330;370;296;1016;0,606
02/07/2022;2022;7;7;12;338;871;473;0;1694;9;103;190;111;0;20;325;370;299;1014;0,599
02/07/2022;2022;7;8;11;337;864;463;0;1674;8;102;188;108;0;19;325;367;293;1003;0,599
02/07/2022;2022;7;9;11;262;867;535;0;1676;8;81;192;123;0;19;256;374;332;981;0,585
02/07/2022;2022;7;10;33;496;867;679;0;2075;22;142;189;149;0;51;449;368;402;1270;0,612
02/07/2022;2022;7;11;33;299;868;687;0;1887;22;90;189;151;0;51;284;369;408;1112;0,589
02/07/2022;2022;7;12;34;299;860;693;0;1886;22;90;188;153;0;51;285;366;411;1113;0,590
02/07/2022;2022;7;13;34;297;858;697;0;1886;22;89;187;153;0;53;283;365;413;1114;0,591
02/07/2022;2022;7;14;12;274;855;598;0;1739;8;84;188;136;0;19;265;366;367;1017;0,585
02/07/2022;2022;7;15;12;332;846;494;0;1684;9;101;185;117;0;20;321;360;315;1017;0,604
02/07/2022;2022;7;16;12;349;855;501;0;1717;9;106;186;118;0;20;336;363;319;1038;0,604
02/07/2022;2022;7;17;12;359;861;522;0;1754;9;109;187;121;0;20;345;365;326;1056;0,602
02/07/2022;2022;7;18;12;364;894;517;0;1786;9;111;196;119;0;20;351;381;321;1073;0,601
02/07/2022;2022;7;19;13;298;1045;623;0;1979;9;91;213;141;0;21;288;414;380;1103;0,557
02/07/2022;2022;7;20;34;319;1185;684;0;2222;23;96;237;152;0;53;304;461;410;1229;0,553
02/07/2022;2022;7;21;34;320;1170;686;0;2210;22;96;235;153;0;52;304;458;414;1229;0,556
02/07/2022;2022;7;22;34;320;1173;686;0;2212;22;96;235;153;0;52;305;458;413;1228;0,555
02/07/2022;2022;7;23;34;321;1117;678;0;2149;23;96;230;151;0;53;305;448;408;1212;0,564
02/07/2022;2022;7;24;34;290;1114;668;0;2106;23;88;223;148;0;53;280;435;399;1167;0,554
03/07/2022;2022;7;1;13;258;1299;302;0;1871;9;79;269;70;0;21;249;524;188;982;0,525
03/07/2022;2022;7;2;12;256;1467;295;0;2030;9;78;304;68;0;20;249;592;184;1045;0,514
03/07/2022;2022;7;3;13;258;1338;262;0;1871;9;79;289;61;0;21;249;564;165;999;0,534
03/07/2022;2022;7;4;13;334;1331;226;0;1903;9;101;293;54;0;21;319;571;146;1057;0,555
03/07/2022;2022;7;5;13;334;1383;224;0;1952;9;101;302;54;0;21;319;588;145;1072;0,549
03/07/2022;2022;7;6;13;333;1372;223;0;1941;9;100;300;54;0;21;318;585;144;1068;0,551
03/07/2022;2022;7;7;13;241;1376;225;0;1854;9;73;277;54;0;21;233;539;145;939;0,506
03/07/2022;2022;7;8;13;335;1368;286;0;2002;9;101;275;66;0;21;319;536;179;1055;0,527
03/07/2022;2022;7;9;13;234;1380;287;0;1914;9;72;278;66;0;21;228;541;179;969;0,506
03/07/2022;2022;7;10;13;205;1320;288;0;1825;9;62;267;67;0;21;198;520;180;919;0,503
03/07/2022;2022;7;11;13;214;1322;297;0;1846;9;65;265;69;0;21;205;517;185;928;0,503
03/07/2022;2022;7;12;13;149;1249;299;0;1710;9;46;254;69;0;21;145;495;186;847;0,495
03/07/2022;2022;7;13;13;148;1524;27;0;1712;9;46;311;8;0;21;145;605;21;791;0,462
03/07/2022;2022;7;14;13;147;1503;54;0;1716;9;45;306;28;0;21;144;596;75;836;0,487
03/07/2022;2022;7;15;13;213;1494;66;0;1786;9;65;304;30;0;21;205;593;80;899;0,503
03/07/2022;2022;7;16;13;287;1249;72;0;1620;9;86;259;31;0;21;272;505;85;883;0,545
03/07/2022;2022;7;17;0;113;1252;356;0;1720;0;36;260;97;0;0;114;506;261;881;0,512
03/07/2022;2022;7;18;12;206;1290;155;0;1664;9;63;269;52;0;20;200;524;140;885;0,532
03/07/2022;2022;7;19;14;149;1466;227;0;1856;10;46;307;67;0;22;146;598;181;948;0,511
03/07/2022;2022;7;20;14;170;1652;435;0;2272;10;52;344;127;0;23;164;670;341;1197;0,527
03/07/2022;2022;7;21;13;174;1734;526;0;2446;9;53;360;144;0;21;167;701;388;1277;0,522
03/07/2022;2022;7;22;13;173;1723;545;0;2454;9;53;358;147;0;21;167;697;397;1282;0,522
03/07/2022;2022;7;23;13;174;1666;541;0;2394;9;53;346;147;0;21;167;674;396;1259;0,526
03/07/2022;2022;7;24;13;173;1491;474;0;2151;9;53;302;133;0;21;167;588;359;1135;0,527
04/07/2022;2022;7;1;0;16;1523;288;0;1828;0;6;319;82;0;0;20;621;221;863;0,472
04/07/2022;2022;7;2;0;28;1495;275;0;1799;0;10;309;68;0;0;33;602;183;818;0,455
04/07/2022;2022;7;3;0;28;1497;221;0;1746;0;10;310;53;0;0;33;604;142;779;0,446
04/07/2022;2022;7;4;0;28;1505;216;0;1749;0;10;315;51;0;0;33;614;137;784;0,448
04/07/2022;2022;7;5;0;28;1538;6;0;1572;0;10;337;2;0;0;33;656;5;694;0,441
04/07/2022;2022;7;6;0;16;1666;130;0;1813;0;6;344;43;0;0;20;670;116;806;0,445
04/07/2022;2022;7;7;0;16;1788;6;0;1810;0;6;379;2;0;0;20;738;5;762;0,421
04/07/2022;2022;7;8;0;28;1807;282;0;2116;0;10;382;64;0;0;33;744;172;949;0,448
04/07/2022;2022;7;9;0;28;1901;228;0;2156;0;10;405;53;0;0;32;790;144;966;0,448
04/07/2022;2022;7;10;0;16;2042;31;0;2089;0;6;431;9;0;0;19;840;23;882;0,422
04/07/2022;2022;7;11;0;16;2070;38;0;2125;0;6;433;11;0;0;19;844;29;892;0,420
04/07/2022;2022;7;12;0;28;2145;42;0;2214;0;10;441;11;0;0;32;859;31;922;0,416
04/07/2022;2022;7;13;0;17;2071;40;0;2128;0;6;433;11;0;0;20;843;30;893;0,420
04/07/2022;2022;7;14;0;37;1755;259;0;2051;0;13;380;68;0;0;41;741;183;965;0,470
04/07/2022;2022;7;15;0;16;1823;238;0;2077;0;6;406;61;0;0;20;790;165;975;0,469
04/07/2022;2022;7;16;14;36;1838;87;0;1975;10;13;404;28;0;23;40;787;76;927;0,469
04/07/2022;2022;7;17;14;90;1781;102;0;1988;10;28;383;32;0;23;90;746;87;946;0,476
04/07/2022;2022;7;18;0;16;1869;102;0;1987;0;6;408;32;0;0;20;795;87;902;0,454
04/07/2022;2022;7;19;0;0;2112;71;0;2183;0;0;497;26;0;0;0;968;70;1038;0,476
04/07/2022;2022;7;20;0;0;2252;74;0;2326;0;0;594;27;0;0;0;1158;72;1230;0,529
04/07/2022;2022;7;21;0;0;2219;75;0;2294;0;0;564;30;0;0;0;1099;80;1179;0,514
04/07/2022;2022;7;22;0;0;2306;163;0;2469;0;0;561;59;0;0;0;1092;160;1252;0,507
04/07/2022;2022;7;23;0;0;2240;210;0;2450;0;0;535;74;0;0;0;1042;201;1243;0,507
04/07/2022;2022;7;24;0;0;2191;49;0;2240;0;0;467;20;0;0;0;910;53;963;0,430
05/07/2022;2022;7;1;0;0;1929;14;0;1943;0;0;431;4;0;0;0;839;11;850;0,437
05/07/2022;2022;7;2;0;0;1802;32;0;1834;0;0;403;19;0;0;0;785;51;836;0,456
05/07/2022;2022;7;3;0;0;1519;160;0;1679;0;0;337;49;0;0;0;656;132;788;0,469
05/07/2022;2022;7;4;0;0;1569;86;0;1654;0;0;351;26;0;0;0;683;69;752;0,455
05/07/2022;2022;7;5;0;0;1706;5;0;1711;0;0;373;2;0;0;0;726;4;731;0,427
05/07/2022;2022;7;6;0;0;1741;5;0;1746;0;0;402;2;0;0;0;783;4;787;0,451
05/07/2022;2022;7;7;0;0;1755;5;0;1760;0;0;389;1;0;0;0;757;4;761;0,433
05/07/2022;2022;7;8;0;0;1684;200;0;1883;0;0;377;55;0;0;0;735;150;884;0,470
05/07/2022;2022;7;9;0;0;1975;16;0;1991;0;0;415;7;0;0;0;809;18;827;0,415
05/07/2022;2022;7;10;0;0;2016;44;0;2060;0;0;423;13;0;0;0;824;34;857;0,416
05/07/2022;2022;7;11;0;0;2082;47;0;2129;0;0;435;16;0;0;0;848;44;891;0,419
05/07/2022;2022;7;12;0;0;2067;48;0;2115;0;0;437;15;0;0;0;851;39;891;0,421
05/07/2022;2022;7;13;0;0;1952;40;0;1992;0;0;421;11;0;0;0;820;31;850;0,427
05/07/2022;2022;7;14;0;0;1905;39;0;1945;0;0;409;11;0;0;0;798;30;828;0,426
05/07/2022;2022;7;15;0;0;2105;44;0;2149;0;0;442;13;0;0;0;861;34;894;0,416
05/07/2022;2022;7;16;0;0;1883;38;0;1921;0;0;408;11;0;0;0;794;29;823;0,429
05/07/2022;2022;7;17;0;0;1956;38;0;1994;0;0;418;11;0;0;0;814;29;843;0,423
05/07/2022;2022;7;18;0;0;1866;43;0;1909;0;0;397;12;0;0;0;773;33;806;0,422
05/07/2022;2022;7;19;0;1;2053;64;0;2118;0;0;431;20;0;0;1;840;53;895;0,422
05/07/2022;2022;7;20;0;0;2366;60;0;2426;0;0;526;19;0;0;0;1024;50;1075;0,443
05/07/2022;2022;7;21;0;0;2301;80;0;2381;0;0;517;26;0;0;0;1006;69;1076;0,452
05/07/2022;2022;7;22;0;0;2335;103;0;2438;0;0;528;32;0;0;0;1029;86;1116;0,458
05/07/2022;2022;7;23;0;0;2201;60;0;2261;0;0;477;19;0;0;0;929;51;980;0,433
05/07/2022;2022;7;24;0;25;2015;19;0;2059;0;9;424;8;0;0;29;826;22;876;0,426
06/07/2022;2022;7;1;0;1;1955;2;0;1959;0;0;428;1;0;0;1;833;2;836;0,427
06/07/2022;2022;7;2;0;0;1944;1;0;1946;0;0;415;0;0;0;0;808;1;809;0,416
06/07/2022;2022;7;3;0;0;1735;1;0;1736;0;0;375;0;0;0;0;731;1;732;0,422
06/07/2022;2022;7;4;0;0;1641;1;0;1642;0;0;355;0;0;0;0;692;1;693;0,422
06/07/2022;2022;7;5;0;0;1656;1;0;1657;0;0;358;0;0;0;0;698;0;698;0,421
06/07/2022;2022;7;6;0;0;2036;1;0;2036;0;0;434;0;0;0;0;845;0;846;0,415
06/07/2022;2022;7;7;0;0;1820;1;0;1821;0;0;387;0;0;0;0;755;0;755;0,415
06/07/2022;2022;7;8;0;0;1974;7;0;1981;0;0;412;2;0;0;0;803;5;807;0,408
06/07/2022;2022;7;9;0;0;1948;13;0;1961;0;0;408;6;0;0;0;795;16;811;0,413
06/07/2022;2022;7;10;0;0;2130;21;0;2151;0;0;442;8;0;0;0;862;21;883;0,411
06/07/2022;2022;7;11;0;0;2147;28;0;2175;0;0;449;10;0;0;0;874;26;900;0,414
06/07/2022;2022;7;12;0;0;2059;26;0;2086;0;0;437;9;0;0;0;851;25;876;0,420
06/07/2022;2022;7;13;0;0;2141;46;0;2187;0;0;456;15;0;0;0;888;41;929;0,425
06/07/2022;2022;7;14;0;0;2239;67;0;2306;0;0;471;21;0;0;0;918;56;974;0,422
06/07/2022;2022;7;15;0;0;2103;28;0;2130;0;0;448;10;0;0;0;873;27;900;0,423
06/07/2022;2022;7;16;0;0;2137;54;0;2192;0;0;457;18;0;0;0;891;48;939;0,428
06/07/2022;2022;7;17;0;0;2036;55;0;2091;0;0;440;18;0;0;0;858;48;906;0,433
06/07/2022;2022;7;18;0;0;1980;49;0;2029;0;0;424;21;0;0;0;825;56;881;0,434
06/07/2022;2022;7;19;0;0;2040;119;0;2159;0;0;424;40;0;0;0;825;107;932;0,432
06/07/2022;2022;7;20;0;0;2070;156;0;2225;0;0;433;53;0;0;0;844;143;987;0,443
06/07/2022;2022;7;21;0;0;2161;172;0;2333;0;0;464;55;0;0;0;903;150;1053;0,451
06/07/2022;2022;7;22;0;0;2069;321;0;2390;0;0;443;99;0;0;0;862;267;1129;0,472
06/07/2022;2022;7;23;0;0;2090;159;0;2249;0;0;447;47;0;0;0;870;128;998;0,444
06/07/2022;2022;7;24;0;0;1930;77;0;2006;0;0;413;26;0;0;0;805;71;876;0,437
07/07/2022;2022;7;1;0;0;1868;20;0;1888;0;0;400;7;0;0;0;780;19;800;0,423
07/07/2022;2022;7;2;0;0;1803;2;0;1805;0;0;390;1;0;0;0;760;2;762;0,422
07/07/2022;2022;7;3;0;0;1783;2;0;1785;0;0;382;1;0;0;0;744;1;745;0,418
07/07/2022;2022;7;4;0;0;1792;1;0;1793;0;0;385;0;0;0;0;750;1;751;0,419
07/07/2022;2022;7;5;0;0;1778;1;0;1779;0;0;384;0;0;0;0;748;1;749;0,421
07/07/2022;2022;7;6;0;0;1769;1;0;1770;0;0;380;0;0;0;0;739;1;741;0,418
07/07/2022;2022;7;7;0;0;1804;3;0;1807;0;0;388;1;0;0;0;756;3;759;0,420
07/07/2022;2022;7;8;0;0;2024;1;0;2025;0;0;435;0;0;0;0;848;1;849;0,419
07/07/2022;2022;7;9;0;0;2075;3;0;2078;0;0;448;1;0;0;0;873;3;876;0,421
07/07/2022;2022;7;10;0;0;1981;44;0;2025;0;0;430;13;0;0;0;838;34;872;0,430
07/07/2022;2022;7;11;0;0;2087;45;0;2132;0;0;451;13;0;0;0;878;34;912;0,428
07/07/2022;2022;7;12;0;0;2098;3;0;2101;0;0;453;1;0;0;0;882;3;885;0,421
07/07/2022;2022;7;13;0;0;2131;30;0;2160;0;0;459;8;0;0;0;894;23;917;0,425
07/07/2022;2022;7;14;0;0;2121;6;0;2127;0;0;455;2;0;0;0;886;5;891;0,419
07/07/2022;2022;7;15;0;0;2135;6;0;2141;0;0;457;2;0;0;0;890;5;896;0,418
07/07/2022;2022;7;16;0;0;1860;29;0;1889;0;0;402;8;0;0;0;783;22;805;0,426
07/07/2022;2022;7;17;0;4;2031;40;0;2076;0;2;433;11;0;0;5;844;31;879;0,424
07/07/2022;2022;7;18;0;0;1990;40;0;2030;0;0;429;11;0;0;0;837;31;867;0,427
07/07/2022;2022;7;19;0;0;2187;62;0;2249;0;0;502;18;0;0;0;979;50;1028;0,457
07/07/2022;2022;7;20;0;0;2315;82;0;2397;0;0;534;23;0;0;0;1041;62;1103;0,460
07/07/2022;2022;7;21;0;0;2371;110;0;2480;0;0;545;31;0;0;0;1061;82;1144;0,461
07/07/2022;2022;7;22;0;0;2366;109;0;2475;0;0;544;31;0;0;0;1060;83;1142;0,462
07/07/2022;2022;7;23;0;0;2350;115;0;2465;0;0;541;33;0;0;0;1054;90;1144;0,464
07/07/2022;2022;7;24;0;0;2183;47;0;2230;0;0;509;13;0;0;0;991;36;1027;0,460
08/07/2022;2022;7;1;0;0;2093;31;0;2125;0;0;449;10;0;0;0;875;26;901;0,424
08/07/2022;2022;7;2;0;0;1822;5;0;1826;0;0;398;2;0;0;0;775;4;779;0,426
08/07/2022;2022;7;3;0;0;1769;9;0;1778;0;0;387;3;0;0;0;755;7;762;0,428
08/07/2022;2022;7;4;0;0;1747;5;0;1752;0;0;383;2;0;0;0;747;4;751;0,429
08/07/2022;2022;7;5;0;0;1753;5;0;1758;0;0;384;2;0;0;0;749;4;753;0,428
08/07/2022;2022;7;6;0;2;1789;5;0;1796;0;1;394;2;0;0;5;767;4;776;0,432
08/07/2022;2022;7;7;0;0;2041;5;0;2045;0;0;445;2;0;0;0;868;4;872;0,426
08/07/2022;2022;7;8;0;0;2015;9;0;2024;0;0;426;3;0;0;0;830;7;837;0,414
08/07/2022;2022;7;9;0;0;2146;5;0;2152;0;0;450;2;0;0;0;877;5;881;0,410
08/07/2022;2022;7;10;0;0;2164;17;0;2181;0;0;457;7;0;0;0;890;18;909;0,417
08/07/2022;2022;7;11;0;0;2444;27;0;2471;0;0;518;9;0;0;0;1009;25;1034;0,418
08/07/2022;2022;7;12;0;0;2191;34;0;2224;0;0;461;11;0;0;0;899;29;928;0,417
08/07/2022;2022;7;13;0;0;2330;17;0;2346;0;0;488;7;0;0;0;952;19;970;0,414
08/07/2022;2022;7;14;0;0;2057;6;0;2063;0;0;433;2;0;0;0;844;5;849;0,412
08/07/2022;2022;7;15;0;0;2049;6;0;2054;0;0;435;2;0;0;0;847;5;852;0,415
08/07/2022;2022;7;16;0;0;2060;29;0;2088;0;0;443;9;0;0;0;863;25;887;0,425
08/07/2022;2022;7;17;0;0;2196;47;0;2243;0;0;460;15;0;0;0;896;40;936;0,417
08/07/2022;2022;7;18;0;0;2064;61;0;2126;0;0;432;18;0;0;0;842;49;891;0,419
08/07/2022;2022;7;19;0;0;2066;97;0;2163;0;0;433;29;0;0;0;844;79;923;0,427
08/07/2022;2022;7;20;0;0;2061;247;0;2308;0;0;432;80;0;0;0;842;216;1058;0,458
08/07/2022;2022;7;21;0;0;2282;332;0;2615;0;0;478;99;0;0;0;932;268;1199;0,459
08/07/2022;2022;7;22;0;0;2265;331;0;2596;0;0;475;99;0;0;0;926;266;1192;0,459
08/07/2022;2022;7;23;0;0;2283;218;0;2501;0;0;476;68;0;0;0;927;185;1112;0,445
08/07/2022;2022;7;24;0;0;2017;37;0;2054;0;0;421;11;0;0;0;821;29;849;0,413
09/07/2022;2022;7;1;0;0;1876;19;0;1895;0;0;391;5;0;0;0;762;15;776;0,410
09/07/2022;2022;7;2;0;0;2112;12;0;2123;0;0;447;3;0;0;0;870;9;880;0,414
09/07/2022;2022;7;3;0;0;1861;7;0;1868;0;0;395;2;0;0;0;769;5;774;0,414
09/07/2022;2022;7;4;0;0;1684;1;0;1684;0;0;363;0;0;0;0;707;1;708;0,420
09/07/2022;2022;7;5;0;0;1822;4;0;1827;0;0;399;1;0;0;0;777;4;781;0,428
09/07/2022;2022;7;6;0;0;1796;11;0;1807;0;0;400;4;0;0;0;779;10;789;0,436
09/07/2022;2022;7;7;0;0;1546;46;0;1592;0;0;346;13;0;0;0;673;35;709;0,445
09/07/2022;2022;7;8;0;0;1559;44;0;1603;0;0;344;13;0;0;0;671;34;705;0,440
09/07/2022;2022;7;9;0;0;1705;36;0;1741;0;0;371;10;0;0;0;723;28;750;0,431
09/07/2022;2022;7;10;0;0;1723;40;0;1764;0;0;369;11;0;0;0;719;31;750;0,425
09/07/2022;2022;7;11;0;0;1898;43;0;1941;0;0;395;12;0;0;0;769;33;802;0,413
09/07/2022;2022;7;12;0;0;1912;15;0;1927;0;0;394;5;0;0;0;767;13;780;0,405
09/07/2022;2022;7;13;0;0;1892;8;0;1899;0;0;389;2;0;0;0;758;6;764;0,402
09/07/2022;2022;7;14;0;0;1781;6;0;1788;0;0;372;2;0;0;0;725;5;730;0,408
09/07/2022;2022;7;15;0;0;1960;7;0;1967;0;0;410;2;0;0;0;798;6;804;0,409
09/07/2022;2022;7;16;0;0;1936;7;0;1943;0;7;406;2;0;0;23;791;6;819;0,422
09/07/2022;2022;7;17;0;0;1589;6;0;1595;0;0;338;2;0;0;0;658;5;663;0,415
09/07/2022;2022;7;18;0;1;1714;8;0;1722;0;1;359;2;0;0;2;699;6;706;0,410
09/07/2022;2022;7;19;0;0;1977;10;0;1987;0;0;405;3;0;0;0;788;8;796;0,400
09/07/2022;2022;7;20;0;0;2014;15;0;2030;0;0;411;4;0;0;0;802;12;814;0,401
09/07/2022;2022;7;21;0;0;1999;16;0;2015;0;0;409;5;0;0;0;798;12;810;0,402
09/07/2022;2022;7;22;0;0;1998;15;0;2013;0;0;406;5;0;0;0;791;12;803;0,399
09/07/2022;2022;7;23;0;0;2028;15;0;2043;0;0;420;4;0;0;0;818;12;829;0,406
09/07/2022;2022;7;24;0;0;1740;13;0;1753;0;0;373;4;0;0;0;727;10;737;0,421
10/07/2022;2022;7;1;0;0;1798;9;0;1807;0;0;378;3;0;0;0;737;8;745;0,412
10/07/2022;2022;7;2;0;0;1467;7;0;1474;0;0;313;2;0;0;0;610;6;616;0,418
10/07/2022;2022;7;3;0;0;1577;7;0;1584;0;0;339;2;0;0;0;661;6;667;0,421
10/07/2022;2022;7;4;0;0;1381;6;0;1387;0;0;300;2;0;0;0;585;5;590;0,425
10/07/2022;2022;7;5;0;0;1360;7;0;1367;0;0;296;2;0;0;0;577;5;583;0,426
10/07/2022;2022;7;6;0;0;1314;6;0;1319;0;0;287;2;0;0;0;559;5;564;0,427
10/07/2022;2022;7;7;0;0;1486;6;0;1492;0;0;323;2;0;0;0;629;5;634;0,425
10/07/2022;2022;7;8;0;0;1383;6;0;1388;0;0;302;2;0;0;0;588;5;592;0,427
10/07/2022;2022;7;9;0;0;1322;6;0;1328;0;0;289;2;0;0;0;564;5;568;0,428
10/07/2022;2022;7;10;0;10;1385;6;0;1401;0;9;302;2;0;0;29;588;5;621;0,443
10/07/2022;2022;7;11;0;0;1631;7;0;1638;0;0;355;2;0;0;0;691;5;696;0,425
10/07/2022;2022;7;12;0;0;1500;6;0;1506;0;0;344;2;0;0;0;670;5;675;0,448
10/07/2022;2022;7;13;0;0;1507;6;0;1513;0;0;344;2;0;0;0;670;5;676;0,446
10/07/2022;2022;7;14;0;0;1586;7;0;1593;0;0;360;2;0;0;0;701;6;707;0,444
10/07/2022;2022;7;15;0;0;1571;7;0;1578;0;0;357;2;0;0;0;696;6;701;0,444
10/07/2022;2022;7;16;0;0;1558;8;0;1566;0;0;354;2;0;0;0;689;6;696;0,444
10/07/2022;2022;7;17;0;0;1564;7;0;1571;0;0;362;2;0;0;0;705;6;711;0,452
10/07/2022;2022;7;18;0;0;1636;8;0;1644;0;0;372;2;0;0;0;725;6;732;0,445
10/07/2022;2022;7;19;0;0;1784;23;0;1806;0;0;422;6;0;0;0;821;16;837;0,464
10/07/2022;2022;7;20;0;0;1714;54;0;1768;0;0;424;13;0;0;0;826;36;862;0,487
10/07/2022;2022;7;21;0;0;1767;56;0;1823;0;0;440;14;0;0;0;857;37;895;0,491
10/07/2022;2022;7;22;0;0;1742;62;0;1804;0;0;440;17;0;0;0;857;45;902;0,500
10/07/2022;2022;7;23;0;0;1715;55;0;1770;0;0;435;14;0;0;0;848;39;887;0,501
10/07/2022;2022;7;24;0;0;1650;37;0;1686;0;0;404;10;0;0;0;787;26;812;0,482
11/07/2022;2022;7;1;0;0;1679;9;0;1688;0;0;414;3;0;0;0;806;8;814;0,482
11/07/2022;2022;7;2;0;0;1474;8;0;1483;0;0;377;3;0;0;0;734;7;741;0,500
11/07/2022;2022;7;3;0;0;1473;8;0;1481;0;0;377;2;0;0;0;734;6;741;0,500
11/07/2022;2022;7;4;0;0;1523;7;0;1530;0;0;388;2;0;0;0;755;6;761;0,498
11/07/2022;2022;7;5;0;0;1537;7;0;1544;0;0;394;2;0;0;0;768;6;774;0,501
11/07/2022;2022;7;6;0;0;1523;7;0;1530;0;0;424;2;0;0;0;825;6;831;0,543
11/07/2022;2022;7;7;0;0;1567;7;0;1574;0;0;378;2;0;0;0;736;6;742;0,471
11/07/2022;2022;7;8;0;2;1848;7;0;1856;0;1;419;2;0;0;3;816;6;824;0,444
11/07/2022;2022;7;9;0;0;1800;7;0;1807;0;0;390;2;0;0;0;760;6;766;0,424
11/07/2022;2022;7;10;0;0;1917;58;0;1975;0;0;407;17;0;0;0;794;45;839;0,425
11/07/2022;2022;7;11;0;0;1927;78;0;2005;0;0;416;22;0;0;0;811;60;870;0,434
11/07/2022;2022;7;12;0;0;2282;82;0;2363;0;0;485;23;0;0;0;945;62;1007;0,426
11/07/2022;2022;7;13;0;0;2099;86;0;2185;0;0;458;25;0;0;0;893;66;959;0,439
11/07/2022;2022;7;14;0;0;2070;98;0;2169;0;0;453;29;0;0;0;883;79;962;0,443
11/07/2022;2022;7;15;0;0;2016;90;0;2106;0;0;432;26;0;0;0;841;70;911;0,433
11/07/2022;2022;7;16;0;0;1982;92;0;2074;0;0;421;26;0;0;0;820;70;890;0,429
11/07/2022;2022;7;17;0;0;1915;126;0;2042;0;0;400;36;0;0;0;779;96;875;0,428
11/07/2022;2022;7;18;0;0;2028;133;0;2160;0;0;430;37;0;0;0;838;100;938;0,434
11/07/2022;2022;7;19;0;0;2077;156;0;2234;0;0;444;45;0;0;0;865;120;986;0,441
11/07/2022;2022;7;20;0;0;2067;201;0;2268;0;0;441;55;0;0;0;860;148;1008;0,444
11/07/2022;2022;7;21;0;0;2091;235;0;2326;0;0;447;65;0;0;0;870;176;1046;0,450
11/07/2022;2022;7;22;0;0;2064;235;0;2299;0;0;443;65;0;0;0;863;177;1039;0,452
11/07/2022;2022;7;23;0;0;2046;193;0;2239;0;0;434;56;0;0;0;846;152;998;0,446
11/07/2022;2022;7;24;0;0;2234;164;0;2398;0;0;473;48;0;0;0;921;130;1051;0,438
12/07/2022;2022;7;1;0;0;2071;42;0;2112;0;0;452;12;0;0;0;881;32;913;0,432
12/07/2022;2022;7;2;0;0;1896;41;0;1937;0;0;429;12;0;0;0;835;32;867;0,448
12/07/2022;2022;7;3;0;0;1845;41;0;1885;0;0;417;12;0;0;0;812;31;843;0,447
12/07/2022;2022;7;4;0;0;1698;24;0;1722;0;0;385;7;0;0;0;750;19;768;0,446
12/07/2022;2022;7;5;0;0;1719;6;0;1725;0;0;387;2;0;0;0;753;5;758;0,439
12/07/2022;2022;7;6;0;0;1692;6;0;1698;0;0;374;2;0;0;0;728;5;733;0,432
12/07/2022;2022;7;7;0;0;1810;6;0;1815;0;0;399;2;0;0;0;777;5;781;0,430
12/07/2022;2022;7;8;0;0;2130;12;0;2142;0;0;456;3;0;0;0;888;9;897;0,419
12/07/2022;2022;7;9;0;0;2302;42;0;2344;0;0;488;18;0;0;0;950;50;1000;0,427
12/07/2022;2022;7;10;0;0;2197;142;0;2339;0;0;481;42;0;0;0;937;114;1051;0,449
12/07/2022;2022;7;11;0;0;2019;193;0;2212;0;0;456;59;0;0;0;889;158;1047;0,473
12/07/2022;2022;7;12;0;0;2097;167;0;2263;0;0;475;53;0;0;0;926;142;1068;0,472
12/07/2022;2022;7;13;0;0;2090;96;0;2187;0;0;476;30;0;0;0;928;80;1008;0,461
12/07/2022;2022;7;14;0;0;1966;88;0;2054;0;0;442;27;0;0;0;861;72;933;0,454
12/07/2022;2022;7;15;0;0;1920;93;0;2013;0;0;427;27;0;0;0;832;72;904;0,449
12/07/2022;2022;7;16;0;0;1868;96;0;1964;0;0;417;30;0;0;0;813;81;894;0,455
12/07/2022;2022;7;17;0;0;1866;114;0;1980;0;0;413;32;0;0;0;805;86;891;0,450
12/07/2022;2022;7;18;0;0;2208;128;0;2336;0;0;478;36;0;0;0;932;98;1030;0,441
12/07/2022;2022;7;19;0;0;2132;193;0;2325;0;0;463;59;0;0;0;902;160;1063;0,457
12/07/2022;2022;7;20;0;0;2325;189;0;2514;0;0;508;52;0;0;0;989;140;1129;0,449
12/07/2022;2022;7;21;0;22;2271;262;0;2555;0;8;491;76;0;0;27;957;204;1188;0,465
12/07/2022;2022;7;22;0;21;2188;425;0;2634;0;8;469;126;0;0;26;914;339;1280;0,486
12/07/2022;2022;7;23;0;21;2116;338;0;2475;0;8;448;97;0;0;26;872;261;1159;0,468
12/07/2022;2022;7;24;0;20;1982;286;0;2288;0;8;416;85;0;0;25;811;230;1066;0,466
13/07/2022;2022;7;1;23;788;1151;46;0;2008;16;225;247;14;0;37;713;482;37;1269;0,632
13/07/2022;2022;7;2;21;565;1370;12;0;1968;15;171;292;3;0;34;543;569;9;1155;0,587
13/07/2022;2022;7;3;22;526;1279;8;0;1834;15;161;282;2;0;36;511;550;6;1102;0,601
13/07/2022;2022;7;4;22;526;1227;7;0;1783;16;161;285;2;0;36;510;555;5;1107;0,621
13/07/2022;2022;7;5;22;526;1259;7;0;1814;16;161;288;2;0;36;510;560;5;1112;0,613
13/07/2022;2022;7;6;23;546;1295;8;0;1872;16;166;297;2;0;36;527;578;6;1147;0,613
13/07/2022;2022;7;7;23;689;1167;8;0;1887;16;198;272;2;0;37;629;530;6;1202;0,637
13/07/2022;2022;7;8;23;779;1188;40;0;2031;16;221;273;13;0;37;702;532;34;1304;0,642
13/07/2022;2022;7;9;40;902;1098;81;0;2121;26;253;253;22;0;60;801;492;59;1412;0,666
13/07/2022;2022;7;10;46;906;1174;94;0;2220;29;254;262;25;0;67;804;511;69;1450;0,653
13/07/2022;2022;7;11;49;825;1188;128;0;2190;30;232;270;36;0;70;736;527;98;1431;0,653
13/07/2022;2022;7;12;50;610;1282;148;0;2091;31;177;300;40;0;71;560;585;109;1326;0,634
13/07/2022;2022;7;13;50;609;1277;128;0;2064;31;176;298;35;0;71;559;580;95;1306;0,633
13/07/2022;2022;7;14;50;821;1142;113;0;2126;31;231;271;31;0;72;732;528;84;1416;0,666
13/07/2022;2022;7;15;50;826;1030;102;0;2008;31;232;241;28;0;72;736;469;76;1354;0,674
13/07/2022;2022;7;16;50;825;989;100;0;1964;31;232;229;28;0;72;736;446;75;1329;0,676
13/07/2022;2022;7;17;51;835;1024;129;0;2039;31;235;234;36;0;73;745;455;97;1369;0,671
13/07/2022;2022;7;18;51;826;917;133;0;1927;31;232;205;37;0;73;737;400;99;1309;0,679
13/07/2022;2022;7;19;51;854;986;159;0;2050;31;240;227;50;0;73;761;442;134;1410;0,688
13/07/2022;2022;7;20;51;855;1089;227;0;2223;31;241;278;72;0;73;763;542;194;1572;0,707
13/07/2022;2022;7;21;51;858;1272;272;0;2453;31;241;297;96;0;73;765;579;259;1677;0,684
13/07/2022;2022;7;22;52;644;1486;306;0;2487;31;186;354;100;0;73;591;689;271;1624;0,653
13/07/2022;2022;7;23;51;634;1399;312;0;2396;31;184;337;94;0;73;583;657;254;1567;0,654
13/07/2022;2022;7;24;64;814;935;323;0;2136;37;228;211;99;0;87;723;412;267;1489;0,697
14/07/2022;2022;7;1;52;608;1094;255;0;2009;31;173;236;63;0;73;549;459;169;1250;0,622
14/07/2022;2022;7;2;45;549;1061;225;0;1880;28;158;240;53;0;66;503;467;144;1180;0,627
14/07/2022;2022;7;3;44;503;1008;224;0;1779;28;147;231;53;0;65;466;450;143;1124;0,632
14/07/2022;2022;7;4;42;593;1031;223;0;1889;27;171;236;53;0;63;544;460;142;1209;0,640
14/07/2022;2022;7;5;44;592;1031;223;0;1890;28;171;236;53;0;65;543;460;143;1210;0,640
14/07/2022;2022;7;6;43;537;1029;223;0;1831;27;157;236;53;0;64;497;460;143;1162;0,635
14/07/2022;2022;7;7;44;526;1009;280;0;1859;28;153;233;67;0;65;487;454;181;1187;0,639
14/07/2022;2022;7;8;44;625;926;354;0;1949;28;179;210;84;0;66;569;410;227;1271;0,652
14/07/2022;2022;7;9;45;623;1084;418;0;2169;28;179;234;108;0;66;567;457;293;1383;0,637
14/07/2022;2022;7;10;45;623;917;467;0;2051;28;179;199;118;0;66;567;388;317;1338;0,653
14/07/2022;2022;7;11;43;622;912;416;0;1993;27;179;198;101;0;64;567;386;272;1289;0,646
14/07/2022;2022;7;12;43;624;522;778;0;1968;27;180;117;176;0;64;572;228;475;1339;0,680
14/07/2022;2022;7;13;45;639;440;802;0;1926;28;185;100;182;0;66;586;194;490;1336;0,694
14/07/2022;2022;7;14;45;651;545;707;0;1947;29;189;122;159;0;67;599;238;429;1333;0,684
14/07/2022;2022;7;15;46;652;919;430;0;2046;29;189;201;104;0;67;600;391;281;1339;0,655
14/07/2022;2022;7;16;46;648;444;756;0;1894;29;188;100;195;0;68;596;195;525;1384;0,731
14/07/2022;2022;7;17;46;649;419;809;0;1923;29;188;98;186;0;67;597;190;502;1356;0,705
14/07/2022;2022;7;18;46;648;388;833;0;1915;29;188;91;195;0;67;597;178;525;1367;0,714
14/07/2022;2022;7;19;46;651;528;862;0;2087;29;189;119;202;0;67;600;232;544;1442;0,691
14/07/2022;2022;7;20;46;647;561;899;0;2153;29;188;124;212;0;68;597;242;571;1478;0,687
14/07/2022;2022;7;21;46;644;775;922;0;2387;29;186;168;218;0;68;591;328;589;1575;0,660
14/07/2022;2022;7;22;45;633;787;909;0;2374;29;183;171;215;0;68;582;332;579;1561;0,657
14/07/2022;2022;7;23;45;632;563;859;0;2100;29;183;125;203;0;67;581;243;548;1438;0,685
14/07/2022;2022;7;24;45;633;706;781;0;2165;29;183;161;178;0;67;581;314;481;1443;0,667
15/07/2022;2022;7;1;45;623;675;507;0;1850;29;185;154;132;0;67;588;300;355;1310;0,708
15/07/2022;2022;7;2;45;571;941;231;0;1788;29;173;209;46;0;67;549;407;125;1148;0,642
15/07/2022;2022;7;3;45;613;882;235;0;1775;29;187;199;46;0;67;593;388;124;1172;0,660
15/07/2022;2022;7;4;45;613;1041;2;0;1701;28;187;234;1;0;66;593;457;2;1118;0,658
15/07/2022;2022;7;5;45;614;769;300;0;1727;29;187;177;57;0;67;594;344;155;1160;0,672
15/07/2022;2022;7;6;46;524;982;300;0;1853;29;162;221;57;0;69;515;431;155;1170;0,631
15/07/2022;2022;7;7;47;543;1068;300;0;1958;30;167;243;58;0;69;531;473;155;1228;0,627
15/07/2022;2022;7;8;48;528;919;634;0;2128;30;161;206;124;0;70;511;401;334;1316;0,619
15/07/2022;2022;7;9;46;594;810;765;0;2215;29;178;179;155;0;69;565;348;419;1401;0,632
15/07/2022;2022;7;10;47;592;595;781;0;2016;30;177;129;160;0;69;563;251;430;1313;0,652
15/07/2022;2022;7;11;47;584;597;802;0;2031;30;175;129;167;0;70;556;250;451;1327;0,653
15/07/2022;2022;7;12;48;583;595;838;0;2064;30;175;128;174;0;71;555;250;468;1344;0,651
15/07/2022;2022;7;13;48;598;592;838;0;2076;30;179;127;173;0;70;568;248;468;1354;0,652
15/07/2022;2022;7;14;48;614;598;844;0;2104;30;184;128;175;0;71;583;250;471;1374;0,653
15/07/2022;2022;7;15;49;726;605;805;0;2185;31;213;129;166;0;72;676;251;447;1446;0,662
15/07/2022;2022;7;16;48;729;604;809;0;2189;30;214;129;166;0;71;678;251;448;1447;0,661
15/07/2022;2022;7;17;48;625;606;836;0;2115;30;187;129;174;0;70;593;252;469;1384;0,654
15/07/2022;2022;7;18;48;626;608;841;0;2122;30;187;130;175;0;70;595;252;472;1389;0,654
15/07/2022;2022;7;19;48;627;559;921;0;2154;30;188;153;199;0;70;596;298;536;1500;0,696
15/07/2022;2022;7;20;47;606;750;1003;0;2407;30;182;185;224;0;70;578;360;605;1613;0,670
15/07/2022;2022;7;21;47;535;759;1040;0;2381;30;165;187;235;0;70;523;364;633;1589;0,667
15/07/2022;2022;7;22;48;531;678;1013;0;2271;30;164;173;228;0;71;520;337;614;1542;0,679
15/07/2022;2022;7;23;54;536;731;964;0;2285;33;165;168;212;0;76;523;328;573;1501;0,657
15/07/2022;2022;7;24;54;533;615;848;0;2050;33;164;140;178;0;76;521;273;481;1351;0,659
16/07/2022;2022;7;1;60;499;592;746;0;1896;35;152;137;189;0;81;483;267;509;1341;0,707
16/07/2022;2022;7;2;49;581;845;571;0;2045;31;173;197;137;0;72;548;384;371;1376;0,673
16/07/2022;2022;7;3;45;585;875;337;0;1841;29;174;201;74;0;67;550;391;200;1209;0,657
16/07/2022;2022;7;4;47;586;872;315;0;1819;30;174;199;60;0;69;551;387;163;1170;0,643
16/07/2022;2022;7;5;45;585;659;315;0;1604;29;174;153;60;0;67;551;298;163;1078;0,672
16/07/2022;2022;7;6;46;584;660;314;0;1605;29;173;153;60;0;68;550;298;162;1079;0,672
16/07/2022;2022;7;7;46;592;662;314;0;1614;29;172;152;60;0;68;545;296;162;1072;0,664
16/07/2022;2022;7;8;46;588;894;304;0;1833;29;171;200;60;0;68;543;390;162;1163;0,634
16/07/2022;2022;7;9;46;589;898;305;0;1838;29;171;201;61;0;67;543;391;163;1165;0,634
16/07/2022;2022;7;10;46;589;816;347;0;1799;29;171;177;69;0;69;544;345;186;1144;0,636
16/07/2022;2022;7;11;46;588;896;374;0;1903;29;171;190;75;0;67;542;371;202;1182;0,621
16/07/2022;2022;7;12;53;604;939;381;0;1976;32;176;203;77;0;74;559;395;207;1235;0,625
16/07/2022;2022;7;13;54;604;978;399;0;2034;32;176;209;81;0;75;559;408;218;1260;0,619
16/07/2022;2022;7;14;52;602;986;397;0;2037;31;176;212;80;0;73;557;412;217;1260;0,618
16/07/2022;2022;7;15;53;604;884;394;0;1934;31;176;188;79;0;73;559;366;214;1213;0,627
16/07/2022;2022;7;16;53;605;870;394;0;1921;31;176;192;79;0;74;560;374;214;1221;0,636
16/07/2022;2022;7;17;53;604;905;388;0;1950;31;176;197;78;0;73;559;385;210;1227;0,629
16/07/2022;2022;7;18;53;606;1005;390;0;2053;31;177;212;78;0;73;560;412;211;1257;0,612
16/07/2022;2022;7;19;53;828;733;439;0;2053;32;232;157;95;0;74;736;306;256;1373;0,669
16/07/2022;2022;7;20;53;611;1125;534;0;2324;32;178;256;122;0;74;564;500;330;1468;0,632
16/07/2022;2022;7;21;54;607;1153;552;0;2365;32;177;262;130;0;75;562;511;350;1498;0,633
16/07/2022;2022;7;22;52;602;1147;542;0;2343;31;176;261;125;0;73;557;508;337;1475;0,630
16/07/2022;2022;7;23;52;602;1148;515;0;2316;31;176;261;113;0;73;557;509;304;1442;0,623
16/07/2022;2022;7;24;50;601;1102;463;0;2216;30;175;242;101;0;71;556;472;271;1371;0,618
17/07/2022;2022;7;1;51;602;778;652;0;2082;30;176;165;151;0;71;559;321;408;1359;0,653
17/07/2022;2022;7;2;50;603;834;429;0;1917;30;176;186;91;0;71;558;362;245;1235;0,644
17/07/2022;2022;7;3;48;551;674;387;0;1660;30;162;152;79;0;70;513;296;212;1090;0,657
17/07/2022;2022;7;4;48;612;679;341;0;1680;30;179;153;69;0;70;568;298;186;1123;0,668
17/07/2022;2022;7;5;46;597;675;296;0;1615;29;176;152;60;0;68;558;297;161;1084;0,671
17/07/2022;2022;7;6;46;668;835;310;0;1860;29;195;187;61;0;68;619;365;164;1215;0,653
17/07/2022;2022;7;7;48;666;840;337;0;1890;30;193;189;68;0;71;612;369;183;1235;0,653
17/07/2022;2022;7;8;49;593;674;381;0;1697;31;174;152;83;0;72;551;296;223;1142;0,673
17/07/2022;2022;7;9;48;593;675;382;0;1697;30;174;152;83;0;71;551;296;223;1141;0,672
17/07/2022;2022;7;10;49;596;836;376;0;1856;31;174;187;81;0;72;551;363;219;1206;0,649
17/07/2022;2022;7;11;40;678;836;380;0;1934;25;197;186;82;0;59;624;363;222;1268;0,656
17/07/2022;2022;7;12;37;679;675;448;0;1839;24;197;151;96;0;56;625;294;259;1234;0,671
17/07/2022;2022;7;13;37;641;672;426;0;1776;24;188;151;102;0;56;595;294;274;1219;0,686
17/07/2022;2022;7;14;38;576;671;453;0;1738;24;172;149;107;0;56;547;291;288;1182;0,680
17/07/2022;2022;7;15;38;579;680;554;0;1850;24;173;151;135;0;56;549;294;363;1262;0,682
17/07/2022;2022;7;16;39;579;682;576;0;1876;25;173;151;152;0;58;549;294;409;1311;0,699
17/07/2022;2022;7;17;36;574;498;580;0;1688;24;172;112;158;0;55;545;217;425;1242;0,736
17/07/2022;2022;7;18;32;506;629;638;0;1804;21;154;143;169;0;50;487;278;457;1271;0,705
17/07/2022;2022;7;19;33;539;658;643;0;1873;22;159;140;167;0;50;503;273;450;1276;0,681
17/07/2022;2022;7;20;33;592;746;706;0;2078;22;173;156;186;0;50;548;303;502;1403;0,675
17/07/2022;2022;7;21;33;808;757;733;0;2331;22;227;157;193;0;50;721;306;520;1597;0,685
17/07/2022;2022;7;22;33;806;758;732;0;2329;21;227;157;192;0;50;719;307;518;1594;0,684
17/07/2022;2022;7;23;33;590;756;763;0;2142;21;172;157;207;0;50;547;306;559;1463;0,683
17/07/2022;2022;7;24;35;789;554;766;0;2144;22;221;116;207;0;52;703;225;559;1539;0,718
18/07/2022;2022;7;1;32;563;520;782;0;1898;21;164;117;167;0;48;522;227;451;1248;0,658
18/07/2022;2022;7;2;24;322;739;765;0;1850;17;100;169;162;0;39;318;329;437;1123;0,607
18/07/2022;2022;7;3;10;471;568;753;0;1802;7;150;130;160;0;15;474;254;431;1174;0,652
18/07/2022;2022;7;4;11;464;671;750;0;1897;7;138;153;158;0;16;437;297;427;1178;0,621
18/07/2022;2022;7;5;11;465;510;744;0;1731;7;138;117;158;0;17;438;228;425;1107;0,640
18/07/2022;2022;7;6;12;467;675;514;0;1667;8;138;161;110;0;18;439;314;297;1068;0,640
18/07/2022;2022;7;7;11;420;728;640;0;1799;7;138;191;134;0;17;436;372;362;1187;0,659
18/07/2022;2022;7;8;11;469;705;794;0;1979;7;138;181;175;0;17;439;352;472;1280;0,647
18/07/2022;2022;7;9;12;510;477;991;0;1990;8;151;113;211;0;18;478;220;569;1285;0,646
18/07/2022;2022;7;10;12;517;736;1169;0;2434;8;156;167;249;0;18;496;326;671;1512;0,621
18/07/2022;2022;7;11;16;504;728;1230;0;2478;10;147;161;271;0;23;466;314;730;1533;0,619
18/07/2022;2022;7;12;0;235;645;1289;0;2168;0;72;156;287;0;0;228;304;773;1305;0,602
18/07/2022;2022;7;13;24;235;552;1303;0;2115;14;72;131;301;0;33;228;255;812;1328;0,628
18/07/2022;2022;7;14;20;234;432;1331;0;2016;12;72;105;309;0;28;228;204;835;1294;0,642
18/07/2022;2022;7;15;12;233;519;1163;0;1928;8;72;119;267;0;18;228;232;720;1198;0,621
18/07/2022;2022;7;16;12;416;163;1355;0;1946;8;124;40;300;0;18;392;78;809;1298;0,667
18/07/2022;2022;7;17;12;499;467;1022;0;2000;8;149;107;231;0;18;472;209;622;1321;0,660
18/07/2022;2022;7;18;12;414;303;1295;0;2025;8;125;72;284;0;18;396;140;767;1321;0,652
18/07/2022;2022;7;19;15;420;381;1366;0;2181;10;125;120;301;0;24;396;234;811;1465;0,672
18/07/2022;2022;7;20;20;176;650;1476;0;2322;13;57;186;327;0;31;181;362;882;1457;0,627
18/07/2022;2022;7;21;27;176;674;1583;0;2459;18;57;188;351;0;41;181;366;947;1535;0,624
18/07/2022;2022;7;22;23;177;575;1569;0;2345;16;58;165;347;0;36;184;322;937;1479;0,631
18/07/2022;2022;7;23;23;180;508;1570;0;2281;16;59;121;347;0;36;186;236;937;1396;0,612
18/07/2022;2022;7;24;30;444;345;1510;0;2330;20;131;82;325;0;46;415;160;877;1498;0,643
19/07/2022;2022;7;1;23;449;896;613;0;1980;15;133;200;133;0;35;423;389;360;1206;0,609
19/07/2022;2022;7;2;22;232;536;980;0;1771;15;73;133;202;0;35;233;259;544;1071;0,605
19/07/2022;2022;7;3;23;307;933;519;0;1782;15;95;212;114;0;35;302;413;306;1056;0,593
19/07/2022;2022;7;4;24;474;630;883;0;2011;16;148;147;183;0;37;468;286;495;1286;0,640
19/07/2022;2022;7;5;24;471;639;684;0;1819;16;145;150;149;0;37;460;292;402;1191;0,655
19/07/2022;2022;7;6;24;397;714;659;0;1793;16;123;177;145;0;37;389;345;390;1161;0,647
19/07/2022;2022;7;7;24;235;1038;758;0;2056;16;75;255;157;0;37;237;497;424;1195;0,581
19/07/2022;2022;7;8;24;235;1130;743;0;2132;16;75;267;155;0;37;237;521;418;1212;0,568
19/07/2022;2022;7;9;23;234;626;1110;0;1992;16;74;152;228;0;36;236;296;616;1184;0,594
19/07/2022;2022;7;10;38;262;630;1181;0;2111;23;80;151;245;0;54;255;294;660;1263;0,599
19/07/2022;2022;7;11;46;184;694;1255;0;2180;28;59;174;265;0;64;187;340;715;1306;0,599
19/07/2022;2022;7;12;44;185;994;1030;0;2254;27;59;270;243;0;63;188;526;655;1433;0,636
19/07/2022;2022;7;13;43;179;1116;866;0;2204;27;58;279;189;0;62;183;544;510;1300;0,590
19/07/2022;2022;7;14;46;184;1226;751;0;2206;28;59;289;168;0;65;187;562;453;1267;0,574
19/07/2022;2022;7;15;44;184;1265;561;0;2054;27;59;298;128;0;63;187;580;344;1174;0,572
19/07/2022;2022;7;16;44;268;1155;530;0;1998;27;83;295;121;0;63;264;574;326;1227;0,614
19/07/2022;2022;7;17;45;269;1229;285;0;1828;27;83;302;70;0;63;264;588;189;1105;0,605
19/07/2022;2022;7;18;44;269;1351;290;0;1954;27;83;326;71;0;63;264;634;192;1153;0,590
19/07/2022;2022;7;19;44;293;1030;657;0;2024;27;89;247;146;0;63;281;481;394;1219;0,602
19/07/2022;2022;7;20;44;183;1266;886;0;2379;27;59;297;195;0;63;187;579;526;1354;0,569
19/07/2022;2022;7;21;44;178;1281;928;0;2431;27;57;300;206;0;63;181;584;556;1384;0,569
19/07/2022;2022;7;22;45;175;1227;935;0;2382;27;56;283;208;0;64;179;551;562;1356;0,569
19/07/2022;2022;7;23;45;176;1136;929;0;2286;27;57;255;207;0;64;179;497;558;1299;0,568
19/07/2022;2022;7;24;46;161;1066;834;0;2107;27;51;241;183;0;64;163;470;494;1191;0,565
20/07/2022;2022;7;1;27;256;903;707;0;1894;19;76;203;154;0;43;240;396;415;1095;0,578
20/07/2022;2022;7;2;19;221;1134;483;0;1857;13;65;261;105;0;30;206;508;283;1026;0,553
20/07/2022;2022;7;3;19;211;1089;480;0;1799;13;62;251;103;0;30;197;490;278;994;0,553
20/07/2022;2022;7;4;19;211;1075;478;0;1783;13;62;248;103;0;30;196;483;277;986;0,553
20/07/2022;2022;7;5;19;211;1078;482;0;1790;13;62;249;104;0;29;197;484;279;990;0,553
20/07/2022;2022;7;6;19;210;1081;480;0;1790;13;62;250;103;0;29;196;487;278;991;0,554
20/07/2022;2022;7;7;18;210;1325;231;0;1785;12;62;305;53;0;29;195;594;142;960;0,538
20/07/2022;2022;7;8;18;210;1425;229;0;1883;12;62;322;52;0;29;195;628;141;993;0,527
20/07/2022;2022;7;9;18;217;1704;233;0;2173;12;64;372;56;0;29;202;724;150;1105;0,508
20/07/2022;2022;7;10;19;209;1646;280;0;2154;12;61;351;69;0;29;195;685;186;1095;0,508
20/07/2022;2022;7;11;19;210;1654;288;0;2171;12;62;352;71;0;29;195;687;192;1103;0,508
20/07/2022;2022;7;12;19;210;1568;292;0;2089;13;62;334;72;0;29;195;651;194;1070;0,513
20/07/2022;2022;7;13;19;211;1466;298;0;1994;12;62;320;73;0;29;196;623;198;1047;0,525
20/07/2022;2022;7;14;19;210;1576;298;0;2103;13;62;351;74;0;30;195;684;199;1108;0,527
20/07/2022;2022;7;15;19;210;1257;297;0;1783;13;62;286;75;0;29;195;557;201;983;0,552
20/07/2022;2022;7;16;19;227;1383;293;0;1922;13;72;310;70;0;29;227;603;188;1047;0,545
20/07/2022;2022;7;17;19;210;1342;292;0;1863;13;62;303;70;0;30;195;589;188;1002;0,538
20/07/2022;2022;7;18;19;209;1445;288;0;1961;13;61;322;69;0;29;194;628;185;1037;0,529
20/07/2022;2022;7;19;19;220;1327;329;0;1894;13;64;295;77;0;29;204;574;207;1014;0,536
20/07/2022;2022;7;20;20;238;1298;445;0;2002;13;70;287;99;0;30;221;559;268;1078;0,538
20/07/2022;2022;7;21;22;247;1434;362;0;2064;13;72;320;86;0;31;229;623;233;1116;0,541
20/07/2022;2022;7;22;20;268;1544;354;0;2186;13;80;344;89;0;30;255;671;241;1196;0,547
20/07/2022;2022;7;23;12;237;1528;326;0;2103;10;71;344;80;0;22;224;670;216;1133;0,539
20/07/2022;2022;7;24;0;226;1385;287;0;1897;0;65;316;69;0;0;206;615;185;1006;0,530
21/07/2022;2022;7;1;0;115;1585;235;0;1934;0;35;358;54;0;0;111;698;147;956;0,494
21/07/2022;2022;7;2;0;113;1334;226;0;1674;0;35;305;52;0;0;110;595;140;845;0,505
21/07/2022;2022;7;3;0;111;1346;225;0;1682;0;34;307;52;0;0;108;599;139;846;0,503
21/07/2022;2022;7;4;0;110;1293;224;0;1627;0;34;294;51;0;0;108;572;139;818;0,503
21/07/2022;2022;7;5;0;110;1293;224;0;1627;0;34;294;51;0;0;108;572;139;819;0,503
21/07/2022;2022;7;6;0;110;1300;225;0;1636;0;34;296;52;0;0;108;577;139;824;0,504
21/07/2022;2022;7;7;0;110;1315;226;0;1651;0;34;302;52;0;0;109;589;140;838;0,507
21/07/2022;2022;7;8;0;110;1513;236;0;1860;0;34;340;55;0;0;109;662;149;919;0,494
21/07/2022;2022;7;9;0;110;1458;289;0;1857;0;34;322;70;0;0;108;627;189;924;0,498
21/07/2022;2022;7;10;0;119;1652;361;0;2131;0;36;358;84;0;0;115;698;227;1040;0,488
21/07/2022;2022;7;11;0;38;1423;428;0;1889;0;12;322;101;0;0;37;628;272;936;0,496
21/07/2022;2022;7;12;0;44;1711;320;0;2075;0;13;392;82;0;0;41;764;222;1027;0,495
21/07/2022;2022;7;13;0;28;1641;331;0;2001;0;9;384;84;0;0;28;748;226;1002;0,501
21/07/2022;2022;7;14;0;46;1585;327;0;1958;0;14;374;83;0;0;44;728;225;997;0,509
21/07/2022;2022;7;15;0;48;1580;348;0;1976;0;14;373;93;0;0;45;726;250;1021;0,517
21/07/2022;2022;7;16;0;48;1664;108;0;1820;0;14;395;30;0;0;45;770;81;897;0,493
21/07/2022;2022;7;17;0;48;1917;94;0;2059;0;14;442;26;0;0;45;860;70;976;0,474
21/07/2022;2022;7;18;0;48;1751;109;0;1908;0;14;408;32;0;0;45;795;87;927;0,486
21/07/2022;2022;7;19;0;52;1797;145;0;1995;0;16;424;41;0;0;50;826;111;987;0,495
21/07/2022;2022;7;20;0;53;1924;179;0;2156;0;16;490;49;0;0;50;954;133;1138;0,528
21/07/2022;2022;7;21;0;53;1983;170;0;2206;0;16;493;47;0;0;50;960;127;1138;0,516
21/07/2022;2022;7;22;0;53;1964;163;0;2180;0;16;488;45;0;0;50;951;123;1124;0,516
21/07/2022;2022;7;23;0;53;2139;141;0;2334;0;16;513;38;0;0;50;1000;102;1153;0,494
21/07/2022;2022;7;24;0;53;1833;117;0;2003;0;16;434;32;0;0;50;845;86;981;0,490
22/07/2022;2022;7;1;0;40;1906;34;0;1981;0;12;435;10;0;0;39;847;26;912;0,460
22/07/2022;2022;7;2;0;27;1736;3;0;1765;0;9;407;1;0;0;27;793;2;823;0,466
22/07/2022;2022;7;3;0;26;1654;2;0;1683;0;9;392;1;0;0;27;763;2;792;0,471
22/07/2022;2022;7;4;0;26;1647;2;0;1675;0;8;389;1;0;0;27;757;2;786;0,469
22/07/2022;2022;7;5;0;26;1640;2;0;1668;0;8;387;1;0;0;27;755;2;783;0,470
22/07/2022;2022;7;6;0;26;1638;2;0;1666;0;9;388;1;0;0;27;756;2;784;0,471
22/07/2022;2022;7;7;0;0;1703;2;0;1704;0;0;406;1;0;0;0;792;2;793;0,465
22/07/2022;2022;7;8;0;0;1931;5;0;1936;0;0;469;2;0;0;0;914;4;919;0,474
22/07/2022;2022;7;9;0;0;1884;16;0;1901;0;0;487;5;0;0;0;950;13;963;0,506
22/07/2022;2022;7;10;0;0;1965;55;0;2021;0;0;527;17;0;0;0;1027;47;1074;0,531
22/07/2022;2022;7;11;0;0;1975;82;0;2057;0;0;538;23;0;0;0;1048;62;1111;0,540
22/07/2022;2022;7;12;0;0;1874;80;0;1955;0;0;518;23;0;0;0;1010;61;1071;0,548
22/07/2022;2022;7;13;0;0;1800;89;0;1889;0;0;485;25;0;0;0;944;68;1012;0,536
22/07/2022;2022;7;14;0;0;1859;94;0;1953;0;0;470;27;0;0;0;915;72;987;0,505
22/07/2022;2022;7;15;0;0;1641;98;0;1739;0;0;417;30;0;0;0;812;82;894;0,514
22/07/2022;2022;7;16;0;0;1838;103;0;1941;0;0;467;29;0;0;0;909;78;987;0,509
22/07/2022;2022;7;17;0;0;1711;103;0;1813;0;0;441;29;0;0;0;859;78;937;0,517
22/07/2022;2022;7;18;0;0;1569;102;0;1671;0;0;419;29;0;0;0;816;77;893;0,535
22/07/2022;2022;7;19;0;0;1643;132;0;1775;0;0;426;44;0;0;0;829;118;947;0,534
22/07/2022;2022;7;20;0;0;1754;180;0;1935;0;0;460;57;0;0;0;897;154;1051;0,543
22/07/2022;2022;7;21;0;0;1841;182;0;2023;0;0;486;55;0;0;0;947;148;1095;0,541
22/07/2022;2022;7;22;0;0;1860;168;0;2028;0;0;493;51;0;0;0;960;138;1098;0,541
22/07/2022;2022;7;23;0;0;1789;159;0;1949;0;0;471;49;0;0;0;917;131;1048;0,538
22/07/2022;2022;7;24;0;0;1755;94;0;1849;0;0;430;31;0;0;0;837;84;922;0,498
23/07/2022;2022;7;1;0;0;1644;57;0;1701;0;0;437;16;0;0;0;851;43;894;0,526
23/07/2022;2022;7;2;0;0;1582;11;0;1593;0;0;359;5;0;0;0;700;14;714;0,448
23/07/2022;2022;7;3;0;0;1859;2;0;1862;0;0;403;1;0;0;0;785;2;787;0,423
23/07/2022;2022;7;4;0;0;1668;2;0;1670;0;0;367;0;0;0;0;716;1;717;0,430
23/07/2022;2022;7;5;0;0;1580;2;0;1582;0;0;352;0;0;0;0;686;1;688;0,435
23/07/2022;2022;7;6;0;0;1567;2;0;1568;0;0;349;0;0;0;0;681;1;682;0,435
23/07/2022;2022;7;7;0;0;1565;2;0;1567;0;0;349;0;0;0;0;679;1;680;0,434
23/07/2022;2022;7;8;0;0;1614;2;0;1615;0;0;357;0;0;0;0;695;1;696;0,431
23/07/2022;2022;7;9;0;0;1666;4;0;1670;0;0;368;1;0;0;0;717;3;721;0,432
23/07/2022;2022;7;10;0;0;1789;9;0;1799;0;0;390;2;0;0;0;761;7;767;0,427
23/07/2022;2022;7;11;0;0;1630;15;0;1644;0;0;352;4;0;0;0;687;10;697;0,424
23/07/2022;2022;7;12;0;0;1643;19;0;1663;0;0;355;5;0;0;0;692;14;705;0,424
23/07/2022;2022;7;13;0;0;1906;47;0;1954;0;0;407;14;0;0;0;793;39;832;0,426
23/07/2022;2022;7;14;0;0;1655;63;0;1718;0;0;354;17;0;0;0;689;47;736;0,428
23/07/2022;2022;7;15;0;0;1645;57;0;1702;0;0;355;16;0;0;0;691;42;733;0,431
23/07/2022;2022;7;16;0;0;1524;55;0;1579;0;0;330;15;0;0;0;642;41;683;0,432
23/07/2022;2022;7;17;0;0;1559;65;0;1624;0;0;363;20;0;0;0;707;54;761;0,469
23/07/2022;2022;7;18;0;0;1495;79;0;1574;0;0;379;24;0;0;0;739;65;804;0,511
23/07/2022;2022;7;19;0;0;1875;91;0;1966;0;0;475;29;0;0;0;926;80;1005;0,511
23/07/2022;2022;7;20;0;0;1750;100;0;1850;0;0;450;32;0;0;0;876;85;962;0,520
23/07/2022;2022;7;21;0;0;1759;100;0;1859;0;0;457;32;0;0;0;891;86;977;0,525
23/07/2022;2022;7;22;0;0;1693;99;0;1792;0;0;433;31;0;0;0;844;85;929;0,519
23/07/2022;2022;7;23;0;0;1705;93;0;1798;0;0;399;30;0;0;0;777;80;857;0,477
23/07/2022;2022;7;24;0;0;1563;75;0;1638;0;0;375;23;0;0;0;730;63;793;0,484
24/07/2022;2022;7;1;0;0;1530;21;0;1550;0;0;345;8;0;0;0;672;21;693;0,447
24/07/2022;2022;7;2;0;0;1454;2;0;1456;0;0;336;1;0;0;0;654;2;656;0,451
24/07/2022;2022;7;3;0;0;1402;2;0;1404;0;0;331;1;0;0;0;645;2;646;0,460
24/07/2022;2022;7;4;0;0;1581;2;0;1583;0;0;367;1;0;0;0;714;2;716;0,452
24/07/2022;2022;7;5;0;0;1344;2;0;1346;0;0;319;1;0;0;0;622;2;624;0,463
24/07/2022;2022;7;6;0;0;1456;2;0;1458;0;0;345;1;0;0;0;672;2;674;0,462
24/07/2022;2022;7;7;0;0;1326;2;0;1328;0;0;316;1;0;0;0;615;2;616;0,464
24/07/2022;2022;7;8;0;0;1501;4;0;1505;0;0;350;1;0;0;0;681;3;684;0,455
24/07/2022;2022;7;9;0;0;1295;19;0;1314;0;0;307;5;0;0;0;599;13;612;0,466
24/07/2022;2022;7;10;0;0;1516;30;0;1546;0;0;353;8;0;0;0;688;22;709;0,459
24/07/2022;2022;7;11;0;0;1530;32;0;1561;0;0;356;8;0;0;0;694;22;716;0,459
24/07/2022;2022;7;12;0;0;1568;28;0;1595;0;0;360;7;0;0;0;702;20;722;0,452
24/07/2022;2022;7;13;0;0;1553;16;0;1569;0;0;357;4;0;0;0;695;12;707;0,451
24/07/2022;2022;7;14;0;0;1520;17;0;1537;0;0;353;5;0;0;0;687;13;699;0,455
24/07/2022;2022;7;15;0;0;1537;14;0;1552;0;0;354;4;0;0;0;690;10;701;0,452
24/07/2022;2022;7;16;0;0;1503;12;0;1515;0;0;348;3;0;0;0;678;8;687;0,453
24/07/2022;2022;7;17;0;0;1406;11;0;1417;0;0;330;3;0;0;0;644;8;652;0,460
24/07/2022;2022;7;18;0;0;1631;12;0;1643;0;0;377;3;0;0;0;735;9;744;0,453
24/07/2022;2022;7;19;0;0;1718;74;0;1792;0;0;392;23;0;0;0;764;61;825;0,460
24/07/2022;2022;7;20;0;0;1654;79;0;1732;0;0;383;24;0;0;0;747;63;810;0,468
24/07/2022;2022;7;21;0;0;2023;80;0;2103;0;0;455;24;0;0;0;887;64;951;0,452
24/07/2022;2022;7;22;0;0;1749;80;0;1828;0;0;403;24;0;0;0;786;64;850;0,465
24/07/2022;2022;7;23;0;0;1958;77;0;2035;0;0;445;23;0;0;0;867;63;930;0,457
24/07/2022;2022;7;24;0;0;1762;68;0;1830;0;0;400;21;0;0;0;780;56;836;0,456
25/07/2022;2022;7;1;0;0;1497;11;0;1508;0;0;353;5;0;0;0;687;14;701;0,465
25/07/2022;2022;7;2;0;0;1536;2;0;1538;0;0;354;1;0;0;0;689;2;690;0,449
25/07/2022;2022;7;3;0;0;1528;2;0;1530;0;0;352;1;0;0;0;685;2;687;0,449
25/07/2022;2022;7;4;0;0;1527;2;0;1529;0;0;352;1;0;0;0;685;2;686;0,449
25/07/2022;2022;7;5;0;0;1526;2;0;1528;0;0;351;1;0;0;0;685;2;686;0,449
25/07/2022;2022;7;6;0;0;1525;2;0;1527;0;0;351;1;0;0;0;684;2;686;0,449
25/07/2022;2022;7;7;0;0;1476;2;0;1479;0;0;349;1;0;0;0;679;2;681;0,461
25/07/2022;2022;7;8;0;0;1697;3;0;1700;0;0;389;1;0;0;0;757;2;760;0,447
25/07/2022;2022;7;9;0;0;1661;7;0;1668;0;0;373;2;0;0;0;727;6;732;0,439
25/07/2022;2022;7;10;0;0;1786;42;0;1827;0;0;400;12;0;0;0;779;31;810;0,444
25/07/2022;2022;7;11;0;0;1945;35;0;1980;0;0;444;9;0;0;0;865;25;891;0,450
25/07/2022;2022;7;12;0;0;2034;58;0;2092;0;0;470;16;0;0;0;916;43;958;0,458
25/07/2022;2022;7;13;0;0;1799;69;0;1867;0;0;429;19;0;0;0;835;50;885;0,474
25/07/2022;2022;7;14;0;0;1814;70;0;1884;0;0;432;19;0;0;0;841;51;892;0,474
25/07/2022;2022;7;15;0;0;1830;69;0;1899;0;0;440;19;0;0;0;856;50;906;0,477
25/07/2022;2022;7;16;0;0;1821;67;0;1888;0;0;433;18;0;0;0;843;49;892;0,472
25/07/2022;2022;7;17;0;0;1731;66;0;1797;0;0;418;18;0;0;0;814;48;862;0,480
25/07/2022;2022;7;18;0;0;1752;70;0;1823;0;0;419;21;0;0;0;815;58;873;0,479
25/07/2022;2022;7;19;0;0;1910;125;0;2035;0;0;443;34;0;0;0;863;91;955;0,469
25/07/2022;2022;7;20;0;0;1981;140;0;2121;0;0;455;38;0;0;0;886;102;988;0,466
25/07/2022;2022;7;21;0;0;1986;141;0;2127;0;0;455;38;0;0;0;886;103;989;0,465
25/07/2022;2022;7;22;0;0;1955;132;0;2087;0;0;445;36;0;0;0;866;96;962;0,461
25/07/2022;2022;7;23;0;0;1883;93;0;1976;0;0;425;26;0;0;0;828;71;899;0,455
25/07/2022;2022;7;24;0;0;1848;53;0;1901;0;0;414;15;0;0;0;806;40;846;0,445
26/07/2022;2022;7;1;0;0;1667;47;0;1714;0;0;376;13;0;0;0;733;35;768;0,448
26/07/2022;2022;7;2;0;0;1600;10;0;1610;0;0;370;3;0;0;0;720;7;728;0,452
26/07/2022;2022;7;3;0;0;1493;8;0;1501;0;0;348;2;0;0;0;678;6;684;0,456
26/07/2022;2022;7;4;0;0;1518;17;0;1535;0;0;353;4;0;0;0;688;12;700;0,456
26/07/2022;2022;7;5;0;0;1520;17;0;1537;0;0;353;4;0;0;0;688;12;700;0,456
26/07/2022;2022;7;6;0;0;1575;17;0;1592;0;0;369;4;0;0;0;719;12;731;0,459
26/07/2022;2022;7;7;0;0;1641;17;0;1657;0;0;382;4;0;0;0;744;12;756;0,456
26/07/2022;2022;7;8;0;0;1713;17;0;1730;0;0;386;5;0;0;0;753;12;765;0,442
26/07/2022;2022;7;9;0;0;1615;19;0;1634;0;0;366;5;0;0;0;713;14;727;0,445
26/07/2022;2022;7;10;0;0;1956;48;0;2004;0;0;429;15;0;0;0;836;39;875;0,437
26/07/2022;2022;7;11;0;0;1967;71;0;2039;0;0;432;19;0;0;0;841;52;893;0,438
26/07/2022;2022;7;12;0;0;1728;79;0;1807;0;0;391;21;0;0;0;762;58;820;0,454
26/07/2022;2022;7;13;0;0;1681;88;0;1770;0;0;377;24;0;0;0;734;64;798;0,451
26/07/2022;2022;7;14;0;0;1702;89;0;1791;0;0;383;24;0;0;0;747;65;812;0,453
26/07/2022;2022;7;15;0;0;1686;60;0;1746;0;0;378;18;0;0;0;737;48;785;0,450
26/07/2022;2022;7;16;0;0;1683;55;0;1738;0;0;378;14;0;0;0;736;39;775;0,446
26/07/2022;2022;7;17;0;0;1638;31;0;1669;0;0;369;8;0;0;0;718;22;740;0,443
26/07/2022;2022;7;18;0;0;1645;50;0;1695;0;0;370;15;0;0;0;720;40;760;0,449
26/07/2022;2022;7;19;0;0;1693;101;0;1794;0;0;408;30;0;0;0;795;80;875;0,488
26/07/2022;2022;7;20;0;0;1810;120;0;1930;0;0;440;35;0;0;0;857;93;950;0,492
26/07/2022;2022;7;21;0;0;1759;124;0;1883;0;0;426;36;0;0;0;829;96;925;0,491
26/07/2022;2022;7;22;0;0;1753;114;0;1868;0;0;419;33;0;0;0;816;90;905;0,485
26/07/2022;2022;7;23;0;0;1990;61;0;2051;0;0;449;17;0;0;0;876;45;920;0,449
26/07/2022;2022;7;24;0;0;1689;15;0;1704;0;0;388;6;0;0;0;756;17;773;0,454
27/07/2022;2022;7;1;0;0;1737;6;0;1743;0;0;398;2;0;0;0;775;4;779;0,447
27/07/2022;2022;7;2;0;0;1455;2;0;1458;0;0;347;1;0;0;0;676;2;678;0,465
27/07/2022;2022;7;3;0;0;1456;2;0;1458;0;0;347;1;0;0;0;675;1;677;0,464
27/07/2022;2022;7;4;0;0;1428;2;0;1430;0;0;336;1;0;0;0;654;1;656;0,459
27/07/2022;2022;7;5;0;0;1595;2;0;1596;0;0;380;1;0;0;0;740;1;741;0,464
27/07/2022;2022;7;6;0;0;1389;2;0;1391;0;0;335;1;0;0;0;653;1;655;0,471
27/07/2022;2022;7;7;0;0;1498;2;0;1500;0;0;360;1;0;0;0;701;1;702;0,468
27/07/2022;2022;7;8;0;0;1733;11;0;1744;0;0;407;3;0;0;0;793;8;802;0,460
27/07/2022;2022;7;9;0;0;1761;14;0;1775;0;0;415;4;0;0;0;808;10;818;0,461
27/07/2022;2022;7;10;0;0;1640;17;0;1657;0;0;386;5;0;0;0;752;12;765;0,461
27/07/2022;2022;7;11;0;0;1734;27;0;1762;0;0;403;7;0;0;0;785;20;805;0,457
27/07/2022;2022;7;12;0;0;1823;87;0;1910;0;0;425;25;0;0;0;828;66;894;0,468
27/07/2022;2022;7;13;0;0;1933;98;0;2031;0;0;449;27;0;0;0;875;72;947;0,466
27/07/2022;2022;7;14;0;0;1680;94;0;1773;0;0;398;26;0;0;0;775;69;844;0,476
27/07/2022;2022;7;15;0;0;1659;92;0;1751;0;0;396;25;0;0;0;772;68;839;0,479
27/07/2022;2022;7;16;0;0;1827;92;0;1919;0;0;404;26;0;0;0;787;71;858;0,447
27/07/2022;2022;7;17;0;0;1782;90;0;1872;0;0;400;26;0;0;0;780;70;850;0,454
27/07/2022;2022;7;18;0;0;1710;62;0;1772;0;0;388;17;0;0;0;756;47;803;0,453
27/07/2022;2022;7;19;0;0;2013;72;0;2085;0;0;439;21;0;0;0;855;55;910;0,436
27/07/2022;2022;7;20;0;0;1803;121;0;1924;0;0;402;34;0;0;0;783;91;875;0,455
27/07/2022;2022;7;21;0;0;1850;117;0;1966;0;0;412;33;0;0;0;802;88;890;0,453
27/07/2022;2022;7;22;0;0;2036;108;0;2143;0;0;458;30;0;0;0;892;81;973;0,454
27/07/2022;2022;7;23;0;0;2000;61;0;2060;0;0;456;20;0;0;0;889;53;942;0,457
27/07/2022;2022;7;24;0;0;1651;43;0;1695;0;0;384;13;0;0;0;748;34;782;0,461
28/07/2022;2022;7;1;0;0;1666;21;0;1686;0;0;371;6;0;0;0;722;17;739;0,438
28/07/2022;2022;7;2;0;0;1487;3;0;1491;0;0;332;1;0;0;0;646;2;648;0,435
28/07/2022;2022;7;3;0;0;1637;2;0;1639;0;0;363;1;0;0;0;708;2;710;0,433
28/07/2022;2022;7;4;0;0;1413;2;0;1415;0;0;321;1;0;0;0;626;1;627;0,443
28/07/2022;2022;7;5;0;0;1567;2;0;1569;0;0;355;1;0;0;0;692;1;693;0,442
28/07/2022;2022;7;6;0;0;1456;2;0;1457;0;0;332;1;0;0;0;647;1;649;0,445
28/07/2022;2022;7;7;0;0;1650;6;0;1656;0;0;367;2;0;0;0;716;4;720;0,435
28/07/2022;2022;7;8;0;0;1672;36;0;1708;0;0;374;9;0;0;0;728;25;754;0,441
28/07/2022;2022;7;9;0;0;1683;37;0;1720;0;0;376;10;0;0;0;733;26;760;0,442
28/07/2022;2022;7;10;0;0;1749;36;0;1785;0;0;384;9;0;0;0;748;26;774;0,433
28/07/2022;2022;7;11;0;0;1765;53;0;1818;0;0;388;14;0;0;0;756;37;793;0,436
28/07/2022;2022;7;12;0;0;1770;71;0;1842;0;0;388;19;0;0;0;756;50;807;0,438
28/07/2022;2022;7;13;0;0;1916;65;0;1982;0;0;421;17;0;0;0;820;47;867;0,437
28/07/2022;2022;7;14;0;0;1980;64;0;2044;0;0;435;18;0;0;0;847;48;895;0,438
28/07/2022;2022;7;15;0;0;1702;60;0;1761;0;0;380;16;0;0;0;741;42;784;0,445
28/07/2022;2022;7;16;0;0;1710;59;0;1770;0;0;382;16;0;0;0;745;42;787;0,445
28/07/2022;2022;7;17;0;0;1652;57;0;1709;0;0;371;15;0;0;0;722;41;763;0,446
28/07/2022;2022;7;18;0;0;1731;66;0;1797;0;0;389;18;0;0;0;757;48;805;0,448
28/07/2022;2022;7;19;0;0;1771;78;0;1850;0;0;387;25;0;0;0;754;68;823;0,445
28/07/2022;2022;7;20;0;0;1860;143;0;2003;0;0;402;43;0;0;0;783;116;899;0,449
28/07/2022;2022;7;21;0;0;1937;143;0;2080;0;0;413;43;0;0;0;804;116;920;0,442
28/07/2022;2022;7;22;0;0;2158;137;0;2295;0;0;460;41;0;0;0;896;112;1008;0,439
28/07/2022;2022;7;23;0;0;2017;93;0;2110;0;0;447;30;0;0;0;871;82;953;0,452
28/07/2022;2022;7;24;0;0;1914;54;0;1968;0;0;427;16;0;0;0;832;44;876;0,445
29/07/2022;2022;7;1;0;0;1894;44;0;1938;0;0;425;11;0;0;0;828;31;859;0,443
29/07/2022;2022;7;2;0;0;1648;19;0;1667;0;0;373;6;0;0;0;726;16;742;0,445
29/07/2022;2022;7;3;0;0;1645;3;0;1648;0;0;369;1;0;0;0;719;3;721;0,438
29/07/2022;2022;7;4;0;0;1641;2;0;1643;0;0;367;1;0;0;0;714;2;716;0,436
29/07/2022;2022;7;5;0;0;1634;2;0;1637;0;0;365;1;0;0;0;711;2;713;0,436
29/07/2022;2022;7;6;0;0;1637;2;0;1639;0;0;365;1;0;0;0;712;2;714;0,435
29/07/2022;2022;7;7;0;0;1628;5;0;1633;0;0;367;1;0;0;0;716;4;719;0,440
29/07/2022;2022;7;8;0;0;1913;22;0;1935;0;0;430;6;0;0;0;837;16;853;0,441
29/07/2022;2022;7;9;0;0;1928;26;0;1954;0;0;437;7;0;0;0;852;19;870;0,445
29/07/2022;2022;7;10;0;0;1967;29;0;1996;0;0;457;8;0;0;0;891;21;911;0,457
29/07/2022;2022;7;11;0;0;2071;28;0;2099;0;0;472;8;0;0;0;919;20;939;0,447
29/07/2022;2022;7;12;0;0;2089;62;0;2150;0;0;474;17;0;0;0;923;46;968;0,450
29/07/2022;2022;7;13;0;0;1924;94;0;2018;0;0;443;26;0;0;0;864;69;933;0,462
29/07/2022;2022;7;14;0;0;1868;87;0;1956;0;0;434;24;0;0;0;845;64;909;0,465
29/07/2022;2022;7;15;0;0;1850;72;0;1921;0;0;429;20;0;0;0;836;54;890;0,463
29/07/2022;2022;7;16;0;0;1736;49;0;1784;0;0;402;13;0;0;0;784;35;819;0,459
29/07/2022;2022;7;17;0;0;1587;49;0;1636;0;0;359;13;0;0;0;700;35;734;0,449
29/07/2022;2022;7;18;0;0;1599;56;0;1655;0;0;361;17;0;0;0;703;47;750;0,453
29/07/2022;2022;7;19;0;0;1747;104;0;1851;0;0;393;35;0;0;0;765;95;861;0,465
29/07/2022;2022;7;20;0;0;2050;171;0;2222;0;0;442;53;0;0;0;861;143;1004;0,452
29/07/2022;2022;7;21;0;0;1892;185;0;2077;0;0;417;59;0;0;0;812;158;970;0,467
29/07/2022;2022;7;22;0;0;2137;167;0;2304;0;0;463;52;0;0;0;903;140;1043;0,453
29/07/2022;2022;7;23;0;0;1945;128;0;2073;0;0;425;42;0;0;0;828;112;941;0,454
29/07/2022;2022;7;24;0;0;1906;85;0;1991;0;0;411;28;0;0;0;801;76;877;0,440
30/07/2022;2022;7;1;0;0;1822;38;0;1860;0;0;406;12;0;0;0;791;31;822;0,442
30/07/2022;2022;7;2;0;0;1663;3;0;1666;0;0;366;1;0;0;0;713;2;715;0,429
30/07/2022;2022;7;3;0;0;1665;2;0;1667;0;0;366;1;0;0;0;714;2;716;0,429
30/07/2022;2022;7;4;0;0;1617;2;0;1618;0;0;357;1;0;0;0;695;1;697;0,431
30/07/2022;2022;7;5;0;0;1601;2;0;1603;0;0;353;1;0;0;0;687;1;688;0,429
30/07/2022;2022;7;6;0;0;1637;2;0;1638;0;0;358;1;0;0;0;698;1;700;0,427
30/07/2022;2022;7;7;0;0;1616;2;0;1618;0;0;357;1;0;0;0;695;1;697;0,431
30/07/2022;2022;7;8;0;0;1763;2;0;1764;0;0;381;1;0;0;0;743;1;744;0,422
30/07/2022;2022;7;9;0;0;1912;4;0;1916;0;0;413;1;0;0;0;804;4;808;0,422
30/07/2022;2022;7;10;0;0;1895;7;0;1902;0;0;409;2;0;0;0;796;6;802;0,422
30/07/2022;2022;7;11;0;0;1921;8;0;1929;0;0;411;2;0;0;0;801;7;807;0,418
30/07/2022;2022;7;12;0;0;1866;9;0;1875;0;0;402;3;0;0;0;783;7;790;0,421
30/07/2022;2022;7;13;0;0;1767;9;0;1776;0;0;387;3;0;0;0;754;7;761;0,428
30/07/2022;2022;7;14;0;0;1498;9;0;1507;0;0;330;3;0;0;0;644;7;651;0,432
30/07/2022;2022;7;15;0;0;1473;9;0;1482;0;0;324;3;0;0;0;631;7;638;0,431
30/07/2022;2022;7;16;0;0;1490;8;0;1499;0;0;326;3;0;0;0;635;7;642;0,428
30/07/2022;2022;7;17;0;0;1465;8;0;1473;0;0;322;2;0;0;0;627;6;633;0,430
30/07/2022;2022;7;18;0;0;1484;20;0;1504;0;0;325;10;0;0;0;634;27;661;0,439
30/07/2022;2022;7;19;0;0;1705;70;0;1776;0;0;365;25;0;0;0;711;68;780;0,439
30/07/2022;2022;7;20;0;0;1730;67;0;1796;0;0;377;24;0;0;0;735;65;799;0,445
30/07/2022;2022;7;21;0;0;1882;64;0;1946;0;0;410;23;0;0;0;798;62;860;0,442
30/07/2022;2022;7;22;0;0;1770;46;0;1816;0;0;386;17;0;0;0;752;46;798;0,439
30/07/2022;2022;7;23;0;0;1818;17;0;1835;0;0;397;7;0;0;0;773;20;793;0,432
30/07/2022;2022;7;24;0;0;1901;6;0;1908;0;0;413;2;0;0;0;804;5;809;0,424
31/07/2022;2022;7;1;0;0;1655;3;0;1658;0;0;361;1;0;0;0;703;3;706;0,426
31/07/2022;2022;7;2;0;0;1581;2;0;1583;0;0;331;1;0;0;0;646;2;647;0,409
31/07/2022;2022;7;3;0;0;1703;2;0;1704;0;0;361;0;0;0;0;703;1;705;0,414
31/07/2022;2022;7;4;0;0;1389;2;0;1390;0;0;302;0;0;0;0;588;1;590;0,424
31/07/2022;2022;7;5;0;0;1671;2;0;1672;0;0;357;0;0;0;0;695;1;696;0,416
31/07/2022;2022;7;6;0;0;1613;2;0;1614;0;0;346;0;0;0;0;673;1;675;0,418
31/07/2022;2022;7;7;0;0;1627;2;0;1628;0;0;350;0;0;0;0;682;1;684;0,420
31/07/2022;2022;7;8;0;0;1639;3;0;1641;0;0;363;1;0;0;0;707;2;709;0,432
31/07/2022;2022;7;9;0;0;1334;4;0;1337;0;0;307;1;0;0;0;599;3;602;0,450
31/07/2022;2022;7;10;0;0;1640;4;0;1644;0;0;366;1;0;0;0;713;3;716;0,435
31/07/2022;2022;7;11;0;0;1679;4;0;1683;0;0;371;1;0;0;0;723;3;726;0,431
31/07/2022;2022;7;12;0;0;1581;7;0;1589;0;0;353;2;0;0;0;688;5;693;0,436
31/07/2022;2022;7;13;0;0;1711;19;0;1730;0;0;376;5;0;0;0;733;14;747;0,432
31/07/2022;2022;7;14;0;0;1697;19;0;1716;0;0;373;5;0;0;0;727;14;740;0,431
31/07/2022;2022;7;15;0;0;1597;13;0;1610;0;0;357;3;0;0;0;696;9;705;0,438
31/07/2022;2022;7;16;0;0;1417;9;0;1426;0;0;325;2;0;0;0;633;6;639;0,448
31/07/2022;2022;7;17;0;0;1404;5;0;1409;0;0;323;1;0;0;0;630;3;634;0,450
31/07/2022;2022;7;18;0;0;1474;2;0;1476;0;0;333;0;0;0;0;649;1;651;0,441
31/07/2022;2022;7;19;0;0;1789;6;0;1795;0;0;405;2;0;0;0;789;4;794;0,442
31/07/2022;2022;7;20;0;0;1728;19;0;1747;0;0;387;5;0;0;0;753;13;766;0,439
31/07/2022;2022;7;21;0;0;1767;25;0;1792;0;0;389;6;0;0;0;757;17;775;0,432
31/07/2022;2022;7;22;0;0;1761;25;0;1786;0;0;388;6;0;0;0;755;17;773;0,433
31/07/2022;2022;7;23;0;0;1716;11;0;1728;0;0;372;3;0;0;0;725;8;733;0,424
31/07/2022;2022;7;24;0;0;1645;5;0;1651;0;0;346;1;0;0;0;674;4;677;0,410
01/08/2022;2022;8;1;0;0;1548;3;0;1552;0;0;330;1;0;0;0;642;3;645;0,416
01/08/2022;2022;8;2;0;0;1532;2;0;1535;0;0;334;1;0;0;0;651;2;653;0,425
01/08/2022;2022;8;3;0;0;1382;2;0;1384;0;0;308;1;0;0;0;601;1;602;0,435
01/08/2022;2022;8;4;0;0;1387;2;0;1388;0;0;309;0;0;0;0;602;1;604;0,435
01/08/2022;2022;8;5;0;0;1476;2;0;1477;0;0;329;0;0;0;0;642;1;643;0,435
01/08/2022;2022;8;6;0;0;1456;2;0;1457;0;0;330;0;0;0;0;643;1;644;0,442
01/08/2022;2022;8;7;0;18;1681;2;0;1701;0;5;373;1;0;0;15;726;1;743;0,437
01/08/2022;2022;8;8;0;0;1711;3;0;1714;0;0;377;1;0;0;0;734;2;736;0,429
01/08/2022;2022;8;9;0;10;1729;13;0;1752;0;2;382;4;0;0;7;744;11;762;0,435
01/08/2022;2022;8;10;37;0;1724;10;0;1772;19;0;392;3;0;44;0;764;7;816;0,460
01/08/2022;2022;8;11;0;0;1800;14;0;1814;0;0;403;4;0;0;0;785;10;795;0,438
01/08/2022;2022;8;12;0;0;2028;14;0;2042;0;0;435;4;0;0;0;848;10;858;0,420
01/08/2022;2022;8;13;0;0;1701;14;0;1715;0;0;370;4;0;0;0;720;10;730;0,426
01/08/2022;2022;8;14;0;0;1681;14;0;1695;0;0;365;4;0;0;0;711;10;721;0,425
01/08/2022;2022;8;15;0;0;1681;10;0;1692;0;0;365;3;0;0;0;710;7;718;0,424
01/08/2022;2022;8;16;0;1;1850;10;0;1861;0;0;400;3;0;0;1;779;7;787;0,423
01/08/2022;2022;8;17;0;83;1556;8;0;1647;0;21;342;2;0;0;66;666;6;738;0,448
01/08/2022;2022;8;18;0;83;1619;8;0;1710;0;21;357;2;0;0;66;695;6;767;0,449
01/08/2022;2022;8;19;218;0;1576;11;0;1805;110;0;343;3;0;257;0;668;8;934;0,517
01/08/2022;2022;8;20;0;0;2149;18;0;2167;0;0;451;5;0;0;0;878;13;892;0,411
01/08/2022;2022;8;21;0;0;2151;17;0;2168;0;0;451;5;0;0;0;878;13;891;0,411
01/08/2022;2022;8;22;0;0;2149;16;0;2166;0;0;452;4;0;0;0;881;12;893;0,412
01/08/2022;2022;8;23;0;0;1964;13;0;1978;0;0;416;4;0;0;0;810;10;820;0,415
01/08/2022;2022;8;24;0;0;2016;7;0;2023;0;0;423;2;0;0;0;825;6;831;0,411
02/08/2022;2022;8;1;0;0;1643;4;0;1647;0;0;341;1;0;0;0;664;3;667;0,405
02/08/2022;2022;8;2;0;0;1509;2;0;1512;0;0;316;1;0;0;0;615;2;617;0,408
02/08/2022;2022;8;3;0;0;1462;2;0;1463;0;0;312;1;0;0;0;607;1;609;0,416
02/08/2022;2022;8;4;0;0;1467;2;0;1469;0;0;313;0;0;0;0;609;1;611;0,416
02/08/2022;2022;8;5;0;0;1466;2;0;1467;0;0;313;0;0;0;0;609;1;611;0,416
02/08/2022;2022;8;6;0;0;1569;2;0;1570;0;0;326;0;0;0;0;634;1;636;0,405
02/08/2022;2022;8;7;0;18;1807;2;0;1827;0;4;374;1;0;0;14;729;1;744;0,407
02/08/2022;2022;8;8;0;0;1904;3;0;1907;0;0;393;1;0;0;0;765;2;768;0,403
02/08/2022;2022;8;9;0;0;2006;7;0;2013;0;0;422;2;0;0;0;823;5;828;0,411
02/08/2022;2022;8;10;0;0;1845;22;0;1867;0;0;397;6;0;0;0;774;16;791;0,423
02/08/2022;2022;8;11;0;0;1871;23;0;1894;0;0;406;6;0;0;0;792;18;809;0,427
02/08/2022;2022;8;12;0;0;1952;25;0;1977;0;0;406;7;0;0;0;790;19;809;0,409
02/08/2022;2022;8;13;0;0;1968;25;0;1993;0;0;412;7;0;0;0;802;19;821;0,412
02/08/2022;2022;8;14;0;9;1723;28;0;1760;0;2;382;8;0;0;6;745;21;772;0,439
02/08/2022;2022;8;15;0;0;1962;20;0;1981;0;0;426;5;0;0;0;830;15;845;0,426
02/08/2022;2022;8;16;0;0;1800;19;0;1819;0;0;398;5;0;0;0;775;15;789;0,434
02/08/2022;2022;8;17;0;0;1758;19;0;1777;0;0;392;5;0;0;0;764;15;779;0,438
02/08/2022;2022;8;18;0;0;1639;20;0;1658;0;0;365;5;0;0;0;711;15;725;0,437
02/08/2022;2022;8;19;0;0;1875;23;0;1898;0;0;418;6;0;0;0;815;17;832;0,438
02/08/2022;2022;8;20;0;0;2131;61;0;2192;0;0;476;19;0;0;0;928;51;979;0,447
02/08/2022;2022;8;21;0;0;2205;70;0;2274;0;0;491;21;0;0;0;956;57;1013;0,445
02/08/2022;2022;8;22;0;0;1831;185;0;2016;0;0;415;61;0;0;0;809;165;974;0,483
02/08/2022;2022;8;23;0;0;1787;145;0;1932;0;0;406;30;0;0;0;790;80;870;0,450
02/08/2022;2022;8;24;0;0;1559;267;0;1827;0;0;368;59;0;0;0;717;159;875;0,479
03/08/2022;2022;8;1;0;0;1465;314;0;1779;0;0;329;62;0;0;0;640;167;807;0,454
03/08/2022;2022;8;2;0;0;1467;9;0;1476;0;0;324;3;0;0;0;631;7;638;0,432
03/08/2022;2022;8;3;0;0;1508;7;0;1515;0;0;337;2;0;0;0;656;5;661;0,436
03/08/2022;2022;8;4;0;0;1473;7;0;1479;0;0;325;2;0;0;0;633;5;638;0,431
03/08/2022;2022;8;5;0;0;1454;7;0;1461;0;0;321;2;0;0;0;625;5;630;0,431
03/08/2022;2022;8;6;0;6;1488;7;0;1501;0;2;329;2;0;0;5;642;5;652;0,434
03/08/2022;2022;8;7;0;0;867;772;0;1640;0;0;197;153;0;0;0;383;413;796;0,485
03/08/2022;2022;8;8;0;0;946;755;0;1701;0;0;207;154;0;0;0;403;415;818;0,481
03/08/2022;2022;8;9;0;0;987;753;0;1740;0;0;217;154;0;0;0;423;415;838;0,482
03/08/2022;2022;8;10;0;0;1103;762;0;1865;0;0;247;156;0;0;0;482;422;904;0,485
03/08/2022;2022;8;11;0;0;1119;767;0;1885;0;0;249;157;0;0;0;485;424;910;0,483
03/08/2022;2022;8;12;0;0;1155;769;0;1924;0;0;261;158;0;0;0;509;425;934;0,486
03/08/2022;2022;8;13;0;0;1141;766;0;1907;0;0;274;157;0;0;0;533;423;956;0,501
03/08/2022;2022;8;14;0;0;1201;755;0;1956;0;0;278;154;0;0;0;541;416;957;0,490
03/08/2022;2022;8;15;0;0;1481;650;0;2131;0;0;328;132;0;0;0;639;355;994;0,467
03/08/2022;2022;8;16;0;0;1421;554;0;1975;0;0;316;112;0;0;0;616;302;918;0,465
03/08/2022;2022;8;17;0;0;1424;548;0;1972;0;0;317;110;0;0;0;617;296;913;0,463
03/08/2022;2022;8;18;0;0;1433;547;0;1980;0;0;318;110;0;0;0;620;296;916;0,463
03/08/2022;2022;8;19;0;0;1202;732;0;1933;0;0;292;150;0;0;0;569;405;974;0,504
03/08/2022;2022;8;20;0;0;1371;837;0;2209;0;0;330;178;0;0;0;643;480;1123;0,508
03/08/2022;2022;8;21;0;0;1185;939;0;2124;0;0;293;212;0;0;0;570;571;1141;0,537
03/08/2022;2022;8;22;0;0;1231;957;0;2188;0;0;304;218;0;0;0;592;587;1179;0,539
03/08/2022;2022;8;23;0;0;1122;912;0;2034;0;0;266;208;0;0;0;518;560;1078;0,530
03/08/2022;2022;8;24;0;0;958;883;0;1840;0;0;210;198;0;0;0;409;533;942;0,512
04/08/2022;2022;8;1;0;0;1251;663;0;1914;0;0;267;140;0;0;0;521;378;899;0,470
04/08/2022;2022;8;2;0;0;1252;559;0;1811;0;0;283;116;0;0;0;551;313;864;0,477
04/08/2022;2022;8;3;0;0;808;765;0;1573;0;0;185;156;0;0;0;361;421;782;0,497
04/08/2022;2022;8;4;0;0;1296;278;0;1574;0;0;290;57;0;0;0;566;153;719;0,457
04/08/2022;2022;8;5;0;0;1074;612;0;1686;0;0;243;122;0;0;0;473;330;803;0,476
04/08/2022;2022;8;6;0;0;831;904;0;1735;0;0;191;182;0;0;0;372;490;863;0,497
04/08/2022;2022;8;7;0;0;780;998;0;1777;0;0;176;200;0;0;0;342;540;882;0,496
04/08/2022;2022;8;8;0;0;871;988;0;1860;0;0;194;200;0;0;0;379;540;919;0,494
04/08/2022;2022;8;9;0;0;960;988;0;1948;0;0;204;200;0;0;0;397;540;937;0,481
04/08/2022;2022;8;10;0;0;1003;1048;0;2051;0;0;214;216;0;0;0;417;582;999;0,487
04/08/2022;2022;8;11;0;0;880;1201;0;2081;0;0;189;251;0;0;0;368;677;1045;0,502
04/08/2022;2022;8;12;0;0;815;1204;0;2019;0;0;191;252;0;0;0;371;680;1051;0,521
04/08/2022;2022;8;13;0;0;938;1069;0;2006;0;0;216;223;0;0;0;420;602;1022;0,510
04/08/2022;2022;8;14;0;0;1077;997;0;2075;0;0;244;206;0;0;0;475;557;1032;0,497
04/08/2022;2022;8;15;0;0;845;1040;0;1885;0;0;202;217;0;0;0;393;586;979;0,519
04/08/2022;2022;8;16;0;0;677;1196;0;1873;0;0;171;250;0;0;0;333;675;1009;0,538
04/08/2022;2022;8;17;0;0;915;943;0;1858;0;0;222;198;0;0;0;432;535;966;0,520
04/08/2022;2022;8;18;0;0;1047;885;0;1932;0;0;245;188;0;0;0;477;507;985;0,510
04/08/2022;2022;8;19;0;0;1163;894;0;2057;0;0;288;191;0;0;0;561;514;1076;0,523
04/08/2022;2022;8;20;0;0;1103;1202;0;2305;0;0;279;255;0;0;0;544;687;1231;0,534
04/08/2022;2022;8;21;0;0;1282;1009;0;2291;0;0;332;226;0;0;0;647;609;1256;0,548
04/08/2022;2022;8;22;0;0;1376;924;0;2299;0;0;351;212;0;0;0;684;572;1256;0,546
04/08/2022;2022;8;23;0;0;1376;787;0;2163;0;0;349;184;0;0;0;680;496;1176;0,544
04/08/2022;2022;8;24;0;0;977;1017;0;1994;0;0;264;225;0;0;0;515;606;1121;0,562
05/08/2022;2022;8;1;0;0;951;1036;0;1987;0;0;246;227;0;0;0;479;613;1091;0,549
05/08/2022;2022;8;2;0;0;903;952;0;1854;0;0;199;207;0;0;0;387;559;946;0,510
05/08/2022;2022;8;3;0;0;962;812;0;1774;0;0;215;173;0;0;0;420;465;885;0,499
05/08/2022;2022;8;4;0;0;931;809;0;1741;0;0;211;172;0;0;0;411;464;875;0,503
05/08/2022;2022;8;5;0;84;748;811;0;1643;0;21;169;172;0;0;68;329;465;862;0,524
05/08/2022;2022;8;6;0;84;727;1056;0;1867;0;21;167;218;0;0;68;325;589;982;0,526
05/08/2022;2022;8;7;0;0;834;928;0;1762;0;0;189;195;0;0;0;369;525;894;0,507
05/08/2022;2022;8;8;0;0;495;1709;0;2205;0;0;109;353;0;0;0;213;952;1165;0,528
05/08/2022;2022;8;9;0;0;215;1822;0;2037;0;0;62;382;0;0;0;121;1031;1151;0,565
05/08/2022;2022;8;10;0;0;443;1823;0;2265;0;0;117;381;0;0;0;227;1027;1254;0,554
05/08/2022;2022;8;11;0;0;352;1744;0;2097;0;0;98;375;0;0;0;191;1012;1204;0,574
05/08/2022;2022;8;12;0;0;557;1458;0;2015;0;0;141;316;0;0;0;274;854;1128;0,560
05/08/2022;2022;8;13;0;0;344;1533;0;1877;0;0;94;328;0;0;0;183;884;1068;0,569
05/08/2022;2022;8;14;0;0;347;1537;0;1885;0;0;95;330;0;0;0;184;891;1076;0,571
05/08/2022;2022;8;15;0;0;537;1523;0;2061;0;0;140;324;0;0;0;272;874;1146;0,556
05/08/2022;2022;8;16;0;0;439;1553;0;1992;0;0;123;331;0;0;0;239;892;1130;0,568
05/08/2022;2022;8;17;0;0;446;1591;0;2037;0;0;125;347;0;0;0;243;937;1179;0,579
05/08/2022;2022;8;18;0;0;235;1599;0;1834;0;0;79;364;0;0;0;153;981;1134;0,618
05/08/2022;2022;8;19;0;0;564;1482;0;2046;0;0;171;336;0;0;0;333;906;1239;0,605
05/08/2022;2022;8;20;0;0;752;1236;0;1988;0;0;214;280;0;0;0;416;754;1170;0,588
05/08/2022;2022;8;21;0;0;755;1647;0;2402;0;0;214;366;0;0;0;416;987;1403;0,584
05/08/2022;2022;8;22;0;0;757;1602;0;2359;0;0;215;355;0;0;0;419;958;1378;0,584
05/08/2022;2022;8;23;0;0;378;1624;0;2002;0;0;120;358;0;0;0;234;966;1200;0,599
05/08/2022;2022;8;24;0;0;322;1716;0;2038;0;0;105;379;0;0;0;204;1022;1226;0,602
06/08/2022;2022;8;1;0;0;155;1891;0;2047;0;0;40;396;0;0;0;78;1069;1146;0,560
06/08/2022;2022;8;2;0;0;139;1522;0;1661;0;0;34;319;0;0;0;66;862;927;0,558
06/08/2022;2022;8;3;0;0;247;1496;0;1743;0;0;61;309;0;0;0;118;834;952;0,546
06/08/2022;2022;8;4;0;0;247;1491;0;1738;0;0;61;308;0;0;0;118;832;950;0,547
06/08/2022;2022;8;5;0;0;247;1491;0;1737;0;0;61;309;0;0;0;118;832;950;0,547
06/08/2022;2022;8;6;0;0;246;1486;0;1732;0;0;61;308;0;0;0;118;830;948;0,547
06/08/2022;2022;8;7;0;0;264;1429;0;1693;0;0;72;296;0;0;0;141;798;939;0,555
06/08/2022;2022;8;8;0;0;319;1429;0;1748;0;0;82;296;0;0;0;161;798;959;0,549
06/08/2022;2022;8;9;0;111;41;1502;0;1654;0;31;13;312;0;0;98;26;841;965;0,584
06/08/2022;2022;8;10;0;0;58;1792;0;1850;0;0;18;376;0;0;0;34;1013;1047;0,566
06/08/2022;2022;8;11;0;18;58;1802;0;1878;0;9;18;378;0;0;30;34;1020;1084;0,578
06/08/2022;2022;8;12;0;0;58;1807;0;1866;0;0;18;379;0;0;0;35;1021;1056;0,566
06/08/2022;2022;8;13;0;0;58;1873;0;1932;0;0;18;393;0;0;0;35;1060;1094;0,566
06/08/2022;2022;8;14;0;0;283;1451;0;1734;0;0;72;307;0;0;0;140;827;967;0,558
06/08/2022;2022;8;15;0;0;285;1466;0;1750;0;0;72;310;0;0;0;140;835;975;0,557
06/08/2022;2022;8;16;0;0;285;1460;0;1745;0;0;72;308;0;0;0;140;830;970;0,556
06/08/2022;2022;8;17;0;0;272;1494;0;1766;0;0;65;317;0;0;0;127;855;982;0,556
06/08/2022;2022;8;18;0;0;194;1507;0;1701;0;0;59;323;0;0;0;115;870;985;0,579
06/08/2022;2022;8;19;0;0;316;1533;0;1849;0;0;85;330;0;0;0;165;891;1056;0,571
06/08/2022;2022;8;20;0;0;538;1533;0;2071;0;0;149;331;0;0;0;290;891;1182;0,571
06/08/2022;2022;8;21;0;0;594;1538;0;2132;0;0;158;332;0;0;0;308;896;1204;0,565
06/08/2022;2022;8;22;0;0;588;1522;0;2110;0;0;156;329;0;0;0;304;888;1192;0,565
06/08/2022;2022;8;23;0;0;324;1851;0;2175;0;0;102;390;0;0;0;199;1052;1251;0,575
06/08/2022;2022;8;24;0;0;91;1805;0;1896;0;0;32;376;0;0;0;62;1015;1077;0,568
07/08/2022;2022;8;1;0;0;6;1754;0;1760;0;0;3;366;0;0;0;5;987;992;0,564
07/08/2022;2022;8;2;0;0;229;1403;0;1632;0;0;55;292;0;0;0;107;788;895;0,548
07/08/2022;2022;8;3;0;0;510;1268;0;1778;0;0;117;264;0;0;0;228;713;941;0,529
07/08/2022;2022;8;4;0;0;410;1096;0;1506;0;0;95;235;0;0;0;186;634;820;0,544
07/08/2022;2022;8;5;0;0;226;1333;0;1559;0;0;54;284;0;0;0;106;765;871;0,559
07/08/2022;2022;8;6;0;0;226;1335;0;1561;0;0;54;284;0;0;0;106;766;872;0,559
07/08/2022;2022;8;7;0;0;227;1393;0;1620;0;0;55;297;0;0;0;108;802;910;0,562
07/08/2022;2022;8;8;0;0;226;1396;0;1623;0;0;55;299;0;0;0;106;805;912;0,562
07/08/2022;2022;8;9;0;0;227;1404;0;1631;0;0;55;301;0;0;0;106;811;918;0,563
07/08/2022;2022;8;10;0;0;227;1411;0;1637;0;0;54;302;0;0;0;106;816;922;0,563
07/08/2022;2022;8;11;0;6;228;1424;0;1658;0;2;55;307;0;0;7;106;827;940;0,567
07/08/2022;2022;8;12;0;0;228;1421;0;1649;0;0;55;306;0;0;0;106;824;931;0,564
07/08/2022;2022;8;13;0;0;227;1415;0;1642;0;0;54;302;0;0;0;106;815;921;0,561
07/08/2022;2022;8;14;0;0;227;1408;0;1636;0;0;54;301;0;0;0;106;811;916;0,560
07/08/2022;2022;8;15;0;89;228;1396;0;1713;0;25;54;298;0;0;81;105;803;989;0,578
07/08/2022;2022;8;16;0;89;227;1394;0;1709;0;25;54;297;0;0;80;105;801;986;0,577
07/08/2022;2022;8;17;0;98;278;1142;0;1519;0;28;65;246;0;0;87;127;662;877;0,578
07/08/2022;2022;8;18;0;0;227;1435;0;1663;0;0;54;303;0;0;0;105;817;923;0,555
07/08/2022;2022;8;19;0;0;402;1519;0;1921;0;0;103;321;0;0;0;201;865;1066;0,555
07/08/2022;2022;8;20;0;0;335;1549;0;1885;0;0;94;331;0;0;0;183;892;1075;0,571
07/08/2022;2022;8;21;0;0;503;1567;0;2069;0;0;146;336;0;0;0;284;905;1189;0,575
07/08/2022;2022;8;22;0;0;649;1403;0;2052;0;0;198;320;0;0;0;387;864;1250;0,609
07/08/2022;2022;8;23;0;0;660;1486;0;2147;0;0;185;350;0;0;0;360;944;1304;0,607
07/08/2022;2022;8;24;0;0;575;1576;0;2151;0;0;161;372;0;0;0;314;1002;1317;0,612
08/08/2022;2022;8;1;0;0;100;1735;0;1835;0;0;25;376;0;0;0;48;1015;1063;0,579
08/08/2022;2022;8;2;0;0;101;1532;0;1633;0;0;25;327;0;0;0;48;883;931;0,570
08/08/2022;2022;8;3;0;89;393;1202;0;1685;0;25;98;267;0;0;79;192;720;991;0,588
08/08/2022;2022;8;4;0;89;327;1302;0;1718;0;25;81;296;0;0;79;159;797;1035;0,602
08/08/2022;2022;8;5;0;89;451;1192;0;1733;0;25;124;272;0;0;79;242;732;1053;0,608
08/08/2022;2022;8;6;0;3;336;1286;0;1626;0;1;88;304;0;0;3;172;820;995;0,612
08/08/2022;2022;8;7;0;0;485;1350;0;1834;0;0;127;303;0;0;0;247;818;1064;0,580
08/08/2022;2022;8;8;0;0;320;1789;0;2109;0;0;88;384;0;0;0;171;1035;1206;0,572
08/08/2022;2022;8;9;0;0;159;1954;0;2113;0;0;41;414;0;0;0;81;1116;1196;0,566
08/08/2022;2022;8;10;0;0;97;1973;0;2070;0;0;27;420;0;0;0;52;1131;1184;0,572
08/08/2022;2022;8;11;0;0;60;2185;0;2246;0;0;18;461;0;0;0;35;1243;1278;0,569
08/08/2022;2022;8;12;0;0;56;2156;0;2212;0;0;17;457;0;0;0;33;1233;1266;0,572
08/08/2022;2022;8;13;0;0;56;2106;0;2163;0;0;17;446;0;0;0;33;1202;1235;0,571
08/08/2022;2022;8;14;0;0;56;2034;0;2090;0;0;19;430;0;0;0;36;1159;1195;0,572
08/08/2022;2022;8;15;0;0;57;2171;0;2228;0;0;19;458;0;0;0;37;1234;1271;0,570
08/08/2022;2022;8;16;0;0;56;1849;0;1904;0;0;17;393;0;0;0;33;1060;1092;0,574
08/08/2022;2022;8;17;0;0;316;1719;0;2035;0;0;81;366;0;0;0;158;986;1144;0,562
08/08/2022;2022;8;18;0;0;56;2142;0;2198;0;0;17;454;0;0;0;33;1224;1257;0,572
08/08/2022;2022;8;19;0;0;56;2123;0;2179;0;0;17;458;0;0;0;33;1236;1269;0,582
08/08/2022;2022;8;20;0;0;195;2165;0;2360;0;0;54;469;0;0;0;105;1265;1370;0,580
08/08/2022;2022;8;21;0;0;109;2161;0;2270;0;0;31;470;0;0;0;60;1269;1328;0,585
08/08/2022;2022;8;22;0;0;109;2147;0;2256;0;0;31;467;0;0;0;60;1261;1320;0,585
08/08/2022;2022;8;23;0;0;109;2122;0;2231;0;0;31;461;0;0;0;60;1243;1303;0,584
08/08/2022;2022;8;24;0;0;165;2052;0;2216;0;0;51;441;0;0;0;99;1190;1289;0,582
09/08/2022;2022;8;1;0;0;282;1723;0;2006;0;0;72;366;0;0;0;141;988;1129;0,563
09/08/2022;2022;8;2;0;103;261;1498;0;1862;0;28;70;324;0;0;88;136;874;1098;0,590
09/08/2022;2022;8;3;0;87;244;1478;0;1809;0;24;62;320;0;0;78;120;863;1061;0,587
09/08/2022;2022;8;4;0;88;245;1474;0;1806;0;25;62;319;0;0;78;121;861;1060;0,587
09/08/2022;2022;8;5;0;88;245;1292;0;1625;0;25;62;283;0;0;78;120;764;962;0,592
09/08/2022;2022;8;6;0;88;246;1298;0;1633;0;25;62;284;0;0;78;122;767;967;0,592
09/08/2022;2022;8;7;0;0;249;1581;0;1830;0;0;65;342;0;0;0;126;921;1047;0,572
09/08/2022;2022;8;8;0;0;319;1515;0;1834;0;0;82;322;0;0;0;159;868;1027;0,560
09/08/2022;2022;8;9;0;0;53;2027;0;2080;0;0;16;427;0;0;0;31;1151;1182;0,568
09/08/2022;2022;8;10;0;0;54;2078;0;2132;0;0;16;441;0;0;0;31;1190;1221;0,573
09/08/2022;2022;8;11;0;0;71;2105;0;2176;0;0;29;449;0;0;0;57;1210;1267;0,582
09/08/2022;2022;8;12;0;0;116;2068;0;2184;0;0;40;440;0;0;0;77;1186;1263;0,578
09/08/2022;2022;8;13;0;0;121;2065;0;2185;0;0;41;436;0;0;0;79;1177;1256;0,575
09/08/2022;2022;8;14;0;0;356;1749;0;2105;0;0;98;373;0;0;0;192;1006;1198;0,569
09/08/2022;2022;8;15;0;70;277;1826;0;2172;0;20;71;390;0;0;64;139;1052;1255;0,578
09/08/2022;2022;8;16;0;0;419;1533;0;1952;0;0;104;326;0;0;0;202;880;1081;0,554
09/08/2022;2022;8;17;0;0;412;1521;0;1933;0;0;102;324;0;0;0;200;875;1074;0,556
09/08/2022;2022;8;18;0;3;421;1535;0;1959;0;1;104;330;0;0;3;203;890;1096;0,560
09/08/2022;2022;8;19;0;7;54;2069;0;2131;0;3;16;448;0;0;9;32;1208;1248;0,586
09/08/2022;2022;8;20;0;8;53;2096;0;2157;0;3;16;456;0;0;9;31;1230;1271;0,589
09/08/2022;2022;8;21;0;10;54;2238;0;2302;0;4;16;489;0;0;12;31;1319;1362;0,592
09/08/2022;2022;8;22;0;10;54;2230;0;2294;0;4;16;486;0;0;12;31;1311;1354;0,590
09/08/2022;2022;8;23;0;10;54;2205;0;2269;0;4;16;474;0;0;12;31;1279;1322;0,583
09/08/2022;2022;8;24;0;10;39;2187;0;2236;0;4;12;473;0;0;12;22;1275;1310;0,586
10/08/2022;2022;8;1;0;108;361;1435;0;1904;0;30;85;316;0;0;94;166;851;1111;0,584
10/08/2022;2022;8;2;0;88;402;1224;0;1714;0;25;96;279;0;0;81;187;753;1021;0,596
10/08/2022;2022;8;3;0;84;449;1116;0;1649;0;25;108;256;0;0;78;211;689;979;0,594
10/08/2022;2022;8;4;0;83;226;1292;0;1602;0;25;55;294;0;0;78;107;793;978;0,610
10/08/2022;2022;8;5;0;83;226;1291;0;1601;0;25;55;294;0;0;78;107;793;978;0,611
10/08/2022;2022;8;6;0;84;227;1341;0;1652;0;25;55;305;0;0;78;107;822;1008;0,610
10/08/2022;2022;8;7;0;11;245;1457;0;1713;0;4;61;327;0;0;13;120;882;1014;0,592
10/08/2022;2022;8;8;0;11;387;1425;0;1822;0;4;94;310;0;0;12;182;836;1030;0,565
10/08/2022;2022;8;9;0;11;251;1694;0;1955;0;4;63;372;0;0;12;122;1004;1139;0,582
10/08/2022;2022;8;10;0;11;204;2068;0;2283;0;4;53;454;0;0;13;103;1223;1339;0,586
10/08/2022;2022;8;11;0;11;209;1787;0;2007;0;4;54;390;0;0;12;104;1051;1168;0,582
10/08/2022;2022;8;12;0;11;71;2151;0;2232;0;4;22;465;0;0;13;42;1254;1309;0,586
10/08/2022;2022;8;13;0;11;51;2015;0;2077;0;4;16;435;0;0;12;31;1173;1216;0,586
10/08/2022;2022;8;14;0;10;179;1691;0;1880;0;4;44;367;0;0;12;85;991;1089;0,579
10/08/2022;2022;8;15;0;94;180;1669;0;1943;0;27;46;364;0;0;85;90;980;1155;0,594
10/08/2022;2022;8;16;0;86;179;1800;0;2066;0;25;44;398;0;0;80;85;1072;1237;0,599
10/08/2022;2022;8;17;0;84;178;1788;0;2051;0;25;44;395;0;0;78;85;1066;1229;0,600
10/08/2022;2022;8;18;0;85;177;1590;0;1853;0;25;44;357;0;0;79;85;963;1127;0,608
10/08/2022;2022;8;19;0;83;38;1784;0;1905;0;24;12;385;0;0;78;23;1039;1139;0,598
10/08/2022;2022;8;20;0;81;38;2254;0;2374;0;24;12;491;0;0;75;23;1324;1422;0,599
10/08/2022;2022;8;21;0;75;38;2278;0;2391;0;21;12;497;0;0;67;22;1342;1431;0,599
10/08/2022;2022;8;22;0;76;38;2295;0;2409;0;21;12;502;0;0;68;23;1353;1444;0,599
10/08/2022;2022;8;23;0;0;38;2256;0;2294;0;0;12;490;0;0;0;23;1320;1343;0,585
10/08/2022;2022;8;24;0;0;40;2259;0;2300;0;0;15;488;0;0;0;29;1317;1345;0,585
11/08/2022;2022;8;1;0;77;39;1964;0;2080;0;21;16;413;0;0;68;32;1115;1215;0,584
11/08/2022;2022;8;2;0;76;251;1358;0;1686;0;21;64;299;0;0;67;126;806;999;0,593
11/08/2022;2022;8;3;0;71;231;1303;0;1605;0;20;57;289;0;0;64;110;779;954;0,594
11/08/2022;2022;8;4;0;71;371;1222;0;1664;0;20;89;270;0;0;64;173;730;966;0,581
11/08/2022;2022;8;5;0;160;405;1061;0;1627;0;44;97;231;0;0;140;189;624;953;0,586
11/08/2022;2022;8;6;0;71;511;1021;0;1603;0;20;120;220;0;0;64;234;595;893;0,557
11/08/2022;2022;8;7;0;78;256;1402;0;1736;0;22;65;297;0;0;69;126;800;995;0,573
11/08/2022;2022;8;8;0;81;377;1592;0;2049;0;22;88;334;0;0;71;172;902;1144;0,558
11/08/2022;2022;8;9;0;81;216;1601;0;1898;0;22;56;336;0;0;70;110;907;1087;0,573
11/08/2022;2022;8;10;0;82;251;1613;0;1945;0;22;67;339;0;0;71;130;915;1115;0,573
11/08/2022;2022;8;11;0;82;245;1617;0;1945;0;22;66;342;0;0;71;128;923;1122;0,577
11/08/2022;2022;8;12;0;81;279;1559;0;1920;0;22;67;329;0;0;71;130;888;1089;0,567
11/08/2022;2022;8;13;0;81;384;1468;0;1933;0;22;93;309;0;0;71;182;833;1085;0,562
11/08/2022;2022;8;14;0;81;541;1219;0;1841;0;22;132;263;0;0;70;256;709;1036;0,563
11/08/2022;2022;8;15;0;81;537;1104;0;1721;0;22;130;237;0;0;70;252;639;961;0,559
11/08/2022;2022;8;16;0;95;678;1033;0;1806;0;28;161;223;0;0;88;313;602;1002;0,555
11/08/2022;2022;8;17;0;86;687;1031;0;1804;0;26;164;223;0;0;81;320;601;1003;0,556
11/08/2022;2022;8;18;0;91;661;1084;0;1836;0;26;159;230;0;0;84;310;620;1015;0,553
11/08/2022;2022;8;19;0;93;509;1341;0;1942;0;27;117;277;0;0;85;228;748;1061;0,546
11/08/2022;2022;8;20;0;92;478;1442;0;2012;0;27;108;302;0;0;85;210;815;1111;0,552
11/08/2022;2022;8;21;0;92;519;1455;0;2067;0;27;118;306;0;0;85;230;826;1141;0,552
11/08/2022;2022;8;22;0;92;570;1439;0;2101;0;27;125;302;0;0;85;243;815;1143;0,544
11/08/2022;2022;8;23;0;92;513;1415;0;2019;0;27;116;296;0;0;85;226;798;1109;0,549
11/08/2022;2022;8;24;0;92;491;1386;0;1969;0;27;111;288;0;0;85;216;776;1077;0,547
12/08/2022;2022;8;1;0;89;617;1170;0;1876;0;26;136;255;0;0;83;264;688;1035;0,552
12/08/2022;2022;8;2;0;86;609;988;0;1683;0;25;146;215;0;0;81;284;580;944;0,561
12/08/2022;2022;8;3;0;186;432;991;0;1609;0;52;108;216;0;0;165;210;583;958;0,595
12/08/2022;2022;8;4;0;176;595;768;0;1539;0;50;139;164;0;0;158;271;444;873;0,567
12/08/2022;2022;8;5;0;176;835;592;0;1603;0;50;188;145;0;0;159;367;392;918;0,572
12/08/2022;2022;8;6;0;224;1043;314;0;1582;0;60;233;65;0;0;191;454;176;821;0,519
12/08/2022;2022;8;7;0;96;1307;365;0;1768;0;27;294;75;0;0;87;572;202;860;0,487
12/08/2022;2022;8;8;0;92;1288;374;0;1754;0;27;288;77;0;0;84;560;207;852;0,486
12/08/2022;2022;8;9;0;92;1604;386;0;2082;0;26;349;80;0;0;84;680;217;981;0,471
12/08/2022;2022;8;10;0;92;1383;383;0;1857;0;27;295;80;0;0;84;575;216;875;0,471
12/08/2022;2022;8;11;0;92;1390;387;0;1869;0;27;327;81;0;0;84;637;219;940;0,503
12/08/2022;2022;8;12;0;94;1337;389;0;1819;0;27;292;81;0;0;85;569;220;874;0,481
12/08/2022;2022;8;13;0;313;1231;338;0;1883;0;80;268;75;0;0;254;522;201;978;0,519
12/08/2022;2022;8;14;0;313;1223;254;0;1790;0;80;267;59;0;0;255;519;159;933;0,521
12/08/2022;2022;8;15;0;92;1587;250;0;1929;0;27;346;58;0;0;84;673;157;915;0,474
12/08/2022;2022;8;16;0;111;1400;238;0;1749;0;33;312;56;0;0;105;608;151;864;0,494
12/08/2022;2022;8;17;0;120;1303;256;0;1679;0;36;291;58;0;0;113;566;158;837;0,499
12/08/2022;2022;8;18;0;115;1304;360;0;1778;0;33;291;75;0;0;105;568;202;875;0,492
12/08/2022;2022;8;19;0;166;1169;383;0;1718;0;47;264;83;0;0;150;514;225;889;0,517
12/08/2022;2022;8;20;0;222;1204;439;0;1865;0;60;258;104;0;0;192;502;281;975;0,523
12/08/2022;2022;8;21;0;375;1233;367;0;1975;0;99;265;96;0;0;313;517;258;1088;0,551
12/08/2022;2022;8;22;0;329;1557;291;0;2177;0;94;333;74;0;0;299;648;200;1148;0,527
12/08/2022;2022;8;23;0;313;1398;237;0;1949;0;83;299;55;0;0;265;582;149;995;0,511
12/08/2022;2022;8;24;0;310;1155;239;0;1704;0;82;254;55;0;0;262;496;148;905;0,531
13/08/2022;2022;8;1;0;305;1162;231;0;1699;0;92;261;51;0;0;293;508;138;939;0,553
13/08/2022;2022;8;2;0;371;871;233;0;1476;0;110;200;51;0;0;349;389;139;877;0,594
13/08/2022;2022;8;3;0;447;731;234;0;1411;0;127;154;52;0;0;403;301;139;842;0,597
13/08/2022;2022;8;4;0;529;619;235;0;1383;0;142;137;52;0;0;451;267;139;857;0,620
13/08/2022;2022;8;5;0;517;613;233;0;1362;0;141;137;51;0;0;448;266;138;852;0,625
13/08/2022;2022;8;6;0;586;611;232;0;1429;0;163;137;51;0;0;517;266;138;921;0,644
13/08/2022;2022;8;7;0;598;678;192;0;1468;0;166;150;46;0;0;527;292;124;943;0,642
13/08/2022;2022;8;8;0;597;856;13;0;1466;0;166;183;7;0;0;526;356;19;902;0,615
13/08/2022;2022;8;9;0;597;869;18;0;1483;0;166;185;5;0;0;528;360;13;901;0,607
13/08/2022;2022;8;10;0;645;875;23;0;1542;0;176;187;6;0;0;557;365;17;939;0,609
13/08/2022;2022;8;11;0;646;888;24;0;1558;0;176;189;7;0;0;558;368;18;944;0,606
13/08/2022;2022;8;12;0;649;858;25;0;1532;0;176;183;7;0;0;559;357;19;934;0,610
13/08/2022;2022;8;13;0;611;895;28;0;1534;0;163;195;8;0;0;516;381;21;917;0,598
13/08/2022;2022;8;14;0;513;962;29;0;1505;0;132;222;8;0;0;417;433;22;872;0,580
13/08/2022;2022;8;15;40;253;1145;29;0;1467;18;71;294;8;0;41;225;572;22;860;0,586
13/08/2022;2022;8;16;40;188;1192;27;0;1446;18;55;310;7;0;41;175;604;20;841;0,581
13/08/2022;2022;8;17;40;186;1178;18;0;1423;18;55;305;8;0;41;174;594;20;829;0,583
13/08/2022;2022;8;18;40;189;1567;11;0;1806;18;55;380;3;0;41;176;740;8;965;0,534
13/08/2022;2022;8;19;40;189;1315;11;0;1554;18;55;336;3;0;41;176;655;8;880;0,566
13/08/2022;2022;8;20;40;188;1399;16;0;1643;18;55;341;4;0;41;175;664;12;892;0,543
13/08/2022;2022;8;21;40;187;1517;18;0;1762;18;55;371;5;0;41;175;723;13;952;0,540
13/08/2022;2022;8;22;40;186;1793;17;0;2036;18;55;415;4;0;41;174;808;12;1036;0,509
13/08/2022;2022;8;23;40;188;1620;11;0;1858;18;55;391;3;0;41;175;761;8;985;0,530
13/08/2022;2022;8;24;40;189;1567;7;0;1803;18;55;375;2;0;41;176;731;5;953;0,529
14/08/2022;2022;8;1;40;187;1176;4;0;1406;18;59;268;1;0;41;186;522;3;751;0,534
14/08/2022;2022;8;2;40;186;1110;3;0;1337;18;58;260;1;0;41;185;507;2;734;0,549
14/08/2022;2022;8;3;40;186;1043;2;0;1270;18;58;238;1;0;41;185;464;1;692;0,545
14/08/2022;2022;8;4;40;185;985;2;0;1212;18;58;220;1;0;41;185;429;1;657;0,542
14/08/2022;2022;8;5;40;185;986;2;0;1213;18;58;221;1;0;41;185;431;1;658;0,543
14/08/2022;2022;8;6;40;193;1022;2;0;1256;18;60;233;1;0;41;192;454;1;688;0,547
14/08/2022;2022;8;7;40;203;1032;2;0;1277;18;63;231;1;0;41;201;451;1;694;0,544
14/08/2022;2022;8;8;40;218;1008;2;0;1267;18;68;223;1;0;41;215;435;1;693;0,547
14/08/2022;2022;8;9;40;250;955;2;0;1247;18;77;204;1;0;41;245;398;3;688;0,552
14/08/2022;2022;8;10;40;258;954;51;0;1303;18;80;203;15;0;41;253;395;41;730;0,560
14/08/2022;2022;8;11;40;257;1007;18;0;1322;18;79;220;4;0;41;252;428;12;733;0,555
14/08/2022;2022;8;12;40;254;1015;5;0;1313;18;78;221;1;0;41;249;430;3;723;0,551
14/08/2022;2022;8;13;38;79;1198;20;0;1335;17;23;282;5;0;39;75;549;15;677;0,507
14/08/2022;2022;8;14;30;79;1138;33;0;1281;13;24;262;8;0;31;75;511;22;639;0,499
14/08/2022;2022;8;15;30;79;1123;35;0;1266;13;24;258;8;0;31;75;503;22;631;0,498
14/08/2022;2022;8;16;30;79;1134;28;0;1271;13;24;264;7;0;31;75;514;18;637;0,501
14/08/2022;2022;8;17;31;80;1136;17;0;1263;14;24;262;4;0;32;75;510;11;628;0,497
14/08/2022;2022;8;18;35;80;1193;6;0;1313;15;24;286;1;0;36;75;558;4;673;0,512
14/08/2022;2022;8;19;35;80;1281;3;0;1398;15;24;312;1;0;36;75;609;2;722;0,516
14/08/2022;2022;8;20;35;80;1376;21;0;1512;15;24;339;6;0;36;76;660;16;788;0,521
14/08/2022;2022;8;21;35;76;1459;16;0;1586;15;23;360;4;0;36;72;701;12;820;0,517
14/08/2022;2022;8;22;35;76;1434;13;0;1558;15;23;351;3;0;36;72;684;9;801;0,514
14/08/2022;2022;8;23;35;76;1405;10;0;1526;15;23;343;3;0;36;72;669;7;784;0,514
14/08/2022;2022;8;24;35;76;1290;7;0;1408;15;23;316;2;0;36;72;616;5;729;0,517
15/08/2022;2022;8;1;35;76;1196;4;0;1311;15;24;317;1;0;36;75;617;3;731;0,558
15/08/2022;2022;8;2;37;76;1150;2;0;1265;16;24;307;0;0;38;75;599;1;714;0,564
15/08/2022;2022;8;3;40;51;1127;2;0;1220;18;16;298;0;0;41;51;581;1;674;0,553
15/08/2022;2022;8;4;40;0;1462;1;0;1503;18;0;374;0;0;41;0;729;1;771;0,513
15/08/2022;2022;8;5;40;0;1240;1;0;1281;18;0;327;0;0;41;0;636;1;678;0,530
15/08/2022;2022;8;6;40;0;1242;1;0;1283;18;0;328;0;0;41;0;639;1;681;0,531
15/08/2022;2022;8;7;40;0;1441;1;0;1482;18;0;369;0;0;41;0;718;1;761;0,513
15/08/2022;2022;8;8;40;0;1427;3;0;1470;18;0;364;1;0;41;0;709;2;753;0,512
15/08/2022;2022;8;9;40;0;1404;4;0;1448;18;0;360;1;0;41;0;702;3;746;0,515
15/08/2022;2022;8;10;40;0;1410;3;0;1453;18;0;358;1;0;41;0;697;3;741;0,510
15/08/2022;2022;8;11;40;0;1400;6;0;1446;18;0;343;2;0;41;0;668;5;714;0,494
15/08/2022;2022;8;12;40;0;1404;14;0;1458;18;0;349;4;0;41;0;680;11;733;0,502
15/08/2022;2022;8;13;40;0;1596;14;0;1650;18;0;406;4;0;41;0;790;11;843;0,511
15/08/2022;2022;8;14;40;0;1612;13;0;1664;18;0;395;4;0;41;0;770;10;822;0,494
15/08/2022;2022;8;15;40;0;1656;13;0;1709;18;0;417;4;0;41;0;813;10;864;0,506
15/08/2022;2022;8;16;40;0;1646;15;0;1701;18;0;400;4;0;41;0;780;12;833;0,489
15/08/2022;2022;8;17;40;0;1421;15;0;1476;18;0;355;4;0;41;0;692;12;745;0,505
15/08/2022;2022;8;18;40;0;1362;17;0;1419;18;0;370;5;0;41;0;721;13;775;0,546
15/08/2022;2022;8;19;40;0;1493;16;0;1548;18;0;452;5;0;41;0;881;13;935;0,604
15/08/2022;2022;8;20;40;0;1659;29;0;1728;18;0;495;8;0;41;0;964;22;1027;0,594
15/08/2022;2022;8;21;40;0;1860;41;0;1941;18;0;552;11;0;41;0;1075;31;1147;0,591
15/08/2022;2022;8;22;40;0;1974;42;0;2056;18;0;582;12;0;41;0;1134;32;1207;0,587
15/08/2022;2022;8;23;40;6;1783;34;0;1863;18;4;533;10;0;41;12;1039;26;1118;0,600
15/08/2022;2022;8;24;40;10;1635;12;0;1696;18;9;487;5;0;41;28;948;13;1030;0,607
16/08/2022;2022;8;1;40;3;1509;4;0;1556;18;3;408;2;0;41;9;795;5;850;0,546
16/08/2022;2022;8;2;40;0;1428;3;0;1470;18;0;371;1;0;41;0;724;2;767;0,522
16/08/2022;2022;8;3;40;0;1389;2;0;1431;18;0;360;1;0;41;0;701;2;744;0,520
16/08/2022;2022;8;4;40;0;1391;2;0;1432;18;0;360;1;0;41;0;702;1;745;0,520
16/08/2022;2022;8;5;40;0;1424;2;0;1466;18;0;375;1;0;41;0;730;1;772;0,527
16/08/2022;2022;8;6;40;0;1379;2;0;1421;18;0;368;1;0;41;0;717;1;760;0,535
16/08/2022;2022;8;7;40;0;1790;2;0;1832;18;0;453;1;0;41;0;882;1;924;0,505
16/08/2022;2022;8;8;40;0;1849;4;0;1893;18;0;473;1;0;41;0;922;3;966;0,510
16/08/2022;2022;8;9;40;38;1934;5;0;2017;18;8;497;1;0;41;26;967;4;1038;0,515
16/08/2022;2022;8;10;40;232;1577;17;0;1866;18;47;447;5;0;41;149;872;12;1074;0,576
16/08/2022;2022;8;11;40;239;1586;21;0;1886;18;48;451;6;0;41;153;878;15;1087;0,576
16/08/2022;2022;8;12;40;239;1597;22;0;1898;18;48;453;6;0;41;153;882;16;1092;0,575
16/08/2022;2022;8;13;40;238;1494;24;0;1795;18;48;413;6;0;41;152;804;17;1014;0,565
16/08/2022;2022;8;14;40;403;1253;25;0;1720;18;91;331;7;0;41;290;644;18;993;0,577
16/08/2022;2022;8;15;40;398;1222;22;0;1682;18;90;321;6;0;41;287;625;15;968;0,576
16/08/2022;2022;8;16;40;401;1194;20;0;1654;18;91;314;5;0;41;288;613;14;956;0,578
16/08/2022;2022;8;17;40;404;1146;17;0;1607;18;92;289;5;0;41;290;563;12;907;0,565
16/08/2022;2022;8;18;40;405;1185;22;0;1651;18;92;287;6;0;41;291;558;15;905;0,549
16/08/2022;2022;8;19;40;462;1190;31;0;1722;18;103;291;8;0;41;326;568;22;957;0,556
16/08/2022;2022;8;20;40;638;1132;57;0;1866;18;141;260;17;0;41;446;507;45;1039;0,557
16/08/2022;2022;8;21;40;647;1174;81;0;1943;18;143;268;22;0;41;455;522;59;1077;0,555
16/08/2022;2022;8;22;40;646;1170;77;0;1932;18;143;267;21;0;41;453;521;57;1072;0,555
16/08/2022;2022;8;23;40;636;1155;34;0;1864;18;141;264;9;0;41;447;515;24;1027;0,551
16/08/2022;2022;8;24;0;588;1008;189;0;1786;0;131;217;39;0;0;417;422;104;943;0,528
17/08/2022;2022;8;1;0;350;1112;214;0;1676;0;87;270;45;0;0;276;527;122;924;0,552
17/08/2022;2022;8;2;0;183;996;439;0;1618;0;49;211;91;0;0;156;412;247;815;0,504
17/08/2022;2022;8;3;0;168;928;459;0;1555;0;46;194;96;0;0;146;378;258;783;0,504
17/08/2022;2022;8;4;0;167;936;459;0;1563;0;46;204;96;0;0;146;397;258;801;0,512
17/08/2022;2022;8;5;0;166;968;458;0;1592;0;46;211;95;0;0;145;411;257;813;0,511
17/08/2022;2022;8;6;0;167;795;460;0;1423;0;46;180;96;0;0;146;351;258;755;0,531
17/08/2022;2022;8;7;0;170;988;510;0;1668;0;43;246;104;0;0;137;479;280;895;0,537
17/08/2022;2022;8;8;0;247;973;571;0;1791;0;63;251;112;0;0;201;488;303;993;0,554
17/08/2022;2022;8;9;0;249;1041;582;0;1873;0;64;271;115;0;0;203;528;310;1041;0,556
17/08/2022;2022;8;10;0;252;1065;585;0;1901;0;65;274;116;0;0;205;534;313;1052;0,553
17/08/2022;2022;8;11;0;290;1054;588;0;1933;0;76;268;117;0;0;241;523;315;1079;0,558
17/08/2022;2022;8;12;0;291;1055;592;0;1938;0;76;269;118;0;0;242;524;319;1084;0,559
17/08/2022;2022;8;13;0;321;1065;587;0;1974;0;86;265;117;0;0;273;516;317;1106;0,560
17/08/2022;2022;8;14;0;354;1046;587;0;1987;0;97;255;117;0;0;306;497;316;1119;0,563
17/08/2022;2022;8;15;0;357;1047;585;0;1989;0;97;255;117;0;0;309;498;315;1121;0,563
17/08/2022;2022;8;16;0;357;1033;548;0;1938;0;97;254;111;0;0;308;495;300;1103;0,569
17/08/2022;2022;8;17;0;359;1052;474;0;1886;0;98;256;100;0;0;310;498;269;1077;0,571
17/08/2022;2022;8;18;0;145;1068;552;0;1765;0;44;263;111;0;0;140;513;300;954;0,540
17/08/2022;2022;8;19;0;392;771;759;0;1921;0;105;185;148;0;0;333;360;398;1091;0,568
17/08/2022;2022;8;20;0;611;613;804;0;2028;0;158;141;163;0;0;501;275;439;1215;0,599
17/08/2022;2022;8;21;0;610;819;824;0;2253;0;158;184;168;0;0;501;358;454;1313;0,583
17/08/2022;2022;8;22;0;613;563;970;0;2146;0;159;130;221;0;0;503;253;597;1353;0,630
17/08/2022;2022;8;23;0;586;772;788;0;2146;0;152;184;157;0;0;482;358;424;1264;0,589
17/08/2022;2022;8;24;0;397;745;825;0;1968;0;106;182;163;0;0;336;355;440;1132;0,575
18/08/2022;2022;8;1;0;587;7;1156;0;1751;0;148;5;245;0;0;468;9;661;1139;0,650
18/08/2022;2022;8;2;0;550;0;1030;0;1580;0;139;3;224;0;0;442;7;603;1051;0,665
18/08/2022;2022;8;3;40;354;69;1118;0;1581;18;98;25;248;0;41;309;49;670;1069;0,676
18/08/2022;2022;8;4;40;357;15;1127;0;1539;18;98;7;252;0;41;312;13;679;1044;0,678
18/08/2022;2022;8;5;40;358;15;1128;0;1540;18;98;6;252;0;41;312;13;679;1045;0,678
18/08/2022;2022;8;6;40;362;69;1128;0;1599;18;99;25;252;0;41;315;49;680;1084;0,678
18/08/2022;2022;8;7;0;390;0;1271;0;1661;0;105;0;283;0;0;333;0;762;1096;0,660
18/08/2022;2022;8;8;0;433;0;1456;0;1889;0;115;0;316;0;0;364;0;853;1217;0,644
18/08/2022;2022;8;9;0;436;0;1566;0;2002;0;115;0;337;0;0;366;0;908;1275;0,637
18/08/2022;2022;8;10;0;442;0;1654;0;2095;0;117;0;353;0;0;371;0;953;1324;0,632
18/08/2022;2022;8;11;0;440;0;1725;0;2166;0;117;0;374;0;0;370;0;1008;1378;0,636
18/08/2022;2022;8;12;0;222;0;1790;0;2012;0;63;0;390;0;0;200;0;1052;1251;0,622
18/08/2022;2022;8;13;0;115;0;2112;0;2227;0;36;0;453;0;0;113;0;1222;1334;0,599
18/08/2022;2022;8;14;0;115;0;1800;0;1915;0;36;0;392;0;0;113;0;1056;1169;0,611
18/08/2022;2022;8;15;0;115;0;2037;0;2152;0;36;0;441;0;0;113;0;1189;1302;0,605
18/08/2022;2022;8;16;0;115;0;1954;0;2070;0;36;0;426;0;0;113;0;1149;1262;0,610
18/08/2022;2022;8;17;0;116;0;1942;0;2058;0;36;0;425;0;0;113;0;1147;1260;0,612
18/08/2022;2022;8;18;0;116;0;1951;0;2067;0;36;0;427;0;0;113;0;1151;1264;0,611
18/08/2022;2022;8;19;0;122;0;1982;0;2104;0;37;0;436;0;0;118;0;1176;1294;0,615
18/08/2022;2022;8;20;0;134;1;2255;0;2389;0;40;0;504;0;0;128;0;1359;1487;0,623
18/08/2022;2022;8;21;0;134;0;2128;0;2262;0;40;0;482;0;0;128;0;1299;1427;0,631
18/08/2022;2022;8;22;0;134;0;2348;0;2482;0;40;0;540;0;0;128;0;1455;1583;0,638
18/08/2022;2022;8;23;0;134;0;2070;0;2204;0;40;0;482;0;0;128;0;1300;1427;0,648
18/08/2022;2022;8;24;0;134;0;2034;0;2168;0;40;0;471;0;0;127;0;1271;1398;0,645
19/08/2022;2022;8;1;0;133;1;1848;0;1983;0;41;0;416;0;0;129;1;1122;1251;0,631
19/08/2022;2022;8;2;0;120;0;1666;0;1786;0;37;0;369;0;0;118;0;994;1112;0,623
19/08/2022;2022;8;3;0;114;0;1652;0;1766;0;36;0;359;0;0;113;0;968;1082;0,613
19/08/2022;2022;8;4;0;114;0;1797;0;1911;0;36;0;382;0;0;113;0;1031;1144;0,599
19/08/2022;2022;8;5;0;115;0;1613;0;1728;0;36;0;354;0;0;114;0;954;1068;0,618
19/08/2022;2022;8;6;0;115;0;1763;0;1878;0;36;0;377;0;0;115;0;1015;1130;0,602
19/08/2022;2022;8;7;0;115;0;1812;0;1927;0;35;0;384;0;0;113;0;1037;1150;0,597
19/08/2022;2022;8;8;0;115;0;1945;0;2060;0;35;0;414;0;0;113;0;1117;1230;0,597
19/08/2022;2022;8;9;0;120;0;2057;0;2176;0;37;0;434;0;0;116;0;1171;1288;0,592
19/08/2022;2022;8;10;0;126;0;2015;0;2141;0;38;0;425;0;0;121;0;1146;1268;0,592
19/08/2022;2022;8;11;0;125;0;2069;0;2194;0;38;0;436;0;0;121;0;1176;1297;0,591
19/08/2022;2022;8;12;0;122;4;2066;0;2192;0;37;16;435;0;0;119;31;1173;1323;0,604
19/08/2022;2022;8;13;0;118;3;2064;0;2185;0;36;2;435;0;0;116;4;1173;1293;0,592
19/08/2022;2022;8;14;0;89;0;2040;0;2130;0;30;0;431;0;0;94;0;1162;1256;0,590
19/08/2022;2022;8;15;0;88;0;2017;0;2105;0;27;0;427;0;0;86;0;1151;1237;0,588
19/08/2022;2022;8;16;0;196;0;1571;0;1767;0;55;0;337;0;0;175;0;910;1085;0,614
19/08/2022;2022;8;17;0;414;0;1413;0;1827;0;112;0;310;0;0;354;0;835;1189;0,651
19/08/2022;2022;8;18;0;416;0;1375;0;1791;0;112;0;300;0;0;355;0;810;1166;0,651
19/08/2022;2022;8;19;0;88;0;1783;0;1872;0;27;0;381;0;0;86;0;1026;1113;0,594
19/08/2022;2022;8;20;0;88;0;1985;0;2073;0;27;0;420;0;0;86;0;1133;1219;0,588
19/08/2022;2022;8;21;0;88;0;2149;0;2238;0;27;0;459;0;0;86;0;1238;1324;0,592
19/08/2022;2022;8;22;0;88;0;2188;0;2276;0;27;0;470;0;0;86;0;1268;1354;0,595
19/08/2022;2022;8;23;0;88;0;2184;0;2272;0;27;0;468;0;0;86;0;1262;1348;0,593
19/08/2022;2022;8;24;0;88;0;2151;0;2239;0;27;0;459;0;0;86;0;1239;1325;0,592
20/08/2022;2022;8;1;0;89;38;1848;0;1975;0;27;11;392;0;0;87;21;1058;1166;0,591
20/08/2022;2022;8;2;0;193;35;1613;0;1841;0;55;10;343;0;0;174;20;925;1119;0,608
20/08/2022;2022;8;3;0;194;25;1480;0;1700;0;55;7;316;0;0;175;14;852;1042;0,613
20/08/2022;2022;8;4;0;193;0;1434;0;1627;0;55;0;307;0;0;175;0;827;1001;0,615
20/08/2022;2022;8;5;0;191;2;1434;0;1627;0;55;3;306;0;0;173;6;827;1005;0,618
20/08/2022;2022;8;6;0;88;0;1431;0;1520;0;27;0;306;0;0;87;0;826;913;0,601
20/08/2022;2022;8;7;0;202;0;1430;0;1632;0;57;0;307;0;0;182;0;827;1009;0,618
20/08/2022;2022;8;8;0;195;0;1426;0;1620;0;55;0;306;0;0;175;0;824;1000;0,617
20/08/2022;2022;8;9;0;196;0;1439;0;1635;0;56;0;309;0;0;176;0;833;1009;0,617
20/08/2022;2022;8;10;0;195;0;1851;0;2047;0;56;0;396;0;0;176;0;1068;1244;0,608
20/08/2022;2022;8;11;0;197;0;1570;0;1767;0;56;0;356;0;0;177;0;959;1136;0,643
20/08/2022;2022;8;12;0;198;0;1592;0;1790;0;56;0;367;0;0;178;0;989;1167;0,652
20/08/2022;2022;8;13;0;194;0;1625;0;1819;0;55;0;378;0;0;175;0;1019;1194;0,657
20/08/2022;2022;8;14;0;273;0;1319;0;1592;0;78;0;316;0;0;248;0;853;1101;0,691
20/08/2022;2022;8;15;0;246;0;1311;0;1556;0;73;0;313;0;0;230;0;843;1073;0,690
20/08/2022;2022;8;16;0;246;0;1313;0;1559;0;72;0;309;0;0;230;0;834;1064;0,682
20/08/2022;2022;8;17;0;246;0;1347;0;1593;0;73;0;305;0;0;230;0;822;1053;0,661
20/08/2022;2022;8;18;0;261;0;1402;0;1663;0;78;0;306;0;0;246;0;825;1071;0,644
20/08/2022;2022;8;19;0;91;0;1469;0;1560;0;28;0;312;0;0;88;0;842;930;0,596
20/08/2022;2022;8;20;0;197;0;1649;0;1845;0;56;0;349;0;0;177;0;941;1118;0,606
20/08/2022;2022;8;21;0;186;0;1674;0;1860;0;53;0;355;0;0;170;0;958;1128;0,606
20/08/2022;2022;8;22;0;166;0;1685;0;1851;0;49;0;357;0;0;157;0;964;1121;0,605
20/08/2022;2022;8;23;0;116;0;2034;0;2150;0;40;0;428;0;0;126;0;1154;1280;0,595
20/08/2022;2022;8;24;0;91;1;1636;0;1727;0;28;3;344;0;0;89;6;929;1024;0,593
21/08/2022;2022;8;1;0;91;4;1627;0;1722;0;26;1;344;0;0;84;2;927;1013;0,588
21/08/2022;2022;8;2;0;91;4;1517;0;1612;0;26;1;325;0;0;84;2;875;961;0,596
21/08/2022;2022;8;3;0;91;4;1425;0;1520;0;26;1;307;0;0;83;2;827;913;0,601
21/08/2022;2022;8;4;0;91;6;1427;0;1524;0;26;4;307;0;0;83;7;829;920;0,604
21/08/2022;2022;8;5;0;91;4;1615;0;1710;0;26;1;347;0;0;83;2;936;1022;0,597
21/08/2022;2022;8;6;0;91;4;1501;0;1596;0;26;1;318;0;0;83;2;857;942;0,591
21/08/2022;2022;8;7;0;91;4;1526;0;1621;0;26;1;322;0;0;83;2;868;954;0,588
21/08/2022;2022;8;8;0;91;4;1466;0;1561;0;26;1;321;0;0;83;2;867;953;0,610
21/08/2022;2022;8;9;0;91;4;1335;0;1430;0;26;1;296;0;0;84;2;800;885;0,619
21/08/2022;2022;8;10;0;103;4;1375;0;1482;0;30;1;305;0;0;95;2;824;921;0,621
21/08/2022;2022;8;11;0;91;5;1404;0;1500;0;26;1;317;0;0;84;3;855;942;0,628
21/08/2022;2022;8;12;0;91;5;1415;0;1511;0;26;3;318;0;0;84;5;858;947;0,627
21/08/2022;2022;8;13;0;177;4;1412;0;1592;0;50;1;315;0;0;160;2;850;1013;0,636
21/08/2022;2022;8;14;0;175;25;1410;0;1611;0;50;8;316;0;0;158;16;853;1026;0,637
21/08/2022;2022;8;15;0;175;4;1323;0;1502;0;50;1;298;0;0;158;2;802;963;0,641
21/08/2022;2022;8;16;0;174;4;1361;0;1539;0;50;1;293;0;0;157;2;791;951;0,618
21/08/2022;2022;8;17;0;200;6;1261;0;1468;0;58;7;270;0;0;183;13;729;926;0,631
21/08/2022;2022;8;18;0;210;4;1182;0;1395;0;61;1;253;0;0;195;2;682;879;0,630
21/08/2022;2022;8;19;0;237;4;1219;0;1460;0;67;1;259;0;0;212;2;699;914;0,626
21/08/2022;2022;8;20;0;126;4;1564;0;1695;0;38;1;317;0;0;121;2;856;979;0,578
21/08/2022;2022;8;21;0;128;4;1663;0;1795;0;39;1;337;0;0;122;2;908;1032;0,575
21/08/2022;2022;8;22;0;334;4;1681;0;2019;0;88;1;340;0;0;280;2;918;1201;0,595
21/08/2022;2022;8;23;0;333;4;1637;0;1974;0;88;1;332;0;0;279;2;895;1176;0,596
21/08/2022;2022;8;24;0;331;4;1520;0;1854;0;87;1;311;0;0;277;2;839;1118;0,603
22/08/2022;2022;8;1;0;328;0;1304;0;1632;0;92;0;274;0;0;293;0;739;1032;0,632
22/08/2022;2022;8;2;0;263;0;1191;0;1454;0;77;0;255;0;0;243;0;687;930;0,640
22/08/2022;2022;8;3;0;222;0;1175;0;1397;0;67;0;252;0;0;214;0;680;894;0,640
22/08/2022;2022;8;4;0;221;0;1164;0;1385;0;67;0;250;0;0;213;0;673;887;0,640
22/08/2022;2022;8;5;0;222;0;1165;0;1387;0;67;0;250;0;0;214;0;674;887;0,640
22/08/2022;2022;8;6;260;309;0;1062;0;1630;129;90;0;226;0;300;285;0;609;1194;0,733
22/08/2022;2022;8;7;259;356;3;1066;0;1685;128;100;1;227;0;300;317;2;612;1231;0,731
22/08/2022;2022;8;8;259;475;4;1156;0;1893;128;128;1;240;0;299;405;2;648;1354;0,715
22/08/2022;2022;8;9;262;492;4;1239;0;1997;129;132;1;254;0;302;419;2;684;1408;0,705
22/08/2022;2022;8;10;0;505;4;1336;0;1845;0;135;1;274;0;0;430;2;739;1171;0,635
22/08/2022;2022;8;11;262;501;4;1327;0;2093;130;134;1;272;0;303;426;2;734;1465;0,700
22/08/2022;2022;8;12;0;506;4;1322;0;1832;0;136;1;271;0;0;431;2;732;1165;0,636
22/08/2022;2022;8;13;0;464;4;1325;0;1793;0;125;1;272;0;0;398;2;733;1133;0,632
22/08/2022;2022;8;14;0;432;0;1319;0;1751;0;117;0;271;0;0;371;0;730;1101;0,629
22/08/2022;2022;8;15;0;430;7;1313;0;1750;0;117;5;269;0;0;370;9;726;1105;0,631
22/08/2022;2022;8;16;0;335;50;1325;0;1710;0;94;11;272;0;0;299;22;733;1054;0,616
22/08/2022;2022;8;17;0;349;17;1331;0;1697;0;98;7;273;0;0;310;14;735;1060;0,624
22/08/2022;2022;8;18;0;357;0;1407;0;1764;0;100;0;283;0;0;316;0;764;1080;0,612
22/08/2022;2022;8;19;0;324;0;1423;0;1747;0;92;0;286;0;0;291;0;772;1062;0,608
22/08/2022;2022;8;20;260;474;0;1440;0;2174;129;127;0;290;0;300;402;0;783;1486;0,684
22/08/2022;2022;8;21;262;491;1;1496;0;2250;130;131;0;312;0;303;416;1;842;1561;0,694
22/08/2022;2022;8;22;263;507;0;1419;0;2189;130;136;0;302;0;304;430;0;814;1548;0,707
22/08/2022;2022;8;23;263;504;1;1399;0;2167;130;135;3;296;0;303;428;5;798;1534;0,708
22/08/2022;2022;8;24;0;526;1;1362;0;1889;0;140;3;284;0;0;445;6;765;1216;0,644
23/08/2022;2022;8;1;257;325;0;1277;0;1859;127;90;0;267;0;297;285;0;719;1301;0,700
23/08/2022;2022;8;2;257;280;0;1032;0;1569;127;75;0;220;0;297;237;0;593;1127;0,719
23/08/2022;2022;8;3;260;223;0;1021;0;1504;128;63;0;217;0;300;199;0;585;1084;0,721
23/08/2022;2022;8;4;259;294;0;1020;0;1573;128;85;0;217;0;300;269;0;585;1153;0,733
23/08/2022;2022;8;5;260;311;0;1024;0;1595;129;88;0;218;0;301;278;0;587;1165;0,731
23/08/2022;2022;8;6;258;313;0;1023;0;1594;128;88;0;217;0;298;281;0;587;1166;0,731
23/08/2022;2022;8;7;0;374;0;1263;0;1637;0;101;0;257;0;0;321;0;693;1014;0,619
23/08/2022;2022;8;8;0;335;0;1378;0;1713;0;91;0;282;0;0;290;0;762;1052;0,614
23/08/2022;2022;8;9;263;379;3;1340;0;1985;130;103;7;278;0;303;326;14;749;1392;0,701
23/08/2022;2022;8;10;251;385;7;1339;0;1983;125;104;19;280;0;292;331;38;756;1416;0,714
23/08/2022;2022;8;11;242;382;0;1307;0;1931;121;104;0;273;0;281;329;0;737;1347;0,698
23/08/2022;2022;8;12;249;389;2;1264;0;1903;123;105;2;263;0;288;334;3;709;1334;0,701
23/08/2022;2022;8;13;251;428;0;1256;0;1935;125;119;0;260;0;292;378;0;701;1370;0,708
23/08/2022;2022;8;14;0;494;0;1273;0;1767;0;133;0;264;0;0;420;0;713;1134;0,641
23/08/2022;2022;8;15;0;501;0;1214;0;1715;0;134;0;256;0;0;424;0;689;1114;0,650
23/08/2022;2022;8;16;0;483;3;1140;0;1626;0;130;4;240;0;0;412;8;648;1067;0,657
23/08/2022;2022;8;17;0;460;0;1150;0;1610;0;125;0;242;0;0;397;0;653;1050;0,652
23/08/2022;2022;8;18;0;458;0;1220;0;1678;0;125;0;253;0;0;395;0;682;1077;0,642
23/08/2022;2022;8;19;0;459;0;1361;0;1820;0;125;0;275;0;0;396;0;742;1139;0,626
23/08/2022;2022;8;20;0;477;0;1495;0;1971;0;129;0;313;0;0;411;0;845;1256;0,637
23/08/2022;2022;8;21;0;546;0;1652;0;2198;0;147;0;356;0;0;465;0;960;1426;0,649
23/08/2022;2022;8;22;0;585;0;1616;0;2201;0;156;0;347;0;0;495;0;937;1432;0,651
23/08/2022;2022;8;23;0;615;0;1435;0;2049;0;163;0;302;0;0;517;0;814;1331;0,650
23/08/2022;2022;8;24;0;636;0;1156;0;1792;0;167;0;240;0;0;529;0;648;1176;0,656
24/08/2022;2022;8;1;0;590;1;1127;0;1718;0;154;1;234;0;0;488;1;632;1121;0,653
24/08/2022;2022;8;2;0;574;0;1038;0;1612;0;149;0;221;0;0;474;0;596;1070;0,664
24/08/2022;2022;8;3;0;530;0;1028;0;1558;0;140;0;219;0;0;445;0;590;1034;0,664
24/08/2022;2022;8;4;0;332;0;1030;0;1362;0;93;0;219;0;0;296;0;590;886;0,650
24/08/2022;2022;8;5;0;332;0;1033;0;1366;0;93;0;220;0;0;296;0;593;889;0,651
24/08/2022;2022;8;6;0;536;0;1031;0;1567;0;142;0;219;0;0;451;0;591;1042;0,665
24/08/2022;2022;8;7;0;504;3;1224;0;1732;0;138;1;251;0;0;439;2;676;1117;0,645
24/08/2022;2022;8;8;0;360;6;1392;0;1758;0;102;8;280;0;0;322;16;755;1094;0,622
24/08/2022;2022;8;9;0;358;6;1387;0;1751;0;101;7;280;0;0;321;14;754;1089;0,622
24/08/2022;2022;8;10;0;357;0;1359;0;1716;0;101;3;278;0;0;320;6;749;1076;0,627
24/08/2022;2022;8;11;0;580;0;1316;0;1896;0;155;0;272;0;0;491;0;733;1224;0,645
24/08/2022;2022;8;12;0;579;0;1315;0;1893;0;154;0;272;0;0;490;0;734;1223;0,646
24/08/2022;2022;8;13;0;363;0;1308;0;1671;0;102;0;268;0;0;324;0;724;1048;0,627
24/08/2022;2022;8;14;0;382;0;1328;0;1710;0;106;3;275;0;0;337;6;741;1084;0,634
24/08/2022;2022;8;15;0;383;0;1261;0;1643;0;106;0;270;0;0;337;0;729;1066;0,649
24/08/2022;2022;8;16;0;599;0;1070;0;1669;0;158;0;236;0;0;502;0;638;1140;0,683
24/08/2022;2022;8;17;0;599;0;1080;0;1679;0;158;0;239;0;0;503;0;643;1146;0,683
24/08/2022;2022;8;18;0;598;0;1081;0;1679;0;158;0;239;0;0;502;0;645;1146;0,683
24/08/2022;2022;8;19;0;606;0;1115;0;1721;0;160;0;241;0;0;508;0;651;1159;0,673
24/08/2022;2022;8;20;0;594;0;1294;0;1888;0;157;0;271;0;0;499;0;731;1230;0,651
24/08/2022;2022;8;21;0;595;0;1365;0;1960;0;158;0;277;0;0;500;0;748;1248;0,637
24/08/2022;2022;8;22;0;593;0;1369;0;1961;0;157;0;277;0;0;498;0;748;1246;0,636
24/08/2022;2022;8;23;0;380;1;1373;0;1753;0;106;3;279;0;0;335;5;752;1092;0,623
24/08/2022;2022;8;24;0;521;0;1082;0;1603;0;141;0;230;0;0;447;0;620;1068;0,666
25/08/2022;2022;8;1;0;528;1;1008;0;1537;0;146;0;212;0;0;462;1;572;1035;0,674
25/08/2022;2022;8;2;0;445;1;1014;0;1459;0;125;0;213;0;0;396;1;575;972;0,666
25/08/2022;2022;8;3;0;443;1;1018;0;1462;0;125;0;214;0;0;395;1;578;974;0,666
25/08/2022;2022;8;4;0;450;1;1013;0;1464;0;126;0;213;0;0;400;1;575;975;0,666
25/08/2022;2022;8;5;0;448;1;950;0;1398;0;126;0;200;0;0;398;1;539;937;0,670
25/08/2022;2022;8;6;0;444;1;886;0;1331;0;125;0;186;0;0;396;1;502;899;0,675
25/08/2022;2022;8;7;255;461;1;756;0;1473;126;128;0;160;0;295;405;1;432;1133;0,769
25/08/2022;2022;8;8;260;503;1;743;0;1507;128;130;4;158;0;300;413;7;426;1146;0,760
25/08/2022;2022;8;9;263;505;11;752;0;1531;130;131;12;160;0;303;416;24;432;1175;0,767
25/08/2022;2022;8;10;264;567;1;751;0;1581;130;144;0;160;0;304;455;0;431;1191;0,753
25/08/2022;2022;8;11;259;588;1;763;0;1610;128;148;0;162;0;299;469;0;438;1206;0,749
25/08/2022;2022;8;12;256;635;1;747;0;1638;127;164;0;159;0;296;522;0;429;1246;0,761
25/08/2022;2022;8;13;256;750;1;618;0;1624;127;190;0;155;0;296;602;0;418;1316;0,810
25/08/2022;2022;8;14;257;893;1;460;0;1611;127;221;0;102;0;298;703;0;275;1276;0,792
25/08/2022;2022;8;15;259;878;1;455;0;1592;128;219;0;101;0;299;694;0;272;1265;0,794
25/08/2022;2022;8;16;301;1016;87;245;0;1649;147;246;37;54;0;343;781;71;146;1341;0,813
25/08/2022;2022;8;17;307;971;95;225;0;1598;150;235;38;51;0;349;746;75;136;1306;0,818
25/08/2022;2022;8;18;303;876;177;227;0;1584;148;211;62;51;0;346;668;121;138;1272;0,803
25/08/2022;2022;8;19;306;863;155;286;0;1610;149;204;62;60;0;349;647;121;161;1278;0,793
25/08/2022;2022;8;20;303;847;235;379;0;1763;148;197;90;78;0;345;626;175;212;1358;0,770
25/08/2022;2022;8;21;299;801;332;387;0;1820;146;185;111;81;0;341;587;217;217;1362;0,749
25/08/2022;2022;8;22;301;803;293;377;0;1773;147;185;100;78;0;343;588;195;210;1336;0,753
25/08/2022;2022;8;23;304;793;234;352;0;1682;148;183;82;72;0;345;582;161;193;1281;0,761
25/08/2022;2022;8;24;296;603;310;354;0;1563;145;144;106;80;0;338;456;207;216;1217;0,778
26/08/2022;2022;8;1;292;271;927;65;0;1555;143;80;259;14;0;333;255;504;36;1128;0,726
26/08/2022;2022;8;2;259;265;1138;2;0;1664;129;79;285;1;0;300;249;555;1;1106;0,665
26/08/2022;2022;8;3;258;263;865;2;0;1387;128;78;226;1;0;298;248;440;1;987;0,712
26/08/2022;2022;8;4;260;262;860;2;0;1383;128;78;225;1;0;300;247;438;1;987;0,713
26/08/2022;2022;8;5;242;261;864;2;0;1370;119;78;226;1;0;279;247;440;1;966;0,706
26/08/2022;2022;8;6;228;264;865;2;0;1359;114;79;226;1;0;267;249;440;1;957;0,704
26/08/2022;2022;8;7;227;487;677;3;0;1394;114;125;189;1;0;266;397;367;2;1032;0,740
26/08/2022;2022;8;8;226;639;656;4;0;1525;113;155;182;1;0;265;491;355;3;1114;0,730
26/08/2022;2022;8;9;227;650;713;7;0;1596;114;157;204;2;0;266;498;398;5;1167;0,731
26/08/2022;2022;8;10;227;653;657;30;0;1567;114;158;201;8;0;266;501;392;22;1181;0,753
26/08/2022;2022;8;11;229;643;748;40;0;1659;115;156;219;11;0;268;494;427;31;1219;0,735
26/08/2022;2022;8;12;225;638;739;42;0;1644;113;155;219;12;0;264;492;427;32;1215;0,739
26/08/2022;2022;8;13;136;639;942;42;0;1758;75;155;265;12;0;175;492;516;32;1215;0,691
26/08/2022;2022;8;14;0;637;1004;39;0;1680;0;155;295;11;0;0;491;576;31;1097;0,653
26/08/2022;2022;8;15;0;637;971;44;0;1651;0;155;276;13;0;0;491;537;35;1062;0,643
26/08/2022;2022;8;16;0;637;1002;49;0;1688;0;155;285;14;0;0;491;556;38;1085;0,642
26/08/2022;2022;8;17;0;639;1006;43;0;1688;0;155;287;13;0;0;492;559;34;1085;0,643
26/08/2022;2022;8;18;0;636;995;16;0;1647;0;155;280;4;0;0;490;545;12;1046;0,635
26/08/2022;2022;8;19;0;637;977;17;0;1630;0;155;290;4;0;0;491;565;12;1068;0,655
26/08/2022;2022;8;20;0;569;1333;23;0;1925;0;134;363;6;0;0;424;708;17;1149;0,597
26/08/2022;2022;8;21;0;601;1256;34;0;1891;0;147;334;9;0;0;466;651;25;1142;0,604
26/08/2022;2022;8;22;0;585;1099;41;0;1724;0;144;314;11;0;0;457;612;29;1099;0,637
26/08/2022;2022;8;23;0;572;1168;20;0;1760;0;141;326;5;0;0;448;634;15;1097;0,623
26/08/2022;2022;8;24;0;582;1015;6;0;1603;0;143;273;2;0;0;455;532;5;992;0,619
27/08/2022;2022;8;1;0;550;1057;4;0;1612;0;136;278;1;0;0;433;543;3;978;0,607
27/08/2022;2022;8;2;0;381;890;89;0;1360;0;102;236;21;0;0;322;460;56;838;0,616
27/08/2022;2022;8;3;0;260;1010;23;0;1293;0;76;277;5;0;0;241;539;14;795;0,614
27/08/2022;2022;8;4;0;257;1074;2;0;1333;0;75;305;0;0;0;239;595;1;835;0,626
27/08/2022;2022;8;5;0;259;1036;2;0;1296;0;76;267;0;0;0;240;521;1;762;0,588
27/08/2022;2022;8;6;0;259;979;2;0;1240;0;76;290;0;0;0;240;565;1;806;0,650
27/08/2022;2022;8;7;0;259;1084;2;0;1344;0;76;299;0;0;0;240;582;1;823;0,612
27/08/2022;2022;8;8;0;259;1100;2;0;1360;0;76;289;0;0;0;240;563;1;804;0,591
27/08/2022;2022;8;9;0;262;1063;5;0;1330;0;84;288;1;0;0;265;562;4;831;0,624
27/08/2022;2022;8;10;0;260;1227;6;0;1493;0;75;318;2;0;0;239;619;4;862;0,578
27/08/2022;2022;8;11;0;258;1231;6;0;1495;0;75;319;2;0;0;238;621;4;863;0,577
27/08/2022;2022;8;12;0;256;1230;6;0;1493;0;75;320;2;0;0;236;624;5;864;0,579
27/08/2022;2022;8;13;0;255;1402;14;0;1671;0;74;345;4;0;0;236;672;10;917;0,549
27/08/2022;2022;8;14;0;255;1409;29;0;1693;0;74;345;10;0;0;236;673;26;935;0,552
27/08/2022;2022;8;15;0;254;1390;6;0;1650;0;74;338;2;0;0;235;659;4;899;0,545
27/08/2022;2022;8;16;0;253;1236;2;0;1491;0;74;317;1;0;0;234;617;2;854;0,572
27/08/2022;2022;8;17;0;254;1266;2;0;1522;0;74;324;1;0;0;235;631;1;867;0,570
27/08/2022;2022;8;18;0;256;1444;2;0;1702;0;74;365;1;0;0;236;711;1;949;0,558
27/08/2022;2022;8;19;0;643;1001;5;0;1649;0;155;294;1;0;0;493;574;3;1069;0,649
27/08/2022;2022;8;20;0;787;1125;6;0;1919;0;187;336;2;0;0;594;654;5;1252;0,653
27/08/2022;2022;8;21;0;789;1137;12;0;1937;0;188;337;3;0;0;596;657;8;1261;0,651
27/08/2022;2022;8;22;0;793;1109;12;0;1914;0;188;316;3;0;0;597;616;8;1222;0,639
27/08/2022;2022;8;23;0;827;1094;9;0;1930;0;195;326;2;0;0;619;635;6;1261;0,653
27/08/2022;2022;8;24;0;821;1013;6;0;1840;0;194;293;2;0;0;615;571;4;1190;0,647
28/08/2022;2022;8;1;0;818;936;6;0;1759;0;194;271;1;0;0;614;528;4;1146;0,652
28/08/2022;2022;8;2;0;827;684;5;0;1516;0;196;197;1;0;0;622;384;4;1009;0,666
28/08/2022;2022;8;3;0;826;682;5;0;1513;0;196;193;1;0;0;621;377;4;1001;0,661
28/08/2022;2022;8;4;0;789;684;37;0;1510;0;188;191;9;0;0;596;373;23;992;0,657
28/08/2022;2022;8;5;0;746;676;9;0;1431;0;180;187;2;0;0;570;365;6;942;0,658
28/08/2022;2022;8;6;0;641;667;5;0;1313;0;157;186;1;0;0;500;362;3;865;0,659
28/08/2022;2022;8;7;0;609;712;3;0;1325;0;149;212;1;0;0;474;413;2;890;0,671
28/08/2022;2022;8;8;0;385;887;3;0;1275;0;104;248;1;0;0;329;484;2;815;0,639
28/08/2022;2022;8;9;0;434;855;5;0;1294;0;115;232;2;0;0;366;452;4;821;0,635
28/08/2022;2022;8;10;0;847;723;16;0;1585;0;203;202;4;0;0;643;393;12;1048;0,661
28/08/2022;2022;8;11;0;867;704;20;0;1591;0;208;193;5;0;0;661;376;15;1052;0,661
28/08/2022;2022;8;12;0;892;360;224;0;1476;0;215;111;55;0;0;682;215;147;1045;0,708
28/08/2022;2022;8;13;0;732;424;356;0;1513;0;174;130;73;0;0;554;253;197;1004;0,663
28/08/2022;2022;8;14;0;772;312;354;0;1438;0;186;106;73;0;0;589;206;196;991;0,689
28/08/2022;2022;8;15;0;931;124;347;0;1402;0;229;41;72;0;0;728;81;193;1002;0,714
28/08/2022;2022;8;16;0;948;102;324;0;1374;0;234;34;67;0;0;742;67;180;989;0,720
28/08/2022;2022;8;17;0;937;69;333;0;1339;0;232;29;69;0;0;736;57;186;978;0,730
28/08/2022;2022;8;18;0;1018;1;356;0;1374;0;250;0;74;0;0;794;1;198;993;0,722
28/08/2022;2022;8;19;0;859;1;623;0;1483;0;220;0;151;0;0;699;1;408;1108;0,747
28/08/2022;2022;8;20;0;680;1;1101;0;1782;0;184;0;276;0;0;582;1;744;1327;0,744
28/08/2022;2022;8;21;0;434;1;1440;0;1874;0;120;0;362;0;0;382;1;977;1359;0,725
28/08/2022;2022;8;22;0;441;1;1452;0;1894;0;123;0;365;0;0;389;1;983;1373;0,725
28/08/2022;2022;8;23;0;713;1;1361;0;2075;0;192;0;339;0;0;609;1;916;1525;0,735
28/08/2022;2022;8;24;0;949;1;763;0;1713;0;247;0;195;0;0;784;1;525;1309;0,764
29/08/2022;2022;8;1;0;1121;98;366;0;1585;0;278;39;80;0;0;883;76;215;1174;0,741
29/08/2022;2022;8;2;0;830;88;562;0;1480;0;216;35;116;0;0;685;67;312;1065;0,719
29/08/2022;2022;8;3;0;494;385;552;0;1432;0;142;104;113;0;0;451;203;305;960;0,670
29/08/2022;2022;8;4;0;495;387;556;0;1438;0;142;104;114;0;0;452;203;307;962;0,670
29/08/2022;2022;8;5;0;564;391;551;0;1507;0;164;105;113;0;0;519;205;305;1029;0,683
29/08/2022;2022;8;6;0;568;391;550;0;1509;0;165;104;113;0;0;522;203;304;1029;0,681
29/08/2022;2022;8;7;0;905;6;655;0;1566;0;238;2;128;0;0;754;4;346;1103;0,705
29/08/2022;2022;8;8;0;977;5;714;0;1696;0;259;1;140;0;0;822;3;378;1203;0,709
29/08/2022;2022;8;9;0;1041;7;742;0;1790;0;272;7;148;0;0;863;14;399;1276;0,713
29/08/2022;2022;8;10;0;1122;5;755;0;1883;0;288;1;151;0;0;915;3;408;1326;0,704
29/08/2022;2022;8;11;0;1125;5;778;0;1908;0;289;1;161;0;0;918;3;435;1355;0,710
29/08/2022;2022;8;12;0;1125;5;757;0;1887;0;289;1;159;0;0;918;3;429;1349;0,715
29/08/2022;2022;8;13;0;1081;5;740;0;1827;0;280;1;154;0;0;889;3;416;1308;0,716
29/08/2022;2022;8;14;0;1035;5;735;0;1776;0;264;1;153;0;0;837;3;413;1253;0,706
29/08/2022;2022;8;15;0;1006;5;707;0;1719;0;258;1;144;0;0;818;3;389;1210;0,704
29/08/2022;2022;8;16;0;959;5;712;0;1675;0;249;1;145;0;0;789;3;392;1184;0,707
29/08/2022;2022;8;17;0;909;5;730;0;1644;0;239;1;145;0;0;758;3;392;1153;0,701
29/08/2022;2022;8;18;0;877;5;753;0;1635;0;233;1;149;0;0;738;3;403;1144;0,699
29/08/2022;2022;8;19;0;970;9;756;0;1734;0;250;6;150;0;0;792;12;405;1209;0,697
29/08/2022;2022;8;20;0;830;5;1113;0;1948;0;221;5;249;0;0;702;9;672;1382;0,710
29/08/2022;2022;8;21;0;689;5;1449;0;2143;0;188;1;326;0;0;595;3;878;1477;0,689
29/08/2022;2022;8;22;0;876;5;1176;0;2057;0;230;1;263;0;0;731;3;710;1444;0,702
29/08/2022;2022;8;23;0;1075;213;721;0;2009;0;270;70;150;0;0;856;136;405;1397;0,695
29/08/2022;2022;8;24;0;1069;147;652;0;1868;0;268;54;133;0;0;852;105;359;1315;0,704
30/08/2022;2022;8;1;0;1041;1;637;0;1679;0;257;0;128;0;0;815;1;346;1162;0,692
30/08/2022;2022;8;2;0;913;1;630;0;1545;0;231;0;127;0;0;733;1;342;1076;0,696
30/08/2022;2022;8;3;0;888;1;587;0;1475;0;224;0;117;0;0;710;1;316;1027;0,696
30/08/2022;2022;8;4;0;843;1;600;0;1444;0;213;0;121;0;0;675;1;326;1001;0,693
30/08/2022;2022;8;5;0;844;1;595;0;1440;0;212;0;120;0;0;674;1;323;997;0,692
30/08/2022;2022;8;6;0;804;1;697;0;1502;0;208;0;136;0;0;660;1;366;1026;0,683
30/08/2022;2022;8;7;0;909;3;710;0;1622;0;230;1;138;0;0;728;2;372;1102;0,679
30/08/2022;2022;8;8;0;1013;3;710;0;1726;0;251;5;138;0;0;797;10;372;1179;0,683
30/08/2022;2022;8;9;0;1092;1;686;0;1779;0;267;0;137;0;0;847;1;370;1218;0,685
30/08/2022;2022;8;10;0;1174;1;669;0;1844;0;284;0;134;0;0;900;1;362;1263;0,685
30/08/2022;2022;8;11;0;1148;28;670;0;1847;0;279;29;135;0;0;884;57;365;1306;0,707
30/08/2022;2022;8;12;0;1139;1;691;0;1831;0;277;0;146;0;0;878;1;394;1273;0,695
30/08/2022;2022;8;13;0;1080;1;683;0;1764;0;265;0;144;0;0;841;1;389;1231;0,697
30/08/2022;2022;8;14;0;1050;19;648;0;1717;0;259;18;131;0;0;822;34;354;1210;0,705
30/08/2022;2022;8;15;0;1003;1;649;0;1653;0;249;0;136;0;0;791;1;366;1158;0,700
30/08/2022;2022;8;16;0;930;1;674;0;1606;0;235;0;142;0;0;745;1;384;1130;0,704
30/08/2022;2022;8;17;0;923;1;808;0;1732;0;233;0;175;0;0;740;1;471;1212;0,700
30/08/2022;2022;8;18;0;670;1;955;0;1626;0;177;0;203;0;0;562;1;548;1111;0,683
30/08/2022;2022;8;19;0;669;1;1065;0;1736;0;177;0;231;0;0;562;1;623;1186;0,683
30/08/2022;2022;8;20;0;516;1;1550;0;2067;0;139;0;369;0;0;441;1;994;1435;0,694
30/08/2022;2022;8;21;0;365;1;1661;0;2027;0;101;0;419;0;0;321;1;1130;1451;0,716
30/08/2022;2022;8;22;0;338;1;1668;0;2007;0;95;0;414;0;0;302;1;1116;1418;0,707
30/08/2022;2022;8;23;41;591;1;1244;0;1877;21;159;0;287;0;49;504;1;773;1327;0,707
30/08/2022;2022;8;24;64;774;1;980;0;1820;32;201;0;207;0;76;636;1;557;1270;0,698
31/08/2022;2022;8;1;0;567;133;966;0;1667;0;154;43;198;0;0;488;83;533;1104;0,662
31/08/2022;2022;8;2;0;527;105;866;0;1498;0;144;33;179;0;0;456;65;482;1002;0,669
31/08/2022;2022;8;3;0;610;61;800;0;1471;0;166;19;168;0;0;525;38;452;1015;0,690
31/08/2022;2022;8;4;183;499;40;794;0;1516;92;141;13;166;0;214;447;25;448;1133;0,748
31/08/2022;2022;8;5;0;563;40;812;0;1415;0;153;13;169;0;0;484;25;457;966;0,682
31/08/2022;2022;8;6;0;531;39;901;0;1471;0;145;12;183;0;0;459;24;493;976;0,663
31/08/2022;2022;8;7;0;617;41;1038;0;1696;0;165;13;208;0;0;523;25;562;1111;0,655
31/08/2022;2022;8;8;0;668;34;1039;0;1741;0;178;11;214;0;0;564;21;577;1162;0,668
31/08/2022;2022;8;9;0;886;22;902;0;1811;0;231;7;194;0;0;731;14;522;1268;0,700
31/08/2022;2022;8;10;0;887;15;794;0;1697;0;231;5;177;0;0;732;10;478;1220;0,719
31/08/2022;2022;8;11;0;890;6;927;0;1823;0;231;2;198;0;0;734;4;533;1271;0,697
31/08/2022;2022;8;12;0;682;6;1047;0;1735;0;181;2;214;0;0;575;4;576;1155;0,666
31/08/2022;2022;8;13;0;681;6;1035;0;1721;0;181;2;211;0;0;575;3;569;1147;0,667
31/08/2022;2022;8;14;0;683;2;1033;0;1719;0;182;3;210;0;0;576;6;567;1149;0,669
31/08/2022;2022;8;15;0;681;1;1008;0;1690;0;181;0;205;0;0;574;1;552;1127;0,667
31/08/2022;2022;8;16;0;521;1;1024;0;1547;0;142;0;208;0;0;451;1;561;1013;0,655
31/08/2022;2022;8;17;0;522;1;1011;0;1533;0;142;0;205;0;0;451;1;553;1005;0,655
31/08/2022;2022;8;18;0;516;1;1017;0;1534;0;141;0;206;0;0;447;1;557;1004;0,654
31/08/2022;2022;8;19;0;687;1;992;0;1680;0;182;0;203;0;0;579;1;548;1127;0,671
31/08/2022;2022;8;20;0;902;1;931;0;1834;0;234;0;194;0;0;743;1;523;1266;0,691
31/08/2022;2022;8;21;0;891;1;978;0;1870;0;232;0;202;0;0;735;1;544;1279;0,684
31/08/2022;2022;8;22;0;888;1;1024;0;1913;0;231;0;209;0;0;733;1;563;1296;0,677
31/08/2022;2022;8;23;0;892;1;1020;0;1914;0;232;0;208;0;0;736;1;562;1298;0,678
31/08/2022;2022;8;24;0;673;1;1011;0;1685;0;179;0;206;0;0;568;1;556;1125;0,668
01/09/2022;2022;9;1;0;676;1;1015;0;1692;0;185;0;206;0;0;587;1;556;1143;0,675
01/09/2022;2022;9;2;0;564;2;885;0;1451;0;158;7;182;0;0;500;13;490;1003;0,691
01/09/2022;2022;9;3;0;498;1;819;0;1318;0;146;0;169;0;0;464;1;456;920;0,698
01/09/2022;2022;9;4;0;501;14;835;0;1350;0;147;5;173;0;0;465;9;466;940;0,696
01/09/2022;2022;9;5;8;500;11;834;0;1354;5;146;4;172;0;11;464;8;465;948;0,700
01/09/2022;2022;9;6;0;500;1;834;0;1335;0;146;0;172;0;0;465;1;465;930;0,697
01/09/2022;2022;9;7;0;604;1;824;0;1428;0;169;0;171;0;0;538;1;461;1000;0,700
01/09/2022;2022;9;8;0;591;1;951;0;1543;0;164;0;197;0;0;519;1;530;1050;0,680
01/09/2022;2022;9;9;0;876;1;803;0;1679;0;234;0;169;0;0;742;1;456;1199;0,714
01/09/2022;2022;9;10;0;875;1;899;0;1775;0;234;0;188;0;0;742;1;508;1251;0,705
01/09/2022;2022;9;11;0;719;2;1050;0;1771;0;195;5;216;0;0;619;9;583;1211;0,684
01/09/2022;2022;9;12;0;719;1;1059;0;1778;0;195;0;218;0;0;619;1;588;1207;0,679
01/09/2022;2022;9;13;0;720;1;1060;0;1781;0;195;0;218;0;0;620;1;588;1209;0,679
01/09/2022;2022;9;14;0;720;1;1062;0;1783;0;195;0;218;0;0;620;1;589;1209;0,678
01/09/2022;2022;9;15;0;718;1;1059;0;1778;0;195;0;217;0;0;618;1;586;1205;0,678
01/09/2022;2022;9;16;0;719;1;1099;0;1819;0;195;0;220;0;0;618;1;593;1212;0,666
01/09/2022;2022;9;17;0;718;1;1055;0;1774;0;195;0;217;0;0;617;1;585;1204;0,679
01/09/2022;2022;9;18;0;718;1;1054;0;1774;0;195;0;217;0;0;618;1;584;1203;0,678
01/09/2022;2022;9;19;0;727;1;1067;0;1794;0;197;0;220;0;0;625;1;593;1219;0,679
01/09/2022;2022;9;20;0;880;1;1076;0;1957;0;235;0;222;0;0;746;1;599;1346;0,688
01/09/2022;2022;9;21;0;877;1;1068;0;1946;0;234;0;220;0;0;743;1;594;1338;0,687
01/09/2022;2022;9;22;0;877;1;1065;0;1943;0;234;0;220;0;0;743;1;592;1336;0,688
01/09/2022;2022;9;23;0;719;2;1046;0;1767;0;195;3;215;0;0;619;6;580;1205;0,682
01/09/2022;2022;9;24;0;721;1;1016;0;1738;0;196;0;207;0;0;621;1;559;1180;0,679
02/09/2022;2022;9;1;0;618;2;949;0;1569;0;166;3;184;0;0;528;6;496;1030;0,656
02/09/2022;2022;9;2;0;734;1;820;0;1555;0;196;0;162;0;0;621;1;436;1057;0,680
02/09/2022;2022;9;3;0;721;1;828;0;1549;0;193;0;164;0;0;611;1;443;1054;0,680
02/09/2022;2022;9;4;0;514;1;818;0;1333;0;142;0;162;0;0;451;1;436;888;0,666
02/09/2022;2022;9;5;0;514;1;819;0;1334;0;142;0;162;0;0;451;1;438;889;0,667
02/09/2022;2022;9;6;0;518;1;820;0;1339;0;144;0;163;0;0;455;1;439;895;0,668
02/09/2022;2022;9;7;0;552;1;952;0;1505;0;150;0;187;0;0;477;1;505;982;0,653
02/09/2022;2022;9;8;0;837;1;666;0;1504;0;219;0;132;0;0;696;1;356;1053;0,700
02/09/2022;2022;9;9;0;856;1;672;0;1529;0;224;0;133;0;0;711;1;360;1072;0,701
02/09/2022;2022;9;10;0;853;1;1019;0;1872;0;223;0;198;0;0;709;1;533;1242;0,664
02/09/2022;2022;9;11;0;856;1;1028;0;1885;0;224;0;200;0;0;712;1;538;1251;0,663
02/09/2022;2022;9;12;0;859;1;1032;0;1892;0;225;0;200;0;0;714;1;540;1254;0,663
02/09/2022;2022;9;13;0;850;1;1028;0;1879;0;223;0;199;0;0;707;1;537;1245;0,663
02/09/2022;2022;9;14;0;857;1;1035;0;1892;0;224;0;201;0;0;712;1;541;1254;0,662
02/09/2022;2022;9;15;0;852;1;1028;0;1880;0;223;0;199;0;0;708;1;537;1246;0,663
02/09/2022;2022;9;16;0;856;1;693;0;1550;0;224;0;137;0;0;711;1;370;1082;0,698
02/09/2022;2022;9;17;0;856;1;691;0;1548;0;224;0;136;0;0;712;1;368;1080;0,698
02/09/2022;2022;9;18;0;860;1;684;0;1545;0;225;0;135;0;0;714;1;364;1079;0,698
02/09/2022;2022;9;19;0;856;1;1034;0;1891;0;224;0;200;0;0;712;1;539;1252;0,662
02/09/2022;2022;9;20;0;859;1;1029;0;1889;0;225;0;199;0;0;714;1;537;1252;0,663
02/09/2022;2022;9;21;0;864;1;1041;0;1906;0;226;0;202;0;0;718;1;546;1265;0,664
02/09/2022;2022;9;22;0;869;1;1038;0;1908;0;228;0;202;0;0;722;1;545;1267;0,664
02/09/2022;2022;9;23;0;873;1;955;0;1829;0;229;0;184;0;0;725;1;495;1221;0,668
02/09/2022;2022;9;24;0;900;3;781;0;1684;0;234;2;176;0;0;742;5;474;1222;0,725
03/09/2022;2022;9;1;0;1127;142;364;0;1632;0;278;46;93;0;0;881;90;251;1222;0,748
03/09/2022;2022;9;2;0;1078;70;348;0;1495;0;266;25;84;0;0;844;48;225;1117;0,747
03/09/2022;2022;9;3;0;1079;1;335;0;1415;0;266;0;81;0;0;845;1;219;1064;0,752
03/09/2022;2022;9;4;0;807;332;233;0;1371;0;205;97;61;0;0;651;189;165;1004;0,732
03/09/2022;2022;9;5;0;663;621;223;0;1507;0;175;160;59;0;0;555;312;159;1027;0,681
03/09/2022;2022;9;6;0;503;719;224;0;1446;0;143;187;59;0;0;455;363;160;978;0,676
03/09/2022;2022;9;7;0;702;576;236;0;1514;0;182;151;62;0;0;578;293;167;1038;0,686
03/09/2022;2022;9;8;0;1006;121;292;0;1419;0;247;44;76;0;0;784;86;204;1073;0,756
03/09/2022;2022;9;9;0;1103;1;380;0;1484;0;271;0;95;0;0;858;1;256;1115;0,751
03/09/2022;2022;9;10;0;1157;36;383;0;1576;0;281;16;95;0;0;890;30;257;1178;0,747
03/09/2022;2022;9;11;0;1104;128;366;0;1598;0;270;44;88;0;0;857;86;237;1180;0,738
03/09/2022;2022;9;12;0;1126;81;365;0;1572;0;276;29;87;0;0;874;56;234;1165;0,741
03/09/2022;2022;9;13;0;1149;9;361;0;1519;0;280;5;86;0;0;889;10;232;1131;0,744
03/09/2022;2022;9;14;0;958;230;291;0;1479;0;237;75;75;0;0;752;146;202;1100;0,744
03/09/2022;2022;9;15;0;496;681;314;0;1491;0;141;189;81;0;0;446;369;217;1032;0,692
03/09/2022;2022;9;16;0;493;727;233;0;1453;0;140;205;62;0;0;444;399;167;1010;0,695
03/09/2022;2022;9;17;0;495;776;234;0;1505;0;140;221;62;0;0;445;430;168;1043;0,693
03/09/2022;2022;9;18;22;631;492;246;0;1390;12;169;156;64;0;29;535;303;174;1041;0,749
03/09/2022;2022;9;19;57;1030;1;354;0;1442;31;251;0;85;0;72;798;1;229;1100;0,763
03/09/2022;2022;9;20;71;1151;195;357;0;1774;38;280;70;86;0;89;889;137;231;1346;0,758
03/09/2022;2022;9;21;144;1134;131;362;0;1772;75;278;46;87;0;175;881;91;235;1381;0,779
03/09/2022;2022;9;22;145;1132;144;360;0;1782;75;277;56;86;0;176;880;109;233;1397;0,784
03/09/2022;2022;9;23;225;1090;1;356;0;1671;113;269;0;85;0;263;853;1;230;1347;0,806
03/09/2022;2022;9;24;222;998;63;340;0;1623;111;250;23;84;0;260;793;45;226;1325;0,816
04/09/2022;2022;9;1;222;716;367;245;0;1551;112;185;127;58;0;261;586;247;156;1250;0,806
04/09/2022;2022;9;2;222;670;354;240;0;1486;112;174;117;57;0;261;552;227;153;1193;0,803
04/09/2022;2022;9;3;223;675;236;223;0;1357;112;172;78;53;0;262;545;153;142;1101;0,811
04/09/2022;2022;9;4;223;631;253;225;0;1331;112;163;76;53;0;262;518;149;143;1071;0,804
04/09/2022;2022;9;5;224;606;239;225;0;1293;112;151;69;53;0;262;480;134;143;1019;0,788
04/09/2022;2022;9;6;223;605;226;224;0;1277;112;151;63;53;0;261;479;123;142;1006;0,787
04/09/2022;2022;9;7;223;605;226;225;0;1279;112;151;62;53;0;261;480;121;143;1006;0,786
04/09/2022;2022;9;8;220;606;224;222;0;1272;111;158;62;52;0;259;500;121;141;1022;0,803
04/09/2022;2022;9;9;219;730;98;223;0;1270;110;197;34;53;0;258;625;66;142;1090;0,859
04/09/2022;2022;9;10;220;850;0;269;0;1339;111;224;0;61;0;259;710;0;165;1134;0,847
04/09/2022;2022;9;11;223;786;0;357;0;1366;112;214;0;76;0;262;679;0;204;1145;0,838
04/09/2022;2022;9;12;182;828;0;357;0;1367;93;221;0;76;0;218;703;0;204;1125;0,822
04/09/2022;2022;9;13;93;903;0;353;0;1349;51;222;0;75;0;120;704;0;202;1026;0,760
04/09/2022;2022;9;14;35;1084;0;349;0;1469;22;242;0;74;0;52;766;0;201;1018;0,693
04/09/2022;2022;9;15;0;1075;0;340;0;1415;0;235;0;73;0;0;746;0;198;944;0,667
04/09/2022;2022;9;16;0;946;57;248;0;1252;0;223;25;59;0;0;707;48;160;915;0,731
04/09/2022;2022;9;17;0;822;164;237;0;1223;0;198;67;57;0;0;629;130;153;911;0,745
04/09/2022;2022;9;18;0;758;367;227;0;1352;0;186;126;53;0;0;589;246;144;978;0,724
04/09/2022;2022;9;19;0;1014;31;299;0;1344;0;237;17;66;0;0;751;33;179;963;0,717
04/09/2022;2022;9;20;0;1176;22;350;0;1547;0;281;10;75;0;0;890;20;202;1113;0,719
04/09/2022;2022;9;21;0;1188;133;350;0;1672;0;285;43;75;0;0;905;85;202;1192;0,713
04/09/2022;2022;9;22;0;1206;173;349;0;1729;0;290;56;75;0;0;919;109;202;1229;0,711
04/09/2022;2022;9;23;0;1208;197;349;0;1755;0;290;67;75;0;0;920;130;202;1252;0,713
04/09/2022;2022;9;24;0;1188;0;349;0;1537;0;283;0;75;0;0;897;0;202;1100;0,716
05/09/2022;2022;9;1;0;791;352;344;0;1488;0;188;70;75;0;0;596;136;203;934;0,628
05/09/2022;2022;9;2;0;718;370;306;0;1394;0;178;91;68;0;0;566;178;185;929;0,666
05/09/2022;2022;9;3;0;464;581;223;0;1268;0;129;120;53;0;0;408;234;144;786;0,620
05/09/2022;2022;9;4;0;463;569;227;0;1259;0;128;114;54;0;0;407;222;146;775;0,616
05/09/2022;2022;9;5;0;470;623;224;0;1317;0;130;119;54;0;0;412;231;144;788;0,598
05/09/2022;2022;9;6;0;815;252;226;0;1293;0;202;53;54;0;0;639;103;145;888;0,686
05/09/2022;2022;9;7;0;1111;0;338;0;1449;0;267;0;74;0;0;847;0;200;1046;0,722
05/09/2022;2022;9;8;0;1184;0;357;0;1541;0;283;0;77;0;0;899;0;208;1107;0,718
05/09/2022;2022;9;9;0;1115;354;352;0;1821;0;270;70;76;0;0;856;137;205;1198;0,658
05/09/2022;2022;9;10;0;1033;275;363;0;1671;0;253;60;79;0;0;804;117;212;1132;0,678
05/09/2022;2022;9;11;0;1093;217;374;0;1684;0;266;51;81;0;0;842;99;219;1161;0,689
05/09/2022;2022;9;12;0;1160;216;374;0;1751;0;279;54;82;0;0;884;105;220;1209;0,691
05/09/2022;2022;9;13;0;1194;361;292;0;1847;0;286;95;68;0;0;908;185;182;1275;0,690
05/09/2022;2022;9;14;0;1206;552;23;0;1781;0;288;112;6;0;0;914;217;16;1148;0,644
05/09/2022;2022;9;15;0;1198;549;9;0;1756;0;287;111;2;0;0;909;217;7;1132;0,645
05/09/2022;2022;9;16;0;855;658;19;0;1532;0;212;153;6;0;0;672;299;16;987;0,644
05/09/2022;2022;9;17;0;662;740;90;0;1492;0;173;185;23;0;0;549;361;63;973;0,652
05/09/2022;2022;9;18;0;517;950;33;0;1500;0;141;241;8;0;0;447;469;22;938;0,625
05/09/2022;2022;9;19;0;456;1086;18;0;1560;0;128;302;5;0;0;405;589;14;1008;0,646
05/09/2022;2022;9;20;0;460;1228;29;0;1717;0;129;322;8;0;0;408;627;21;1056;0,615
05/09/2022;2022;9;21;0;456;1311;34;0;1800;0;128;339;9;0;0;405;661;25;1091;0,606
05/09/2022;2022;9;22;0;460;1295;18;0;1773;0;129;320;5;0;0;408;623;14;1045;0,589
05/09/2022;2022;9;23;0;463;1244;9;0;1716;0;129;326;3;0;0;410;635;7;1051;0,613
05/09/2022;2022;9;24;0;461;1134;5;0;1600;0;129;291;2;0;0;409;566;4;979;0,612
06/09/2022;2022;9;1;0;459;1144;3;0;1606;0;130;256;1;0;0;413;499;3;914;0,569
06/09/2022;2022;9;2;0;465;986;2;0;1453;0;131;210;1;0;0;416;408;2;827;0,569
06/09/2022;2022;9;3;0;463;985;2;0;1449;0;131;209;1;0;0;415;407;2;823;0,568
06/09/2022;2022;9;4;0;461;979;2;0;1441;0;130;208;1;0;0;414;405;1;820;0,569
06/09/2022;2022;9;5;0;528;765;2;0;1294;0;150;166;0;0;0;476;322;1;799;0,618
06/09/2022;2022;9;6;0;521;975;2;0;1498;0;149;208;0;0;0;471;404;1;877;0,585
06/09/2022;2022;9;7;0;684;842;2;0;1529;0;182;175;1;0;0;578;341;2;922;0,603
06/09/2022;2022;9;8;0;1146;681;4;0;1832;0;282;142;1;0;0;895;277;3;1174;0,641
06/09/2022;2022;9;9;0;1256;323;5;0;1584;0;309;71;1;0;0;980;138;4;1121;0,707
06/09/2022;2022;9;10;0;1250;325;45;0;1621;0;308;71;12;0;0;976;138;31;1146;0,707
06/09/2022;2022;9;11;0;1177;683;53;0;1913;0;291;141;14;0;0;922;275;38;1235;0,646
06/09/2022;2022;9;12;0;926;682;39;0;1647;0;234;141;10;0;0;742;274;26;1042;0,633
06/09/2022;2022;9;13;0;740;875;33;0;1648;0;193;179;9;0;0;613;349;24;986;0,598
06/09/2022;2022;9;14;0;721;984;33;0;1739;0;190;214;9;0;0;601;417;24;1042;0,599
06/09/2022;2022;9;15;0;679;985;33;0;1697;0;180;210;9;0;0;572;409;24;1004;0,592
06/09/2022;2022;9;16;0;444;1079;29;0;1552;0;125;247;8;0;0;396;480;21;897;0,578
06/09/2022;2022;9;17;0;531;1000;5;0;1536;0;151;213;1;0;0;478;415;4;897;0,584
06/09/2022;2022;9;18;0;531;986;6;0;1524;0;151;207;2;0;0;479;403;5;887;0,582
06/09/2022;2022;9;19;0;702;866;11;0;1579;0;186;175;3;0;0;590;341;8;940;0,595
06/09/2022;2022;9;20;0;1161;723;16;0;1900;0;285;149;5;0;0;905;290;12;1207;0,635
06/09/2022;2022;9;21;0;1188;588;21;0;1797;0;295;139;6;0;0;935;272;16;1223;0,681
06/09/2022;2022;9;22;0;1290;709;20;0;2019;0;316;163;6;0;0;1002;317;15;1334;0,661
06/09/2022;2022;9;23;0;1272;504;11;0;1788;0;312;125;3;0;0;990;244;9;1243;0,695
06/09/2022;2022;9;24;0;1010;533;40;0;1584;0;259;110;10;0;0;822;215;27;1064;0,672
07/09/2022;2022;9;1;0;562;809;108;0;1479;0;157;167;24;0;0;498;325;66;889;0,601
07/09/2022;2022;9;2;0;323;1165;2;0;1490;0;93;228;1;0;0;294;444;2;740;0,497
07/09/2022;2022;9;3;0;271;1152;2;0;1424;0;80;232;1;0;0;254;452;1;707;0,497
07/09/2022;2022;9;4;0;271;1109;2;0;1382;0;80;226;1;0;0;254;440;1;695;0,503
07/09/2022;2022;9;5;0;271;1114;2;0;1387;0;80;226;1;0;0;254;441;1;697;0,502
07/09/2022;2022;9;6;0;272;1023;2;0;1296;0;80;212;1;0;0;254;413;1;669;0,516
07/09/2022;2022;9;7;0;271;1256;2;0;1529;0;80;241;1;0;0;255;469;1;725;0,474
07/09/2022;2022;9;8;0;271;1278;2;0;1552;0;80;243;1;0;0;254;473;3;731;0,471
07/09/2022;2022;9;9;0;272;1330;2;0;1604;0;80;281;1;0;0;255;547;1;803;0,501
07/09/2022;2022;9;10;0;271;1301;4;0;1576;0;80;249;1;0;0;255;485;3;742;0,471
07/09/2022;2022;9;11;0;269;1272;6;0;1547;0;80;243;2;0;0;253;473;4;731;0,472
07/09/2022;2022;9;12;0;36;1545;10;0;1591;0;12;295;3;0;0;37;575;7;619;0,389
07/09/2022;2022;9;13;0;10;1521;15;0;1547;0;4;295;4;0;0;12;575;11;599;0,387
07/09/2022;2022;9;14;0;0;1516;20;0;1536;0;0;290;5;0;0;0;565;15;580;0,377
07/09/2022;2022;9;15;0;0;1496;11;0;1507;0;0;286;3;0;0;0;558;8;566;0,376
07/09/2022;2022;9;16;0;0;1502;4;0;1506;0;0;288;1;0;0;0;561;3;564;0,375
07/09/2022;2022;9;17;0;0;1476;4;0;1481;0;0;282;1;0;0;0;549;3;553;0,373
07/09/2022;2022;9;18;0;0;1464;6;0;1470;0;0;283;2;0;0;0;552;4;557;0,379
07/09/2022;2022;9;19;0;0;1496;10;0;1506;0;0;296;3;0;0;0;576;8;584;0,388
07/09/2022;2022;9;20;0;0;1642;13;0;1655;0;0;341;4;0;0;0;665;9;674;0,407
07/09/2022;2022;9;21;0;0;1717;17;0;1734;0;0;366;5;0;0;0;713;13;726;0,419
07/09/2022;2022;9;22;0;0;1739;12;0;1751;0;0;372;3;0;0;0;725;9;734;0,419
07/09/2022;2022;9;23;0;0;1602;9;0;1611;0;0;323;3;0;0;0;629;7;636;0,395
07/09/2022;2022;9;24;0;0;1572;7;0;1579;0;0;301;2;0;0;0;587;6;593;0,376
08/09/2022;2022;9;1;0;0;1390;4;0;1394;0;0;368;1;0;0;0;718;4;721;0,517
08/09/2022;2022;9;2;0;0;1291;2;0;1293;0;0;339;1;0;0;0;660;2;662;0,512
08/09/2022;2022;9;3;0;0;1228;2;0;1230;0;0;327;1;0;0;0;637;2;638;0,519
08/09/2022;2022;9;4;0;0;1218;2;0;1220;0;0;325;1;0;0;0;633;2;634;0,520
08/09/2022;2022;9;5;0;0;1222;2;0;1224;0;0;325;1;0;0;0;634;2;635;0,519
08/09/2022;2022;9;6;0;0;1379;2;0;1381;0;0;364;1;0;0;0;708;2;710;0,514
08/09/2022;2022;9;7;0;0;1492;2;0;1494;0;0;388;1;0;0;0;755;2;757;0,507
08/09/2022;2022;9;8;0;0;1434;2;0;1436;0;0;384;1;0;0;0;747;2;749;0,522
08/09/2022;2022;9;9;0;0;1481;2;0;1483;0;0;395;1;0;0;0;770;2;772;0,520
08/09/2022;2022;9;10;0;0;1664;22;0;1686;0;0;437;6;0;0;0;851;16;867;0,514
08/09/2022;2022;9;11;0;0;1567;29;0;1597;0;0;429;8;0;0;0;835;21;856;0,536
08/09/2022;2022;9;12;0;0;1653;30;0;1684;0;0;441;8;0;0;0;859;22;881;0,523
08/09/2022;2022;9;13;0;0;1628;31;0;1659;0;0;451;8;0;0;0;880;22;901;0,543
08/09/2022;2022;9;14;0;241;1489;30;0;1760;0;68;383;8;0;0;217;746;22;985;0,560
08/09/2022;2022;9;15;0;247;1338;29;0;1615;0;70;347;8;0;0;223;676;21;920;0,570
08/09/2022;2022;9;16;0;247;1278;31;0;1556;0;70;322;8;0;0;223;627;22;871;0,560
08/09/2022;2022;9;17;0;247;1305;38;0;1589;0;70;327;10;0;0;222;638;27;887;0,558
08/09/2022;2022;9;18;0;647;868;43;0;1558;0;153;228;11;0;0;486;444;30;960;0,616
08/09/2022;2022;9;19;0;836;796;27;0;1659;0;194;213;7;0;0;614;415;19;1048;0,632
08/09/2022;2022;9;20;0;844;903;29;0;1777;0;195;228;8;0;0;620;445;21;1086;0,611
08/09/2022;2022;9;21;0;848;962;35;0;1845;0;196;221;9;0;0;623;431;25;1079;0,585
08/09/2022;2022;9;22;0;847;941;40;0;1828;0;196;210;11;0;0;622;410;29;1060;0,580
08/09/2022;2022;9;23;0;852;871;40;0;1763;0;197;185;11;0;0;625;361;29;1015;0,576
08/09/2022;2022;9;24;0;850;752;20;0;1622;0;197;147;5;0;0;624;286;15;924;0,570
09/09/2022;2022;9;1;0;846;692;7;0;1545;0;199;182;2;0;0;631;354;5;991;0,641
09/09/2022;2022;9;2;0;845;663;7;0;1514;0;199;175;2;0;0;632;341;5;978;0,645
09/09/2022;2022;9;3;0;845;628;6;0;1479;0;199;165;1;0;0;632;321;4;957;0,647
09/09/2022;2022;9;4;0;831;585;5;0;1421;0;196;152;1;0;0;623;296;3;922;0,648
09/09/2022;2022;9;5;0;734;587;4;0;1326;0;177;152;1;0;0;561;297;3;861;0,649
09/09/2022;2022;9;6;0;835;588;5;0;1428;0;197;153;1;0;0;626;297;3;927;0,649
09/09/2022;2022;9;7;0;849;650;4;0;1503;0;200;165;1;0;0;633;322;2;958;0,637
09/09/2022;2022;9;8;0;843;730;4;0;1577;0;198;195;1;0;0;629;381;2;1012;0,642
09/09/2022;2022;9;9;0;843;788;4;0;1636;0;198;214;1;0;0;629;418;3;1050;0,642
09/09/2022;2022;9;10;0;847;909;20;0;1776;0;199;244;5;0;0;633;475;14;1121;0,631
09/09/2022;2022;9;11;0;849;934;23;0;1806;0;200;251;6;0;0;634;490;17;1140;0,631
09/09/2022;2022;9;12;0;846;670;261;0;1777;0;199;191;52;0;0;632;373;141;1146;0,645
09/09/2022;2022;9;13;0;844;657;245;0;1746;0;199;200;61;0;0;630;389;164;1183;0,678
09/09/2022;2022;9;14;0;839;478;391;0;1709;0;198;143;80;0;0;627;279;216;1123;0,657
09/09/2022;2022;9;15;0;744;621;322;0;1687;0;179;181;66;0;0;567;352;178;1098;0,651
09/09/2022;2022;9;16;0;743;653;301;0;1697;0;179;190;64;0;0;567;370;174;1110;0,654
09/09/2022;2022;9;17;0;738;757;329;0;1824;0;177;213;72;0;0;562;415;194;1172;0,642
09/09/2022;2022;9;18;0;787;605;333;0;1725;0;188;167;73;0;0;595;326;197;1117;0,647
09/09/2022;2022;9;19;0;846;620;350;0;1816;0;199;170;79;0;0;632;332;214;1178;0,649
09/09/2022;2022;9;20;0;881;429;574;0;1884;0;206;127;131;0;0;654;248;354;1256;0,667
09/09/2022;2022;9;21;0;852;0;1118;0;1969;0;201;0;261;0;0;638;0;703;1341;0,681
09/09/2022;2022;9;22;0;655;0;1292;0;1947;0;161;0;308;0;0;512;0;830;1342;0,689
09/09/2022;2022;9;23;0;893;316;691;0;1900;0;209;99;167;0;0;663;192;451;1306;0,688
09/09/2022;2022;9;24;0;873;511;401;0;1784;0;205;153;80;0;0;649;298;215;1162;0,651
10/09/2022;2022;9;1;0;860;495;356;0;1711;0;199;140;77;0;0;631;273;208;1112;0,650
10/09/2022;2022;9;2;0;858;330;365;0;1553;0;199;98;77;0;0;630;191;207;1028;0,662
10/09/2022;2022;9;3;0;861;285;364;0;1511;0;199;80;76;0;0;633;155;206;994;0,658
10/09/2022;2022;9;4;0;881;199;362;0;1442;0;203;61;76;0;0;645;119;204;968;0,671
10/09/2022;2022;9;5;0;885;200;359;0;1443;0;204;61;75;0;0;647;119;202;968;0,670
10/09/2022;2022;9;6;0;888;200;358;0;1447;0;205;61;75;0;0;650;119;202;970;0,671
10/09/2022;2022;9;7;0;890;244;358;0;1493;0;205;73;75;0;0;650;143;201;994;0,666
10/09/2022;2022;9;8;0;886;253;307;0;1446;0;204;72;62;0;0;647;140;168;955;0,661
10/09/2022;2022;9;9;0;886;285;356;0;1527;0;204;81;80;0;0;647;158;214;1020;0,667
10/09/2022;2022;9;10;0;858;355;384;0;1597;0;197;99;82;0;0;626;194;221;1040;0,651
10/09/2022;2022;9;11;0;838;412;386;0;1635;0;193;111;82;0;0;612;217;221;1050;0,642
10/09/2022;2022;9;12;0;835;407;387;0;1629;0;192;109;82;0;0;610;213;222;1044;0,641
10/09/2022;2022;9;13;0;813;401;388;0;1602;0;187;108;82;0;0;594;211;222;1027;0,641
10/09/2022;2022;9;14;0;748;396;391;0;1535;0;174;123;83;0;0;551;240;224;1015;0,661
10/09/2022;2022;9;15;0;670;416;393;0;1479;0;159;130;83;0;0;505;254;225;983;0,665
10/09/2022;2022;9;16;0;674;332;393;0;1399;0;155;111;83;0;0;491;216;225;932;0,666
10/09/2022;2022;9;17;0;677;322;393;0;1393;0;156;105;83;0;0;494;205;225;923;0,663
10/09/2022;2022;9;18;0;679;294;415;0;1389;0;156;92;89;0;0;495;180;241;916;0,660
10/09/2022;2022;9;19;0;662;0;777;0;1440;0;153;0;198;0;0;487;0;533;1020;0,708
10/09/2022;2022;9;20;0;378;0;1267;0;1644;0;96;0;309;0;0;305;0;832;1137;0,691
10/09/2022;2022;9;21;0;349;0;1441;0;1790;0;90;0;351;0;0;286;0;947;1233;0,689
10/09/2022;2022;9;22;0;134;0;1594;0;1728;0;36;0;399;0;0;113;0;1075;1189;0,688
10/09/2022;2022;9;23;0;24;0;1756;0;1780;0;8;0;416;0;0;24;0;1122;1146;0,644
10/09/2022;2022;9;24;0;24;0;1758;0;1782;0;8;0;416;0;0;24;0;1121;1145;0,642
11/09/2022;2022;9;1;0;24;2;1698;0;1723;0;8;3;404;0;0;24;6;1090;1119;0,650
11/09/2022;2022;9;2;0;388;14;1016;0;1418;0;98;15;230;0;0;312;29;621;962;0,679
11/09/2022;2022;9;3;0;598;0;762;0;1360;0;140;0;167;0;0;444;0;450;894;0,657
11/09/2022;2022;9;4;0;572;0;740;0;1312;0;141;0;162;0;0;448;0;436;883;0,673
11/09/2022;2022;9;5;0;550;0;726;0;1277;0;137;0;158;0;0;434;0;426;860;0,674
11/09/2022;2022;9;6;0;550;0;725;0;1275;0;137;0;157;0;0;434;0;425;858;0,673
11/09/2022;2022;9;7;0;539;0;730;0;1269;0;134;0;161;0;0;426;0;434;860;0,678
11/09/2022;2022;9;8;0;581;0;654;0;1235;0;143;0;144;0;0;455;0;390;845;0,684
11/09/2022;2022;9;9;0;553;1;703;0;1257;0;134;3;161;0;0;426;6;435;867;0,690
11/09/2022;2022;9;10;0;440;148;768;0;1356;0;108;55;171;0;0;344;106;462;912;0,672
11/09/2022;2022;9;11;0;398;386;659;0;1443;0;100;120;150;0;0;316;233;404;953;0,661
11/09/2022;2022;9;12;0;286;429;705;0;1420;0;75;147;161;0;0;238;287;434;959;0,675
11/09/2022;2022;9;13;0;172;548;670;0;1390;0;50;181;152;0;0;159;352;411;922;0,664
11/09/2022;2022;9;14;28;173;463;660;0;1325;16;50;157;150;0;37;160;306;404;907;0,684
11/09/2022;2022;9;15;61;173;421;661;0;1316;33;50;142;150;0;78;160;277;404;920;0,699
11/09/2022;2022;9;16;102;174;344;656;0;1276;55;51;120;148;0;128;160;234;399;921;0,722
11/09/2022;2022;9;17;168;195;304;644;0;1310;87;55;105;145;0;202;175;204;390;971;0,741
11/09/2022;2022;9;18;216;400;1;717;0;1334;109;101;3;155;0;255;321;6;418;1001;0,750
11/09/2022;2022;9;19;216;458;0;729;0;1403;109;113;0;160;0;255;357;0;432;1044;0,744
11/09/2022;2022;9;20;0;343;0;1252;0;1595;0;89;0;316;0;0;284;0;851;1135;0,711
11/09/2022;2022;9;21;0;23;0;1797;0;1820;0;7;0;446;0;0;24;0;1204;1228;0,674
11/09/2022;2022;9;22;0;49;0;1866;0;1915;0;16;0;464;0;0;52;0;1253;1305;0,681
11/09/2022;2022;9;23;0;97;2;1854;0;1953;0;28;4;459;0;0;90;8;1238;1335;0,684
11/09/2022;2022;9;24;0;311;0;1428;0;1739;0;84;0;380;0;0;267;0;1024;1291;0,743
12/09/2022;2022;9;1;222;489;0;703;0;1415;112;126;0;151;0;261;401;0;406;1069;0,756
12/09/2022;2022;9;2;223;406;0;698;0;1327;112;109;0;149;0;261;347;0;403;1011;0,762
12/09/2022;2022;9;3;224;395;0;650;0;1269;113;107;0;135;0;263;338;0;365;966;0,761
12/09/2022;2022;9;4;227;453;0;575;0;1255;114;115;0;125;0;266;364;0;336;966;0,770
12/09/2022;2022;9;5;225;468;14;561;0;1267;113;116;6;121;0;264;368;12;327;971;0,766
12/09/2022;2022;9;6;221;444;0;642;0;1306;111;114;0;141;0;259;362;0;381;1002;0,768
12/09/2022;2022;9;7;231;517;0;689;0;1437;115;132;0;148;0;270;418;0;398;1086;0,756
12/09/2022;2022;9;8;242;575;15;692;0;1524;120;144;17;148;0;281;456;33;399;1169;0,767
12/09/2022;2022;9;9;243;628;2;714;0;1587;121;155;9;158;0;282;490;18;426;1216;0,766
12/09/2022;2022;9;10;248;597;9;780;0;1634;123;148;20;172;0;287;471;38;463;1259;0,770
12/09/2022;2022;9;11;253;493;9;893;0;1649;125;128;20;210;0;293;407;38;566;1304;0,791
12/09/2022;2022;9;12;0;574;9;1137;0;1721;0;150;20;245;0;0;476;38;661;1176;0,683
12/09/2022;2022;9;13;0;479;9;1147;0;1635;0;126;19;247;0;0;401;38;666;1105;0,676
12/09/2022;2022;9;14;0;478;9;1138;0;1625;0;126;19;245;0;0;400;38;660;1098;0,676
12/09/2022;2022;9;15;0;475;0;1123;0;1599;0;125;2;241;0;0;398;5;649;1052;0,658
12/09/2022;2022;9;16;0;473;0;1114;0;1587;0;125;0;239;0;0;397;0;643;1040;0,655
12/09/2022;2022;9;17;0;471;0;1108;0;1578;0;125;0;237;0;0;396;0;640;1036;0,656
12/09/2022;2022;9;18;0;546;1;1104;0;1651;0;138;4;236;0;0;438;8;638;1084;0,657
12/09/2022;2022;9;19;0;548;0;1107;0;1655;0;138;0;237;0;0;439;0;640;1079;0,652
12/09/2022;2022;9;20;266;542;1;1067;0;1876;131;137;2;226;0;307;435;4;610;1356;0,723
12/09/2022;2022;9;21;264;543;0;1075;0;1883;130;137;0;229;0;305;436;0;617;1358;0,721
12/09/2022;2022;9;22;267;542;0;1068;0;1876;132;137;0;227;0;307;435;0;612;1355;0,722
12/09/2022;2022;9;23;270;532;0;1038;0;1840;133;135;0;219;0;311;427;0;590;1328;0,722
12/09/2022;2022;9;24;259;533;0;1034;0;1826;128;135;0;217;0;299;428;0;586;1313;0,719
13/09/2022;2022;9;1;0;529;1;1029;0;1559;0;135;6;219;0;0;429;12;591;1033;0,663
13/09/2022;2022;9;2;0;534;0;1046;0;1580;0;137;0;224;0;0;433;0;605;1038;0,657
13/09/2022;2022;9;3;0;531;0;913;0;1444;0;136;0;189;0;0;431;0;510;941;0,652
13/09/2022;2022;9;4;0;529;0;909;0;1438;0;135;0;187;0;0;429;0;506;935;0,650
13/09/2022;2022;9;5;0;332;0;986;0;1318;0;88;0;206;0;0;280;0;557;837;0,635
13/09/2022;2022;9;6;0;333;0;1024;0;1358;0;89;0;218;0;0;281;0;588;869;0,640
13/09/2022;2022;9;7;0;524;0;1036;0;1560;0;134;0;224;0;0;426;0;604;1029;0,660
13/09/2022;2022;9;8;256;539;0;917;0;1712;125;137;0;193;0;292;435;0;520;1247;0,728
13/09/2022;2022;9;9;183;655;0;901;0;1738;95;161;0;194;0;222;510;0;523;1255;0,722
13/09/2022;2022;9;10;0;841;3;1002;0;1847;0;199;7;213;0;0;630;14;575;1220;0,661
13/09/2022;2022;9;11;0;817;1;957;0;1774;0;194;3;204;0;0;616;5;550;1171;0,660
13/09/2022;2022;9;12;0;861;0;999;0;1860;0;203;0;200;0;0;644;0;540;1184;0,637
13/09/2022;2022;9;13;0;573;0;1072;0;1645;0;144;0;234;0;0;458;0;631;1089;0,662
13/09/2022;2022;9;14;0;543;1;1058;0;1602;0;139;3;231;0;0;440;5;624;1068;0,667
13/09/2022;2022;9;15;0;533;1;1043;0;1578;0;137;10;228;0;0;433;19;615;1068;0,677
13/09/2022;2022;9;16;0;526;0;1036;0;1562;0;135;0;226;0;0;427;0;611;1038;0,665
13/09/2022;2022;9;17;0;525;0;1038;0;1562;0;134;0;227;0;0;426;0;612;1039;0,665
13/09/2022;2022;9;18;0;535;0;1039;0;1574;0;137;0;228;0;0;435;0;614;1048;0,666
13/09/2022;2022;9;19;0;527;2;1046;0;1576;0;135;3;229;0;0;429;5;618;1052;0,667
13/09/2022;2022;9;20;0;673;0;1080;0;1753;0;165;0;238;0;0;525;0;642;1167;0,666
13/09/2022;2022;9;21;0;748;0;1087;0;1835;0;180;0;240;0;0;573;0;648;1220;0,665
13/09/2022;2022;9;22;0;734;0;1090;0;1824;0;178;0;238;0;0;563;0;642;1205;0,661
13/09/2022;2022;9;23;0;730;0;1018;0;1748;0;177;0;228;0;0;561;0;615;1175;0,672
13/09/2022;2022;9;24;0;642;0;981;0;1624;0;159;0;219;0;0;504;0;591;1095;0,674
14/09/2022;2022;9;1;24;557;4;919;0;1504;14;139;6;205;0;32;442;12;553;1039;0,691
14/09/2022;2022;9;2;56;517;0;958;0;1531;32;131;0;203;0;74;415;0;548;1037;0,677
14/09/2022;2022;9;3;84;327;0;956;0;1367;46;85;0;203;0;106;270;0;547;924;0,676
14/09/2022;2022;9;4;90;518;0;878;0;1485;48;131;0;186;0;112;416;0;502;1030;0,694
14/09/2022;2022;9;5;113;587;0;603;0;1303;60;146;0;129;0;139;462;0;348;948;0,728
14/09/2022;2022;9;6;176;558;0;604;0;1337;90;140;0;131;0;210;443;0;354;1007;0,753
14/09/2022;2022;9;7;169;612;0;679;0;1461;87;151;0;143;0;203;478;0;387;1068;0,731
14/09/2022;2022;9;8;173;664;0;687;0;1525;89;161;0;147;0;208;511;0;396;1115;0,731
14/09/2022;2022;9;9;175;687;0;727;0;1589;91;166;0;162;0;213;525;0;437;1176;0,740
14/09/2022;2022;9;10;183;725;1;737;0;1646;94;174;2;165;0;219;551;3;446;1219;0,741
14/09/2022;2022;9;11;156;761;0;728;0;1646;81;181;0;163;0;189;574;0;438;1202;0,730
14/09/2022;2022;9;12;162;852;356;577;0;1947;83;199;70;140;0;195;633;136;378;1342;0,689
14/09/2022;2022;9;13;149;859;359;296;0;1663;77;201;71;67;0;180;638;138;180;1135;0,683
14/09/2022;2022;9;14;153;849;358;247;0;1607;79;199;72;67;0;185;631;140;180;1136;0,707
14/09/2022;2022;9;15;157;757;813;236;0;1963;81;180;154;63;0;189;572;300;171;1231;0,627
14/09/2022;2022;9;16;216;567;818;110;0;1711;109;142;155;35;0;255;451;302;95;1103;0,645
14/09/2022;2022;9;17;219;531;819;67;0;1636;111;135;155;25;0;258;427;303;68;1056;0,646
14/09/2022;2022;9;18;229;763;818;69;0;1879;115;182;155;26;0;268;577;302;70;1217;0,648
14/09/2022;2022;9;19;251;832;821;70;0;1974;125;195;158;26;0;292;620;308;71;1290;0,654
14/09/2022;2022;9;20;265;851;828;73;0;2017;131;199;160;27;0;306;632;311;72;1321;0,655
14/09/2022;2022;9;21;264;858;825;88;0;2035;130;201;157;31;0;305;636;306;83;1330;0,654
14/09/2022;2022;9;22;265;875;830;52;0;2022;131;204;158;23;0;306;647;307;61;1322;0,654
14/09/2022;2022;9;23;264;868;830;21;0;1983;131;202;160;5;0;305;642;313;15;1275;0,643
14/09/2022;2022;9;24;266;658;827;113;0;1863;131;160;157;27;0;307;506;306;72;1191;0,639
15/09/2022;2022;9;1;114;386;1106;37;0;1643;64;104;214;10;0;149;329;418;27;923;0,562
15/09/2022;2022;9;2;0;261;1111;3;0;1375;0;75;219;1;0;0;239;426;3;668;0,486
15/09/2022;2022;9;3;0;263;1103;2;0;1368;0;76;214;1;0;0;241;417;2;660;0,482
15/09/2022;2022;9;4;0;264;1102;2;0;1367;0;76;214;1;0;0;241;417;2;660;0,483
15/09/2022;2022;9;5;0;264;1105;2;0;1371;0;76;219;1;0;0;241;427;2;670;0,489
15/09/2022;2022;9;6;0;264;1114;2;0;1380;0;76;239;1;0;0;241;465;2;708;0,513
15/09/2022;2022;9;7;0;267;1152;2;0;1420;0;76;253;1;0;0;242;493;2;737;0,519
15/09/2022;2022;9;8;0;270;1206;2;0;1478;0;77;269;1;0;0;244;525;2;771;0,521
15/09/2022;2022;9;9;0;341;1208;9;0;1558;0;93;265;3;0;0;294;517;7;818;0,525
15/09/2022;2022;9;10;0;516;1172;18;0;1706;0;134;245;5;0;0;426;478;13;917;0,538
15/09/2022;2022;9;11;0;521;1104;18;0;1643;0;136;214;5;0;0;430;417;13;860;0,524
15/09/2022;2022;9;12;0;520;1100;18;0;1639;0;135;213;5;0;0;429;414;14;857;0,523
15/09/2022;2022;9;13;0;388;1196;18;0;1602;0;104;252;5;0;0;329;491;14;834;0,520
15/09/2022;2022;9;14;0;261;1288;19;0;1567;0;75;283;5;0;0;238;552;14;804;0,513
15/09/2022;2022;9;15;0;258;1268;18;0;1544;0;75;291;5;0;0;236;567;13;817;0,529
15/09/2022;2022;9;16;0;260;1301;18;0;1578;0;75;300;5;0;0;237;585;13;835;0,529
15/09/2022;2022;9;17;0;357;1130;18;0;1505;0;96;247;5;0;0;306;481;13;800;0,532
15/09/2022;2022;9;18;0;507;1084;18;0;1609;0;132;211;5;0;0;420;412;13;845;0,525
15/09/2022;2022;9;19;0;504;1089;18;0;1611;0;131;215;5;0;0;417;418;14;849;0,527
15/09/2022;2022;9;20;0;583;1108;25;0;1716;0;148;220;7;0;0;470;429;18;917;0,535
15/09/2022;2022;9;21;0;702;1093;32;0;1827;0;173;213;9;0;0;548;414;23;985;0,539
15/09/2022;2022;9;22;0;382;1247;136;0;1764;0;102;268;33;0;0;323;522;88;933;0,529
15/09/2022;2022;9;23;0;257;1461;19;0;1738;0;74;325;5;0;0;235;633;14;883;0,508
15/09/2022;2022;9;24;0;257;1311;12;0;1580;0;74;284;3;0;0;236;553;9;798;0,505
16/09/2022;2022;9;1;0;256;1211;3;0;1469;0;74;284;1;0;0;236;553;2;790;0,538
16/09/2022;2022;9;2;0;257;1115;2;0;1374;0;75;260;1;0;0;236;506;2;744;0,541
16/09/2022;2022;9;3;0;259;1042;2;0;1303;0;75;222;1;0;0;238;433;1;672;0,516
16/09/2022;2022;9;4;0;258;1013;2;0;1273;0;75;237;1;0;0;237;462;1;700;0,550
16/09/2022;2022;9;5;0;259;1186;2;0;1447;0;75;286;1;0;0;238;557;1;797;0,551
16/09/2022;2022;9;6;0;259;1228;2;0;1489;0;75;265;1;0;0;238;517;1;756;0,508
16/09/2022;2022;9;7;0;260;1288;2;0;1550;0;75;298;1;0;0;239;580;1;820;0,529
16/09/2022;2022;9;8;0;260;1297;6;0;1563;0;75;320;2;0;0;239;623;4;866;0,554
16/09/2022;2022;9;9;0;316;1337;24;0;1677;0;88;329;6;0;0;278;642;17;936;0,558
16/09/2022;2022;9;10;0;504;1128;29;0;1661;0;132;281;8;0;0;419;548;20;987;0,594
16/09/2022;2022;9;11;0;495;1066;37;0;1598;0;130;269;10;0;0;413;524;26;964;0,603
16/09/2022;2022;9;12;0;492;1092;36;0;1619;0;129;264;10;0;0;411;514;26;950;0,587
16/09/2022;2022;9;13;0;486;1090;31;0;1608;0;128;258;8;0;0;406;504;23;933;0,580
16/09/2022;2022;9;14;0;322;1238;32;0;1592;0;89;296;8;0;0;283;576;23;882;0,554
16/09/2022;2022;9;15;0;175;1352;30;0;1557;0;49;329;8;0;0;157;640;22;819;0,526
16/09/2022;2022;9;16;0;174;1375;30;0;1579;0;49;331;8;0;0;156;644;22;822;0,520
16/09/2022;2022;9;17;0;243;1246;30;0;1518;0;69;297;8;0;0;220;578;21;819;0,540
16/09/2022;2022;9;18;0;244;1236;29;0;1509;0;70;290;8;0;0;221;565;21;808;0,535
16/09/2022;2022;9;19;0;245;1320;21;0;1586;0;70;314;6;0;0;221;612;15;849;0,535
16/09/2022;2022;9;20;0;243;1463;18;0;1724;0;69;360;5;0;0;220;702;14;936;0,543
16/09/2022;2022;9;21;0;242;1588;15;0;1845;0;69;388;4;0;0;220;757;11;988;0,535
16/09/2022;2022;9;22;0;239;1617;13;0;1869;0;69;397;4;0;0;218;774;10;1001;0,536
16/09/2022;2022;9;23;0;240;1455;7;0;1702;0;69;355;2;0;0;218;691;5;914;0,537
16/09/2022;2022;9;24;0;188;1334;4;0;1525;0;59;307;1;0;0;187;599;3;788;0,517
17/09/2022;2022;9;1;0;120;1315;3;0;1438;0;36;273;1;0;0;114;533;3;650;0,452
17/09/2022;2022;9;2;0;98;1260;3;0;1361;0;32;254;1;0;0;100;496;2;598;0,440
17/09/2022;2022;9;3;0;122;1139;2;0;1264;0;36;240;1;0;0;116;467;2;585;0,463
17/09/2022;2022;9;4;0;147;1147;2;0;1296;0;40;244;1;0;0;128;475;2;604;0,466
17/09/2022;2022;9;5;0;149;1151;2;0;1302;0;41;246;1;0;0;129;479;2;609;0,468
17/09/2022;2022;9;6;0;149;1152;2;0;1303;0;41;247;1;0;0;129;481;2;612;0,469
17/09/2022;2022;9;7;0;148;1150;2;0;1299;0;40;242;1;0;0;128;472;2;602;0,464
17/09/2022;2022;9;8;0;148;1064;0;0;1212;0;40;233;0;0;0;128;454;0;582;0,480
17/09/2022;2022;9;9;0;148;1141;0;0;1289;0;41;246;0;0;0;128;480;0;608;0,472
17/09/2022;2022;9;10;0;149;1308;0;0;1457;0;41;290;0;0;0;129;566;0;694;0,477
17/09/2022;2022;9;11;0;149;1282;0;0;1431;0;41;288;0;0;0;129;562;0;691;0,483
17/09/2022;2022;9;12;0;149;1273;0;0;1423;0;41;282;0;0;0;129;550;0;679;0,477
17/09/2022;2022;9;13;0;94;1347;4;0;1444;0;27;301;1;0;0;87;587;4;677;0,469
17/09/2022;2022;9;14;0;94;1302;5;0;1400;0;27;291;2;0;0;87;568;4;659;0,470
17/09/2022;2022;9;15;0;93;1276;4;0;1373;0;27;286;2;0;0;86;557;4;647;0,471
17/09/2022;2022;9;16;0;93;1314;4;0;1411;0;27;296;1;0;0;86;577;3;667;0,473
17/09/2022;2022;9;17;0;94;1318;3;0;1415;0;27;296;1;0;0;87;576;3;666;0,471
17/09/2022;2022;9;18;0;94;1307;3;0;1404;0;27;294;1;0;0;87;572;3;662;0,471
17/09/2022;2022;9;19;0;93;1324;4;0;1421;0;27;302;1;0;0;86;588;4;678;0,477
17/09/2022;2022;9;20;0;102;1454;5;0;1561;0;29;334;2;0;0;92;652;5;749;0,480
17/09/2022;2022;9;21;0;167;1581;9;0;1757;0;44;360;3;0;0;141;702;7;850;0,484
17/09/2022;2022;9;22;0;200;1330;12;0;1542;0;53;289;4;0;0;167;564;10;741;0,480
17/09/2022;2022;9;23;0;137;1352;11;0;1500;0;37;296;3;0;0;117;577;9;704;0,469
17/09/2022;2022;9;24;0;90;1353;7;0;1451;0;25;292;2;0;0;80;569;6;655;0,451
18/09/2022;2022;9;1;0;105;1182;7;0;1294;0;30;244;2;0;0;95;475;6;576;0,445
18/09/2022;2022;9;2;0;96;1147;3;0;1246;0;28;233;1;0;0;88;455;3;545;0,437
18/09/2022;2022;9;3;0;94;1096;2;0;1193;0;27;239;1;0;0;86;465;2;553;0,464
18/09/2022;2022;9;4;0;94;1063;2;0;1158;0;27;241;1;0;0;86;470;1;558;0,481
18/09/2022;2022;9;5;0;94;1035;2;0;1131;0;27;230;1;0;0;86;448;1;535;0,473
18/09/2022;2022;9;6;0;94;1035;2;0;1131;0;27;230;1;0;0;86;447;1;535;0,473
18/09/2022;2022;9;7;0;94;1032;2;0;1128;0;27;229;1;0;0;86;445;2;533;0,472
18/09/2022;2022;9;8;0;94;985;4;0;1083;0;27;217;1;0;0;86;422;3;511;0,472
18/09/2022;2022;9;9;0;95;1004;4;0;1103;0;27;221;1;0;0;87;430;3;520;0,472
18/09/2022;2022;9;10;0;95;1091;4;0;1191;0;27;243;1;0;0;87;474;3;564;0,474
18/09/2022;2022;9;11;0;95;1137;4;0;1236;0;27;244;1;0;0;87;475;3;565;0,457
18/09/2022;2022;9;12;0;95;1164;4;0;1264;0;27;256;1;0;0;87;499;3;589;0,466
18/09/2022;2022;9;13;0;95;1278;5;0;1378;0;27;306;1;0;0;87;596;4;686;0,498
18/09/2022;2022;9;14;0;95;1229;5;0;1329;0;27;291;1;0;0;87;567;4;658;0,495
18/09/2022;2022;9;15;0;95;1207;5;0;1307;0;27;278;1;0;0;87;542;4;633;0,484
18/09/2022;2022;9;16;0;95;1186;5;0;1286;0;27;272;1;0;0;87;531;4;621;0,483
18/09/2022;2022;9;17;0;95;1191;4;0;1290;0;27;274;1;0;0;87;533;3;623;0,483
18/09/2022;2022;9;18;0;95;1207;2;0;1303;0;27;273;0;0;0;87;532;1;620;0,476
18/09/2022;2022;9;19;0;95;1265;2;0;1363;0;27;279;1;0;0;87;543;2;631;0,463
18/09/2022;2022;9;20;0;95;1532;3;0;1630;0;27;352;1;0;0;86;686;3;775;0,476
18/09/2022;2022;9;21;0;95;1563;39;0;1696;0;27;354;10;0;0;86;689;28;803;0,474
18/09/2022;2022;9;22;0;95;1568;41;0;1704;0;27;354;11;0;0;87;690;30;807;0,473
18/09/2022;2022;9;23;0;95;1548;7;0;1649;0;27;350;2;0;0;86;682;5;773;0,469
18/09/2022;2022;9;24;0;95;1376;3;0;1473;0;27;300;1;0;0;86;585;3;674;0,458
19/09/2022;2022;9;1;0;91;1249;2;0;1342;0;24;268;1;0;0;75;522;2;598;0,446
19/09/2022;2022;9;2;0;92;1138;2;0;1232;0;24;229;1;0;0;75;446;1;523;0,424
19/09/2022;2022;9;3;0;175;1000;2;0;1177;0;47;202;1;0;0;149;394;1;544;0,462
19/09/2022;2022;9;4;0;174;1080;2;0;1256;0;47;234;1;0;0;149;455;1;605;0,482
19/09/2022;2022;9;5;0;226;956;4;0;1186;0;58;189;1;0;0;185;367;3;555;0,468
19/09/2022;2022;9;6;0;430;949;13;0;1392;0;99;187;3;0;0;315;364;9;688;0,494
19/09/2022;2022;9;7;0;561;941;3;0;1505;0;129;188;1;0;0;408;366;2;776;0,516
19/09/2022;2022;9;8;0;584;950;3;0;1536;0;134;190;1;0;0;426;369;2;797;0,519
19/09/2022;2022;9;9;0;583;1062;3;0;1648;0;134;195;1;0;0;426;380;2;809;0,491
19/09/2022;2022;9;10;46;587;1079;3;0;1715;25;136;204;1;0;59;430;397;2;887;0,517
19/09/2022;2022;9;11;77;588;1073;4;0;1742;42;136;200;1;0;98;430;390;3;921;0,529
19/09/2022;2022;9;12;104;593;1070;7;0;1774;56;137;200;2;0;131;434;389;5;959;0,540
19/09/2022;2022;9;13;158;597;1067;8;0;1830;81;138;197;2;0;190;436;384;5;1016;0,555
19/09/2022;2022;9;14;207;597;791;6;0;1601;106;138;144;2;0;248;437;280;4;968;0,605
19/09/2022;2022;9;15;213;596;787;6;0;1601;107;137;143;2;0;250;436;278;4;968;0,605
19/09/2022;2022;9;16;215;597;791;5;0;1608;108;138;147;1;0;253;436;286;3;979;0,609
19/09/2022;2022;9;17;218;596;786;5;0;1605;110;137;143;1;0;256;436;278;3;974;0,607
19/09/2022;2022;9;18;213;584;778;5;0;1580;108;135;141;1;0;252;428;275;3;959;0,607
19/09/2022;2022;9;19;217;587;781;5;0;1590;109;136;153;1;0;256;430;298;4;988;0,621
19/09/2022;2022;9;20;219;587;1066;9;0;1880;110;135;199;2;0;258;429;387;6;1080;0,574
19/09/2022;2022;9;21;219;590;1070;13;0;1891;110;136;205;4;0;258;431;399;10;1097;0,580
19/09/2022;2022;9;22;207;591;1083;15;0;1896;105;136;206;4;0;246;432;400;11;1089;0,574
19/09/2022;2022;9;23;208;592;1076;11;0;1887;106;136;200;3;0;247;433;390;8;1078;0,571
19/09/2022;2022;9;24;222;592;793;5;0;1612;112;137;144;1;0;261;433;281;4;978;0,607
20/09/2022;2022;9;1;214;587;753;3;0;1557;109;137;208;1;0;253;436;406;2;1097;0,705
20/09/2022;2022;9;2;225;591;505;3;0;1324;113;139;149;1;0;263;439;290;2;995;0,751
20/09/2022;2022;9;3;262;593;412;3;0;1269;129;139;123;1;0;302;440;240;2;984;0,776
20/09/2022;2022;9;4;266;593;222;187;0;1268;131;139;81;24;0;307;441;157;66;970;0,765
20/09/2022;2022;9;5;270;592;173;227;0;1262;133;139;65;44;0;311;439;127;119;996;0,789
20/09/2022;2022;9;6;268;624;96;331;0;1320;132;145;44;70;0;309;460;85;188;1042;0,790
20/09/2022;2022;9;7;270;635;143;359;0;1407;133;147;53;78;0;311;465;104;210;1090;0,775
20/09/2022;2022;9;8;270;633;228;363;0;1495;133;147;86;79;0;311;465;168;213;1158;0,774
20/09/2022;2022;9;9;274;631;305;358;0;1569;135;146;108;78;0;316;463;210;210;1199;0,764
20/09/2022;2022;9;10;269;636;394;360;0;1658;133;147;144;80;0;310;467;281;214;1272;0,767
20/09/2022;2022;9;11;270;632;543;229;0;1673;133;146;185;50;0;311;464;360;135;1270;0,759
20/09/2022;2022;9;12;271;630;532;260;0;1693;133;146;181;50;0;312;463;353;134;1262;0,746
20/09/2022;2022;9;13;272;626;443;358;0;1699;134;145;157;77;0;313;461;305;208;1286;0,757
20/09/2022;2022;9;14;272;624;363;378;0;1636;134;145;136;83;0;313;458;264;225;1260;0,770
20/09/2022;2022;9;15;271;631;319;399;0;1620;133;146;119;88;0;312;464;232;238;1246;0,769
20/09/2022;2022;9;16;272;635;351;399;0;1658;134;147;144;88;0;313;468;280;238;1299;0,783
20/09/2022;2022;9;17;274;635;319;407;0;1635;135;147;119;90;0;315;467;232;244;1258;0,770
20/09/2022;2022;9;18;275;630;117;559;0;1581;135;146;46;123;0;316;464;90;331;1201;0,760
20/09/2022;2022;9;19;268;565;3;799;0;1635;132;133;9;165;0;309;422;17;446;1195;0,731
20/09/2022;2022;9;20;271;625;46;862;0;1803;133;145;20;182;0;312;459;40;491;1302;0,722
20/09/2022;2022;9;21;274;625;115;869;0;1883;135;145;47;185;0;316;459;92;499;1366;0,726
20/09/2022;2022;9;22;270;635;106;856;0;1867;133;147;43;181;0;311;467;84;487;1349;0,723
20/09/2022;2022;9;23;271;628;42;815;0;1756;133;146;22;170;0;311;462;42;457;1273;0,725
20/09/2022;2022;9;24;267;486;6;877;0;1636;132;117;7;189;0;307;371;14;510;1202;0,735
21/09/2022;2022;9;1;270;463;0;858;0;1590;133;118;0;184;0;310;373;0;496;1180;0,742
21/09/2022;2022;9;2;269;335;0;790;0;1395;133;86;0;175;0;310;272;0;471;1052;0,754
21/09/2022;2022;9;3;269;87;684;668;0;1708;133;25;169;150;0;310;81;329;404;1123;0,657
21/09/2022;2022;9;4;273;87;682;625;0;1667;134;26;165;140;0;313;81;321;377;1093;0,656
21/09/2022;2022;9;5;271;202;198;634;0;1305;133;49;61;142;0;311;156;119;383;969;0,743
21/09/2022;2022;9;6;270;230;0;829;0;1328;133;57;0;179;0;311;180;0;484;974;0,733
21/09/2022;2022;9;7;270;292;0;860;0;1421;133;70;0;187;0;310;223;0;504;1038;0,730
21/09/2022;2022;9;8;269;314;0;917;0;1500;133;75;0;203;0;309;237;0;546;1093;0,728
21/09/2022;2022;9;9;263;380;0;938;0;1581;130;87;0;210;0;303;277;0;566;1146;0,725
21/09/2022;2022;9;10;253;398;52;957;0;1660;125;89;23;216;0;292;284;45;582;1203;0,725
21/09/2022;2022;9;11;241;345;126;1000;0;1711;120;78;46;230;0;279;247;90;620;1237;0,723
21/09/2022;2022;9;12;239;433;0;1017;0;1689;119;99;0;234;0;278;315;0;630;1223;0,724
21/09/2022;2022;9;13;239;377;123;986;0;1725;119;88;45;232;0;278;278;88;624;1268;0,735
21/09/2022;2022;9;14;241;380;80;987;0;1688;120;88;33;235;0;280;280;64;633;1257;0,745
21/09/2022;2022;9;15;240;383;56;969;0;1647;119;89;24;229;0;279;282;47;617;1225;0,744
21/09/2022;2022;9;16;239;375;152;857;0;1623;119;87;55;209;0;278;276;107;564;1226;0,756
21/09/2022;2022;9;17;241;373;336;700;0;1650;120;86;104;171;0;280;274;202;461;1217;0,738
21/09/2022;2022;9;18;240;285;0;1090;0;1615;120;69;0;240;0;279;219;0;646;1145;0,709
21/09/2022;2022;9;19;241;208;0;1440;0;1889;120;53;0;342;0;280;169;0;922;1371;0,726
21/09/2022;2022;9;20;244;175;2;1611;0;2032;121;46;3;417;0;283;145;6;1125;1559;0,767
21/09/2022;2022;9;21;0;204;0;1827;0;2031;0;53;0;455;0;0;167;0;1228;1395;0,687
21/09/2022;2022;9;22;0;205;0;1778;0;1984;0;53;0;442;0;0;169;0;1191;1360;0,685
21/09/2022;2022;9;23;245;238;6;1298;0;1787;122;59;7;307;0;284;188;13;827;1312;0,734
21/09/2022;2022;9;24;245;252;27;1138;0;1662;122;63;19;266;0;285;199;37;718;1240;0,746
22/09/2022;2022;9;1;0;214;46;1313;0;1573;0;55;14;288;0;0;174;28;778;980;0,623
22/09/2022;2022;9;2;0;209;64;1261;0;1534;0;54;22;275;0;0;170;43;742;954;0,622
22/09/2022;2022;9;3;0;208;82;1150;0;1439;0;53;29;253;0;0;169;56;681;906;0,630
22/09/2022;2022;9;4;256;250;120;879;0;1505;127;61;42;189;0;296;195;82;510;1083;0,720
22/09/2022;2022;9;5;258;218;137;991;0;1603;127;55;48;211;0;297;174;93;569;1134;0,707
22/09/2022;2022;9;6;0;203;136;1222;0;1562;0;52;48;263;0;0;166;93;711;969;0,620
22/09/2022;2022;9;7;0;202;134;1223;0;1559;0;52;47;264;0;0;165;91;712;968;0,621
22/09/2022;2022;9;8;0;187;135;1241;0;1563;0;48;47;267;0;0;153;92;721;966;0,618
22/09/2022;2022;9;9;0;200;133;1291;0;1624;0;51;47;285;0;0;163;91;770;1024;0,630
22/09/2022;2022;9;10;0;204;136;1550;0;1890;0;52;48;360;0;0;166;93;971;1230;0,651
22/09/2022;2022;9;11;0;211;137;1618;0;1966;0;54;48;369;0;0;172;93;995;1260;0,641
22/09/2022;2022;9;12;0;217;139;1559;0;1914;0;56;49;360;0;0;176;95;971;1242;0,649
22/09/2022;2022;9;13;0;0;140;1530;0;1671;0;0;53;354;0;0;0;103;956;1059;0,634
22/09/2022;2022;9;14;234;9;140;1442;0;1825;117;2;49;327;0;273;6;95;882;1256;0,688
22/09/2022;2022;9;15;235;0;141;1411;0;1787;117;0;49;316;0;274;0;95;854;1223;0,684
22/09/2022;2022;9;16;232;9;140;1394;0;1775;116;2;49;313;0;272;6;95;843;1216;0,685
22/09/2022;2022;9;17;0;154;142;1352;0;1649;0;41;49;304;0;0;129;96;821;1046;0,634
22/09/2022;2022;9;18;0;179;227;1214;0;1620;0;46;72;277;0;0;147;140;746;1033;0,637
22/09/2022;2022;9;19;0;197;143;1461;0;1801;0;51;50;338;0;0;160;97;912;1169;0,649
22/09/2022;2022;9;20;0;205;146;1535;0;1885;0;53;54;381;0;0;167;106;1028;1300;0,690
22/09/2022;2022;9;21;0;205;201;1734;0;2139;0;53;70;420;0;0;167;137;1133;1437;0,671
22/09/2022;2022;9;22;0;204;302;1376;0;1882;0;52;87;348;0;0;166;169;938;1273;0,676
22/09/2022;2022;9;23;0;205;147;1747;0;2099;0;53;56;424;0;0;167;109;1143;1419;0,676
22/09/2022;2022;9;24;0;208;358;1305;0;1871;0;53;98;334;0;0;169;192;902;1263;0,675
23/09/2022;2022;9;1;0;207;0;1632;0;1839;0;55;0;398;0;0;174;0;1074;1247;0,678
23/09/2022;2022;9;2;0;207;2;1569;0;1778;0;55;4;362;0;0;174;8;977;1158;0,651
23/09/2022;2022;9;3;0;208;0;1261;0;1468;0;55;0;277;0;0;174;0;748;922;0,628
23/09/2022;2022;9;4;0;207;0;1242;0;1449;0;55;0;273;0;0;174;0;737;911;0,628
23/09/2022;2022;9;5;0;208;0;1243;0;1451;0;55;0;273;0;0;174;0;737;911;0,628
23/09/2022;2022;9;6;0;208;0;1236;0;1444;0;55;0;272;0;0;174;0;735;909;0,629
23/09/2022;2022;9;7;0;205;0;1609;0;1814;0;54;0;350;0;0;172;0;944;1116;0,615
23/09/2022;2022;9;8;0;195;0;1650;0;1845;0;52;0;359;0;0;164;0;969;1133;0,614
23/09/2022;2022;9;9;0;3;1;1730;0;1735;0;8;3;387;0;0;26;6;1044;1075;0,620
23/09/2022;2022;9;10;0;0;1;1980;0;1981;0;0;3;455;0;0;0;5;1226;1231;0,622
23/09/2022;2022;9;11;0;12;0;1682;0;1694;0;4;0;407;0;0;14;0;1098;1112;0,656
23/09/2022;2022;9;12;0;23;0;1659;0;1682;0;7;0;402;0;0;24;0;1085;1108;0,659
23/09/2022;2022;9;13;0;38;0;1640;0;1679;0;13;0;398;0;0;42;0;1073;1115;0,664
23/09/2022;2022;9;14;0;53;7;1625;0;1686;0;17;11;389;0;0;54;22;1048;1124;0,667
23/09/2022;2022;9;15;0;49;18;1602;0;1669;0;16;26;380;0;0;51;50;1025;1127;0,675
23/09/2022;2022;9;16;0;44;51;1435;0;1530;0;15;40;346;0;0;47;77;932;1056;0,690
23/09/2022;2022;9;17;0;43;112;1686;0;1842;0;15;52;389;0;0;46;100;1049;1196;0,649
23/09/2022;2022;9;18;0;43;1;1459;0;1503;0;15;2;347;0;0;46;4;935;985;0,655
23/09/2022;2022;9;19;0;69;0;1738;0;1808;0;21;0;388;0;0;68;0;1045;1113;0,616
23/09/2022;2022;9;20;0;82;0;1731;0;1813;0;25;0;385;0;0;80;0;1038;1118;0,617
23/09/2022;2022;9;21;0;76;2;1903;0;1981;0;24;4;434;0;0;75;8;1171;1254;0,633
23/09/2022;2022;9;22;0;75;0;1922;0;1997;0;23;0;434;0;0;73;0;1171;1244;0,623
23/09/2022;2022;9;23;0;78;2;1901;0;1981;0;24;3;428;0;0;76;5;1154;1236;0,624
23/09/2022;2022;9;24;0;75;2;1783;0;1860;0;23;5;405;0;0;74;9;1093;1176;0,632
24/09/2022;2022;9;1;224;70;0;1289;0;1582;112;22;0;296;0;263;69;0;798;1130;0,714
24/09/2022;2022;9;2;223;41;0;1254;0;1518;112;14;0;286;0;262;45;0;771;1078;0,710
24/09/2022;2022;9;3;226;49;0;1212;0;1486;113;16;0;276;0;265;50;0;745;1060;0,713
24/09/2022;2022;9;4;224;75;0;1217;0;1516;112;21;0;264;0;263;66;0;713;1041;0,687
24/09/2022;2022;9;5;227;41;0;1106;0;1374;114;14;0;239;0;266;45;0;644;954;0,695
24/09/2022;2022;9;6;229;41;0;1096;0;1366;115;14;0;237;0;268;45;0;639;951;0,696
24/09/2022;2022;9;7;224;14;0;1102;0;1340;113;6;0;238;0;263;18;0;643;925;0,690
24/09/2022;2022;9;8;227;15;0;1094;0;1336;114;6;0;238;0;267;19;0;642;927;0,694
24/09/2022;2022;9;9;0;41;3;1294;0;1337;0;12;4;282;0;0;37;8;762;807;0,603
24/09/2022;2022;9;10;230;24;0;1253;0;1507;115;8;0;284;0;269;26;0;766;1061;0,704
24/09/2022;2022;9;11;231;6;10;1249;0;1496;116;2;14;284;0;270;7;27;766;1070;0,715
24/09/2022;2022;9;12;233;9;19;1233;0;1494;116;2;24;281;0;272;6;47;757;1083;0,725
24/09/2022;2022;9;13;233;186;37;976;0;1431;117;38;34;222;0;272;119;66;600;1058;0,739
24/09/2022;2022;9;14;234;186;72;909;0;1401;117;38;51;206;0;274;119;100;555;1048;0,748
24/09/2022;2022;9;15;233;172;557;564;0;1526;117;35;192;124;0;272;109;374;334;1089;0,714
24/09/2022;2022;9;16;232;0;761;361;0;1353;116;0;243;76;0;271;0;473;205;950;0,702
24/09/2022;2022;9;17;232;0;817;356;0;1406;116;0;257;76;0;272;0;501;206;979;0,696
24/09/2022;2022;9;18;232;2;804;336;0;1374;116;0;266;71;0;271;2;518;191;981;0,714
24/09/2022;2022;9;19;230;235;476;475;0;1415;115;48;187;100;0;270;152;363;271;1055;0,746
24/09/2022;2022;9;20;230;265;709;480;0;1684;115;54;213;103;0;270;170;415;277;1131;0,672
24/09/2022;2022;9;21;230;265;760;483;0;1738;115;54;219;104;0;270;170;426;279;1144;0,658
24/09/2022;2022;9;22;231;265;581;484;0;1561;116;53;176;104;0;270;170;343;280;1062;0,681
24/09/2022;2022;9;23;231;264;534;486;0;1514;116;53;158;104;0;270;169;309;281;1028;0,679
24/09/2022;2022;9;24;231;158;511;526;0;1427;116;33;165;115;0;270;104;322;311;1007;0,706
25/09/2022;2022;9;1;228;78;837;232;0;1376;115;16;242;48;0;268;51;472;129;918;0,667
25/09/2022;2022;9;2;229;12;1013;53;0;1307;117;3;267;11;0;272;9;521;31;832;0,637
25/09/2022;2022;9;3;228;0;1165;25;0;1418;114;0;287;3;0;267;0;559;8;834;0,588
25/09/2022;2022;9;4;230;0;1142;2;0;1373;115;0;280;1;0;269;0;546;1;816;0,594
25/09/2022;2022;9;5;231;0;1139;2;0;1372;114;0;279;1;0;267;0;544;1;813;0,592
25/09/2022;2022;9;6;231;0;934;2;0;1167;118;0;233;1;0;275;0;453;1;730;0,625
25/09/2022;2022;9;7;228;0;1185;9;0;1422;114;0;283;2;0;267;0;552;7;826;0,581
25/09/2022;2022;9;8;227;0;1040;15;0;1282;114;0;251;3;0;266;0;490;9;765;0,597
25/09/2022;2022;9;9;227;0;1037;17;0;1281;114;0;251;5;0;267;0;489;13;769;0,600
25/09/2022;2022;9;10;226;0;1212;25;0;1462;114;0;295;6;0;265;0;574;17;857;0,586
25/09/2022;2022;9;11;229;0;1095;28;0;1352;116;0;304;7;0;270;0;593;19;882;0,653
25/09/2022;2022;9;12;225;0;1122;29;0;1375;113;0;317;7;0;264;0;617;20;901;0,655
25/09/2022;2022;9;13;225;0;1078;26;0;1330;113;0;296;7;0;265;0;577;18;860;0,647
25/09/2022;2022;9;14;226;0;1081;18;0;1326;114;0;298;5;0;265;0;581;14;860;0,649
25/09/2022;2022;9;15;225;0;1237;19;0;1482;113;0;319;5;0;265;0;621;14;900;0,607
25/09/2022;2022;9;16;228;0;1327;19;0;1575;116;0;352;5;0;270;0;686;14;970;0,616
25/09/2022;2022;9;17;227;0;1039;8;0;1275;114;0;296;3;0;267;0;578;8;852;0,669
25/09/2022;2022;9;18;228;0;1137;1;0;1366;115;0;310;0;0;268;0;604;1;872;0,638
25/09/2022;2022;9;19;227;0;1266;2;0;1495;114;0;362;1;0;267;0;705;2;973;0,651
25/09/2022;2022;9;20;226;0;1243;3;0;1471;113;0;370;1;0;265;0;720;3;988;0,671
25/09/2022;2022;9;21;226;0;1478;4;0;1708;113;0;402;1;0;265;0;783;3;1051;0,616
25/09/2022;2022;9;22;224;0;1412;4;0;1640;113;0;401;1;0;264;0;782;3;1049;0,639
25/09/2022;2022;9;23;227;0;1276;4;0;1507;114;0;371;1;0;266;0;722;3;992;0,658
25/09/2022;2022;9;24;228;0;1245;3;0;1477;115;0;367;1;0;268;0;714;3;985;0,667
26/09/2022;2022;9;1;232;0;1093;2;0;1327;118;0;247;1;0;275;0;481;2;758;0,571
26/09/2022;2022;9;2;232;0;1045;2;0;1279;116;0;234;0;0;271;0;456;1;728;0,570
26/09/2022;2022;9;3;233;0;994;1;0;1229;118;0;223;0;0;275;0;435;1;710;0,578
26/09/2022;2022;9;4;231;0;992;1;0;1225;116;0;223;0;0;270;0;435;1;706;0,576
26/09/2022;2022;9;5;230;0;996;1;0;1227;115;0;223;0;0;269;0;435;1;705;0,574
26/09/2022;2022;9;6;227;0;1047;1;0;1276;114;0;231;0;0;266;0;450;1;717;0,562
26/09/2022;2022;9;7;226;0;1105;1;0;1332;116;0;253;0;0;270;0;492;1;763;0,573
26/09/2022;2022;9;8;226;0;1228;2;0;1456;116;0;286;0;0;270;0;557;1;828;0,569
26/09/2022;2022;9;9;230;0;1244;2;0;1476;116;0;294;1;0;270;0;572;1;844;0,572
26/09/2022;2022;9;10;230;0;1284;3;0;1517;115;0;308;1;0;270;0;600;2;872;0,574
26/09/2022;2022;9;11;232;0;1339;3;0;1574;116;0;324;1;0;272;0;632;2;906;0,575
26/09/2022;2022;9;12;230;0;1411;3;0;1644;115;0;348;1;0;269;0;678;2;949;0,577
26/09/2022;2022;9;13;231;0;1365;3;0;1599;116;0;344;1;0;270;0;670;2;943;0,589
26/09/2022;2022;9;14;231;0;1394;3;0;1628;116;0;372;1;0;271;0;724;2;997;0,612
26/09/2022;2022;9;15;231;0;1353;3;0;1587;116;0;365;1;0;271;0;712;2;985;0,620
26/09/2022;2022;9;16;232;0;1293;3;0;1528;116;0;353;1;0;271;0;687;2;961;0,629
26/09/2022;2022;9;17;232;0;1258;3;0;1493;116;0;342;1;0;272;0;667;2;941;0,630
26/09/2022;2022;9;18;236;0;1258;3;0;1497;118;0;342;1;0;275;0;667;2;944;0,631
26/09/2022;2022;9;19;237;0;1290;3;0;1531;118;0;351;1;0;277;0;684;2;963;0,629
26/09/2022;2022;9;20;234;0;1443;5;0;1681;117;0;348;1;0;274;0;678;3;955;0,568
26/09/2022;2022;9;21;235;16;1477;9;0;1737;117;4;358;2;0;274;13;698;7;992;0,571
26/09/2022;2022;9;22;229;30;1472;12;0;1743;115;8;356;3;0;268;24;694;9;995;0,571
26/09/2022;2022;9;23;246;13;1365;8;0;1632;122;3;329;2;0;286;10;642;6;944;0,578
26/09/2022;2022;9;24;252;0;1295;4;0;1552;125;0;311;1;0;293;0;605;3;901;0,580
27/09/2022;2022;9;1;189;0;1222;4;0;1414;96;0;306;1;0;224;0;597;3;824;0,583
27/09/2022;2022;9;2;189;0;1132;3;0;1324;96;0;293;1;0;224;0;571;2;798;0,603
27/09/2022;2022;9;3;61;0;1279;2;0;1343;35;0;328;1;0;81;0;639;2;722;0,537
27/09/2022;2022;9;4;0;0;1272;2;0;1275;0;0;340;1;0;0;0;663;2;664;0,521
27/09/2022;2022;9;5;0;0;1258;2;0;1260;0;0;337;1;0;0;0;657;1;658;0,522
27/09/2022;2022;9;6;0;0;1326;2;0;1328;0;0;346;1;0;0;0;674;1;675;0,508
27/09/2022;2022;9;7;0;0;1392;2;0;1394;0;0;343;1;0;0;0;668;1;670;0,480
27/09/2022;2022;9;8;0;0;1456;2;0;1458;0;0;351;1;0;0;0;683;1;684;0,469
27/09/2022;2022;9;9;0;0;1494;2;0;1497;0;0;379;1;0;0;0;739;2;740;0,495
27/09/2022;2022;9;10;0;0;1579;3;0;1582;0;0;379;1;0;0;0;737;2;740;0,468
27/09/2022;2022;9;11;0;0;1587;6;0;1593;0;0;386;2;0;0;0;753;5;758;0,476
27/09/2022;2022;9;12;0;0;1605;3;0;1608;0;0;395;1;0;0;0;769;3;772;0,480
27/09/2022;2022;9;13;0;0;1593;3;0;1596;0;0;401;1;0;0;0;782;3;785;0,492
27/09/2022;2022;9;14;0;0;1604;4;0;1607;0;0;410;1;0;0;0;799;3;802;0,499
27/09/2022;2022;9;15;0;0;1598;4;0;1602;0;0;402;1;0;0;0;783;3;786;0,491
27/09/2022;2022;9;16;0;0;1549;4;0;1552;0;0;377;1;0;0;0;734;3;737;0,475
27/09/2022;2022;9;17;0;0;1550;4;0;1554;0;0;394;1;0;0;0;767;3;770;0,496
27/09/2022;2022;9;18;0;0;1522;4;0;1526;0;0;409;1;0;0;0;797;3;800;0,525
27/09/2022;2022;9;19;0;0;1582;4;0;1585;0;0;435;1;0;0;0;847;3;850;0,536
27/09/2022;2022;9;20;0;0;1707;5;0;1712;0;0;436;1;0;0;0;849;4;853;0,498
27/09/2022;2022;9;21;0;0;1760;5;0;1766;0;0;443;2;0;0;0;863;4;868;0,491
27/09/2022;2022;9;22;0;0;1792;5;0;1797;0;0;449;2;0;0;0;874;4;878;0,489
27/09/2022;2022;9;23;0;0;1636;4;0;1640;0;0;410;1;0;0;0;800;3;803;0,490
27/09/2022;2022;9;24;0;0;1537;4;0;1541;0;0;375;1;0;0;0;731;3;734;0,477
28/09/2022;2022;9;1;0;0;1387;4;0;1391;0;0;302;1;0;0;0;589;3;592;0,426
28/09/2022;2022;9;2;0;0;1334;2;0;1337;0;0;286;1;0;0;0;557;2;559;0,418
28/09/2022;2022;9;3;0;0;1298;2;0;1299;0;0;275;0;0;0;0;536;1;538;0,414
28/09/2022;2022;9;4;0;0;1257;2;0;1258;0;0;259;0;0;0;0;505;1;506;0,402
28/09/2022;2022;9;5;0;0;1257;2;0;1259;0;0;260;0;0;0;0;507;1;508;0,403
28/09/2022;2022;9;6;0;0;1257;2;0;1258;0;0;260;0;0;0;0;506;1;507;0,403
28/09/2022;2022;9;7;0;0;1377;2;0;1379;0;0;294;0;0;0;0;574;1;575;0,417
28/09/2022;2022;9;8;0;0;1427;3;0;1431;0;0;309;1;0;0;0;601;3;604;0,422
28/09/2022;2022;9;9;0;0;1501;7;0;1508;0;0;341;2;0;0;0;665;6;670;0,444
28/09/2022;2022;9;10;0;0;1571;8;0;1579;0;0;390;2;0;0;0;760;6;766;0,485
28/09/2022;2022;9;11;0;0;1577;9;0;1586;0;0;392;3;0;0;0;763;7;770;0,485
28/09/2022;2022;9;12;0;0;1584;81;0;1665;0;0;390;26;0;0;0;761;70;831;0,499
28/09/2022;2022;9;13;0;0;1504;91;0;1595;0;0;360;27;0;0;0;701;72;773;0,485
28/09/2022;2022;9;14;0;0;1555;13;0;1568;0;0;377;4;0;0;0;735;10;745;0,475
28/09/2022;2022;9;15;0;0;1560;13;0;1573;0;0;369;4;0;0;0;719;10;730;0,464
28/09/2022;2022;9;16;0;0;1500;26;0;1525;0;0;344;12;0;0;0;670;31;701;0,459
28/09/2022;2022;9;17;0;0;1488;28;0;1516;0;0;339;9;0;0;0;660;24;684;0,451
28/09/2022;2022;9;18;0;0;1510;9;0;1520;0;0;353;3;0;0;0;688;8;695;0,458
28/09/2022;2022;9;19;0;0;1552;6;0;1558;0;0;359;2;0;0;0;699;5;704;0,452
28/09/2022;2022;9;20;0;0;1751;44;0;1795;0;0;421;15;0;0;0;821;41;862;0,480
28/09/2022;2022;9;21;0;0;1793;40;0;1833;0;0;431;15;0;0;0;839;40;879;0,479
28/09/2022;2022;9;22;0;0;1823;5;0;1829;0;0;432;2;0;0;0;842;4;847;0,463
28/09/2022;2022;9;23;0;0;1873;5;0;1878;0;0;439;2;0;0;0;855;4;860;0,458
28/09/2022;2022;9;24;0;0;1615;5;0;1620;0;0;369;2;0;0;0;718;4;722;0,446
29/09/2022;2022;9;1;0;0;1483;4;0;1487;0;0;330;1;0;0;0;644;3;647;0,435
29/09/2022;2022;9;2;0;0;1363;3;0;1366;0;0;311;1;0;0;0;607;2;609;0,446
29/09/2022;2022;9;3;0;0;1299;2;0;1301;0;0;297;1;0;0;0;578;2;580;0,446
29/09/2022;2022;9;4;0;0;1454;2;0;1456;0;0;333;1;0;0;0;649;2;651;0,447
29/09/2022;2022;9;5;0;0;1341;2;0;1343;0;0;306;1;0;0;0;597;2;599;0,446
29/09/2022;2022;9;6;0;0;1303;2;0;1305;0;0;297;1;0;0;0;579;2;580;0,445
29/09/2022;2022;9;7;0;0;1475;2;0;1477;0;0;334;1;0;0;0;651;1;653;0,442
29/09/2022;2022;9;8;0;0;1515;2;0;1516;0;0;343;1;0;0;0;668;1;669;0,441
29/09/2022;2022;9;9;0;0;1605;2;0;1607;0;0;381;1;0;0;0;743;1;744;0,463
29/09/2022;2022;9;10;0;0;1738;3;0;1741;0;0;430;1;0;0;0;839;2;841;0,483
29/09/2022;2022;9;11;0;0;1628;7;0;1635;0;0;400;2;0;0;0;778;5;784;0,479
29/09/2022;2022;9;12;0;0;1493;130;0;1624;0;0;379;45;0;0;0;738;122;860;0,530
29/09/2022;2022;9;13;0;0;1707;153;0;1861;0;0;439;45;0;0;0;855;122;977;0,525
29/09/2022;2022;9;14;0;0;1628;9;0;1637;0;0;400;3;0;0;0;780;8;787;0,481
29/09/2022;2022;9;15;0;0;1543;9;0;1551;0;0;382;3;0;0;0;745;7;752;0,485
29/09/2022;2022;9;16;0;0;1542;9;0;1551;0;0;422;3;0;0;0;823;7;830;0,535
29/09/2022;2022;9;17;0;0;1543;7;0;1550;0;0;416;2;0;0;0;810;6;816;0,527
29/09/2022;2022;9;18;0;0;1585;4;0;1589;0;0;398;1;0;0;0;776;3;779;0,490
29/09/2022;2022;9;19;0;0;1567;5;0;1572;0;0;378;2;0;0;0;736;4;740;0,471
29/09/2022;2022;9;20;0;0;1814;5;0;1818;0;0;435;2;0;0;0;848;4;852;0,469
29/09/2022;2022;9;21;0;0;2026;5;0;2031;0;0;492;2;0;0;0;958;4;962;0,474
29/09/2022;2022;9;22;0;0;1803;6;0;1808;0;0;422;2;0;0;0;823;5;828;0,458
29/09/2022;2022;9;23;0;0;1778;5;0;1783;0;0;409;2;0;0;0;797;4;801;0,449
29/09/2022;2022;9;24;0;0;1578;5;0;1582;0;0;369;2;0;0;0;719;4;724;0,457
30/09/2022;2022;9;1;0;0;1498;4;0;1501;0;0;369;1;0;0;0;720;3;723;0,481
30/09/2022;2022;9;2;0;0;1371;3;0;1373;0;0;335;1;0;0;0;653;2;655;0,477
30/09/2022;2022;9;3;0;0;1370;2;0;1372;0;0;336;0;0;0;0;654;1;656;0,478
30/09/2022;2022;9;4;0;0;1368;2;0;1370;0;0;335;0;0;0;0;653;1;654;0,477
30/09/2022;2022;9;5;0;0;1365;2;0;1366;0;0;336;0;0;0;0;654;1;655;0,479
30/09/2022;2022;9;6;0;0;1371;2;0;1373;0;0;338;0;0;0;0;658;1;659;0,480
30/09/2022;2022;9;7;0;0;1385;2;0;1386;0;0;344;0;0;0;0;671;1;672;0,485
30/09/2022;2022;9;8;0;0;1510;8;0;1518;0;0;374;2;0;0;0;729;6;735;0,484
30/09/2022;2022;9;9;0;0;1511;12;0;1523;0;0;385;3;0;0;0;750;8;758;0,498
30/09/2022;2022;9;10;0;0;1650;12;0;1662;0;0;416;3;0;0;0;811;9;820;0,493
30/09/2022;2022;9;11;0;0;1614;13;0;1626;0;0;406;3;0;0;0;791;9;800;0,492
30/09/2022;2022;9;12;0;0;1647;13;0;1660;0;0;421;3;0;0;0;821;9;830;0,500
30/09/2022;2022;9;13;0;0;1625;13;0;1638;0;0;418;3;0;0;0;814;9;823;0,503
30/09/2022;2022;9;14;0;0;1599;13;0;1612;0;0;400;4;0;0;0;779;9;788;0,489
30/09/2022;2022;9;15;0;0;1560;14;0;1573;0;0;398;4;0;0;0;775;10;785;0,499
30/09/2022;2022;9;16;0;0;1686;14;0;1700;0;0;411;4;0;0;0;801;10;811;0,477
30/09/2022;2022;9;17;0;0;1647;4;0;1651;0;0;400;1;0;0;0;779;3;782;0,474
30/09/2022;2022;9;18;0;0;1627;3;0;1630;0;0;397;1;0;0;0;774;2;776;0,476
30/09/2022;2022;9;19;0;0;1584;3;0;1587;0;0;433;1;0;0;0;844;2;847;0,534
30/09/2022;2022;9;20;0;0;1668;4;0;1672;0;0;418;1;0;0;0;814;3;818;0,489
30/09/2022;2022;9;21;0;0;1766;5;0;1771;0;0;450;1;0;0;0;876;4;880;0,497
30/09/2022;2022;9;22;0;0;1700;5;0;1705;0;0;430;1;0;0;0;838;4;842;0,494
30/09/2022;2022;9;23;0;0;1610;5;0;1615;0;0;401;1;0;0;0;782;4;786;0,487
30/09/2022;2022;9;24;0;0;1567;5;0;1572;0;0;398;1;0;0;0;776;4;780;0,496
01/10/2022;2022;10;1;0;0;1654;3;0;1657;0;0;403;1;0;0;0;785;3;788;0,476
01/10/2022;2022;10;2;0;0;1609;3;0;1611;0;0;394;1;0;0;0;768;3;771;0,478
01/10/2022;2022;10;3;0;0;1677;2;0;1679;0;0;407;1;0;0;0;793;2;795;0,474
01/10/2022;2022;10;4;0;0;1271;2;0;1273;0;0;323;1;0;0;0;630;2;632;0,496
01/10/2022;2022;10;5;0;0;1266;2;0;1268;0;0;322;1;0;0;0;628;2;630;0,497
01/10/2022;2022;10;6;0;0;1265;2;0;1267;0;0;309;1;0;0;0;601;2;603;0,476
01/10/2022;2022;10;7;0;0;1480;4;0;1484;0;0;355;1;0;0;0;691;4;695;0,468
01/10/2022;2022;10;8;0;0;1336;6;0;1342;0;0;341;2;0;0;0;665;5;670;0,499
01/10/2022;2022;10;9;0;0;1407;7;0;1414;0;0;358;2;0;0;0;697;6;703;0,497
01/10/2022;2022;10;10;0;0;1395;15;0;1410;0;0;356;4;0;0;0;693;11;705;0,500
01/10/2022;2022;10;11;0;0;1390;16;0;1405;0;0;355;4;0;0;0;693;12;705;0,501
01/10/2022;2022;10;12;0;0;1412;17;0;1429;0;0;366;5;0;0;0;712;13;725;0,508
01/10/2022;2022;10;13;0;0;1457;18;0;1476;0;0;388;5;0;0;0;757;14;771;0,522
01/10/2022;2022;10;14;0;0;1440;19;0;1459;0;0;378;5;0;0;0;736;14;750;0,514
01/10/2022;2022;10;15;0;0;1455;19;0;1474;0;0;384;5;0;0;0;749;14;763;0,518
01/10/2022;2022;10;16;0;0;1571;15;0;1586;0;0;443;4;0;0;0;863;12;874;0,551
01/10/2022;2022;10;17;0;0;1608;2;0;1610;0;0;456;1;0;0;0;889;2;891;0,554
01/10/2022;2022;10;18;0;0;1613;2;0;1615;0;0;457;1;0;0;0;891;2;893;0,553
01/10/2022;2022;10;19;0;0;1538;3;0;1541;0;0;417;1;0;0;0;813;3;816;0,530
01/10/2022;2022;10;20;0;0;1519;4;0;1523;0;0;382;1;0;0;0;745;4;749;0,491
01/10/2022;2022;10;21;0;0;1581;4;0;1585;0;0;395;2;0;0;0;769;4;773;0,488
01/10/2022;2022;10;22;0;0;1624;4;0;1629;0;0;399;2;0;0;0;777;4;781;0,479
01/10/2022;2022;10;23;0;0;1593;4;0;1598;0;0;390;2;0;0;0;760;4;765;0,479
01/10/2022;2022;10;24;0;0;1569;4;0;1573;0;0;381;2;0;0;0;741;4;745;0,474
02/10/2022;2022;10;1;0;0;1425;3;0;1428;0;0;351;1;0;0;0;684;3;686;0,480
02/10/2022;2022;10;2;0;0;1511;3;0;1513;0;0;365;1;0;0;0;712;2;713;0,471
02/10/2022;2022;10;3;0;0;1159;2;0;1162;0;0;314;1;0;0;0;612;2;614;0,529
02/10/2022;2022;10;4;0;0;1238;2;0;1240;0;0;313;1;0;0;0;609;1;610;0,492
02/10/2022;2022;10;5;0;0;1298;2;0;1300;0;0;320;0;0;0;0;624;1;626;0,481
02/10/2022;2022;10;6;0;0;1413;2;0;1415;0;0;361;0;0;0;0;704;1;705;0,498
02/10/2022;2022;10;7;0;0;1082;3;0;1084;0;0;298;1;0;0;0;580;2;582;0,537
02/10/2022;2022;10;8;0;0;1202;6;0;1209;0;0;326;2;0;0;0;635;5;639;0,529
02/10/2022;2022;10;9;0;0;1125;13;0;1138;0;0;310;4;0;0;0;604;10;613;0,539
02/10/2022;2022;10;10;0;0;1183;13;0;1196;0;0;311;3;0;0;0;607;9;616;0,515
02/10/2022;2022;10;11;0;0;1198;8;0;1206;0;0;322;2;0;0;0;627;6;633;0,525
02/10/2022;2022;10;12;0;0;1600;8;0;1608;0;0;399;2;0;0;0;778;6;784;0,487
02/10/2022;2022;10;13;0;0;1589;9;0;1598;0;0;403;2;0;0;0;784;6;791;0,495
02/10/2022;2022;10;14;0;0;1360;5;0;1365;0;0;363;2;0;0;0;707;4;712;0,521
02/10/2022;2022;10;15;0;0;1369;3;0;1372;0;0;365;1;0;0;0;710;2;713;0,519
02/10/2022;2022;10;16;0;0;1367;3;0;1370;0;0;364;1;0;0;0;709;2;711;0,519
02/10/2022;2022;10;17;0;0;1355;8;0;1363;0;0;361;2;0;0;0;704;6;710;0,521
02/10/2022;2022;10;18;0;0;1353;3;0;1355;0;0;361;1;0;0;0;704;2;705;0,521
02/10/2022;2022;10;19;0;0;1367;3;0;1370;0;0;352;1;0;0;0;685;2;687;0,502
02/10/2022;2022;10;20;0;0;1503;3;0;1506;0;0;385;1;0;0;0;750;2;752;0,500
02/10/2022;2022;10;21;0;0;1735;4;0;1739;0;0;435;1;0;0;0;847;3;851;0,489
02/10/2022;2022;10;22;0;0;1725;5;0;1730;0;0;433;1;0;0;0;843;4;847;0,490
02/10/2022;2022;10;23;0;0;1605;5;0;1609;0;0;406;1;0;0;0;791;4;795;0,494
02/10/2022;2022;10;24;0;0;1607;4;0;1611;0;0;395;1;0;0;0;770;3;774;0,480
03/10/2022;2022;10;1;0;0;1301;3;0;1304;0;0;322;1;0;0;0;627;3;630;0,483
03/10/2022;2022;10;2;0;0;1481;2;0;1483;0;0;330;1;0;0;0;642;2;644;0,434
03/10/2022;2022;10;3;0;0;1472;2;0;1474;0;0;325;1;0;0;0;632;1;634;0,430
03/10/2022;2022;10;4;0;0;1520;2;0;1522;0;0;349;1;0;0;0;680;1;682;0,448
03/10/2022;2022;10;5;0;0;1479;2;0;1481;0;0;325;1;0;0;0;634;1;635;0,429
03/10/2022;2022;10;6;0;0;1449;2;0;1451;0;0;320;1;0;0;0;624;1;626;0,431
03/10/2022;2022;10;7;0;0;1459;2;0;1461;0;0;321;1;0;0;0;625;1;627;0,429
03/10/2022;2022;10;8;0;0;1512;2;0;1514;0;0;339;1;0;0;0;661;1;663;0,438
03/10/2022;2022;10;9;0;0;1726;2;0;1728;0;0;424;1;0;0;0;825;1;827;0,479
03/10/2022;2022;10;10;0;0;1519;2;0;1521;0;0;390;1;0;0;0;759;1;761;0,500
03/10/2022;2022;10;11;0;0;1583;3;0;1587;0;0;402;1;0;0;0;783;3;786;0,495
03/10/2022;2022;10;12;0;0;1597;3;0;1599;0;0;408;1;0;0;0;794;2;796;0,498
03/10/2022;2022;10;13;0;0;1583;3;0;1585;0;0;403;1;0;0;0;785;2;787;0,496
03/10/2022;2022;10;14;0;0;1597;3;0;1600;0;0;409;1;0;0;0;797;2;799;0,499
03/10/2022;2022;10;15;0;0;1575;4;0;1579;0;0;449;1;0;0;0;875;3;878;0,556
03/10/2022;2022;10;16;0;0;1524;25;0;1550;0;0;440;10;0;0;0;858;26;884;0,570
03/10/2022;2022;10;17;0;0;1755;2;0;1758;0;0;509;1;0;0;0;992;2;993;0,565
03/10/2022;2022;10;18;0;0;1725;2;0;1728;0;0;459;1;0;0;0;893;2;895;0,518
03/10/2022;2022;10;19;0;0;1522;3;0;1525;0;0;380;1;0;0;0;740;2;742;0,486
03/10/2022;2022;10;20;0;0;1733;4;0;1736;0;0;443;1;0;0;0;863;3;865;0,498
03/10/2022;2022;10;21;0;0;1775;5;0;1780;0;0;449;2;0;0;0;874;4;879;0,493
03/10/2022;2022;10;22;0;0;1791;5;0;1796;0;0;454;2;0;0;0;884;4;889;0,495
03/10/2022;2022;10;23;0;0;1674;5;0;1679;0;0;440;2;0;0;0;858;4;862;0,513
03/10/2022;2022;10;24;0;0;1608;4;0;1613;0;0;396;1;0;0;0;771;3;774;0,480
04/10/2022;2022;10;1;0;0;1545;3;0;1549;0;0;369;1;0;0;0;720;3;723;0,467
04/10/2022;2022;10;2;0;0;1313;2;0;1315;0;0;309;1;0;0;0;602;2;604;0,459
04/10/2022;2022;10;3;0;0;1432;2;0;1434;0;0;343;1;0;0;0;668;2;669;0,467
04/10/2022;2022;10;4;0;0;1420;2;0;1422;0;0;339;1;0;0;0;661;2;663;0,466
04/10/2022;2022;10;5;0;0;1418;2;0;1420;0;0;339;1;0;0;0;660;2;662;0,466
04/10/2022;2022;10;6;0;0;1317;2;0;1319;0;0;312;1;0;0;0;608;2;609;0,462
04/10/2022;2022;10;7;0;0;1355;2;0;1357;0;0;311;1;0;0;0;607;2;608;0,448
04/10/2022;2022;10;8;0;0;1400;2;0;1401;0;0;339;1;0;0;0;660;2;661;0,472
04/10/2022;2022;10;9;0;0;1474;2;0;1476;0;0;361;1;0;0;0;702;2;704;0,477
04/10/2022;2022;10;10;0;0;1606;2;0;1608;0;0;400;1;0;0;0;779;2;781;0,486
04/10/2022;2022;10;11;0;0;1635;2;0;1637;0;0;410;1;0;0;0;798;2;800;0,489
04/10/2022;2022;10;12;0;0;1641;2;0;1643;0;0;405;1;0;0;0;789;2;790;0,481
04/10/2022;2022;10;13;0;0;1623;2;0;1625;0;0;405;1;0;0;0;789;2;791;0,487
04/10/2022;2022;10;14;0;0;1612;2;0;1614;0;0;410;1;0;0;0;798;2;800;0,496
04/10/2022;2022;10;15;0;0;1572;2;0;1575;0;0;403;1;0;0;0;785;2;787;0,500
04/10/2022;2022;10;16;0;0;1581;2;0;1583;0;0;412;1;0;0;0;802;2;804;0,508
04/10/2022;2022;10;17;0;0;1582;2;0;1584;0;0;406;1;0;0;0;790;2;792;0,500
04/10/2022;2022;10;18;0;0;1534;3;0;1537;0;0;393;2;0;0;0;767;5;772;0,502
04/10/2022;2022;10;19;0;0;1551;4;0;1554;0;0;381;3;0;0;0;742;7;749;0,482
04/10/2022;2022;10;20;0;0;1702;4;0;1707;0;0;403;1;0;0;0;785;4;789;0,462
04/10/2022;2022;10;21;0;0;1799;6;0;1805;0;0;428;2;0;0;0;835;5;839;0,465
04/10/2022;2022;10;22;0;0;1764;6;0;1770;0;0;410;2;0;0;0;798;5;803;0,454
04/10/2022;2022;10;23;0;0;1682;5;0;1688;0;0;387;2;0;0;0;754;4;759;0,449
04/10/2022;2022;10;24;0;0;1623;4;0;1627;0;0;375;1;0;0;0;730;3;734;0,451
05/10/2022;2022;10;1;0;0;1654;3;0;1658;0;0;377;1;0;0;0;735;3;738;0,445
05/10/2022;2022;10;2;0;0;1462;2;0;1464;0;0;325;1;0;0;0;634;2;635;0,434
05/10/2022;2022;10;3;0;0;1292;2;0;1294;0;0;291;1;0;0;0;567;1;568;0,439
05/10/2022;2022;10;4;0;0;1323;2;0;1325;0;0;301;1;0;0;0;587;1;588;0,444
05/10/2022;2022;10;5;0;0;1263;2;0;1265;0;0;284;1;0;0;0;553;1;555;0,439
05/10/2022;2022;10;6;0;0;1320;2;0;1322;0;0;301;1;0;0;0;587;1;589;0,445
05/10/2022;2022;10;7;0;0;1339;2;0;1341;0;0;310;1;0;0;0;603;1;604;0,451
05/10/2022;2022;10;8;0;1;1431;2;0;1434;0;1;337;1;0;0;2;656;2;660;0,460
05/10/2022;2022;10;9;0;2;1485;11;0;1498;0;1;364;3;0;0;3;709;7;719;0,480
05/10/2022;2022;10;10;0;5;1549;11;0;1565;0;2;378;3;0;0;6;736;7;749;0,479
05/10/2022;2022;10;11;0;5;1609;12;0;1626;0;2;389;3;0;0;5;758;8;772;0,475
05/10/2022;2022;10;12;0;8;1636;17;0;1661;0;3;397;4;0;0;9;774;11;794;0,478
05/10/2022;2022;10;13;0;5;1594;16;0;1615;0;2;388;4;0;0;6;756;11;773;0,478
05/10/2022;2022;10;14;0;10;1669;6;0;1685;0;4;488;2;0;0;11;951;5;967;0,574
05/10/2022;2022;10;15;0;6;1957;5;0;1968;0;2;562;2;0;0;7;1096;4;1107;0,562
05/10/2022;2022;10;16;0;9;1643;6;0;1657;0;3;464;2;0;0;10;905;5;920;0,555
05/10/2022;2022;10;17;0;13;1641;7;0;1661;0;5;450;2;0;0;15;877;6;897;0,540
05/10/2022;2022;10;18;0;13;1820;7;0;1840;0;5;494;2;0;0;14;962;6;982;0,534
05/10/2022;2022;10;19;0;0;1633;4;0;1638;0;0;407;1;0;0;0;793;3;796;0,486
05/10/2022;2022;10;20;0;0;1797;6;0;1803;0;0;425;2;0;0;0;827;4;831;0,461
05/10/2022;2022;10;21;0;0;1835;6;0;1841;0;0;434;2;0;0;0;846;5;850;0,462
05/10/2022;2022;10;22;0;0;1901;6;0;1907;0;0;452;2;0;0;0;881;5;886;0,465
05/10/2022;2022;10;23;0;0;1827;5;0;1832;0;0;434;1;0;0;0;846;4;849;0,464
05/10/2022;2022;10;24;0;0;1640;5;0;1645;0;0;380;1;0;0;0;741;3;744;0,453
06/10/2022;2022;10;1;0;0;1385;4;0;1388;0;0;308;1;0;0;0;601;3;603;0,435
06/10/2022;2022;10;2;0;0;1332;2;0;1335;0;0;295;1;0;0;0;576;2;577;0,433
06/10/2022;2022;10;3;0;0;1250;2;0;1252;0;0;270;1;0;0;0;526;1;527;0,421
06/10/2022;2022;10;4;0;0;1249;2;0;1251;0;0;270;1;0;0;0;526;1;528;0,422
06/10/2022;2022;10;5;0;0;1251;2;0;1252;0;0;270;1;0;0;0;527;1;528;0,422
06/10/2022;2022;10;6;0;0;1241;2;0;1243;0;0;275;1;0;0;0;536;1;538;0,433
06/10/2022;2022;10;7;0;0;1309;2;0;1310;0;0;285;1;0;0;0;556;1;557;0,425
06/10/2022;2022;10;8;0;0;1405;8;0;1413;0;0;310;2;0;0;0;605;6;610;0,432
06/10/2022;2022;10;9;0;0;1605;18;0;1623;0;0;366;5;0;0;0;712;12;725;0,446
06/10/2022;2022;10;10;0;0;1542;19;0;1561;0;0;362;5;0;0;0;704;13;718;0,460
06/10/2022;2022;10;11;0;0;1650;29;0;1679;0;0;392;9;0;0;0;763;24;787;0,469
06/10/2022;2022;10;12;0;0;1610;27;0;1638;0;0;378;9;0;0;0;735;24;759;0,464
06/10/2022;2022;10;13;0;0;1646;28;0;1674;0;0;391;9;0;0;0;763;25;787;0,470
06/10/2022;2022;10;14;0;0;1565;26;0;1592;0;0;378;8;0;0;0;737;23;760;0,477
06/10/2022;2022;10;15;0;0;1521;16;0;1537;0;0;371;5;0;0;0;722;14;737;0,479
06/10/2022;2022;10;16;0;0;1507;14;0;1521;0;0;398;4;0;0;0;776;10;786;0,516
06/10/2022;2022;10;17;0;0;1509;12;0;1520;0;0;420;3;0;0;0;819;8;827;0,544
06/10/2022;2022;10;18;0;0;1496;5;0;1501;0;0;390;1;0;0;0;759;4;763;0,508
06/10/2022;2022;10;19;0;0;1522;4;0;1526;0;0;362;1;0;0;0;706;3;709;0,465
06/10/2022;2022;10;20;0;0;1781;5;0;1786;0;0;434;1;0;0;0;845;4;848;0,475
06/10/2022;2022;10;21;0;0;1791;6;0;1796;0;0;432;2;0;0;0;842;4;847;0,471
06/10/2022;2022;10;22;0;0;1925;5;0;1930;0;0;458;1;0;0;0;892;4;896;0,464
06/10/2022;2022;10;23;0;0;1600;4;0;1604;0;0;389;1;0;0;0;757;3;760;0,474
06/10/2022;2022;10;24;0;0;1527;4;0;1531;0;0;348;1;0;0;0;678;3;680;0,444
07/10/2022;2022;10;1;0;0;1588;3;0;1591;0;0;360;1;0;0;0;701;2;703;0,442
07/10/2022;2022;10;2;0;0;1578;2;0;1581;0;0;355;1;0;0;0;691;2;693;0,438
07/10/2022;2022;10;3;0;0;1508;2;0;1510;0;0;334;1;0;0;0;651;1;653;0,432
07/10/2022;2022;10;4;0;0;1505;2;0;1507;0;0;334;1;0;0;0;650;1;651;0,432
07/10/2022;2022;10;5;0;0;1557;2;0;1559;0;0;348;1;0;0;0;677;1;678;0,435
07/10/2022;2022;10;6;0;0;1518;2;0;1520;0;0;339;1;0;0;0;660;1;661;0,435
07/10/2022;2022;10;7;0;0;1194;2;0;1196;0;0;297;1;0;0;0;579;1;581;0,485
07/10/2022;2022;10;8;0;0;1188;2;0;1190;0;0;305;1;0;0;0;594;1;595;0,500
07/10/2022;2022;10;9;0;0;1530;16;0;1546;0;0;382;4;0;0;0;743;11;755;0,488
07/10/2022;2022;10;10;0;0;1603;23;0;1626;0;0;397;6;0;0;0;774;16;790;0,486
07/10/2022;2022;10;11;0;0;1509;23;0;1532;0;0;375;6;0;0;0;730;16;746;0,487
07/10/2022;2022;10;12;0;0;1412;22;0;1434;0;0;342;6;0;0;0;667;16;683;0,476
07/10/2022;2022;10;13;0;0;1463;23;0;1486;0;0;360;6;0;0;0;701;16;717;0,483
07/10/2022;2022;10;14;0;0;1436;23;0;1459;0;0;368;6;0;0;0;717;16;734;0,503
07/10/2022;2022;10;15;0;0;1453;24;0;1477;0;0;380;6;0;0;0;739;17;756;0,512
07/10/2022;2022;10;16;0;0;1475;26;0;1501;0;0;390;7;0;0;0;759;19;778;0,518
07/10/2022;2022;10;17;0;0;1396;23;0;1419;0;0;364;6;0;0;0;708;17;725;0,511
07/10/2022;2022;10;18;0;0;1406;23;0;1429;0;0;362;6;0;0;0;705;17;721;0,505
07/10/2022;2022;10;19;0;0;1586;24;0;1611;0;0;392;6;0;0;0;764;17;781;0,485
07/10/2022;2022;10;20;0;0;1527;41;0;1568;0;0;394;14;0;0;0;767;38;805;0,513
07/10/2022;2022;10;21;0;0;1556;49;0;1604;0;0;399;18;0;0;0;778;48;826;0,515
07/10/2022;2022;10;22;0;0;1637;14;0;1651;0;0;423;6;0;0;0;824;16;840;0,509
07/10/2022;2022;10;23;0;0;1502;4;0;1506;0;0;382;1;0;0;0;745;3;748;0,497
07/10/2022;2022;10;24;0;0;1448;4;0;1452;0;0;364;1;0;0;0;710;3;713;0,491
08/10/2022;2022;10;1;0;0;1734;4;0;1738;0;0;394;1;0;0;0;768;3;772;0,444
08/10/2022;2022;10;2;0;0;1509;3;0;1512;0;0;344;1;0;0;0;669;2;672;0,444
08/10/2022;2022;10;3;0;0;1459;2;0;1461;0;0;326;1;0;0;0;635;2;637;0,436
08/10/2022;2022;10;4;0;0;1300;2;0;1302;0;0;298;1;0;0;0;581;2;583;0,448
08/10/2022;2022;10;5;0;0;1268;2;0;1270;0;0;284;1;0;0;0;554;2;556;0,437
08/10/2022;2022;10;6;0;0;1249;2;0;1251;0;0;270;1;0;0;0;526;2;528;0,422
08/10/2022;2022;10;7;0;0;1197;2;0;1199;0;0;282;1;0;0;0;548;2;550;0,459
08/10/2022;2022;10;8;0;0;1241;2;0;1243;0;0;292;1;0;0;0;570;2;571;0,460
08/10/2022;2022;10;9;0;0;1437;13;0;1450;0;0;324;4;0;0;0;632;10;641;0,442
08/10/2022;2022;10;10;0;0;1426;33;0;1459;0;0;327;9;0;0;0;636;25;661;0,453
08/10/2022;2022;10;11;0;0;1316;177;0;1493;0;0;336;50;0;0;0;654;135;789;0,528
08/10/2022;2022;10;12;0;0;1351;250;0;1601;0;0;362;70;0;0;0;705;190;894;0,559
08/10/2022;2022;10;13;0;0;1454;129;0;1582;0;0;382;36;0;0;0;745;97;842;0,532
08/10/2022;2022;10;14;0;0;1319;167;0;1485;0;0;344;46;0;0;0;670;125;795;0,535
08/10/2022;2022;10;15;0;0;1416;24;0;1440;0;0;366;7;0;0;0;712;18;730;0,507
08/10/2022;2022;10;16;0;0;1376;52;0;1428;0;0;329;15;0;0;0;640;40;680;0,476
08/10/2022;2022;10;17;0;0;1292;80;0;1372;0;0;293;22;0;0;0;572;60;632;0,460
08/10/2022;2022;10;18;0;0;1381;17;0;1399;0;0;317;5;0;0;0;617;13;630;0,450
08/10/2022;2022;10;19;0;0;1401;4;0;1404;0;0;320;1;0;0;0;624;3;627;0,446
08/10/2022;2022;10;20;0;0;1716;4;0;1720;0;0;395;1;0;0;0;770;3;773;0,450
08/10/2022;2022;10;21;0;0;1885;24;0;1908;0;0;439;10;0;0;0;856;27;884;0,463
08/10/2022;2022;10;22;0;0;1923;37;0;1960;0;0;453;14;0;0;0;883;38;921;0,470
08/10/2022;2022;10;23;0;0;1922;10;0;1932;0;0;451;5;0;0;0;879;12;892;0,462
08/10/2022;2022;10;24;0;0;1784;6;0;1790;0;0;407;2;0;0;0;793;5;799;0,446
09/10/2022;2022;10;1;0;0;1681;5;0;1686;0;0;378;2;0;0;0;736;4;740;0,439
09/10/2022;2022;10;2;0;0;1509;5;0;1514;0;0;330;1;0;0;0;642;4;646;0,427
09/10/2022;2022;10;3;0;0;1351;4;0;1355;0;0;295;1;0;0;0;574;3;577;0,426
09/10/2022;2022;10;4;0;0;1286;4;0;1290;0;0;286;1;0;0;0;558;3;561;0,435
09/10/2022;2022;10;5;0;0;1200;4;0;1204;0;0;264;1;0;0;0;513;3;517;0,429
09/10/2022;2022;10;6;0;0;1233;4;0;1238;0;0;275;1;0;0;0;537;3;540;0,436
09/10/2022;2022;10;7;0;0;1294;4;0;1298;0;0;292;1;0;0;0;568;3;572;0,441
09/10/2022;2022;10;8;0;0;1363;4;0;1368;0;0;315;1;0;0;0;613;3;617;0,451
09/10/2022;2022;10;9;0;0;1446;9;0;1455;0;0;349;3;0;0;0;679;7;686;0,471
09/10/2022;2022;10;10;0;0;1381;22;0;1403;0;0;338;6;0;0;0;659;16;675;0,481
09/10/2022;2022;10;11;0;0;1386;125;0;1511;0;0;348;36;0;0;0;677;96;773;0,511
09/10/2022;2022;10;12;0;0;1049;283;0;1332;0;0;276;75;0;0;0;537;203;740;0,556
09/10/2022;2022;10;13;0;0;1358;320;0;1678;0;0;322;70;0;0;0;628;188;816;0,486
09/10/2022;2022;10;14;0;0;1385;273;0;1657;0;0;328;54;0;0;0;640;147;786;0,474
09/10/2022;2022;10;15;0;0;1379;272;0;1650;0;0;327;54;0;0;0;636;147;783;0,475
09/10/2022;2022;10;16;0;0;1353;67;0;1420;0;0;332;15;0;0;0;647;41;688;0,485
09/10/2022;2022;10;17;0;0;1523;24;0;1547;0;0;363;7;0;0;0;708;18;725;0,469
09/10/2022;2022;10;18;0;0;1368;23;0;1390;0;0;322;6;0;0;0;627;17;644;0,463
09/10/2022;2022;10;19;0;0;1270;73;0;1343;0;0;292;21;0;0;0;568;56;624;0,465
09/10/2022;2022;10;20;0;0;1543;68;0;1611;0;0;347;28;0;0;0;675;76;752;0,466
09/10/2022;2022;10;21;0;0;1612;102;0;1714;0;0;363;38;0;0;0;708;104;811;0,473
09/10/2022;2022;10;22;0;0;1615;99;0;1714;0;0;363;37;0;0;0;708;101;809;0,472
09/10/2022;2022;10;23;0;0;1676;91;0;1767;0;0;380;35;0;0;0;741;94;835;0,473
09/10/2022;2022;10;24;0;0;1603;34;0;1636;0;0;360;16;0;0;0;702;44;746;0,456
10/10/2022;2022;10;1;0;0;1523;2;0;1526;0;0;341;1;0;0;0;665;2;666;0,437
10/10/2022;2022;10;2;0;0;1345;2;0;1347;0;0;304;1;0;0;0;591;1;593;0,440
10/10/2022;2022;10;3;0;0;1282;1;0;1283;0;0;283;0;0;0;0;551;1;552;0,430
10/10/2022;2022;10;4;0;0;1172;1;0;1174;0;0;255;0;0;0;0;496;1;497;0,424
10/10/2022;2022;10;5;0;0;1176;1;0;1177;0;0;255;0;0;0;0;497;1;498;0,423
10/10/2022;2022;10;6;0;0;1182;1;0;1183;0;0;258;0;0;0;0;502;0;503;0,425
10/10/2022;2022;10;7;0;0;1202;1;0;1202;0;0;263;0;0;0;0;513;0;513;0,427
10/10/2022;2022;10;8;0;0;1232;1;0;1233;0;0;268;0;0;0;0;522;0;523;0,424
10/10/2022;2022;10;9;0;0;1349;1;0;1349;0;0;297;0;0;0;0;579;0;580;0,430
10/10/2022;2022;10;10;0;0;1329;5;0;1334;0;0;295;1;0;0;0;574;4;577;0,433
10/10/2022;2022;10;11;0;0;1347;59;0;1406;0;0;305;17;0;0;0;595;46;641;0,456
10/10/2022;2022;10;12;0;0;1373;138;0;1511;0;0;311;40;0;0;0;607;107;714;0,472
10/10/2022;2022;10;13;0;0;1366;67;0;1433;0;0;310;19;0;0;0;603;51;654;0,457
10/10/2022;2022;10;14;0;0;1352;17;0;1369;0;0;306;4;0;0;0;597;12;609;0,445
10/10/2022;2022;10;15;0;0;1354;17;0;1371;0;0;304;4;0;0;0;592;12;604;0,441
10/10/2022;2022;10;16;0;0;1352;22;0;1373;0;0;303;6;0;0;0;591;17;608;0,443
10/10/2022;2022;10;17;0;0;1374;127;0;1501;0;0;309;44;0;0;0;602;118;720;0,480
10/10/2022;2022;10;18;0;0;1408;93;0;1501;0;0;335;40;0;0;0;653;109;762;0,507
10/10/2022;2022;10;19;0;0;1458;11;0;1469;0;0;343;5;0;0;0;667;14;681;0,464
10/10/2022;2022;10;20;0;0;1464;34;0;1498;0;0;334;12;0;0;0;651;34;685;0,457
10/10/2022;2022;10;21;0;0;1609;69;0;1678;0;0;358;23;0;0;0;698;62;760;0,453
10/10/2022;2022;10;22;0;0;1627;75;0;1702;0;0;372;28;0;0;0;726;76;802;0,471
10/10/2022;2022;10;23;0;0;1703;25;0;1728;0;0;392;7;0;0;0;764;18;782;0,452
10/10/2022;2022;10;24;0;0;1624;4;0;1628;0;0;365;1;0;0;0;711;3;714;0,438
11/10/2022;2022;10;1;0;0;1536;3;0;1539;0;0;349;1;0;0;0;681;3;683;0,444
11/10/2022;2022;10;2;0;0;1459;2;0;1461;0;0;329;1;0;0;0;641;2;643;0,440
11/10/2022;2022;10;3;0;0;1378;2;0;1380;0;0;317;1;0;0;0;617;1;618;0,448
11/10/2022;2022;10;4;0;0;1372;1;0;1373;0;0;313;0;0;0;0;610;1;611;0,445
11/10/2022;2022;10;5;0;0;1367;1;0;1368;0;0;312;0;0;0;0;608;1;609;0,445
11/10/2022;2022;10;6;0;0;1363;1;0;1364;0;0;313;0;0;0;0;610;1;611;0,448
11/10/2022;2022;10;7;0;0;1360;1;0;1361;0;0;313;0;0;0;0;610;1;611;0,449
11/10/2022;2022;10;8;0;0;1397;4;0;1401;0;0;324;1;0;0;0;632;3;635;0,453
11/10/2022;2022;10;9;0;0;1560;13;0;1573;0;0;368;3;0;0;0;717;9;726;0,462
11/10/2022;2022;10;10;0;0;1609;13;0;1621;0;0;381;3;0;0;0;742;9;751;0,463
11/10/2022;2022;10;11;0;0;1632;26;0;1657;0;0;401;7;0;0;0;781;19;801;0,483
11/10/2022;2022;10;12;0;0;1603;13;0;1616;0;0;429;3;0;0;0;835;9;844;0,523
11/10/2022;2022;10;13;0;0;1624;13;0;1637;0;0;425;3;0;0;0;829;9;838;0,512
11/10/2022;2022;10;14;0;0;1592;14;0;1605;0;0;376;4;0;0;0;732;10;741;0,462
11/10/2022;2022;10;15;0;0;1537;14;0;1551;0;0;367;4;0;0;0;715;10;725;0,468
11/10/2022;2022;10;16;0;0;1530;14;0;1544;0;0;367;4;0;0;0;714;10;724;0,469
11/10/2022;2022;10;17;0;0;1531;9;0;1540;0;0;367;2;0;0;0;716;7;722;0,469
11/10/2022;2022;10;18;0;0;1549;8;0;1556;0;0;373;2;0;0;0;726;6;733;0,471
11/10/2022;2022;10;19;0;0;1721;6;0;1728;0;0;437;2;0;0;0;851;5;856;0,495
11/10/2022;2022;10;20;0;0;1766;6;0;1773;0;0;459;2;0;0;0;893;5;899;0,507
11/10/2022;2022;10;21;0;0;1811;7;0;1818;0;0;469;2;0;0;0;914;6;919;0,506
11/10/2022;2022;10;22;0;0;1803;7;0;1810;0;0;467;2;0;0;0;909;6;915;0,506
11/10/2022;2022;10;23;0;0;1731;7;0;1738;0;0;442;2;0;0;0;862;6;868;0,499
11/10/2022;2022;10;24;0;0;1765;6;0;1771;0;0;408;2;0;0;0;795;5;801;0,452
12/10/2022;2022;10;1;0;0;1569;4;0;1573;0;0;351;1;0;0;0;685;3;688;0,437
12/10/2022;2022;10;2;0;0;1540;2;0;1543;0;0;344;1;0;0;0;670;2;672;0,435
12/10/2022;2022;10;3;0;0;1507;2;0;1508;0;0;338;1;0;0;0;658;2;659;0,437
12/10/2022;2022;10;4;0;0;1365;1;0;1366;0;0;309;0;0;0;0;603;1;604;0,442
12/10/2022;2022;10;5;0;0;1368;1;0;1369;0;0;313;0;0;0;0;610;1;611;0,447
12/10/2022;2022;10;6;0;0;1367;1;0;1369;0;0;311;0;0;0;0;606;1;607;0,443
12/10/2022;2022;10;7;0;0;1378;3;0;1381;0;0;311;1;0;0;0;606;2;608;0,440
12/10/2022;2022;10;8;0;0;1437;3;0;1440;0;0;334;1;0;0;0;651;3;653;0,454
12/10/2022;2022;10;9;0;0;1506;4;0;1510;0;0;360;1;0;0;0;701;3;704;0,466
12/10/2022;2022;10;10;0;0;1634;5;0;1639;0;0;392;1;0;0;0;763;4;767;0,468
12/10/2022;2022;10;11;0;0;1612;9;0;1620;0;0;393;3;0;0;0;765;7;772;0,476
12/10/2022;2022;10;12;0;0;1635;12;0;1646;0;0;404;3;0;0;0;788;9;797;0,484
12/10/2022;2022;10;13;0;0;1638;20;0;1657;0;0;403;5;0;0;0;784;15;799;0,482
12/10/2022;2022;10;14;0;0;1588;24;0;1612;0;0;400;7;0;0;0;780;19;799;0,496
12/10/2022;2022;10;15;0;0;1542;19;0;1561;0;0;399;5;0;0;0;777;14;791;0,507
12/10/2022;2022;10;16;0;0;1541;19;0;1560;0;0;402;5;0;0;0;783;14;797;0,511
12/10/2022;2022;10;17;0;0;1623;10;0;1633;0;0;431;3;0;0;0;840;8;848;0,519
12/10/2022;2022;10;18;0;0;1562;5;0;1567;0;0;408;1;0;0;0;796;4;799;0,510
12/10/2022;2022;10;19;0;0;1608;4;0;1612;0;0;421;1;0;0;0;820;3;823;0,511
12/10/2022;2022;10;20;0;0;1842;5;0;1847;0;0;484;1;0;0;0;942;4;946;0,512
12/10/2022;2022;10;21;0;0;1752;7;0;1759;0;0;487;2;0;0;0;948;6;954;0,543
12/10/2022;2022;10;22;0;0;1706;8;0;1713;0;0;435;2;0;0;0;848;6;854;0,499
12/10/2022;2022;10;23;0;0;1627;7;0;1634;0;0;427;2;0;0;0;832;6;838;0,513
12/10/2022;2022;10;24;0;0;1804;5;0;1810;0;0;426;2;0;0;0;830;4;835;0,461
13/10/2022;2022;10;1;0;0;1761;3;0;1764;0;0;405;1;0;0;0;789;2;792;0,449
13/10/2022;2022;10;2;0;0;1713;2;0;1715;0;0;388;1;0;0;0;755;2;757;0,441
13/10/2022;2022;10;3;0;0;1658;2;0;1660;0;0;373;1;0;0;0;727;2;728;0,439
13/10/2022;2022;10;4;0;0;1662;2;0;1664;0;0;374;1;0;0;0;729;2;731;0,439
13/10/2022;2022;10;5;0;0;1230;2;0;1231;0;0;298;1;0;0;0;581;1;582;0,473
13/10/2022;2022;10;6;0;0;1682;5;0;1688;0;0;380;1;0;0;0;741;4;745;0,442
13/10/2022;2022;10;7;0;0;1688;7;0;1695;0;0;382;2;0;0;0;744;5;749;0,442
13/10/2022;2022;10;8;0;0;1709;2;0;1711;0;0;411;1;0;0;0;800;2;802;0,469
13/10/2022;2022;10;9;0;0;1514;7;0;1520;0;0;370;2;0;0;0;721;5;726;0,478
13/10/2022;2022;10;10;0;0;1487;18;0;1505;0;0;366;5;0;0;0;712;13;725;0,482
13/10/2022;2022;10;11;0;0;1561;15;0;1576;0;0;408;4;0;0;0;795;11;805;0,511
13/10/2022;2022;10;12;0;0;1596;15;0;1610;0;0;416;4;0;0;0;811;11;821;0,510
13/10/2022;2022;10;13;0;0;1644;15;0;1659;0;0;413;4;0;0;0;805;11;816;0,492
13/10/2022;2022;10;14;0;0;1537;27;0;1563;0;0;409;8;0;0;0;797;20;818;0,523
13/10/2022;2022;10;15;0;0;1550;10;0;1560;0;0;398;3;0;0;0;775;7;782;0,501
13/10/2022;2022;10;16;0;0;1545;10;0;1554;0;0;397;3;0;0;0;774;7;781;0,502
13/10/2022;2022;10;17;0;0;1540;10;0;1551;0;0;375;3;0;0;0;731;8;738;0,476
13/10/2022;2022;10;18;0;0;1499;10;0;1509;0;0;360;3;0;0;0;702;7;709;0,470
13/10/2022;2022;10;19;0;0;1502;8;0;1509;0;0;361;2;0;0;0;703;6;709;0,469
13/10/2022;2022;10;20;0;0;1722;8;0;1729;0;0;475;2;0;0;0;926;6;932;0,539
13/10/2022;2022;10;21;0;0;1876;8;0;1885;0;0;498;2;0;0;0;970;6;976;0,518
13/10/2022;2022;10;22;0;0;1742;49;0;1791;0;0;466;16;0;0;0;908;42;950;0,531
13/10/2022;2022;10;23;0;0;1673;44;0;1717;0;0;457;14;0;0;0;890;38;928;0,541
13/10/2022;2022;10;24;0;0;1919;5;0;1925;0;0;457;4;0;0;0;890;10;900;0,468
14/10/2022;2022;10;1;0;0;1470;3;0;1473;0;0;345;1;0;0;0;672;2;674;0,458
14/10/2022;2022;10;2;0;0;1336;2;0;1338;0;0;311;1;0;0;0;606;2;608;0,454
14/10/2022;2022;10;3;0;0;1319;2;0;1321;0;0;304;1;0;0;0;592;1;593;0,449
14/10/2022;2022;10;4;0;0;1317;1;0;1318;0;0;303;0;0;0;0;591;1;592;0,449
14/10/2022;2022;10;5;0;0;1265;1;0;1266;0;0;294;0;0;0;0;573;1;574;0,453
14/10/2022;2022;10;6;0;0;1291;1;0;1292;0;0;307;0;0;0;0;599;1;600;0,464
14/10/2022;2022;10;7;0;0;1372;1;0;1373;0;0;343;0;0;0;0;669;1;670;0,488
14/10/2022;2022;10;8;0;0;1465;1;0;1466;0;0;373;0;0;0;0;726;1;727;0,496
14/10/2022;2022;10;9;0;0;1551;1;0;1552;0;0;394;0;0;0;0;768;1;769;0,496
14/10/2022;2022;10;10;0;0;1580;4;0;1584;0;0;407;1;0;0;0;792;3;796;0,502
14/10/2022;2022;10;11;0;0;1637;10;0;1647;0;0;448;3;0;0;0;873;8;880;0,534
14/10/2022;2022;10;12;0;0;1551;71;0;1622;0;0;419;20;0;0;0;816;54;870;0,537
14/10/2022;2022;10;13;0;0;1537;173;0;1710;0;0;414;47;0;0;0;806;127;933;0,546
14/10/2022;2022;10;14;0;0;1435;192;0;1626;0;0;389;52;0;0;0;757;140;898;0,552
14/10/2022;2022;10;15;0;0;1417;201;0;1619;0;0;381;55;0;0;0;743;148;890;0,550
14/10/2022;2022;10;16;0;0;1363;199;0;1562;0;0;348;54;0;0;0;677;146;823;0,527
14/10/2022;2022;10;17;0;0;1412;156;0;1568;0;0;349;42;0;0;0;679;113;792;0,505
14/10/2022;2022;10;18;0;0;1526;9;0;1534;0;0;379;2;0;0;0;739;6;745;0,486
14/10/2022;2022;10;19;0;0;1569;59;0;1628;0;0;412;17;0;0;0;802;45;847;0,520
14/10/2022;2022;10;20;0;0;1678;92;0;1769;0;0;475;26;0;0;0;926;70;995;0,563
14/10/2022;2022;10;21;0;0;1544;281;0;1825;0;0;435;76;0;0;0;847;206;1053;0,577
14/10/2022;2022;10;22;0;0;1528;289;0;1816;0;0;448;78;0;0;0;873;211;1085;0,597
14/10/2022;2022;10;23;0;0;1815;274;0;2089;0;0;470;74;0;0;0;915;200;1116;0,534
14/10/2022;2022;10;24;0;0;1532;71;0;1603;0;0;372;29;0;0;0;725;77;802;0,500
15/10/2022;2022;10;1;0;0;1517;3;0;1519;0;0;360;1;0;0;0;702;2;704;0,463
15/10/2022;2022;10;2;0;0;1423;1;0;1423;0;0;335;0;0;0;0;652;1;653;0,459
15/10/2022;2022;10;3;0;0;1341;1;0;1342;0;0;313;0;0;0;0;610;1;611;0,455
15/10/2022;2022;10;4;0;0;1321;1;0;1322;0;0;311;0;0;0;0;606;1;607;0,459
15/10/2022;2022;10;5;0;0;1266;1;0;1267;0;0;301;0;0;0;0;587;1;588;0,464
15/10/2022;2022;10;6;0;0;1439;1;0;1440;0;0;342;0;0;0;0;667;1;668;0,464
15/10/2022;2022;10;7;0;0;1234;1;0;1235;0;0;294;0;0;0;0;574;1;574;0,465
15/10/2022;2022;10;8;0;0;1455;1;0;1456;0;0;365;0;0;0;0;711;1;712;0,489
15/10/2022;2022;10;9;0;0;1503;13;0;1516;0;0;371;3;0;0;0;723;9;732;0,483
15/10/2022;2022;10;10;0;0;1408;22;0;1430;0;0;356;6;0;0;0;694;16;710;0,497
15/10/2022;2022;10;11;0;0;1503;22;0;1526;0;0;384;6;0;0;0;749;16;765;0,501
15/10/2022;2022;10;12;0;0;1682;22;0;1705;0;0;414;6;0;0;0;807;16;823;0,483
15/10/2022;2022;10;13;0;0;1509;23;0;1531;0;0;391;6;0;0;0;761;16;777;0,508
15/10/2022;2022;10;14;0;0;1533;23;0;1556;0;0;424;6;0;0;0;825;16;841;0,541
15/10/2022;2022;10;15;0;0;1487;23;0;1510;0;0;388;6;0;0;0;755;16;771;0,511
15/10/2022;2022;10;16;0;0;1465;19;0;1484;0;0;376;5;0;0;0;733;14;747;0,503
15/10/2022;2022;10;17;0;0;1449;2;0;1451;0;0;364;1;0;0;0;709;2;710;0,490
15/10/2022;2022;10;18;0;0;1519;2;0;1521;0;0;376;1;0;0;0;732;1;734;0,482
15/10/2022;2022;10;19;0;2;1490;2;0;1494;0;0;373;1;0;0;1;728;2;730;0,489
15/10/2022;2022;10;20;0;175;1707;14;0;1895;0;38;438;4;0;0;119;853;10;982;0,518
15/10/2022;2022;10;21;0;254;1251;205;0;1711;0;54;338;70;0;0;173;658;188;1019;0,596
15/10/2022;2022;10;22;0;282;1022;383;0;1686;0;59;286;119;0;0;187;556;321;1065;0,631
15/10/2022;2022;10;23;0;109;1314;268;0;1691;0;22;340;75;0;0;71;661;203;935;0,553
15/10/2022;2022;10;24;0;77;1374;84;0;1535;0;16;350;23;0;0;50;681;62;793;0,517
16/10/2022;2022;10;1;0;77;1288;78;0;1443;0;16;325;21;0;0;49;633;57;740;0,513
16/10/2022;2022;10;2;0;4;1524;2;0;1531;0;1;372;1;0;0;3;725;2;730;0,477
16/10/2022;2022;10;3;0;0;1623;2;0;1625;0;0;377;1;0;0;0;735;1;737;0,453
16/10/2022;2022;10;4;0;0;1642;2;0;1644;0;0;381;1;0;0;0;742;1;743;0,452
16/10/2022;2022;10;5;0;0;1641;3;0;1643;0;0;381;1;0;0;0;741;2;743;0,452
16/10/2022;2022;10;6;0;0;1192;18;0;1210;0;0;298;5;0;0;0;581;12;594;0,491
16/10/2022;2022;10;7;0;0;1184;5;0;1189;0;0;297;2;0;0;0;579;4;583;0,491
16/10/2022;2022;10;8;0;0;1188;10;0;1198;0;0;297;3;0;0;0;578;8;586;0,489
16/10/2022;2022;10;9;0;0;1367;17;0;1383;0;0;324;5;0;0;0;631;14;646;0,467
16/10/2022;2022;10;10;0;0;1373;19;0;1392;0;0;328;6;0;0;0;640;17;656;0,472
16/10/2022;2022;10;11;0;0;1385;2;0;1387;0;0;331;1;0;0;0;645;2;646;0,466
16/10/2022;2022;10;12;0;0;1392;2;0;1394;0;0;332;0;0;0;0;648;1;649;0,465
16/10/2022;2022;10;13;0;0;1450;2;0;1452;0;0;348;0;0;0;0;678;1;679;0,468
16/10/2022;2022;10;14;0;0;1404;2;0;1406;0;0;335;0;0;0;0;653;1;655;0,466
16/10/2022;2022;10;15;0;0;1394;2;0;1396;0;0;333;0;0;0;0;649;1;650;0,466
16/10/2022;2022;10;16;0;0;1260;1;0;1261;0;0;316;0;0;0;0;615;1;616;0,488
16/10/2022;2022;10;17;0;0;1345;1;0;1346;0;0;319;0;0;0;0;621;1;622;0,462
16/10/2022;2022;10;18;0;0;1342;2;0;1343;0;0;318;0;0;0;0;620;1;622;0,463
16/10/2022;2022;10;19;0;0;1296;2;0;1298;0;0;322;1;0;0;0;628;1;630;0,485
16/10/2022;2022;10;20;0;0;1422;2;0;1425;0;0;366;1;0;0;0;713;2;715;0,502
16/10/2022;2022;10;21;0;0;1742;3;0;1745;0;0;450;1;0;0;0;878;2;880;0,504
16/10/2022;2022;10;22;0;0;1824;3;0;1827;0;0;467;1;0;0;0;909;2;911;0,499
16/10/2022;2022;10;23;0;0;1613;3;0;1616;0;0;412;1;0;0;0;803;3;806;0,499
16/10/2022;2022;10;24;0;0;1417;3;0;1420;0;0;349;1;0;0;0;680;2;682;0,480
17/10/2022;2022;10;1;0;0;1508;2;0;1511;0;0;346;1;0;0;0;674;2;675;0,447
17/10/2022;2022;10;2;0;0;1302;1;0;1303;0;0;313;0;0;0;0;609;1;611;0,469
17/10/2022;2022;10;3;0;0;1264;2;0;1265;0;0;317;1;0;0;0;618;1;619;0,489
17/10/2022;2022;10;4;0;0;1276;2;0;1278;0;0;318;1;0;0;0;620;1;622;0,487
17/10/2022;2022;10;5;0;0;1293;2;0;1295;0;0;322;1;0;0;0;627;1;629;0,485
17/10/2022;2022;10;6;0;0;1565;2;0;1567;0;0;365;1;0;0;0;710;1;712;0,454
17/10/2022;2022;10;7;0;0;1483;2;0;1484;0;0;350;1;0;0;0;683;1;684;0,461
17/10/2022;2022;10;8;0;0;1462;2;0;1464;0;0;347;1;0;0;0;676;1;678;0,463
17/10/2022;2022;10;9;0;0;1518;2;0;1519;0;0;372;1;0;0;0;725;1;726;0,478
17/10/2022;2022;10;10;0;0;1560;3;0;1563;0;0;380;1;0;0;0;740;3;743;0,475
17/10/2022;2022;10;11;0;0;1621;5;0;1626;0;0;387;2;0;0;0;754;4;758;0,466
17/10/2022;2022;10;12;0;0;1660;5;0;1665;0;0;405;2;0;0;0;789;4;793;0,476
17/10/2022;2022;10;13;0;0;1680;5;0;1685;0;0;404;2;0;0;0;786;4;790;0,469
17/10/2022;2022;10;14;0;0;1800;5;0;1805;0;0;407;1;0;0;0;793;4;797;0,442
17/10/2022;2022;10;15;0;0;1824;5;0;1829;0;0;415;2;0;0;0;808;4;812;0,444
17/10/2022;2022;10;16;0;0;1551;3;0;1554;0;0;349;1;0;0;0;680;2;682;0,439
17/10/2022;2022;10;17;0;0;1622;2;0;1625;0;0;379;1;0;0;0;738;2;740;0,455
17/10/2022;2022;10;18;0;0;1557;3;0;1559;0;0;352;1;0;0;0;685;2;688;0,441
17/10/2022;2022;10;19;0;0;1784;4;0;1788;0;0;442;1;0;0;0;862;3;865;0,484
17/10/2022;2022;10;20;0;1;1712;5;0;1719;0;1;451;2;0;0;3;879;4;886;0,516
17/10/2022;2022;10;21;0;46;1755;31;0;1832;0;16;444;9;0;0;50;865;24;938;0,512
17/10/2022;2022;10;22;0;21;1759;14;0;1794;0;6;443;4;0;0;21;864;12;896;0,500
17/10/2022;2022;10;23;0;0;1665;5;0;1671;0;0;431;1;0;0;0;840;4;844;0,505
17/10/2022;2022;10;24;0;0;1847;5;0;1852;0;0;434;1;0;0;0;845;3;849;0,458
18/10/2022;2022;10;1;0;0;1419;3;0;1422;0;0;360;1;0;0;0;701;2;704;0,495
18/10/2022;2022;10;2;0;0;1333;2;0;1335;0;0;330;1;0;0;0;642;1;643;0,482
18/10/2022;2022;10;3;0;0;1319;2;0;1321;0;0;325;0;0;0;0;634;1;635;0,481
18/10/2022;2022;10;4;0;0;1328;2;0;1330;0;0;326;0;0;0;0;635;1;637;0,479
18/10/2022;2022;10;5;0;0;1273;2;0;1274;0;0;312;0;0;0;0;607;1;608;0,477
18/10/2022;2022;10;6;0;0;1285;2;0;1287;0;0;304;0;0;0;0;593;1;594;0,462
18/10/2022;2022;10;7;0;0;1354;2;0;1355;0;0;334;0;0;0;0;650;1;652;0,481
18/10/2022;2022;10;8;0;0;1415;4;0;1418;0;0;349;1;0;0;0;679;3;682;0,481
18/10/2022;2022;10;9;0;0;1664;12;0;1676;0;0;405;3;0;0;0;789;8;797;0,476
18/10/2022;2022;10;10;0;0;1730;20;0;1750;0;0;426;5;0;0;0;831;13;844;0,482
18/10/2022;2022;10;11;0;0;1583;21;0;1604;0;0;387;5;0;0;0;754;14;767;0,479
18/10/2022;2022;10;12;0;0;1819;20;0;1838;0;0;439;5;0;0;0;855;13;868;0,472
18/10/2022;2022;10;13;0;0;1585;42;0;1627;0;0;388;13;0;0;0;756;34;790;0,485
18/10/2022;2022;10;14;0;0;1793;67;0;1860;0;0;431;21;0;0;0;840;57;898;0,483
18/10/2022;2022;10;15;0;0;1602;118;0;1720;0;0;396;30;0;0;0;771;80;851;0,495
18/10/2022;2022;10;16;0;0;1512;203;0;1715;0;0;375;49;0;0;0;731;131;862;0,503
18/10/2022;2022;10;17;0;0;1402;255;0;1657;0;0;351;58;0;0;0;684;158;841;0,508
18/10/2022;2022;10;18;0;0;1407;249;0;1656;0;0;352;56;0;0;0;686;150;836;0,505
18/10/2022;2022;10;19;0;74;1420;238;0;1733;0;15;354;55;0;0;48;690;148;887;0,512
18/10/2022;2022;10;20;0;258;1153;386;0;1796;0;54;290;92;0;0;171;565;248;985;0,548
18/10/2022;2022;10;21;0;313;853;678;0;1844;0;67;237;174;0;0;211;461;470;1142;0,620
18/10/2022;2022;10;22;0;307;683;785;0;1776;0;65;191;188;0;0;206;372;508;1086;0,612
18/10/2022;2022;10;23;0;17;1433;428;0;1878;0;3;351;106;0;0;11;683;286;980;0,522
18/10/2022;2022;10;24;0;0;1318;222;0;1540;0;0;321;47;0;0;0;626;126;751;0,488
19/10/2022;2022;10;1;0;0;1236;221;0;1457;0;0;313;46;0;0;0;610;124;734;0,504
19/10/2022;2022;10;2;0;0;1322;213;0;1536;0;0;327;44;0;0;0;636;119;755;0,492
19/10/2022;2022;10;3;0;0;1091;209;0;1300;0;0;254;44;0;0;0;494;118;613;0,471
19/10/2022;2022;10;4;0;0;1078;209;0;1286;0;0;249;44;0;0;0;485;118;603;0,468
19/10/2022;2022;10;5;0;0;1079;209;0;1288;0;0;249;44;0;0;0;485;118;603;0,468
19/10/2022;2022;10;6;0;0;1138;208;0;1346;0;0;280;44;0;0;0;546;118;664;0,493
19/10/2022;2022;10;7;0;0;1121;209;0;1330;0;0;278;45;0;0;0;542;120;663;0,498
19/10/2022;2022;10;8;0;0;1188;232;0;1420;0;0;295;51;0;0;0;574;138;712;0,502
19/10/2022;2022;10;9;0;0;1284;251;0;1536;0;0;326;57;0;0;0;635;153;788;0,513
19/10/2022;2022;10;10;0;0;1312;251;0;1563;0;0;333;57;0;0;0;649;153;802;0,513
19/10/2022;2022;10;11;0;0;1363;233;0;1595;0;0;348;50;0;0;0;678;136;814;0,510
19/10/2022;2022;10;12;0;0;1450;223;0;1672;0;0;368;48;0;0;0;716;131;847;0,507
19/10/2022;2022;10;13;0;0;1405;223;0;1627;0;0;351;48;0;0;0;684;130;815;0,501
19/10/2022;2022;10;14;0;0;1462;219;0;1681;0;0;362;47;0;0;0;704;128;832;0,495
19/10/2022;2022;10;15;0;0;1458;220;0;1678;0;0;360;48;0;0;0;702;128;830;0,495
19/10/2022;2022;10;16;0;0;1353;308;0;1661;0;0;345;69;0;0;0;672;185;857;0,516
19/10/2022;2022;10;17;0;0;1309;395;0;1704;0;0;343;89;0;0;0;668;240;908;0,533
19/10/2022;2022;10;18;0;0;1330;391;0;1721;0;0;343;88;0;0;0;669;237;906;0,526
19/10/2022;2022;10;19;0;9;1400;390;0;1799;0;2;362;88;0;0;7;705;236;948;0,527
19/10/2022;2022;10;20;0;217;1039;446;0;1702;0;46;333;102;0;0;147;649;275;1070;0,629
19/10/2022;2022;10;21;0;295;1014;595;0;1904;0;67;305;139;0;0;212;594;375;1181;0,620
19/10/2022;2022;10;22;0;120;1049;755;0;1923;0;31;314;179;0;0;97;611;484;1192;0,620
19/10/2022;2022;10;23;0;79;1086;498;0;1663;0;22;316;114;0;0;70;615;308;993;0,597
19/10/2022;2022;10;24;0;80;1014;440;0;1534;0;22;299;97;0;0;71;583;263;917;0,598
20/10/2022;2022;10;1;0;80;1035;435;0;1550;0;22;258;96;0;0;71;502;258;831;0,536
20/10/2022;2022;10;2;0;80;935;434;0;1448;0;22;227;96;0;0;71;441;258;770;0,531
20/10/2022;2022;10;3;0;80;792;436;0;1308;0;22;193;96;0;0;71;375;258;704;0,539
20/10/2022;2022;10;4;0;80;777;436;0;1293;0;22;197;96;0;0;71;383;258;713;0,551
20/10/2022;2022;10;5;0;80;748;435;0;1264;0;22;187;96;0;0;71;364;258;693;0,548
20/10/2022;2022;10;6;0;80;818;411;0;1310;0;22;205;91;0;0;71;399;245;715;0,546
20/10/2022;2022;10;7;0;80;835;390;0;1305;0;22;210;87;0;0;71;409;235;715;0,547
20/10/2022;2022;10;8;0;80;913;396;0;1390;0;22;240;89;0;0;71;468;239;778;0,560
20/10/2022;2022;10;9;0;80;972;419;0;1471;0;22;266;96;0;0;71;518;259;848;0,576
20/10/2022;2022;10;10;0;80;1014;444;0;1538;0;22;270;101;0;0;71;527;273;870;0,566
20/10/2022;2022;10;11;0;80;1092;444;0;1616;0;22;291;101;0;0;71;567;272;910;0,563
20/10/2022;2022;10;12;0;80;1123;456;0;1658;0;22;302;102;0;0;71;588;274;933;0,562
20/10/2022;2022;10;13;0;80;1266;453;0;1798;0;22;333;101;0;0;71;650;273;993;0,552
20/10/2022;2022;10;14;0;80;1435;455;0;1969;0;22;389;102;0;0;71;758;275;1103;0,560
20/10/2022;2022;10;15;0;80;1091;449;0;1619;0;22;321;100;0;0;71;626;271;967;0,598
20/10/2022;2022;10;16;0;80;1135;448;0;1662;0;22;329;100;0;0;71;641;271;983;0,591
20/10/2022;2022;10;17;0;80;1151;448;0;1679;0;22;333;100;0;0;71;648;270;989;0,589
20/10/2022;2022;10;18;0;80;1081;447;0;1607;0;22;314;100;0;0;71;612;270;952;0,593
20/10/2022;2022;10;19;0;80;1016;448;0;1544;0;22;295;100;0;0;71;576;270;917;0,594
20/10/2022;2022;10;20;0;80;1297;450;0;1826;0;22;376;102;0;0;71;733;275;1079;0,591
20/10/2022;2022;10;21;0;80;1222;558;0;1860;0;22;365;158;0;0;71;711;425;1207;0,649
20/10/2022;2022;10;22;0;80;1258;495;0;1833;0;22;364;115;0;0;71;708;309;1089;0,594
20/10/2022;2022;10;23;0;80;1099;459;0;1637;0;22;332;102;0;0;71;647;276;994;0,607
20/10/2022;2022;10;24;0;80;1225;448;0;1752;0;22;320;101;0;0;71;623;273;967;0,552
21/10/2022;2022;10;1;0;78;997;425;0;1501;0;22;267;93;0;0;70;521;251;841;0,560
21/10/2022;2022;10;2;0;76;965;423;0;1464;0;21;255;92;0;0;67;496;249;812;0,555
21/10/2022;2022;10;3;0;76;685;523;0;1284;0;21;181;120;0;0;67;352;324;743;0,579
21/10/2022;2022;10;4;0;76;994;424;0;1493;0;21;262;93;0;0;67;510;251;827;0,554
21/10/2022;2022;10;5;0;76;779;425;0;1280;0;21;209;93;0;0;67;407;251;725;0,567
21/10/2022;2022;10;6;0;76;814;424;0;1314;0;21;219;93;0;0;67;428;251;746;0,568
21/10/2022;2022;10;7;0;76;833;425;0;1334;0;21;223;93;0;0;67;435;250;753;0,564
21/10/2022;2022;10;8;0;76;873;427;0;1376;0;21;241;94;0;0;67;470;254;790;0,574
21/10/2022;2022;10;9;0;76;834;586;0;1496;0;21;234;138;0;0;67;456;373;896;0,599
21/10/2022;2022;10;10;0;76;832;633;0;1541;0;21;233;150;0;0;67;455;405;927;0,601
21/10/2022;2022;10;11;0;76;855;696;0;1627;0;21;240;168;0;0;67;467;453;988;0,607
21/10/2022;2022;10;12;0;76;857;696;0;1629;0;21;240;168;0;0;67;467;454;989;0,607
21/10/2022;2022;10;13;0;76;1223;539;0;1838;0;21;339;125;0;0;67;660;338;1065;0,579
21/10/2022;2022;10;14;0;76;1216;455;0;1747;0;21;335;104;0;0;67;652;281;1000;0,573
21/10/2022;2022;10;15;0;76;1224;442;0;1742;0;21;338;99;0;0;67;659;268;994;0,571
21/10/2022;2022;10;16;0;74;1226;487;0;1787;0;21;336;113;0;0;65;655;304;1025;0,574
21/10/2022;2022;10;17;0;73;1233;477;0;1783;0;20;339;110;0;0;65;660;296;1020;0,572
21/10/2022;2022;10;18;0;73;1114;469;0;1656;0;20;313;108;0;0;65;610;292;967;0,584
21/10/2022;2022;10;19;0;73;1135;466;0;1674;0;20;325;107;0;0;65;633;290;987;0,590
21/10/2022;2022;10;20;0;73;1115;470;0;1657;0;20;311;108;0;0;65;607;290;961;0,580
21/10/2022;2022;10;21;0;116;1150;481;0;1747;0;31;319;111;0;0;98;621;300;1019;0,584
21/10/2022;2022;10;22;0;84;1153;476;0;1713;0;23;318;109;0;0;74;620;295;989;0,577
21/10/2022;2022;10;23;0;37;1108;487;0;1631;0;10;306;111;0;0;33;597;300;930;0,570
21/10/2022;2022;10;24;0;0;1182;361;0;1544;0;0;332;79;0;0;0;646;213;859;0,557
22/10/2022;2022;10;1;0;0;1318;210;0;1528;0;0;359;45;0;0;0;699;121;820;0,537
22/10/2022;2022;10;2;0;0;1501;209;0;1710;0;0;359;45;0;0;0;699;120;819;0,479
22/10/2022;2022;10;3;0;0;1071;209;0;1280;0;0;297;44;0;0;0;579;120;699;0,546
22/10/2022;2022;10;4;0;0;1037;207;0;1244;0;0;272;44;0;0;0;530;120;650;0,522
22/10/2022;2022;10;5;0;0;1052;207;0;1258;0;0;281;44;0;0;0;547;120;666;0,529
22/10/2022;2022;10;6;0;0;1058;208;0;1266;0;0;278;44;0;0;0;541;118;660;0,521
22/10/2022;2022;10;7;0;0;1115;127;0;1242;0;0;284;33;0;0;0;554;89;642;0,517
22/10/2022;2022;10;8;0;0;1147;108;0;1254;0;0;304;25;0;0;0;593;68;660;0,527
22/10/2022;2022;10;9;0;0;1278;108;0;1386;0;0;333;23;0;0;0;649;61;710;0,512
22/10/2022;2022;10;10;0;0;1457;44;0;1501;0;0;354;7;0;0;0;690;20;709;0,473
22/10/2022;2022;10;11;0;0;1456;2;0;1458;0;0;354;1;0;0;0;690;2;692;0,475
22/10/2022;2022;10;12;0;0;1473;3;0;1476;0;0;361;1;0;0;0;704;2;706;0,478
22/10/2022;2022;10;13;0;13;1470;4;0;1487;0;3;367;1;0;0;11;715;3;728;0,490
22/10/2022;2022;10;14;0;14;1519;5;0;1539;0;4;377;1;0;0;11;734;4;749;0,487
22/10/2022;2022;10;15;0;12;1490;5;0;1507;0;3;369;2;0;0;10;719;4;733;0,486
22/10/2022;2022;10;16;0;0;1435;17;0;1453;0;0;359;5;0;0;0;699;12;712;0,490
22/10/2022;2022;10;17;0;0;1422;12;0;1434;0;0;357;3;0;0;0;696;9;704;0,491
22/10/2022;2022;10;18;0;0;1434;3;0;1436;0;0;360;1;0;0;0;701;2;704;0,490
22/10/2022;2022;10;19;0;0;1642;2;0;1645;0;0;403;1;0;0;0;786;2;787;0,479
22/10/2022;2022;10;20;0;0;1644;3;0;1647;0;0;402;1;0;0;0;784;2;786;0,478
22/10/2022;2022;10;21;0;0;1889;3;0;1892;0;0;455;1;0;0;0;887;3;890;0,470
22/10/2022;2022;10;22;0;0;1935;4;0;1938;0;0;466;1;0;0;0;907;3;910;0,469
22/10/2022;2022;10;23;0;0;1879;4;0;1883;0;0;450;1;0;0;0;878;3;880;0,467
22/10/2022;2022;10;24;0;0;1596;3;0;1600;0;0;405;1;0;0;0;788;2;791;0,494
23/10/2022;2022;10;1;0;0;1816;4;0;1820;0;0;429;1;0;0;0;837;3;840;0,461
23/10/2022;2022;10;2;0;0;1374;4;0;1377;0;0;345;1;0;0;0;672;3;675;0,490
23/10/2022;2022;10;3;0;0;1271;4;0;1275;0;0;320;1;0;0;0;624;3;627;0,492
23/10/2022;2022;10;4;0;0;1242;4;0;1246;0;0;314;1;0;0;0;612;3;616;0,494
23/10/2022;2022;10;5;0;0;1236;8;0;1244;0;0;311;2;0;0;0;605;4;609;0,490
23/10/2022;2022;10;6;0;0;1199;37;0;1236;0;0;301;11;0;0;0;586;30;616;0,498
23/10/2022;2022;10;7;0;0;1227;72;0;1299;0;0;311;21;0;0;0;605;57;662;0,510
23/10/2022;2022;10;8;0;0;1175;57;0;1233;0;0;303;16;0;0;0;591;44;635;0,515
23/10/2022;2022;10;9;0;0;1232;58;0;1291;0;0;322;17;0;0;0;628;45;673;0,521
23/10/2022;2022;10;10;0;0;1251;60;0;1310;0;0;328;18;0;0;0;639;47;686;0,524
23/10/2022;2022;10;11;0;0;1252;36;0;1288;0;0;326;10;0;0;0;636;28;664;0,515
23/10/2022;2022;10;12;0;0;1346;17;0;1363;0;0;347;5;0;0;0;676;13;689;0,505
23/10/2022;2022;10;13;0;0;1376;12;0;1388;0;0;355;4;0;0;0;692;10;702;0,506
23/10/2022;2022;10;14;0;0;1341;12;0;1354;0;0;350;4;0;0;0;682;10;691;0,511
23/10/2022;2022;10;15;0;0;1381;12;0;1394;0;0;336;4;0;0;0;655;10;665;0,477
23/10/2022;2022;10;16;0;0;1296;12;0;1309;0;0;328;3;0;0;0;640;9;649;0,496
23/10/2022;2022;10;17;0;0;1391;11;0;1402;0;0;353;3;0;0;0;687;8;695;0,496
23/10/2022;2022;10;18;0;0;1390;6;0;1395;0;0;352;2;0;0;0;686;4;690;0,495
23/10/2022;2022;10;19;0;0;1331;4;0;1335;0;0;348;1;0;0;0;678;3;682;0,511
23/10/2022;2022;10;20;0;0;1500;5;0;1505;0;0;388;1;0;0;0;755;4;759;0,504
23/10/2022;2022;10;21;0;0;1639;6;0;1645;0;0;420;2;0;0;0;819;5;823;0,501
23/10/2022;2022;10;22;0;0;1669;6;0;1675;0;0;432;2;0;0;0;841;5;846;0,505
23/10/2022;2022;10;23;0;0;1473;43;0;1516;0;0;387;13;0;0;0;753;34;787;0,519
23/10/2022;2022;10;24;0;0;1395;36;0;1431;0;0;363;11;0;0;0;707;29;736;0,515
24/10/2022;2022;10;1;0;0;1658;5;0;1663;0;0;394;1;0;0;0;768;4;772;0,464
24/10/2022;2022;10;2;0;0;1571;4;0;1575;0;0;370;1;0;0;0;721;3;724;0,460
24/10/2022;2022;10;3;0;0;1558;3;0;1561;0;0;365;1;0;0;0;711;2;713;0,457
24/10/2022;2022;10;4;0;0;1566;3;0;1568;0;0;366;1;0;0;0;713;2;715;0,456
24/10/2022;2022;10;5;0;0;1576;3;0;1579;0;0;370;1;0;0;0;722;2;724;0,458
24/10/2022;2022;10;6;0;0;1574;3;0;1576;0;0;383;1;0;0;0;746;2;748;0,475
24/10/2022;2022;10;7;0;0;1519;3;0;1522;0;0;369;1;0;0;0;719;2;721;0,474
24/10/2022;2022;10;8;0;0;1477;3;0;1480;0;0;361;1;0;0;0;703;2;705;0,477
24/10/2022;2022;10;9;0;0;1745;3;0;1748;0;0;436;1;0;0;0;849;2;851;0,487
24/10/2022;2022;10;10;0;0;1699;4;0;1703;0;0;446;1;0;0;0;869;3;872;0,512
24/10/2022;2022;10;11;0;0;1610;4;0;1614;0;0;432;1;0;0;0;841;3;844;0,523
24/10/2022;2022;10;12;0;0;1621;5;0;1626;0;0;431;1;0;0;0;841;4;844;0,519
24/10/2022;2022;10;13;0;0;1643;6;0;1648;0;0;440;2;0;0;0;856;4;861;0,522
24/10/2022;2022;10;14;0;0;1763;6;0;1769;0;0;471;2;0;0;0;918;4;923;0,522
24/10/2022;2022;10;15;0;0;1864;5;0;1868;0;0;496;1;0;0;0;965;4;969;0,519
24/10/2022;2022;10;16;0;0;1635;4;0;1639;0;0;434;1;0;0;0;846;3;849;0,518
24/10/2022;2022;10;17;0;0;1664;4;0;1668;0;0;452;1;0;0;0;881;3;884;0,530
24/10/2022;2022;10;18;0;0;1617;4;0;1621;0;0;445;1;0;0;0;868;3;871;0,537
24/10/2022;2022;10;19;0;0;1592;12;0;1604;0;0;461;3;0;0;0;899;9;908;0,566
24/10/2022;2022;10;20;0;0;1716;18;0;1734;0;0;478;5;0;0;0;931;13;944;0,545
24/10/2022;2022;10;21;0;0;1781;29;0;1810;0;0;489;8;0;0;0;953;22;974;0,538
24/10/2022;2022;10;22;0;0;1750;28;0;1778;0;0;475;8;0;0;0;926;21;946;0,532
24/10/2022;2022;10;23;0;0;1879;14;0;1893;0;0;504;4;0;0;0;982;11;993;0,525
24/10/2022;2022;10;24;0;0;1559;6;0;1565;0;0;408;2;0;0;0;796;5;801;0,512
25/10/2022;2022;10;1;0;0;1424;7;0;1430;0;0;362;2;0;0;0;706;5;711;0,497
25/10/2022;2022;10;2;0;0;1342;6;0;1348;0;0;339;2;0;0;0;661;5;665;0,494
25/10/2022;2022;10;3;0;0;1450;5;0;1455;0;0;356;1;0;0;0;694;4;698;0,480
25/10/2022;2022;10;4;0;0;1427;4;0;1432;0;0;349;1;0;0;0;680;3;684;0,478
25/10/2022;2022;10;5;0;0;1439;4;0;1443;0;0;357;1;0;0;0;696;3;699;0,485
25/10/2022;2022;10;6;0;0;1506;2;0;1508;0;0;367;1;0;0;0;715;2;717;0,475
25/10/2022;2022;10;7;0;0;1466;2;0;1468;0;0;356;1;0;0;0;693;2;695;0,473
25/10/2022;2022;10;8;0;0;1658;6;0;1664;0;0;405;2;0;0;0;789;5;794;0,477
25/10/2022;2022;10;9;0;0;1505;16;0;1521;0;0;388;4;0;0;0;757;12;769;0,505
25/10/2022;2022;10;10;0;0;1531;34;0;1565;0;0;393;9;0;0;0;765;24;790;0,505
25/10/2022;2022;10;11;0;0;1775;36;0;1811;0;0;448;10;0;0;0;873;26;899;0,497
25/10/2022;2022;10;12;0;0;1660;44;0;1704;0;0;450;12;0;0;0;876;32;908;0,533
25/10/2022;2022;10;13;0;0;1808;48;0;1856;0;0;486;13;0;0;0;946;35;981;0,529
25/10/2022;2022;10;14;0;0;1822;55;0;1877;0;0;505;15;0;0;0;984;40;1025;0,546
25/10/2022;2022;10;15;0;0;1930;62;0;1992;0;0;548;17;0;0;0;1067;45;1112;0,558
25/10/2022;2022;10;16;0;0;1726;63;0;1789;0;0;485;17;0;0;0;945;46;991;0,554
25/10/2022;2022;10;17;0;0;1683;60;0;1743;0;0;472;16;0;0;0;919;43;963;0,552
25/10/2022;2022;10;18;0;0;1663;55;0;1718;0;0;468;15;0;0;0;912;40;953;0,554
25/10/2022;2022;10;19;0;0;1717;62;0;1780;0;0;473;17;0;0;0;921;47;969;0,544
25/10/2022;2022;10;20;0;0;1793;41;0;1835;0;0;495;11;0;0;0;965;30;995;0,542
25/10/2022;2022;10;21;0;0;2014;47;0;2061;0;0;552;12;0;0;0;1076;33;1109;0,538
25/10/2022;2022;10;22;0;0;1728;155;0;1883;0;0;464;39;0;0;0;904;105;1009;0,536
25/10/2022;2022;10;23;0;0;1676;72;0;1748;0;0;459;19;0;0;0;895;51;946;0,541
25/10/2022;2022;10;24;0;0;1569;34;0;1603;0;0;434;9;0;0;0;845;25;870;0,543
26/10/2022;2022;10;1;0;0;1671;6;0;1677;0;0;395;2;0;0;0;770;4;775;0,462
26/10/2022;2022;10;2;0;0;1521;4;0;1525;0;0;350;1;0;0;0;681;4;685;0,449
26/10/2022;2022;10;3;0;0;1339;4;0;1343;0;0;323;1;0;0;0;629;3;632;0,471
26/10/2022;2022;10;4;0;0;1303;4;0;1307;0;0;310;1;0;0;0;604;3;607;0,464
26/10/2022;2022;10;5;0;0;1298;4;0;1301;0;0;308;1;0;0;0;600;3;603;0,463
26/10/2022;2022;10;6;0;0;1300;2;0;1301;0;0;309;0;0;0;0;602;1;603;0,463
26/10/2022;2022;10;7;0;0;1392;2;0;1393;0;0;342;0;0;0;0;667;1;668;0,480
26/10/2022;2022;10;8;0;0;1612;4;0;1616;0;0;397;1;0;0;0;773;3;776;0,480
26/10/2022;2022;10;9;0;0;1718;7;0;1725;0;0;419;2;0;0;0;816;5;822;0,476
26/10/2022;2022;10;10;0;0;1770;11;0;1781;0;0;432;3;0;0;0;843;8;851;0,478
26/10/2022;2022;10;11;0;0;1754;11;0;1766;0;0;429;3;0;0;0;835;8;843;0,478
26/10/2022;2022;10;12;0;0;1747;11;0;1758;0;0;430;3;0;0;0;838;8;846;0,481
26/10/2022;2022;10;13;0;0;1893;23;0;1916;0;0;488;6;0;0;0;951;17;968;0,505
26/10/2022;2022;10;14;0;0;1726;27;0;1753;0;0;440;8;0;0;0;856;20;877;0,500
26/10/2022;2022;10;15;0;0;1710;32;0;1742;0;0;437;9;0;0;0;852;24;875;0,503
26/10/2022;2022;10;16;0;0;1649;30;0;1679;0;0;429;8;0;0;0;836;22;858;0,511
26/10/2022;2022;10;17;0;0;1673;21;0;1694;0;0;437;6;0;0;0;851;16;867;0,512
26/10/2022;2022;10;18;0;0;1714;14;0;1729;0;0;446;4;0;0;0;868;11;879;0,508
26/10/2022;2022;10;19;0;0;1599;8;0;1607;0;0;389;2;0;0;0;758;6;765;0,476
26/10/2022;2022;10;20;0;0;1657;8;0;1665;0;0;417;2;0;0;0;812;6;818;0,491
26/10/2022;2022;10;21;0;0;1778;8;0;1785;0;0;448;2;0;0;0;874;6;880;0,493
26/10/2022;2022;10;22;0;0;1956;8;0;1964;0;0;486;2;0;0;0;947;6;954;0,486
26/10/2022;2022;10;23;0;0;1636;9;0;1645;0;0;389;3;0;0;0;757;7;764;0,464
26/10/2022;2022;10;24;0;0;1539;9;0;1548;0;0;366;3;0;0;0;713;7;719;0,465
27/10/2022;2022;10;1;0;0;1520;8;0;1529;0;0;382;2;0;0;0;744;6;750;0,491
27/10/2022;2022;10;2;0;0;1373;4;0;1377;0;0;317;1;0;0;0;618;3;621;0,451
27/10/2022;2022;10;3;0;0;1341;2;0;1344;0;0;297;1;0;0;0;578;2;580;0,432
27/10/2022;2022;10;4;0;0;1300;2;0;1302;0;0;270;1;0;0;0;527;2;528;0,406
27/10/2022;2022;10;5;0;0;1303;2;0;1305;0;0;271;1;0;0;0;528;2;530;0,406
27/10/2022;2022;10;6;0;0;1301;2;0;1303;0;0;271;1;0;0;0;528;2;529;0,406
27/10/2022;2022;10;7;0;0;1302;2;0;1304;0;0;271;1;0;0;0;529;1;530;0,407
27/10/2022;2022;10;8;0;0;1479;2;0;1481;0;0;312;1;0;0;0;608;2;610;0,412
27/10/2022;2022;10;9;0;0;1521;3;0;1524;0;0;327;1;0;0;0;637;2;639;0,420
27/10/2022;2022;10;10;0;0;1601;9;0;1610;0;0;349;2;0;0;0;680;7;687;0,427
27/10/2022;2022;10;11;0;0;1629;15;0;1644;0;0;363;4;0;0;0;708;11;719;0,438
27/10/2022;2022;10;12;0;0;1675;15;0;1690;0;0;387;4;0;0;0;754;11;766;0,453
27/10/2022;2022;10;13;0;0;1696;15;0;1711;0;0;401;4;0;0;0;782;11;793;0,463
27/10/2022;2022;10;14;0;0;1814;15;0;1828;0;0;425;4;0;0;0;828;11;839;0,459
27/10/2022;2022;10;15;0;0;1865;14;0;1880;0;0;438;4;0;0;0;853;11;863;0,459
27/10/2022;2022;10;16;0;0;1907;14;0;1921;0;0;447;4;0;0;0;871;11;882;0,459
27/10/2022;2022;10;17;0;0;1920;14;0;1934;0;0;468;4;0;0;0;911;11;922;0,477
27/10/2022;2022;10;18;0;0;1859;13;0;1873;0;0;454;4;0;0;0;884;10;894;0,478
27/10/2022;2022;10;19;0;0;1738;15;0;1753;0;0;415;4;0;0;0;808;11;819;0,467
27/10/2022;2022;10;20;0;0;1716;13;0;1729;0;0;414;4;0;0;0;807;10;817;0,472
27/10/2022;2022;10;21;0;0;1845;10;0;1855;0;0;441;3;0;0;0;858;8;866;0,467
27/10/2022;2022;10;22;0;0;1791;8;0;1799;0;0;429;2;0;0;0;836;7;843;0,468
27/10/2022;2022;10;23;0;0;1688;8;0;1696;0;0;400;2;0;0;0;780;6;786;0,463
27/10/2022;2022;10;24;0;0;1626;6;0;1632;0;0;398;2;0;0;0;775;5;780;0,478
28/10/2022;2022;10;1;0;0;1466;13;0;1479;0;0;365;6;0;0;0;711;15;726;0,491
28/10/2022;2022;10;2;0;0;1495;5;0;1500;0;0;349;2;0;0;0;680;4;685;0,457
28/10/2022;2022;10;3;0;0;1428;3;0;1431;0;0;315;1;0;0;0;613;2;615;0,430
28/10/2022;2022;10;4;0;0;1306;3;0;1309;0;0;288;1;0;0;0;562;2;564;0,431
28/10/2022;2022;10;5;0;0;1346;2;0;1349;0;0;296;1;0;0;0;577;2;579;0,429
28/10/2022;2022;10;6;0;0;1363;3;0;1365;0;0;302;1;0;0;0;588;2;591;0,433
28/10/2022;2022;10;7;0;0;1319;2;0;1320;0;0;287;0;0;0;0;560;1;561;0,425
28/10/2022;2022;10;8;0;0;1397;3;0;1400;0;0;314;1;0;0;0;612;2;614;0,439
28/10/2022;2022;10;9;0;0;1741;4;0;1745;0;0;406;1;0;0;0;791;3;794;0,455
28/10/2022;2022;10;10;0;0;1675;6;0;1681;0;0;385;2;0;0;0;750;5;755;0,449
28/10/2022;2022;10;11;0;0;1662;19;0;1681;0;0;394;5;0;0;0;767;14;781;0,465
28/10/2022;2022;10;12;0;0;1695;19;0;1714;0;0;412;5;0;0;0;802;14;815;0,476
28/10/2022;2022;10;13;0;0;1781;18;0;1799;0;0;436;5;0;0;0;849;13;862;0,479
28/10/2022;2022;10;14;0;0;1809;19;0;1828;0;0;450;5;0;0;0;877;14;891;0,487
28/10/2022;2022;10;15;0;0;1876;32;0;1908;0;0;462;9;0;0;0;901;23;924;0,484
28/10/2022;2022;10;16;0;0;1853;48;0;1901;0;0;459;13;0;0;0;895;34;929;0,489
28/10/2022;2022;10;17;0;0;1854;48;0;1902;0;0;462;13;0;0;0;899;35;934;0,491
28/10/2022;2022;10;18;0;0;2018;52;0;2070;0;0;508;14;0;0;0;990;38;1028;0,496
28/10/2022;2022;10;19;0;0;1804;47;0;1851;0;0;463;13;0;0;0;902;34;937;0,506
28/10/2022;2022;10;20;0;0;1808;42;0;1849;0;0;461;11;0;0;0;899;30;929;0,502
28/10/2022;2022;10;21;0;0;1867;45;0;1912;0;0;475;13;0;0;0;926;35;961;0,502
28/10/2022;2022;10;22;0;0;1852;38;0;1890;0;0;460;11;0;0;0;896;30;925;0,490
28/10/2022;2022;10;23;0;0;1739;25;0;1764;0;0;427;7;0;0;0;832;19;851;0,482
28/10/2022;2022;10;24;0;0;1762;8;0;1770;0;0;443;2;0;0;0;862;6;869;0,491
29/10/2022;2022;10;1;0;0;1596;7;0;1602;0;0;404;2;0;0;0;787;6;793;0,495
29/10/2022;2022;10;2;0;0;1504;6;0;1510;0;0;371;2;0;0;0;723;5;728;0,482
29/10/2022;2022;10;3;0;0;1432;12;0;1444;0;0;330;3;0;0;0;642;9;652;0,451
29/10/2022;2022;10;4;0;0;1369;12;0;1381;0;0;311;3;0;0;0;606;9;615;0,445
29/10/2022;2022;10;5;0;0;1365;11;0;1375;0;0;302;3;0;0;0;589;8;597;0,434
29/10/2022;2022;10;6;0;0;1321;9;0;1330;0;0;291;3;0;0;0;566;7;574;0,431
29/10/2022;2022;10;7;0;0;1303;8;0;1311;0;0;289;2;0;0;0;564;6;570;0,435
29/10/2022;2022;10;8;0;0;1285;23;0;1308;0;0;293;6;0;0;0;570;17;587;0,449
29/10/2022;2022;10;9;0;0;1353;16;0;1370;0;0;309;5;0;0;0;602;12;614;0,449
29/10/2022;2022;10;10;0;0;1491;12;0;1502;0;0;343;3;0;0;0;668;9;677;0,450
29/10/2022;2022;10;11;0;0;1750;17;0;1767;0;0;420;5;0;0;0;818;13;830;0,470
29/10/2022;2022;10;12;0;0;1780;19;0;1799;0;0;425;5;0;0;0;828;14;842;0,468
29/10/2022;2022;10;13;0;0;1704;28;0;1732;0;0;423;8;0;0;0;825;21;846;0,488
29/10/2022;2022;10;14;0;0;1758;48;0;1806;0;0;432;13;0;0;0;842;36;877;0,486
29/10/2022;2022;10;15;0;0;1793;79;0;1872;0;0;440;22;0;0;0;857;59;916;0,489
29/10/2022;2022;10;16;0;0;1857;96;0;1952;0;0;458;26;0;0;0;892;71;964;0,494
29/10/2022;2022;10;17;0;0;1818;92;0;1909;0;0;452;25;0;0;0;880;68;949;0,497
29/10/2022;2022;10;18;0;0;1649;75;0;1724;0;0;409;21;0;0;0;796;56;852;0,494
29/10/2022;2022;10;19;0;0;1780;47;0;1827;0;0;453;13;0;0;0;883;35;918;0,502
29/10/2022;2022;10;20;0;0;1677;48;0;1725;0;0;413;13;0;0;0;804;36;839;0,487
29/10/2022;2022;10;21;0;0;1758;43;0;1801;0;0;435;12;0;0;0;848;32;880;0,489
29/10/2022;2022;10;22;0;0;1808;31;0;1839;0;0;454;9;0;0;0;885;23;908;0,494
29/10/2022;2022;10;23;0;0;1738;31;0;1769;0;0;434;9;0;0;0;846;23;869;0,491
29/10/2022;2022;10;24;0;0;1584;31;0;1615;0;0;403;9;0;0;0;785;23;808;0,500
30/10/2022;2022;10;1;0;0;1517;27;0;1544;0;0;416;8;0;0;0;810;22;832;0,539
30/10/2022;2022;10;2;0;0;1481;22;0;1503;0;0;389;7;0;0;0;758;18;776;0,517
30/10/2022;2022;10;3;0;0;1390;19;0;1409;0;0;356;6;0;0;0;694;16;710;0,504
30/10/2022;2022;10;4;0;0;1373;19;0;1392;0;0;351;6;0;0;0;683;16;699;0,502
30/10/2022;2022;10;5;0;0;1365;19;0;1384;0;0;350;6;0;0;0;681;16;697;0,504
30/10/2022;2022;10;6;0;0;1290;18;0;1309;0;0;334;6;0;0;0;650;15;666;0,509
30/10/2022;2022;10;7;0;0;1215;19;0;1235;0;0;315;6;0;0;0;614;16;630;0,510
30/10/2022;2022;10;8;0;0;1452;23;0;1476;0;0;351;7;0;0;0;683;19;702;0,476
30/10/2022;2022;10;9;0;0;1342;22;0;1364;0;0;328;7;0;0;0;640;18;658;0,482
30/10/2022;2022;10;10;0;0;1387;22;0;1409;0;0;345;7;0;0;0;671;18;689;0,489
30/10/2022;2022;10;11;0;0;1372;22;0;1394;0;0;343;7;0;0;0;669;18;687;0,493
30/10/2022;2022;10;12;0;0;1410;22;0;1432;0;0;352;7;0;0;0;686;18;703;0,491
30/10/2022;2022;10;13;0;0;1422;22;0;1445;0;0;355;7;0;0;0;691;18;709;0,491
30/10/2022;2022;10;14;0;0;1439;21;0;1459;0;0;358;6;0;0;0;698;17;715;0,490
30/10/2022;2022;10;15;0;0;1402;17;0;1420;0;0;349;5;0;0;0;680;14;694;0,489
30/10/2022;2022;10;16;0;0;1394;19;0;1413;0;0;346;6;0;0;0;674;16;690;0,488
30/10/2022;2022;10;17;0;0;1384;19;0;1404;0;0;346;6;0;0;0;674;16;690;0,492
30/10/2022;2022;10;18;0;0;1358;17;0;1376;0;0;339;5;0;0;0;660;14;675;0,490
30/10/2022;2022;10;19;0;0;1343;18;0;1361;0;0;335;5;0;0;0;654;15;668;0,491
30/10/2022;2022;10;20;0;0;1574;19;0;1593;0;0;386;6;0;0;0;752;15;767;0,482
30/10/2022;2022;10;21;0;0;1894;23;0;1917;0;0;466;7;0;0;0;908;19;927;0,484
30/10/2022;2022;10;22;0;0;1579;23;0;1602;0;0;413;7;0;0;0;805;19;824;0,514
30/10/2022;2022;10;23;0;0;1555;23;0;1578;0;0;398;7;0;0;0;775;19;794;0,503
30/10/2022;2022;10;24;0;0;1829;22;0;1850;0;0;456;7;0;0;0;888;18;906;0,490
31/10/2022;2022;10;1;0;0;1329;23;0;1352;0;0;341;7;0;0;0;663;18;681;0,504
31/10/2022;2022;10;2;0;0;1290;22;0;1312;0;0;329;6;0;0;0;641;17;658;0,502
31/10/2022;2022;10;3;0;0;1230;21;0;1251;0;0;310;6;0;0;0;604;17;621;0,496
31/10/2022;2022;10;4;0;0;1570;21;0;1592;0;0;370;6;0;0;0;721;17;737;0,463
31/10/2022;2022;10;5;0;0;1543;21;0;1565;0;0;362;6;0;0;0;706;17;723;0,462
31/10/2022;2022;10;6;0;0;1542;15;0;1557;0;0;363;4;0;0;0;708;12;720;0,462
31/10/2022;2022;10;7;0;0;1658;17;0;1675;0;0;416;5;0;0;0;810;14;824;0,492
31/10/2022;2022;10;8;0;0;1423;22;0;1445;0;0;364;6;0;0;0;708;17;725;0,502
31/10/2022;2022;10;9;0;0;1651;23;0;1674;0;0;412;7;0;0;0;803;18;820;0,490
31/10/2022;2022;10;10;0;0;1640;27;0;1667;0;0;415;8;0;0;0;809;21;830;0,498
31/10/2022;2022;10;11;0;0;1898;49;0;1947;0;0;479;14;0;0;0;932;38;971;0,498
31/10/2022;2022;10;12;0;0;1660;27;0;1687;0;0;422;8;0;0;0;821;21;842;0,499
31/10/2022;2022;10;13;0;0;1593;27;0;1620;0;0;396;8;0;0;0;772;21;793;0,489
31/10/2022;2022;10;14;0;0;1716;26;0;1743;0;0;421;8;0;0;0;819;20;840;0,482
31/10/2022;2022;10;15;0;0;1500;26;0;1525;0;0;372;7;0;0;0;725;20;745;0,488
31/10/2022;2022;10;16;0;0;1488;25;0;1513;0;0;369;7;0;0;0;719;20;738;0,488
31/10/2022;2022;10;17;0;0;1470;24;0;1494;0;0;361;7;0;0;0;704;19;723;0,484
31/10/2022;2022;10;18;0;2;1479;25;0;1507;0;1;363;7;0;0;2;708;20;729;0,484
31/10/2022;2022;10;19;0;4;1550;25;0;1578;0;1;371;7;0;0;3;722;19;744;0,472
31/10/2022;2022;10;20;0;4;1576;25;0;1605;0;1;402;7;0;0;3;783;20;806;0,502
31/10/2022;2022;10;21;0;6;1905;55;0;1966;0;2;481;16;0;0;5;937;42;984;0,501
31/10/2022;2022;10;22;0;6;1713;57;0;1776;0;2;436;16;0;0;5;849;44;899;0,506
31/10/2022;2022;10;23;0;6;1738;30;0;1774;0;1;435;9;0;0;5;848;24;876;0,494
31/10/2022;2022;10;24;0;10;1593;29;0;1633;0;3;399;9;0;0;8;777;23;808;0,495
01/11/2022;2022;11;1;0;5;1410;26;0;1441;0;1;325;8;0;0;4;633;21;658;0,457
01/11/2022;2022;11;2;0;10;1324;26;0;1360;0;2;303;8;0;0;8;591;21;620;0,456
01/11/2022;2022;11;3;0;12;1319;26;0;1357;0;3;303;8;0;0;10;590;21;620;0,457
01/11/2022;2022;11;4;0;0;1323;23;0;1346;0;0;303;7;0;0;0;591;18;610;0,453
01/11/2022;2022;11;5;0;0;1322;23;0;1345;0;0;303;7;0;0;0;591;18;609;0,453
01/11/2022;2022;11;6;0;0;1333;23;0;1355;0;0;306;7;0;0;0;597;18;615;0,454
01/11/2022;2022;11;7;0;0;1514;23;0;1537;0;0;352;7;0;0;0;686;18;705;0,459
01/11/2022;2022;11;8;0;0;1659;23;0;1682;0;0;387;7;0;0;0;754;19;773;0,460
01/11/2022;2022;11;9;0;0;1505;25;0;1530;0;0;360;7;0;0;0;701;20;721;0,471
01/11/2022;2022;11;10;0;0;1550;25;0;1575;0;0;366;7;0;0;0;713;20;733;0,465
01/11/2022;2022;11;11;0;0;1560;25;0;1585;0;0;369;7;0;0;0;718;20;739;0,466
01/11/2022;2022;11;12;0;0;1592;25;0;1617;0;0;379;7;0;0;0;738;20;758;0,469
01/11/2022;2022;11;13;0;0;1700;23;0;1723;0;0;404;7;0;0;0;787;19;806;0,468
01/11/2022;2022;11;14;0;0;1536;32;0;1569;0;0;380;11;0;0;0;741;29;770;0,491
01/11/2022;2022;11;15;0;0;1502;61;0;1564;0;0;355;17;0;0;0;691;46;737;0,471
01/11/2022;2022;11;16;0;0;1488;61;0;1549;0;0;348;17;0;0;0;678;47;725;0,468
01/11/2022;2022;11;17;0;0;1463;70;0;1533;0;0;343;19;0;0;0;668;52;720;0,470
01/11/2022;2022;11;18;0;0;1465;47;0;1511;0;0;342;14;0;0;0;665;38;704;0,466
01/11/2022;2022;11;19;0;0;1536;24;0;1560;0;0;371;7;0;0;0;722;19;742;0,476
01/11/2022;2022;11;20;0;0;1677;26;0;1703;0;0;448;8;0;0;0;872;21;893;0,524
01/11/2022;2022;11;21;0;0;1823;44;0;1867;0;0;520;12;0;0;0;1013;32;1046;0,560
01/11/2022;2022;11;22;0;0;1780;84;0;1863;0;0;510;22;0;0;0;994;59;1053;0,565
01/11/2022;2022;11;23;0;0;1867;84;0;1952;0;0;482;20;0;0;0;939;53;993;0,509
01/11/2022;2022;11;24;0;0;1443;84;0;1528;0;0;349;20;0;0;0;679;54;733;0,480
02/11/2022;2022;11;1;0;0;1347;84;0;1431;0;0;319;19;0;0;0;621;52;673;0,471
02/11/2022;2022;11;2;0;0;1390;101;0;1490;0;0;318;26;0;0;0;620;69;689;0,463
02/11/2022;2022;11;3;0;0;1343;127;0;1470;0;0;308;28;0;0;0;601;76;677;0,461
02/11/2022;2022;11;4;0;0;1128;126;0;1254;0;0;267;28;0;0;0;520;76;595;0,475
02/11/2022;2022;11;5;0;0;1132;127;0;1259;0;0;268;28;0;0;0;522;76;598;0,475
02/11/2022;2022;11;6;0;0;1298;132;0;1429;0;0;300;30;0;0;0;584;81;665;0,465
02/11/2022;2022;11;7;0;0;1336;141;0;1477;0;0;311;34;0;0;0;606;91;696;0,471
02/11/2022;2022;11;8;0;0;1374;142;0;1516;0;0;325;34;0;0;0;633;90;723;0,477
02/11/2022;2022;11;9;0;0;1370;143;0;1514;0;0;324;34;0;0;0;631;91;721;0,477
02/11/2022;2022;11;10;0;0;1625;144;0;1769;0;0;391;34;0;0;0;761;91;852;0,482
02/11/2022;2022;11;11;0;0;1581;152;0;1734;0;0;378;36;0;0;0;736;97;833;0,481
02/11/2022;2022;11;12;0;0;1596;136;0;1732;0;0;381;31;0;0;0;743;84;827;0,477
02/11/2022;2022;11;13;0;0;1539;129;0;1668;0;0;357;29;0;0;0;695;79;774;0,464
02/11/2022;2022;11;14;0;0;1536;131;0;1667;0;0;359;30;0;0;0;699;80;780;0,468
02/11/2022;2022;11;15;0;0;1554;131;0;1685;0;0;362;30;0;0;0;706;81;787;0,467
02/11/2022;2022;11;16;0;0;1568;131;0;1698;0;0;366;30;0;0;0;713;80;793;0,467
02/11/2022;2022;11;17;0;0;1569;130;0;1699;0;0;366;30;0;0;0;714;80;793;0,467
02/11/2022;2022;11;18;0;0;1588;130;0;1717;0;0;369;29;0;0;0;720;80;799;0,465
02/11/2022;2022;11;19;0;0;1412;130;0;1542;0;0;344;30;0;0;0;670;80;750;0,486
02/11/2022;2022;11;20;0;0;1488;130;0;1619;0;0;358;30;0;0;0;698;80;778;0,480
02/11/2022;2022;11;21;0;0;1605;145;0;1750;0;0;419;34;0;0;0;816;92;908;0,519
02/11/2022;2022;11;22;0;0;1558;149;0;1707;0;0;403;35;0;0;0;786;94;880;0,515
02/11/2022;2022;11;23;0;0;1677;131;0;1808;0;0;429;30;0;0;0;837;80;917;0,507
02/11/2022;2022;11;24;0;0;1384;129;0;1513;0;0;349;29;0;0;0;681;79;760;0,502
03/11/2022;2022;11;1;0;0;1599;127;0;1727;0;0;368;29;0;0;0;716;79;795;0,460
03/11/2022;2022;11;2;0;0;1210;128;0;1338;0;0;310;29;0;0;0;605;79;683;0,511
03/11/2022;2022;11;3;0;0;1194;127;0;1321;0;0;304;29;0;0;0;591;78;669;0,507
03/11/2022;2022;11;4;0;0;1158;126;0;1283;0;0;294;29;0;0;0;572;77;650;0,506
03/11/2022;2022;11;5;0;0;1155;125;0;1280;0;0;293;29;0;0;0;572;77;649;0,507
03/11/2022;2022;11;6;0;0;1154;125;0;1279;0;0;293;29;0;0;0;571;77;648;0,507
03/11/2022;2022;11;7;0;0;1180;127;0;1306;0;0;299;29;0;0;0;583;78;661;0,506
03/11/2022;2022;11;8;0;0;1313;127;0;1440;0;0;326;29;0;0;0;636;78;714;0,496
03/11/2022;2022;11;9;0;0;1328;127;0;1455;0;0;320;29;0;0;0;623;78;701;0,481
03/11/2022;2022;11;10;0;0;1430;127;0;1557;0;0;360;29;0;0;0;701;78;779;0,500
03/11/2022;2022;11;11;0;0;1445;126;0;1570;0;0;364;28;0;0;0;709;76;786;0,500
03/11/2022;2022;11;12;0;0;1499;128;0;1627;0;0;379;29;0;0;0;739;78;817;0,502
03/11/2022;2022;11;13;0;0;1489;138;0;1627;0;0;372;33;0;0;0;725;90;815;0,501
03/11/2022;2022;11;14;0;0;1494;131;0;1624;0;0;373;30;0;0;0;726;81;807;0,497
03/11/2022;2022;11;15;0;0;1490;129;0;1620;0;0;371;29;0;0;0;723;79;802;0,495
03/11/2022;2022;11;16;0;0;1488;129;0;1618;0;0;370;29;0;0;0;721;79;800;0,495
03/11/2022;2022;11;17;0;0;1492;130;0;1622;0;0;371;30;0;0;0;722;80;802;0,494
03/11/2022;2022;11;18;0;0;1443;154;0;1598;0;0;361;34;0;0;0;704;91;795;0,497
03/11/2022;2022;11;19;0;0;1444;122;0;1566;0;0;361;27;0;0;0;704;73;777;0,496
03/11/2022;2022;11;20;0;0;1530;123;0;1653;0;0;376;27;0;0;0;733;74;807;0,488
03/11/2022;2022;11;21;0;0;1933;123;0;2056;0;0;482;28;0;0;0;940;74;1014;0,493
03/11/2022;2022;11;22;0;0;1878;122;0;2001;0;0;473;27;0;0;0;921;74;995;0,497
03/11/2022;2022;11;23;0;0;1770;122;0;1892;0;0;435;27;0;0;0;847;74;921;0,487
03/11/2022;2022;11;24;0;0;1475;122;0;1598;0;0;344;27;0;0;0;670;74;744;0,466
04/11/2022;2022;11;1;0;0;1310;121;0;1431;0;0;326;27;0;0;0;635;73;707;0,494
04/11/2022;2022;11;2;0;0;1252;120;0;1372;0;0;313;27;0;0;0;610;72;682;0,497
04/11/2022;2022;11;3;0;0;1327;120;0;1447;0;0;320;27;0;0;0;623;72;695;0,481
04/11/2022;2022;11;4;0;0;1283;121;0;1404;0;0;315;27;0;0;0;614;72;686;0,488
04/11/2022;2022;11;5;0;0;1263;120;0;1383;0;0;311;27;0;0;0;606;72;678;0,490
04/11/2022;2022;11;6;0;0;1146;119;0;1265;0;0;282;26;0;0;0;549;71;620;0,490
04/11/2022;2022;11;7;0;0;1157;120;0;1277;0;0;285;27;0;0;0;555;72;627;0,491
04/11/2022;2022;11;8;0;0;1304;119;0;1423;0;0;330;26;0;0;0;643;71;714;0,502
04/11/2022;2022;11;9;0;0;1677;121;0;1799;0;0;408;27;0;0;0;794;73;867;0,482
04/11/2022;2022;11;10;0;0;1711;124;0;1835;0;0;423;28;0;0;0;825;76;900;0,491
04/11/2022;2022;11;11;0;0;1700;121;0;1821;0;0;416;28;0;0;0;811;76;887;0,487
04/11/2022;2022;11;12;0;0;1701;118;0;1819;0;0;421;26;0;0;0;820;70;890;0,489
04/11/2022;2022;11;13;0;0;1597;115;0;1713;0;0;398;25;0;0;0;775;68;843;0,492
04/11/2022;2022;11;14;0;0;1611;120;0;1730;0;0;405;27;0;0;0;789;72;861;0,497
04/11/2022;2022;11;15;0;0;1728;119;0;1847;0;0;429;27;0;0;0;835;72;907;0,491
04/11/2022;2022;11;16;0;0;1629;119;0;1748;0;0;408;26;0;0;0;794;71;866;0,495
04/11/2022;2022;11;17;0;0;1668;120;0;1788;0;0;430;27;0;0;0;838;72;910;0,509
04/11/2022;2022;11;18;0;0;1755;121;0;1877;0;0;454;27;0;0;0;884;73;956;0,510
04/11/2022;2022;11;19;0;0;1475;121;0;1596;0;0;395;27;0;0;0;770;74;844;0,528
04/11/2022;2022;11;20;0;0;1576;121;0;1697;0;0;425;27;0;0;0;828;74;902;0,531
04/11/2022;2022;11;21;0;0;1697;122;0;1818;0;0;467;27;0;0;0;910;74;983;0,541
04/11/2022;2022;11;22;0;0;1604;122;0;1725;0;0;442;27;0;0;0;860;74;934;0,541
04/11/2022;2022;11;23;0;0;1505;122;0;1627;0;0;405;28;0;0;0;789;74;864;0,531
04/11/2022;2022;11;24;0;0;1384;122;0;1505;0;0;379;27;0;0;0;738;74;811;0,539
05/11/2022;2022;11;1;0;0;1314;121;0;1435;0;0;315;27;0;0;0;614;73;687;0,479
05/11/2022;2022;11;2;0;0;1239;120;0;1360;0;0;299;27;0;0;0;582;73;655;0,482
05/11/2022;2022;11;3;0;0;1174;120;0;1294;0;0;281;27;0;0;0;548;72;620;0,479
05/11/2022;2022;11;4;0;0;1133;120;0;1253;0;0;274;27;0;0;0;533;73;606;0,483
05/11/2022;2022;11;5;0;0;1132;120;0;1253;0;0;275;27;0;0;0;535;73;608;0,485
05/11/2022;2022;11;6;0;0;1105;120;0;1224;0;0;267;27;0;0;0;520;72;592;0,483
05/11/2022;2022;11;7;0;0;1075;104;0;1179;0;0;257;21;0;0;0;501;57;557;0,473
05/11/2022;2022;11;8;0;0;1215;17;0;1232;0;0;281;5;0;0;0;547;13;560;0,455
05/11/2022;2022;11;9;0;0;1267;26;0;1292;0;0;308;7;0;0;0;601;20;620;0,480
05/11/2022;2022;11;10;0;0;1384;35;0;1419;0;0;339;10;0;0;0;659;26;685;0,483
05/11/2022;2022;11;11;0;0;1398;35;0;1433;0;0;333;10;0;0;0;649;26;675;0,471
05/11/2022;2022;11;12;0;0;1632;35;0;1668;0;0;397;10;0;0;0;774;26;800;0,480
05/11/2022;2022;11;13;0;0;1549;36;0;1585;0;0;371;10;0;0;0;723;27;750;0,473
05/11/2022;2022;11;14;0;0;1442;36;0;1478;0;0;353;10;0;0;0;687;27;713;0,483
05/11/2022;2022;11;15;0;0;1491;35;0;1526;0;0;377;10;0;0;0;735;26;762;0,499
05/11/2022;2022;11;16;0;0;1435;36;0;1470;0;0;366;10;0;0;0;714;27;740;0,503
05/11/2022;2022;11;17;0;0;1516;36;0;1552;0;0;392;10;0;0;0;763;27;789;0,509
05/11/2022;2022;11;18;0;0;1456;36;0;1493;0;0;388;10;0;0;0;756;27;783;0,525
05/11/2022;2022;11;19;0;0;1441;37;0;1478;0;0;381;10;0;0;0;742;28;770;0,521
05/11/2022;2022;11;20;0;0;1661;23;0;1684;0;0;449;6;0;0;0;875;17;892;0,530
05/11/2022;2022;11;21;0;0;1699;19;0;1718;0;0;437;5;0;0;0;852;15;866;0,504
05/11/2022;2022;11;22;0;0;1621;19;0;1640;0;0;412;6;0;0;0;802;15;817;0,498
05/11/2022;2022;11;23;0;0;1754;19;0;1773;0;0;425;5;0;0;0;828;15;842;0,475
05/11/2022;2022;11;24;0;0;1412;18;0;1431;0;0;332;5;0;0;0;647;14;662;0,463
06/11/2022;2022;11;1;0;0;1352;18;0;1370;0;0;323;5;0;0;0;629;15;644;0,470
06/11/2022;2022;11;2;0;0;1277;17;0;1294;0;0;313;5;0;0;0;611;14;625;0,483
06/11/2022;2022;11;3;0;0;1200;17;0;1217;0;0;298;5;0;0;0;581;14;594;0,488
06/11/2022;2022;11;4;0;0;1207;16;0;1223;0;0;289;5;0;0;0;564;13;577;0,472
06/11/2022;2022;11;5;0;0;1204;16;0;1220;0;0;286;5;0;0;0;558;13;571;0,468
06/11/2022;2022;11;6;0;0;1207;16;0;1223;0;0;291;5;0;0;0;568;13;581;0,475
06/11/2022;2022;11;7;0;0;1239;16;0;1255;0;0;300;5;0;0;0;584;13;597;0,476
06/11/2022;2022;11;8;0;0;1111;16;0;1127;0;0;270;5;0;0;0;526;13;539;0,478
06/11/2022;2022;11;9;0;24;1147;19;0;1190;0;5;277;6;0;0;16;539;15;570;0,479
06/11/2022;2022;11;10;0;34;1186;19;0;1239;0;7;285;6;0;0;22;554;15;592;0,477
06/11/2022;2022;11;11;0;36;1277;29;0;1342;0;7;302;8;0;0;23;587;23;634;0,472
06/11/2022;2022;11;12;0;36;1299;33;0;1367;0;7;312;9;0;0;24;608;25;657;0,480
06/11/2022;2022;11;13;0;26;1365;33;0;1424;0;5;343;9;0;0;17;668;25;710;0,499
06/11/2022;2022;11;14;0;0;1421;34;0;1456;0;0;354;10;0;0;0;689;26;715;0,491
06/11/2022;2022;11;15;0;0;1568;47;0;1615;0;0;386;13;0;0;0;751;34;786;0,487
06/11/2022;2022;11;16;0;0;1436;54;0;1490;0;0;362;14;0;0;0;705;39;744;0,499
06/11/2022;2022;11;17;0;0;1565;32;0;1597;0;0;398;9;0;0;0;775;25;799;0,501
06/11/2022;2022;11;18;0;0;1414;31;0;1446;0;0;353;9;0;0;0;689;24;713;0,493
06/11/2022;2022;11;19;0;0;1472;20;0;1492;0;0;372;6;0;0;0;726;16;741;0,497
06/11/2022;2022;11;20;0;0;1658;28;0;1686;0;0;419;8;0;0;0;816;22;839;0,497
06/11/2022;2022;11;21;0;0;1607;29;0;1636;0;0;395;8;0;0;0;769;23;792;0,484
06/11/2022;2022;11;22;0;0;1814;29;0;1843;0;0;464;8;0;0;0;905;23;927;0,503
06/11/2022;2022;11;23;0;0;1600;18;0;1618;0;0;409;5;0;0;0;797;15;812;0,502
06/11/2022;2022;11;24;0;0;1609;18;0;1627;0;0;420;5;0;0;0;818;15;833;0,512
07/11/2022;2022;11;1;0;0;1400;18;0;1418;0;0;367;5;0;0;0;715;15;730;0,515
07/11/2022;2022;11;2;0;0;1285;18;0;1302;0;0;322;5;0;0;0;627;14;641;0,492
07/11/2022;2022;11;3;0;0;1259;17;0;1276;0;0;306;5;0;0;0;596;13;609;0,477
07/11/2022;2022;11;4;0;0;1216;17;0;1232;0;0;299;5;0;0;0;582;13;595;0,483
07/11/2022;2022;11;5;0;0;1232;16;0;1248;0;0;310;5;0;0;0;604;13;617;0,495
07/11/2022;2022;11;6;0;0;1250;16;0;1266;0;0;318;5;0;0;0;619;13;632;0,499
07/11/2022;2022;11;7;0;0;1276;13;0;1288;0;0;329;4;0;0;0;640;10;650;0,505
07/11/2022;2022;11;8;0;0;1536;17;0;1554;0;0;402;5;0;0;0;784;14;798;0,514
07/11/2022;2022;11;9;0;0;1569;17;0;1587;0;0;399;5;0;0;0;778;14;792;0,499
07/11/2022;2022;11;10;0;0;1595;20;0;1614;0;0;398;6;0;0;0;776;16;792;0,490
07/11/2022;2022;11;11;0;0;1615;20;0;1635;0;0;424;6;0;0;0;826;16;842;0,515
07/11/2022;2022;11;12;0;0;1673;20;0;1693;0;0;432;6;0;0;0;843;16;859;0,507
07/11/2022;2022;11;13;0;0;1703;21;0;1724;0;0;440;6;0;0;0;858;17;875;0,507
07/11/2022;2022;11;14;0;0;1863;22;0;1885;0;0;491;6;0;0;0;956;17;973;0,516
07/11/2022;2022;11;15;0;0;1809;24;0;1832;0;0;481;7;0;0;0;936;19;955;0,521
07/11/2022;2022;11;16;0;0;1673;83;0;1756;0;0;446;25;0;0;0;868;67;936;0,533
07/11/2022;2022;11;17;0;0;1695;131;0;1827;0;0;454;30;0;0;0;885;82;967;0,529
07/11/2022;2022;11;18;0;0;1616;129;0;1744;0;0;412;30;0;0;0;803;80;883;0,506
07/11/2022;2022;11;19;0;0;1535;155;0;1690;0;0;394;38;0;0;0;767;102;869;0,514
07/11/2022;2022;11;20;0;0;1532;285;0;1817;0;0;395;69;0;0;0;769;186;955;0,525
07/11/2022;2022;11;21;0;0;1547;350;0;1898;0;0;398;90;0;0;0;775;242;1017;0,536
07/11/2022;2022;11;22;0;0;1487;364;0;1850;0;0;382;89;0;0;0;744;240;984;0,532
07/11/2022;2022;11;23;0;0;1509;244;0;1753;0;0;384;59;0;0;0;747;160;907;0,517
07/11/2022;2022;11;24;0;0;1379;261;0;1640;0;0;342;62;0;0;0;667;168;835;0,509
08/11/2022;2022;11;1;0;0;1217;270;0;1487;0;0;297;61;0;0;0;578;166;744;0,500
08/11/2022;2022;11;2;0;0;1196;261;0;1457;0;0;293;57;0;0;0;571;155;726;0,498
08/11/2022;2022;11;3;0;0;1150;194;0;1343;0;0;276;42;0;0;0;539;113;652;0,485
08/11/2022;2022;11;4;0;0;1122;213;0;1335;0;0;277;49;0;0;0;539;131;671;0,502
08/11/2022;2022;11;5;0;0;1054;242;0;1296;0;0;258;52;0;0;0;503;139;642;0,495
08/11/2022;2022;11;6;0;0;1158;243;0;1401;0;0;293;51;0;0;0;570;137;707;0,505
08/11/2022;2022;11;7;0;0;1078;244;0;1322;0;0;271;52;0;0;0;527;142;669;0,506
08/11/2022;2022;11;8;0;0;1316;244;0;1560;0;0;332;52;0;0;0;646;141;787;0,504
08/11/2022;2022;11;9;0;0;1340;245;0;1585;0;0;339;52;0;0;0;660;142;801;0,505
08/11/2022;2022;11;10;0;0;1516;243;0;1760;0;0;386;52;0;0;0;753;140;892;0,507
08/11/2022;2022;11;11;0;0;1624;230;0;1854;0;0;419;49;0;0;0;816;131;948;0,511
08/11/2022;2022;11;12;0;0;1656;228;0;1884;0;0;435;49;0;0;0;848;132;980;0,520
08/11/2022;2022;11;13;0;0;1728;230;0;1957;0;0;443;50;0;0;0;863;135;998;0,510
08/11/2022;2022;11;14;0;0;1534;243;0;1777;0;0;387;53;0;0;0;754;142;896;0,504
08/11/2022;2022;11;15;0;0;1607;249;0;1856;0;0;407;54;0;0;0;793;145;937;0,505
08/11/2022;2022;11;16;0;0;1713;250;0;1963;0;0;438;54;0;0;0;853;146;999;0,509
08/11/2022;2022;11;17;0;0;1560;317;0;1876;0;0;401;67;0;0;0;781;181;962;0,512
08/11/2022;2022;11;18;0;0;1425;447;0;1871;0;0;358;104;0;0;0;698;279;977;0,522
08/11/2022;2022;11;19;0;0;1378;474;0;1851;0;0;343;109;0;0;0;669;293;962;0,519
08/11/2022;2022;11;20;0;0;1237;479;0;1716;0;0;304;110;0;0;0;593;297;890;0,519
08/11/2022;2022;11;21;0;0;1296;531;0;1827;0;0;317;128;0;0;0;618;344;962;0,527
08/11/2022;2022;11;22;0;0;1450;537;0;1987;0;0;366;127;0;0;0;713;344;1057;0,532
08/11/2022;2022;11;23;0;0;1457;430;0;1887;0;0;367;101;0;0;0;715;273;988;0,524
08/11/2022;2022;11;24;0;0;1196;424;0;1620;0;0;296;98;0;0;0;577;265;842;0,520
09/11/2022;2022;11;1;0;0;1168;424;0;1592;0;0;294;98;0;0;0;572;264;837;0,526
09/11/2022;2022;11;2;0;0;1113;359;0;1472;0;0;283;83;0;0;0;551;225;776;0,527
09/11/2022;2022;11;3;0;0;1123;331;0;1454;0;0;283;72;0;0;0;552;195;747;0,514
09/11/2022;2022;11;4;0;0;1093;295;0;1388;0;0;276;63;0;0;0;537;171;708;0,510
09/11/2022;2022;11;5;0;0;1081;296;0;1377;0;0;273;63;0;0;0;533;171;703;0,511
09/11/2022;2022;11;6;0;0;1074;294;0;1368;0;0;272;63;0;0;0;530;170;701;0,512
09/11/2022;2022;11;7;0;0;1030;292;0;1322;0;0;256;64;0;0;0;498;172;670;0,507
09/11/2022;2022;11;8;0;0;1120;295;0;1415;0;0;280;65;0;0;0;545;175;720;0,508
09/11/2022;2022;11;9;0;0;1213;301;0;1514;0;0;307;66;0;0;0;598;178;776;0,513
09/11/2022;2022;11;10;0;0;1328;301;0;1629;0;0;346;66;0;0;0;674;178;852;0,523
09/11/2022;2022;11;11;0;0;1423;324;0;1747;0;0;369;72;0;0;0;719;195;914;0,523
09/11/2022;2022;11;12;0;0;1394;347;0;1742;0;0;359;81;0;0;0;700;217;917;0,527
09/11/2022;2022;11;13;0;0;1412;367;0;1779;0;0;364;84;0;0;0;708;227;935;0,526
09/11/2022;2022;11;14;0;0;1416;375;0;1790;0;0;365;86;0;0;0;711;233;944;0,527
09/11/2022;2022;11;15;0;0;1437;392;0;1829;0;0;372;90;0;0;0;725;243;968;0,529
09/11/2022;2022;11;16;0;0;1467;391;0;1858;0;0;382;91;0;0;0;745;245;990;0,533
09/11/2022;2022;11;17;0;0;1388;405;0;1793;0;0;362;97;0;0;0;705;262;967;0,539
09/11/2022;2022;11;18;0;0;1204;541;0;1745;0;0;310;134;0;0;0;605;362;967;0,554
09/11/2022;2022;11;19;0;0;1156;587;0;1743;0;0;296;144;0;0;0;576;388;964;0,553
09/11/2022;2022;11;20;0;0;1181;607;0;1788;0;0;305;151;0;0;0;594;407;1001;0,560
09/11/2022;2022;11;21;0;0;1248;683;0;1931;0;0;308;166;0;0;0;599;449;1048;0,543
09/11/2022;2022;11;22;0;0;1279;687;0;1966;0;0;314;167;0;0;0;613;452;1064;0,541
09/11/2022;2022;11;23;0;0;1265;667;0;1932;0;0;312;165;0;0;0;607;444;1051;0,544
09/11/2022;2022;11;24;0;0;1053;592;0;1644;0;0;244;145;0;0;0;474;391;866;0,526
10/11/2022;2022;11;1;0;0;973;539;0;1513;0;0;263;132;0;0;0;512;355;866;0,573
10/11/2022;2022;11;2;0;0;977;512;0;1490;0;0;276;114;0;0;0;537;309;846;0,568
10/11/2022;2022;11;3;0;0;869;488;0;1357;0;0;261;109;0;0;0;508;294;803;0,592
10/11/2022;2022;11;4;0;0;952;460;0;1412;0;0;288;102;0;0;0;561;275;836;0,592
10/11/2022;2022;11;5;0;0;868;457;0;1325;0;0;263;101;0;0;0;512;273;785;0,593
10/11/2022;2022;11;6;0;0;872;460;0;1331;0;0;263;102;0;0;0;513;274;788;0,592
10/11/2022;2022;11;7;0;0;980;455;0;1436;0;0;283;101;0;0;0;551;271;822;0,573
10/11/2022;2022;11;8;0;0;1140;458;0;1599;0;0;327;101;0;0;0;637;273;910;0,569
10/11/2022;2022;11;9;0;0;1169;463;0;1632;0;0;336;102;0;0;0;655;276;931;0,571
10/11/2022;2022;11;10;0;0;1246;492;0;1738;0;0;358;112;0;0;0;697;301;998;0,574
10/11/2022;2022;11;11;0;0;1340;495;0;1835;0;0;384;113;0;0;0;748;304;1052;0,573
10/11/2022;2022;11;12;0;0;1352;496;0;1848;0;0;387;113;0;0;0;755;305;1060;0,573
10/11/2022;2022;11;13;0;0;1363;500;0;1863;0;0;392;114;0;0;0;764;308;1072;0,575
10/11/2022;2022;11;14;0;0;1479;510;0;1990;0;0;438;117;0;0;0;853;316;1169;0,588
10/11/2022;2022;11;15;0;0;1348;520;0;1868;0;0;411;120;0;0;0;801;322;1123;0,601
10/11/2022;2022;11;16;0;0;1252;580;0;1832;0;0;373;141;0;0;0;726;380;1105;0,603
10/11/2022;2022;11;17;0;0;1051;712;0;1763;0;0;311;180;0;0;0;606;484;1090;0,618
10/11/2022;2022;11;18;0;0;652;1085;0;1737;0;0;184;286;0;0;0;359;771;1130;0,651
10/11/2022;2022;11;19;0;0;909;879;0;1788;0;0;265;215;0;0;0;517;580;1097;0,614
10/11/2022;2022;11;20;0;0;846;850;0;1696;0;0;244;208;0;0;0;475;560;1036;0,611
10/11/2022;2022;11;21;0;0;1133;840;0;1973;0;0;320;202;0;0;0;624;544;1168;0,592
10/11/2022;2022;11;22;0;0;1108;762;0;1869;0;0;321;184;0;0;0;626;495;1121;0,600
10/11/2022;2022;11;23;0;0;1078;642;0;1720;0;0;311;147;0;0;0;605;397;1002;0,582
10/11/2022;2022;11;24;0;0;1026;560;0;1586;0;0;298;127;0;0;0;580;342;922;0,581
11/11/2022;2022;11;1;0;0;980;501;0;1481;0;0;292;116;0;0;0;568;312;880;0,594
11/11/2022;2022;11;2;0;0;903;487;0;1389;0;0;273;110;0;0;0;531;297;829;0,596
11/11/2022;2022;11;3;0;0;872;472;0;1344;0;0;266;105;0;0;0;518;283;801;0,596
11/11/2022;2022;11;4;0;0;855;467;0;1323;0;0;261;104;0;0;0;509;280;789;0,596
11/11/2022;2022;11;5;0;0;849;466;0;1315;0;0;260;104;0;0;0;507;281;787;0,599
11/11/2022;2022;11;6;0;0;847;471;0;1318;0;0;260;105;0;0;0;506;284;790;0,600
11/11/2022;2022;11;7;0;0;896;466;0;1361;0;0;271;103;0;0;0;529;279;807;0,593
11/11/2022;2022;11;8;0;0;1045;466;0;1510;0;0;315;103;0;0;0;614;279;893;0,591
11/11/2022;2022;11;9;0;0;1248;466;0;1714;0;0;372;103;0;0;0;724;279;1002;0,585
11/11/2022;2022;11;10;0;0;1401;466;0;1867;0;0;437;104;0;0;0;851;279;1130;0,605
11/11/2022;2022;11;11;0;0;1405;507;0;1912;0;0;434;115;0;0;0;845;310;1155;0,604
11/11/2022;2022;11;12;0;11;1296;522;0;1829;0;2;417;119;0;0;7;813;320;1140;0,623
11/11/2022;2022;11;13;0;136;1180;520;0;1836;0;28;385;118;0;0;88;750;319;1157;0,630
11/11/2022;2022;11;14;0;186;1110;533;0;1830;0;37;372;122;0;0;119;725;328;1172;0,640
11/11/2022;2022;11;15;0;60;1190;644;0;1894;0;12;415;147;0;0;39;808;396;1243;0,656
11/11/2022;2022;11;16;0;0;1251;608;0;1859;0;0;421;153;0;0;0;820;413;1233;0,663
11/11/2022;2022;11;17;0;136;951;775;0;1862;0;29;317;222;0;0;92;618;598;1308;0,702
11/11/2022;2022;11;18;5;262;498;1057;0;1821;2;55;189;258;0;5;174;369;697;1245;0,683
11/11/2022;2022;11;19;28;260;289;1188;0;1765;12;55;94;292;0;29;173;183;788;1173;0,665
11/11/2022;2022;11;20;30;262;296;1215;0;1803;13;55;98;300;0;31;174;192;810;1207;0,669
11/11/2022;2022;11;21;30;261;217;1335;0;1843;13;55;52;333;0;31;174;102;897;1203;0,653
11/11/2022;2022;11;22;36;260;490;1047;0;1833;16;54;176;256;0;37;172;342;691;1243;0,678
11/11/2022;2022;11;23;40;95;932;760;0;1827;18;20;328;179;0;41;62;638;481;1223;0,670
11/11/2022;2022;11;24;40;0;996;621;0;1656;18;0;348;142;0;41;0;678;384;1104;0,666
12/11/2022;2022;11;1;40;0;957;592;0;1588;18;0;274;133;0;41;0;533;359;933;0,587
12/11/2022;2022;11;2;40;0;904;544;0;1488;18;0;244;121;0;41;0;476;326;843;0,566
12/11/2022;2022;11;3;40;0;871;520;0;1430;18;0;257;111;0;41;0;500;300;841;0,588
12/11/2022;2022;11;4;40;0;857;496;0;1392;18;0;227;106;0;41;0;443;287;771;0,554
12/11/2022;2022;11;5;40;0;863;497;0;1399;18;0;234;107;0;41;0;456;288;786;0,561
12/11/2022;2022;11;6;40;0;827;512;0;1379;18;0;219;111;0;41;0;427;300;768;0,557
12/11/2022;2022;11;7;40;0;699;573;0;1311;18;0;164;128;0;41;0;320;346;708;0,540
12/11/2022;2022;11;8;2;0;756;569;0;1328;1;0;191;128;0;3;0;372;344;719;0,541
12/11/2022;2022;11;9;0;0;872;527;0;1399;0;0;233;121;0;0;0;453;325;779;0,557
12/11/2022;2022;11;10;0;0;921;526;0;1447;0;0;236;121;0;0;0;460;325;785;0,542
12/11/2022;2022;11;11;0;0;994;542;0;1535;0;0;243;124;0;0;0;474;336;810;0,527
12/11/2022;2022;11;12;0;0;990;540;0;1530;0;0;242;124;0;0;0;472;335;807;0,528
12/11/2022;2022;11;13;0;0;1043;529;0;1572;0;0;271;121;0;0;0;527;328;855;0,544
12/11/2022;2022;11;14;0;0;1064;527;0;1591;0;0;274;121;0;0;0;535;327;862;0,542
12/11/2022;2022;11;15;0;0;1143;535;0;1679;0;0;294;124;0;0;0;573;334;907;0,541
12/11/2022;2022;11;16;0;0;1142;548;0;1690;0;0;294;127;0;0;0;572;343;915;0,541
12/11/2022;2022;11;17;0;0;1177;555;0;1731;0;0;305;129;0;0;0;593;348;942;0,544
12/11/2022;2022;11;18;0;0;1177;552;0;1728;0;0;303;128;0;0;0;591;346;937;0,542
12/11/2022;2022;11;19;0;0;1053;544;0;1597;0;0;282;126;0;0;0;549;339;889;0,557
12/11/2022;2022;11;20;0;0;1093;586;0;1679;0;0;278;140;0;0;0;542;378;920;0,548
12/11/2022;2022;11;21;0;0;872;819;0;1691;0;0;204;212;0;0;0;397;571;968;0,572
12/11/2022;2022;11;22;0;0;898;776;0;1675;0;0;213;207;0;0;0;415;558;973;0,581
12/11/2022;2022;11;23;0;0;1045;588;0;1633;0;0;257;146;0;0;0;501;393;893;0,547
12/11/2022;2022;11;24;0;0;922;564;0;1487;0;0;224;133;0;0;0;435;360;795;0,535
13/11/2022;2022;11;1;0;0;896;532;0;1428;0;0;212;122;0;0;0;412;330;742;0,520
13/11/2022;2022;11;2;0;0;856;521;0;1377;0;0;198;119;0;0;0;386;321;707;0,513
13/11/2022;2022;11;3;0;0;853;515;0;1368;0;0;197;119;0;0;0;385;320;704;0,515
13/11/2022;2022;11;4;0;0;772;520;0;1292;0;0;172;119;0;0;0;335;322;658;0,509
13/11/2022;2022;11;5;0;0;724;520;0;1244;0;0;156;119;0;0;0;304;322;626;0,503
13/11/2022;2022;11;6;0;0;724;519;0;1242;0;0;156;119;0;0;0;304;321;625;0,503
13/11/2022;2022;11;7;0;0;662;496;0;1158;0;0;132;113;0;0;0;256;304;560;0,484
13/11/2022;2022;11;8;0;0;664;488;0;1152;0;0;132;110;0;0;0;257;298;555;0,482
13/11/2022;2022;11;9;0;3;679;518;0;1199;0;1;138;115;0;0;2;269;310;582;0,485
13/11/2022;2022;11;10;0;4;706;554;0;1264;0;1;148;124;0;0;3;288;335;626;0,495
13/11/2022;2022;11;11;0;4;770;570;0;1344;0;1;144;129;0;0;3;281;347;632;0,470
13/11/2022;2022;11;12;0;3;807;570;0;1380;0;1;162;129;0;0;2;315;347;665;0,482
13/11/2022;2022;11;13;0;0;792;609;0;1401;0;0;146;150;0;0;0;285;405;690;0,492
13/11/2022;2022;11;14;0;0;775;663;0;1438;0;0;148;158;0;0;0;288;425;714;0,497
13/11/2022;2022;11;15;0;2;774;608;0;1384;0;1;148;143;0;0;2;288;386;676;0,488
13/11/2022;2022;11;16;0;4;673;712;0;1389;0;1;132;171;0;0;3;257;462;722;0,520
13/11/2022;2022;11;17;0;5;760;602;0;1368;0;1;173;137;0;0;4;337;371;712;0,521
13/11/2022;2022;11;18;4;5;818;575;0;1402;2;1;193;132;0;4;4;377;355;739;0,528
13/11/2022;2022;11;19;0;9;797;570;0;1376;0;2;170;130;0;0;6;331;351;688;0,500
13/11/2022;2022;11;20;0;6;885;561;0;1452;0;1;197;127;0;0;4;384;343;732;0,504
13/11/2022;2022;11;21;0;14;1022;549;0;1585;0;3;238;125;0;0;10;464;338;812;0,513
13/11/2022;2022;11;22;17;54;989;533;0;1594;8;12;228;123;0;18;38;444;332;831;0,521
13/11/2022;2022;11;23;28;11;949;527;0;1515;13;3;219;121;0;29;8;426;327;791;0,522
13/11/2022;2022;11;24;30;15;845;524;0;1413;13;4;180;121;0;31;11;350;326;718;0,508
14/11/2022;2022;11;1;30;2;1017;511;0;1560;13;1;299;117;0;31;2;582;316;931;0,597
14/11/2022;2022;11;2;30;0;737;510;0;1277;13;0;223;117;0;31;0;435;315;780;0,611
14/11/2022;2022;11;3;30;0;732;505;0;1267;13;0;222;115;0;31;0;432;311;774;0,611
14/11/2022;2022;11;4;30;0;897;502;0;1429;13;0;266;115;0;31;0;519;311;860;0,602
14/11/2022;2022;11;5;33;0;773;507;0;1313;15;0;249;116;0;35;0;485;314;834;0,635
14/11/2022;2022;11;6;35;0;834;507;0;1375;15;0;265;116;0;36;0;517;313;866;0,630
14/11/2022;2022;11;7;35;0;915;509;0;1458;15;0;297;118;0;36;0;579;318;932;0,639
14/11/2022;2022;11;8;35;0;822;522;0;1378;15;0;265;121;0;36;0;517;327;880;0,639
14/11/2022;2022;11;9;35;0;868;536;0;1439;15;0;277;125;0;36;0;541;337;913;0,635
14/11/2022;2022;11;10;35;0;1017;554;0;1606;15;0;310;130;0;36;0;604;350;991;0,617
14/11/2022;2022;11;11;35;0;1070;571;0;1675;15;0;337;135;0;36;0;657;364;1057;0,631
14/11/2022;2022;11;12;35;0;1187;617;0;1839;15;0;383;149;0;36;0;746;402;1184;0,644
14/11/2022;2022;11;13;35;0;1156;639;0;1830;15;0;359;153;0;36;0;699;412;1146;0,626
14/11/2022;2022;11;14;35;0;1097;656;0;1787;15;0;339;157;0;36;0;661;423;1121;0,627
14/11/2022;2022;11;15;35;0;1002;667;0;1704;15;0;320;167;0;36;0;623;451;1110;0,652
14/11/2022;2022;11;16;35;0;1057;757;0;1849;15;0;337;193;0;36;0;656;520;1212;0,656
14/11/2022;2022;11;17;35;0;1098;722;0;1855;15;0;357;185;0;36;0;696;498;1230;0,663
14/11/2022;2022;11;18;35;0;1091;661;0;1786;15;0;356;166;0;36;0;694;448;1177;0,659
14/11/2022;2022;11;19;35;0;819;761;0;1615;15;0;285;198;0;36;0;555;533;1124;0,696
14/11/2022;2022;11;20;35;0;885;676;0;1595;15;0;314;164;0;36;0;612;443;1091;0,684
14/11/2022;2022;11;21;35;0;1011;701;0;1747;15;0;342;164;0;36;0;667;442;1144;0,655
14/11/2022;2022;11;22;35;0;944;760;0;1739;15;0;319;179;0;36;0;621;483;1140;0,655
14/11/2022;2022;11;23;35;0;938;707;0;1680;15;0;319;170;0;36;0;621;459;1116;0,664
14/11/2022;2022;11;24;35;0;954;592;0;1580;15;0;291;136;0;36;0;567;368;971;0,614
15/11/2022;2022;11;1;35;0;892;527;0;1454;15;0;249;116;0;36;0;485;314;834;0,574
15/11/2022;2022;11;2;35;0;911;524;0;1469;15;0;259;116;0;36;0;505;312;853;0,581
15/11/2022;2022;11;3;35;0;783;456;0;1274;15;0;228;99;0;36;0;443;268;747;0,587
15/11/2022;2022;11;4;35;0;784;441;0;1259;15;0;228;97;0;36;0;443;261;740;0,588
15/11/2022;2022;11;5;35;0;785;440;0;1260;15;0;228;97;0;36;0;444;261;741;0,588
15/11/2022;2022;11;6;35;0;784;439;0;1258;15;0;228;96;0;36;0;444;260;740;0,588
15/11/2022;2022;11;7;35;0;791;439;0;1264;15;0;234;96;0;36;0;456;259;751;0,595
15/11/2022;2022;11;8;35;0;1050;438;0;1523;15;0;320;96;0;36;0;623;258;917;0,602
15/11/2022;2022;11;9;35;0;1060;443;0;1538;15;0;318;98;0;36;0;619;263;918;0,597
15/11/2022;2022;11;10;35;0;1085;472;0;1591;15;0;312;105;0;36;0;609;284;928;0,583
15/11/2022;2022;11;11;35;0;1164;476;0;1674;15;0;333;107;0;36;0;648;288;972;0,581
15/11/2022;2022;11;12;35;0;1200;507;0;1741;15;0;344;116;0;36;0;670;312;1018;0,585
15/11/2022;2022;11;13;35;0;1155;584;0;1773;15;0;347;134;0;36;0;677;361;1074;0,606
15/11/2022;2022;11;14;35;0;1100;693;0;1828;15;0;344;162;0;36;0;671;438;1145;0,626
15/11/2022;2022;11;15;35;0;799;1018;0;1851;15;0;268;266;0;36;0;522;719;1276;0,690
15/11/2022;2022;11;16;35;0;575;1277;0;1886;15;0;174;332;0;36;0;339;895;1269;0,673
15/11/2022;2022;11;17;35;0;583;1328;0;1946;15;0;170;330;0;36;0;330;889;1256;0,645
15/11/2022;2022;11;18;35;0;649;1204;0;1887;15;0;189;296;0;36;0;368;798;1202;0,637
15/11/2022;2022;11;19;35;0;650;1151;0;1836;15;0;189;278;0;36;0;369;750;1154;0,629
15/11/2022;2022;11;20;35;161;433;1198;0;1826;15;34;121;296;0;36;107;235;798;1176;0,644
15/11/2022;2022;11;21;35;256;297;1392;0;1979;15;53;69;356;0;36;169;135;960;1300;0,657
15/11/2022;2022;11;22;35;257;37;1629;0;1957;15;53;19;423;0;36;169;37;1140;1382;0,706
15/11/2022;2022;11;23;35;69;250;1541;0;1894;15;15;63;397;0;36;47;123;1071;1277;0,674
15/11/2022;2022;11;24;35;0;485;1220;0;1739;15;0;154;320;0;36;0;301;864;1200;0,690
16/11/2022;2022;11;1;35;0;540;1094;0;1669;15;0;136;293;0;36;0;264;790;1090;0,653
16/11/2022;2022;11;2;35;0;677;786;0;1498;15;0;167;196;0;36;0;326;529;891;0,595
16/11/2022;2022;11;3;35;0;646;754;0;1435;15;0;158;172;0;36;0;308;465;808;0,563
16/11/2022;2022;11;4;35;0;639;737;0;1410;15;0;151;158;0;36;0;294;425;756;0,536
16/11/2022;2022;11;5;35;0;662;715;0;1412;15;0;166;155;0;36;0;323;419;777;0,550
16/11/2022;2022;11;6;35;0;673;718;0;1426;15;0;169;156;0;36;0;329;420;784;0,550
16/11/2022;2022;11;7;35;0;681;724;0;1439;15;0;170;157;0;36;0;331;424;791;0,550
16/11/2022;2022;11;8;35;0;750;748;0;1533;15;0;195;168;0;36;0;379;453;868;0,566
16/11/2022;2022;11;9;35;0;819;803;0;1656;15;0;218;182;0;36;0;425;491;952;0,575
16/11/2022;2022;11;10;35;0;929;809;0;1772;15;0;264;184;0;36;0;515;496;1047;0,591
16/11/2022;2022;11;11;35;76;843;921;0;1874;15;16;239;220;0;36;50;465;593;1144;0,611
16/11/2022;2022;11;12;35;151;545;1291;0;2022;15;31;132;323;0;36;100;258;871;1264;0,625
16/11/2022;2022;11;13;35;176;0;1816;0;2027;15;36;0;474;0;36;115;0;1280;1431;0,706
16/11/2022;2022;11;14;0;0;0;2135;0;2135;0;0;0;565;0;0;0;0;1524;1524;0,714
16/11/2022;2022;11;15;0;0;0;2387;0;2387;0;0;0;647;0;0;0;0;1744;1744;0,731
16/11/2022;2022;11;16;0;0;0;2264;0;2264;0;0;0;651;0;0;0;0;1757;1757;0,776
16/11/2022;2022;11;17;0;0;0;2199;0;2199;0;0;0;656;0;0;0;0;1770;1770;0,805
16/11/2022;2022;11;18;0;0;0;2144;0;2144;0;0;0;629;0;0;0;0;1695;1695;0,791
16/11/2022;2022;11;19;0;0;1;2128;0;2129;0;0;5;620;0;0;0;9;1673;1683;0,790
16/11/2022;2022;11;20;0;0;0;2122;0;2122;0;0;0;605;0;0;0;0;1632;1632;0,769
16/11/2022;2022;11;21;0;0;0;2134;0;2134;0;0;0;628;0;0;0;0;1694;1694;0,794
16/11/2022;2022;11;22;0;0;0;2300;0;2300;0;0;0;668;0;0;0;0;1801;1801;0,783
16/11/2022;2022;11;23;0;0;0;2047;0;2047;0;0;0;572;0;0;0;0;1543;1543;0,754
16/11/2022;2022;11;24;0;0;0;1968;0;1968;0;0;0;506;0;0;0;0;1364;1364;0,693
17/11/2022;2022;11;1;0;210;0;1650;0;1860;0;52;3;397;0;0;165;6;1070;1241;0,667
17/11/2022;2022;11;2;0;213;0;1564;0;1777;0;53;0;368;0;0;167;0;993;1160;0,653
17/11/2022;2022;11;3;0;213;1;1509;0;1723;0;53;1;347;0;0;168;2;935;1105;0,641
17/11/2022;2022;11;4;0;215;0;1350;0;1564;0;53;0;316;0;0;169;0;853;1022;0,653
17/11/2022;2022;11;5;0;218;0;1607;0;1825;0;54;0;365;0;0;172;0;986;1157;0,634
17/11/2022;2022;11;6;0;215;0;1480;0;1695;0;53;0;328;0;0;169;0;885;1054;0,622
17/11/2022;2022;11;7;0;243;0;1431;0;1674;0;60;0;309;0;0;191;0;834;1025;0,612
17/11/2022;2022;11;8;0;230;0;1419;0;1649;0;56;0;299;0;0;178;0;806;984;0,597
17/11/2022;2022;11;9;0;316;0;1425;0;1741;0;74;0;299;0;0;235;0;807;1042;0,598
17/11/2022;2022;11;10;35;400;2;1429;0;1866;15;89;7;302;0;36;281;14;814;1144;0,613
17/11/2022;2022;11;11;35;429;0;1453;0;1916;15;93;0;310;0;36;295;0;837;1169;0,610
17/11/2022;2022;11;12;0;378;0;1619;0;1996;0;86;0;360;0;0;272;0;971;1244;0,623
17/11/2022;2022;11;13;0;326;0;1728;0;2054;0;76;0;393;0;0;242;0;1059;1301;0,633
17/11/2022;2022;11;14;0;289;0;1836;0;2125;0;69;0;420;0;0;218;0;1132;1350;0,635
17/11/2022;2022;11;15;61;263;0;2067;0;2391;36;63;0;463;0;85;200;0;1250;1535;0,642
17/11/2022;2022;11;16;62;255;0;2142;0;2458;37;61;0;487;0;86;194;0;1314;1594;0,648
17/11/2022;2022;11;17;86;261;0;2131;0;2478;50;63;0;483;0;117;199;0;1302;1618;0,653
17/11/2022;2022;11;18;136;189;0;1789;0;2114;75;46;0;414;0;175;147;0;1117;1439;0,681
17/11/2022;2022;11;19;132;98;0;1971;0;2202;73;26;1;466;0;170;81;2;1256;1510;0,686
17/11/2022;2022;11;20;144;79;0;1766;0;1990;79;22;0;440;0;184;68;0;1188;1440;0,724
17/11/2022;2022;11;21;145;79;0;1859;0;2083;79;22;0;459;0;185;68;0;1238;1491;0,716
17/11/2022;2022;11;22;139;86;0;2100;0;2325;76;23;0;499;0;178;73;0;1347;1598;0,687
17/11/2022;2022;11;23;82;113;2;2070;0;2268;49;29;6;499;0;114;92;12;1346;1564;0,690
17/11/2022;2022;11;24;0;114;0;2052;0;2166;0;29;0;491;0;0;93;0;1325;1418;0,655
18/11/2022;2022;11;1;0;84;52;1667;0;1803;0;22;28;417;0;0;71;55;1126;1252;0,694
18/11/2022;2022;11;2;0;79;0;1641;0;1720;0;21;0;406;0;0;67;0;1094;1161;0,675
18/11/2022;2022;11;3;0;79;0;1537;0;1615;0;21;0;380;0;0;67;0;1024;1091;0,675
18/11/2022;2022;11;4;0;79;0;1712;0;1791;0;21;0;401;0;0;67;0;1082;1149;0,642
18/11/2022;2022;11;5;0;78;0;1600;0;1678;0;21;0;372;0;0;67;0;1004;1071;0,638
18/11/2022;2022;11;6;0;78;0;1422;0;1500;0;21;0;330;0;0;67;0;890;957;0,638
18/11/2022;2022;11;7;0;79;0;1679;0;1757;0;21;0;375;0;0;68;0;1013;1080;0,615
18/11/2022;2022;11;8;9;79;0;1681;0;1770;6;21;0;378;0;15;67;0;1018;1101;0,622
18/11/2022;2022;11;9;42;135;0;1692;0;1869;26;33;0;378;0;60;106;0;1019;1184;0,634
18/11/2022;2022;11;10;109;191;0;1633;0;1933;62;45;1;357;0;145;144;3;963;1255;0,649
18/11/2022;2022;11;11;70;208;5;1820;0;2103;43;49;12;399;0;99;155;24;1076;1355;0,644
18/11/2022;2022;11;12;0;259;0;1789;0;2048;0;60;0;388;0;0;189;0;1047;1236;0,604
18/11/2022;2022;11;13;0;210;0;2005;0;2215;0;49;0;455;0;0;157;0;1228;1385;0,625
18/11/2022;2022;11;14;0;211;0;2187;0;2398;0;50;0;516;0;0;158;0;1393;1551;0,647
18/11/2022;2022;11;15;0;173;0;2155;0;2328;0;42;0;557;0;0;134;0;1503;1636;0,703
18/11/2022;2022;11;16;0;0;0;2285;0;2286;0;0;1;593;0;0;0;1;1599;1601;0,700
18/11/2022;2022;11;17;0;170;0;2160;0;2330;0;41;0;573;0;0;132;0;1545;1677;0,720
18/11/2022;2022;11;18;0;178;0;1995;0;2174;0;43;0;505;0;0;138;0;1361;1499;0,690
18/11/2022;2022;11;19;0;186;1;1916;0;2102;0;45;1;469;0;0;143;3;1265;1411;0,671
18/11/2022;2022;11;20;0;184;0;1918;0;2102;0;45;0;471;0;0;142;0;1270;1412;0,672
18/11/2022;2022;11;21;0;185;0;1937;0;2121;0;45;0;476;0;0;142;0;1284;1427;0,673
18/11/2022;2022;11;22;0;230;0;2057;0;2287;0;54;0;467;0;0;172;0;1259;1431;0,626
18/11/2022;2022;11;23;0;221;2;1935;0;2159;0;52;4;428;0;0;166;8;1154;1328;0,615
18/11/2022;2022;11;24;0;222;0;1908;0;2130;0;52;0;420;0;0;166;0;1133;1300;0,610
19/11/2022;2022;11;1;0;222;0;1895;0;2117;0;53;0;419;0;0;169;0;1129;1297;0,613
19/11/2022;2022;11;2;0;183;0;1562;0;1744;0;45;0;357;0;0;142;0;964;1107;0,634
19/11/2022;2022;11;3;0;180;0;1557;0;1738;0;44;0;356;0;0;141;0;960;1101;0,634
19/11/2022;2022;11;4;0;102;0;1757;0;1859;0;27;0;390;0;0;85;0;1051;1135;0,611
19/11/2022;2022;11;5;0;80;0;1688;0;1768;0;22;0;380;0;0;70;0;1024;1094;0,619
19/11/2022;2022;11;6;0;80;0;1545;0;1625;0;22;0;353;0;0;70;0;951;1021;0,628
19/11/2022;2022;11;7;0;81;0;1416;0;1497;0;21;0;323;0;0;68;0;871;939;0,627
19/11/2022;2022;11;8;40;81;268;1268;0;1657;18;21;60;277;0;41;68;118;748;974;0,588
19/11/2022;2022;11;9;40;81;260;1240;0;1620;18;21;55;268;0;41;68;107;722;938;0,579
19/11/2022;2022;11;10;40;245;352;1223;0;1859;18;55;77;263;0;41;176;149;710;1075;0,578
19/11/2022;2022;11;11;40;426;0;1270;0;1735;18;94;0;272;0;41;299;0;733;1072;0,618
19/11/2022;2022;11;12;0;461;0;1354;0;1815;0;102;0;286;0;0;323;0;772;1095;0,603
19/11/2022;2022;11;13;40;511;1;1351;0;1903;18;113;2;293;0;41;359;3;789;1193;0,627
19/11/2022;2022;11;14;0;385;0;1590;0;1975;0;88;0;353;0;0;280;0;952;1232;0,624
19/11/2022;2022;11;15;0;367;0;1670;0;2037;0;86;0;378;0;0;272;0;1019;1291;0,634
19/11/2022;2022;11;16;0;295;0;1772;0;2066;0;72;0;404;0;0;227;0;1089;1316;0,637
19/11/2022;2022;11;17;0;315;3;1767;0;2084;0;78;6;397;0;0;249;11;1071;1331;0,639
19/11/2022;2022;11;18;0;330;0;1846;0;2176;0;81;0;428;0;0;258;0;1154;1411;0,649
19/11/2022;2022;11;19;0;331;0;1543;0;1874;0;81;0;370;0;0;257;0;997;1254;0,669
19/11/2022;2022;11;20;0;331;0;1554;0;1885;0;81;0;372;0;0;257;0;1004;1261;0,669
19/11/2022;2022;11;21;0;330;0;1912;0;2242;0;82;0;441;0;0;261;0;1188;1449;0,646
19/11/2022;2022;11;22;0;320;0;1890;0;2211;0;79;0;433;0;0;249;0;1168;1417;0,641
19/11/2022;2022;11;23;0;317;0;1653;0;1970;0;79;0;381;0;0;251;0;1027;1278;0,649
19/11/2022;2022;11;24;40;345;323;1240;0;1947;18;84;67;290;0;41;267;131;782;1222;0,627
20/11/2022;2022;11;1;40;189;608;1063;0;1900;18;48;116;246;0;41;152;225;665;1083;0,570
20/11/2022;2022;11;2;40;96;571;1053;0;1760;18;27;117;244;0;41;86;228;658;1013;0,576
20/11/2022;2022;11;3;40;76;635;897;0;1647;18;23;140;204;0;41;73;272;551;936;0,568
20/11/2022;2022;11;4;40;76;643;763;0;1521;18;23;143;164;0;41;73;278;441;833;0,548
20/11/2022;2022;11;5;40;76;687;690;0;1493;18;23;160;141;0;41;73;312;379;805;0,539
20/11/2022;2022;11;6;40;76;686;651;0;1453;18;23;160;132;0;41;73;312;357;783;0,539
20/11/2022;2022;11;7;40;76;649;604;0;1368;18;23;160;127;0;41;73;312;343;768;0,562
20/11/2022;2022;11;8;40;76;657;605;0;1378;18;23;169;127;0;41;73;329;342;785;0,570
20/11/2022;2022;11;9;40;76;692;604;0;1411;18;23;176;126;0;41;73;343;341;798;0,565
20/11/2022;2022;11;10;40;76;730;603;0;1449;18;23;185;126;0;41;73;360;341;814;0,562
20/11/2022;2022;11;11;40;76;790;605;0;1510;18;23;191;127;0;41;73;372;342;828;0,548
20/11/2022;2022;11;12;40;76;843;582;0;1540;18;23;204;119;0;41;73;397;322;833;0,541
20/11/2022;2022;11;13;40;76;1015;503;0;1634;18;23;265;104;0;41;72;515;281;911;0,557
20/11/2022;2022;11;14;40;76;1076;453;0;1645;18;23;271;91;0;41;72;527;245;886;0,539
20/11/2022;2022;11;15;40;127;1106;376;0;1648;18;34;283;72;0;41;107;550;194;893;0,542
20/11/2022;2022;11;16;40;149;1038;368;0;1595;18;39;262;73;0;41;124;510;196;872;0,547
20/11/2022;2022;11;17;40;117;1272;314;0;1743;18;32;348;64;0;41;102;677;173;993;0,570
20/11/2022;2022;11;18;40;76;1229;281;0;1626;18;23;333;59;0;41;73;648;160;922;0,567
20/11/2022;2022;11;19;40;76;1105;281;0;1502;18;23;297;59;0;41;72;579;160;852;0,568
20/11/2022;2022;11;20;40;76;1233;277;0;1626;18;23;347;58;0;41;72;677;157;948;0,583
20/11/2022;2022;11;21;40;76;1276;275;0;1667;18;23;352;58;0;41;73;686;156;956;0,573
20/11/2022;2022;11;22;40;76;1305;274;0;1694;18;23;362;58;0;41;72;704;155;973;0,574
20/11/2022;2022;11;23;40;76;1196;272;0;1583;18;23;325;57;0;41;72;634;153;901;0,569
20/11/2022;2022;11;24;40;76;1193;274;0;1582;18;23;327;57;0;41;72;636;154;904;0,571
21/11/2022;2022;11;1;40;75;1025;273;0;1413;18;23;325;57;0;41;74;633;153;902;0,639
21/11/2022;2022;11;2;40;73;1157;272;0;1541;18;23;331;56;0;41;72;644;152;910;0,590
21/11/2022;2022;11;3;40;73;892;267;0;1272;18;23;265;55;0;41;72;516;149;778;0,611
21/11/2022;2022;11;4;40;73;897;267;0;1276;18;23;266;55;0;41;72;518;148;780;0,611
21/11/2022;2022;11;5;40;73;896;267;0;1275;18;23;266;55;0;41;72;518;149;780;0,611
21/11/2022;2022;11;6;40;72;842;267;0;1221;18;23;255;55;0;41;72;496;149;757;0,620
21/11/2022;2022;11;7;40;72;793;267;0;1172;18;23;246;55;0;41;72;479;149;740;0,632
21/11/2022;2022;11;8;40;72;792;271;0;1175;18;23;246;56;0;41;72;478;151;743;0,632
21/11/2022;2022;11;9;40;72;856;277;0;1245;18;23;275;58;0;41;72;535;155;803;0,645
21/11/2022;2022;11;10;40;72;925;278;0;1316;18;23;278;58;0;41;72;541;157;811;0,616
21/11/2022;2022;11;11;40;72;978;277;0;1368;18;23;291;58;0;41;72;566;156;835;0,610
21/11/2022;2022;11;12;40;72;1022;279;0;1413;18;23;306;58;0;41;72;597;157;866;0,613
21/11/2022;2022;11;13;39;72;1041;278;0;1431;17;23;312;58;0;40;72;608;157;876;0,613
21/11/2022;2022;11;14;35;72;1064;279;0;1450;15;23;319;58;0;36;72;621;157;885;0,611
21/11/2022;2022;11;15;35;72;1091;279;0;1477;15;23;331;58;0;36;72;644;157;909;0,615
21/11/2022;2022;11;16;35;72;1031;279;0;1418;15;23;322;58;0;36;72;627;157;891;0,629
21/11/2022;2022;11;17;35;72;999;279;0;1385;15;23;311;58;0;36;72;605;157;870;0,628
21/11/2022;2022;11;18;35;72;999;280;0;1386;15;23;334;58;0;36;72;650;158;916;0,661
21/11/2022;2022;11;19;38;72;1092;270;0;1473;17;23;355;56;0;40;72;691;151;953;0,647
21/11/2022;2022;11;20;40;72;1104;270;0;1486;18;23;345;56;0;41;72;672;151;935;0,630
21/11/2022;2022;11;21;40;72;1293;270;0;1675;18;23;392;56;0;41;72;763;151;1027;0,613
21/11/2022;2022;11;22;40;72;1324;270;0;1707;18;23;403;56;0;41;72;785;151;1049;0,614
21/11/2022;2022;11;23;40;72;1278;270;0;1660;18;23;396;56;0;41;72;772;150;1035;0,624
21/11/2022;2022;11;24;40;72;1111;270;0;1493;18;23;344;56;0;41;72;669;151;933;0,625
22/11/2022;2022;11;1;40;72;952;271;0;1334;18;23;280;56;0;41;74;546;151;812;0,608
22/11/2022;2022;11;2;40;72;882;268;0;1263;18;23;259;55;0;41;74;504;150;769;0,609
22/11/2022;2022;11;3;40;72;884;267;0;1263;18;23;260;55;0;41;74;506;149;770;0,610
22/11/2022;2022;11;4;40;72;794;267;0;1173;18;23;233;55;0;41;74;455;149;718;0,612
22/11/2022;2022;11;5;40;72;797;267;0;1176;18;23;245;55;0;41;74;478;149;741;0,630
22/11/2022;2022;11;6;40;72;866;267;0;1245;18;23;259;55;0;41;73;504;149;767;0,616
22/11/2022;2022;11;7;40;72;910;268;0;1290;18;23;266;55;0;41;73;518;149;782;0,606
22/11/2022;2022;11;8;40;72;908;269;0;1288;18;23;265;55;0;41;73;517;150;781;0,606
22/11/2022;2022;11;9;40;72;1081;268;0;1460;18;23;323;55;0;41;73;629;149;892;0,611
22/11/2022;2022;11;10;40;72;1173;271;0;1556;18;23;356;56;0;41;73;694;151;959;0,617
22/11/2022;2022;11;11;40;72;1228;276;0;1615;18;23;370;57;0;41;73;722;154;990;0,613
22/11/2022;2022;11;12;40;72;1245;277;0;1634;18;23;375;58;0;41;73;730;156;1001;0,612
22/11/2022;2022;11;13;40;72;1391;280;0;1783;18;23;427;59;0;41;73;832;159;1105;0,620
22/11/2022;2022;11;14;40;72;1208;284;0;1603;18;23;366;60;0;41;73;713;162;990;0,617
22/11/2022;2022;11;15;67;72;1303;287;0;1729;34;23;391;61;0;79;73;762;164;1079;0,624
22/11/2022;2022;11;16;93;72;1189;286;0;1639;49;23;355;60;0;115;73;692;163;1042;0,636
22/11/2022;2022;11;17;151;71;1156;283;0;1662;81;23;351;60;0;189;72;684;161;1107;0,666
22/11/2022;2022;11;18;203;71;1069;284;0;1627;106;23;329;60;0;248;72;641;161;1122;0,690
22/11/2022;2022;11;19;247;71;1048;283;0;1649;127;23;307;60;0;296;72;598;161;1127;0,683
22/11/2022;2022;11;20;224;70;1018;284;0;1596;117;23;281;60;0;272;72;548;161;1054;0,660
22/11/2022;2022;11;21;245;118;1051;314;0;1728;126;32;301;66;0;294;101;586;178;1160;0,671
22/11/2022;2022;11;22;254;70;1047;392;0;1762;130;23;307;87;0;303;72;598;236;1208;0,685
22/11/2022;2022;11;23;253;70;935;399;0;1657;130;23;277;89;0;303;72;539;241;1154;0,696
22/11/2022;2022;11;24;252;70;825;397;0;1544;129;23;242;89;0;301;71;472;240;1084;0,702
23/11/2022;2022;11;1;252;23;838;334;0;1447;129;8;243;73;0;301;24;474;198;996;0,689
23/11/2022;2022;11;2;254;0;753;314;0;1321;130;0;212;70;0;303;0;413;189;905;0,685
23/11/2022;2022;11;3;180;0;776;355;0;1311;94;0;229;77;0;220;0;447;207;874;0,667
23/11/2022;2022;11;4;152;0;735;375;0;1261;81;0;209;79;0;189;0;407;213;809;0,642
23/11/2022;2022;11;5;156;0;734;375;0;1265;83;0;209;79;0;194;0;407;213;814;0,644
23/11/2022;2022;11;6;156;0;734;374;0;1264;83;0;208;79;0;194;0;406;213;813;0,643
23/11/2022;2022;11;7;163;0;917;374;0;1455;87;0;268;79;0;203;0;522;213;938;0,645
23/11/2022;2022;11;8;222;0;945;377;0;1544;115;0;282;79;0;269;0;550;214;1033;0,669
23/11/2022;2022;11;9;254;0;890;394;0;1538;130;0;281;84;0;303;0;547;228;1078;0,701
23/11/2022;2022;11;10;259;0;1065;441;0;1765;131;0;315;99;0;306;0;614;267;1187;0,672
23/11/2022;2022;11;11;259;0;928;477;0;1664;132;0;266;110;0;309;0;519;297;1125;0,676
23/11/2022;2022;11;12;255;0;985;493;0;1734;129;0;274;115;0;301;0;534;310;1145;0,661
23/11/2022;2022;11;13;277;0;1002;505;0;1784;140;0;275;118;0;326;0;536;318;1180;0,661
23/11/2022;2022;11;14;300;0;1008;575;0;1883;152;0;276;137;0;354;0;538;369;1261;0,670
23/11/2022;2022;11;15;287;0;1079;614;0;1981;145;0;300;148;0;339;0;585;398;1322;0,667
23/11/2022;2022;11;16;293;0;1092;678;0;2062;147;0;302;163;0;344;0;589;439;1372;0,665
23/11/2022;2022;11;17;292;0;825;865;0;1982;147;0;224;209;0;344;0;436;564;1344;0,678
23/11/2022;2022;11;18;288;0;769;871;0;1928;145;0;228;210;0;339;0;445;566;1349;0,700
23/11/2022;2022;11;19;288;0;675;910;0;1873;145;0;182;222;0;339;0;354;598;1290;0,689
23/11/2022;2022;11;20;288;0;493;1040;0;1822;145;0;105;256;0;339;0;204;692;1234;0,678
23/11/2022;2022;11;21;298;0;561;1112;0;1970;149;0;135;272;0;349;0;263;733;1345;0,682
23/11/2022;2022;11;22;300;0;565;1105;0;1970;150;0;136;271;0;351;0;264;731;1347;0,683
23/11/2022;2022;11;23;302;0;590;995;0;1887;153;0;150;242;0;356;0;292;653;1301;0,689
23/11/2022;2022;11;24;305;0;478;970;0;1753;155;0;100;235;0;361;0;195;634;1190;0,679
24/11/2022;2022;11;1;305;0;542;899;0;1746;154;0;107;215;0;359;0;208;581;1147;0,657
24/11/2022;2022;11;2;300;0;534;766;0;1601;151;0;106;178;0;354;0;206;479;1039;0,649
24/11/2022;2022;11;3;290;0;531;775;0;1596;148;0;108;185;0;345;0;210;500;1055;0,661
24/11/2022;2022;11;4;301;0;261;867;0;1429;152;0;54;210;0;355;0;105;566;1025;0,717
24/11/2022;2022;11;5;300;0;262;867;0;1429;151;0;54;210;0;353;0;105;566;1024;0,717
24/11/2022;2022;11;6;303;0;258;828;0;1389;152;0;54;199;0;355;0;105;536;995;0,717
24/11/2022;2022;11;7;299;0;524;770;0;1593;153;0;111;188;0;357;0;216;508;1081;0,679
24/11/2022;2022;11;8;296;0;481;781;0;1559;150;0;96;195;0;350;0;187;527;1064;0,682
24/11/2022;2022;11;9;293;0;553;847;0;1693;147;0;135;210;0;344;0;263;568;1175;0,694
24/11/2022;2022;11;10;302;25;477;1074;0;1878;152;5;98;261;0;355;17;190;705;1268;0,675
24/11/2022;2022;11;11;304;48;552;1031;0;1936;153;10;133;254;0;358;31;259;684;1331;0,688
24/11/2022;2022;11;12;294;61;661;1018;0;2034;151;13;172;249;0;352;40;335;671;1398;0,687
24/11/2022;2022;11;13;289;167;568;1139;0;2163;146;35;130;269;0;342;110;252;725;1430;0,661
24/11/2022;2022;11;14;289;243;235;1531;0;2299;146;50;50;375;0;342;159;98;1010;1609;0,700
24/11/2022;2022;11;15;252;45;0;2130;0;2426;130;9;2;535;0;303;29;4;1444;1780;0,734
24/11/2022;2022;11;16;253;51;2;2250;0;2555;130;11;3;559;0;304;35;7;1508;1854;0,725
24/11/2022;2022;11;17;0;60;6;2404;0;2470;0;13;11;598;0;0;40;22;1613;1675;0,678
24/11/2022;2022;11;18;0;60;12;2454;0;2526;0;13;25;614;0;0;40;50;1655;1746;0,691
24/11/2022;2022;11;19;255;60;0;2121;0;2436;131;13;0;527;0;305;40;0;1420;1765;0,725
24/11/2022;2022;11;20;256;60;0;1880;0;2196;132;13;0;454;0;308;41;0;1225;1573;0,716
24/11/2022;2022;11;21;258;116;0;1830;0;2205;133;25;0;436;0;310;78;0;1177;1565;0,710
24/11/2022;2022;11;22;260;137;0;1793;0;2190;133;29;0;427;0;312;93;0;1152;1557;0,711
24/11/2022;2022;11;23;306;1;56;1752;0;2115;154;0;12;420;0;359;1;23;1133;1516;0,717
24/11/2022;2022;11;24;303;0;256;1488;0;2047;153;0;53;354;0;356;0;103;955;1414;0,691
25/11/2022;2022;11;1;297;0;363;1211;0;1872;150;0;81;275;0;350;0;157;743;1251;0,668
25/11/2022;2022;11;2;301;0;361;1149;0;1811;152;0;79;255;0;354;0;153;688;1196;0,660
25/11/2022;2022;11;3;300;0;362;1089;0;1751;151;0;79;239;0;353;0;154;645;1152;0,658
25/11/2022;2022;11;4;300;0;368;1051;0;1719;151;0;80;226;0;353;0;155;610;1118;0,650
25/11/2022;2022;11;5;301;0;351;1032;0;1684;152;0;71;221;0;355;0;139;596;1090;0,647
25/11/2022;2022;11;6;299;0;350;1005;0;1654;151;0;70;215;0;352;0;137;579;1068;0,646
25/11/2022;2022;11;7;304;0;345;974;0;1623;153;0;70;211;0;357;0;136;570;1063;0,655
25/11/2022;2022;11;8;303;0;351;980;0;1634;153;0;84;216;0;357;0;165;582;1103;0,675
25/11/2022;2022;11;9;305;0;422;994;0;1721;154;0;118;219;0;358;0;230;592;1180;0,686
25/11/2022;2022;11;10;305;0;519;1020;0;1843;153;0;153;227;0;358;0;298;613;1269;0,689
25/11/2022;2022;11;11;300;28;518;1088;0;1933;151;6;152;242;0;353;18;296;652;1318;0,682
25/11/2022;2022;11;12;299;39;567;1159;0;2064;150;8;170;267;0;351;25;331;719;1426;0,691
25/11/2022;2022;11;13;302;45;631;1197;0;2176;152;10;187;277;0;354;31;364;747;1496;0,688
25/11/2022;2022;11;14;302;84;535;1303;0;2224;151;17;160;309;0;354;54;313;833;1554;0,699
25/11/2022;2022;11;15;302;98;416;1526;0;2342;152;20;112;372;0;354;63;218;1004;1639;0,700
25/11/2022;2022;11;16;299;118;447;1612;0;2477;151;24;125;401;0;352;76;243;1082;1753;0,708
25/11/2022;2022;11;17;303;111;183;1639;0;2236;152;22;69;406;0;356;71;135;1094;1656;0,741
25/11/2022;2022;11;18;309;98;406;1595;0;2407;155;20;99;394;0;362;62;192;1063;1679;0,697
25/11/2022;2022;11;19;311;92;113;1545;0;2062;156;18;29;377;0;364;59;56;1017;1496;0,726
25/11/2022;2022;11;20;307;90;388;1424;0;2209;154;18;87;338;0;360;58;170;913;1501;0,679
25/11/2022;2022;11;21;310;27;442;1320;0;2099;156;6;112;305;0;363;21;217;821;1423;0,678
25/11/2022;2022;11;22;309;0;497;1248;0;2054;155;0;133;284;0;362;0;259;766;1387;0,675
25/11/2022;2022;11;23;308;0;549;1135;0;1992;154;0;154;255;0;360;0;300;688;1348;0,677
25/11/2022;2022;11;24;302;0;522;1101;0;1925;152;0;135;242;0;354;0;263;651;1269;0,659
26/11/2022;2022;11;1;305;0;582;1180;0;2067;155;0;120;261;0;361;0;234;705;1300;0,629
26/11/2022;2022;11;2;304;0;283;1243;0;1830;155;0;57;276;0;361;0;111;745;1217;0,665
26/11/2022;2022;11;3;306;0;279;1220;0;1805;153;0;61;270;0;358;0;119;730;1207;0,669
26/11/2022;2022;11;4;311;0;283;1058;0;1652;158;0;53;226;0;369;0;103;609;1081;0,654
26/11/2022;2022;11;5;309;0;282;1001;0;1593;155;0;62;211;0;362;0;120;570;1052;0,660
26/11/2022;2022;11;6;308;0;239;987;0;1535;155;0;60;209;0;361;0;116;563;1041;0,678
26/11/2022;2022;11;7;305;0;215;926;0;1446;155;0;43;197;0;361;0;83;531;976;0,675
26/11/2022;2022;11;8;308;0;235;924;0;1467;154;0;53;197;0;360;0;103;532;995;0,678
26/11/2022;2022;11;9;308;16;462;938;0;1723;154;4;102;201;0;360;12;198;542;1112;0,645
26/11/2022;2022;11;10;308;201;216;1030;0;1754;154;41;42;213;0;361;130;82;575;1147;0,654
26/11/2022;2022;11;11;304;325;216;1051;0;1895;152;74;42;219;0;356;234;82;590;1262;0,666
26/11/2022;2022;11;12;303;451;216;1119;0;2089;152;105;42;238;0;355;332;81;641;1410;0,675
26/11/2022;2022;11;13;256;405;0;1383;0;2045;131;100;4;325;0;307;318;7;877;1509;0,738
26/11/2022;2022;11;14;252;417;0;1663;0;2331;129;105;0;387;0;302;333;0;1045;1679;0,720
26/11/2022;2022;11;15;0;448;0;1770;0;2219;0;112;0;418;0;0;357;0;1127;1484;0,669
26/11/2022;2022;11;16;0;450;0;1826;0;2276;0;113;1;439;0;0;358;2;1183;1543;0,678
26/11/2022;2022;11;17;0;460;0;1840;0;2300;0;116;0;444;0;0;368;1;1197;1566;0,681
26/11/2022;2022;11;18;0;459;0;1954;0;2413;0;116;0;478;0;0;368;0;1288;1656;0,686
26/11/2022;2022;11;19;0;460;0;1692;0;2153;0;116;0;438;0;0;369;0;1180;1549;0,720
26/11/2022;2022;11;20;0;461;0;1677;0;2139;0;117;0;417;0;0;370;0;1125;1495;0,699
26/11/2022;2022;11;21;0;465;0;1714;0;2178;0;118;0;399;0;0;373;0;1076;1449;0,665
26/11/2022;2022;11;22;0;471;0;1630;0;2101;0;120;0;377;0;0;379;0;1016;1396;0,664
26/11/2022;2022;11;23;0;473;0;1549;0;2022;0;120;0;352;0;0;380;0;949;1329;0,657
26/11/2022;2022;11;24;0;477;0;1453;0;1929;0;121;0;325;0;0;384;0;876;1260;0,653
27/11/2022;2022;11;1;0;454;0;1383;0;1838;0;120;0;307;0;0;380;0;827;1207;0,657
27/11/2022;2022;11;2;0;454;0;1305;0;1759;0;120;0;282;0;0;379;0;761;1140;0,648
27/11/2022;2022;11;3;0;457;2;1255;0;1714;0;120;9;276;0;0;382;18;745;1145;0,668
27/11/2022;2022;11;4;0;469;0;1125;0;1594;0;123;0;233;0;0;390;0;630;1019;0,639
27/11/2022;2022;11;5;0;452;0;1110;0;1562;0;119;0;229;0;0;378;0;619;997;0,638
27/11/2022;2022;11;6;0;412;0;1073;0;1485;0;109;0;221;0;0;346;0;596;942;0,635
27/11/2022;2022;11;7;0;226;0;1322;0;1547;0;66;0;271;0;0;210;0;730;939;0,607
27/11/2022;2022;11;8;0;272;0;1324;0;1596;0;77;0;267;0;0;243;0;720;963;0,603
27/11/2022;2022;11;9;0;291;0;1320;0;1611;0;81;0;266;0;0;256;0;718;974;0,605
27/11/2022;2022;11;10;0;367;0;1373;0;1741;0;99;0;277;0;0;313;0;747;1059;0,609
27/11/2022;2022;11;11;0;410;0;1377;0;1787;0;109;0;278;0;0;345;0;749;1095;0,613
27/11/2022;2022;11;12;0;463;0;1380;0;1844;0;121;0;279;0;0;384;0;753;1136;0,616
27/11/2022;2022;11;13;230;476;0;1426;0;2132;119;122;0;293;0;279;388;0;791;1457;0,684
27/11/2022;2022;11;14;206;448;0;1502;0;2156;108;117;0;351;0;252;372;0;947;1571;0,729
27/11/2022;2022;11;15;0;488;0;1610;0;2098;0;127;0;395;0;0;404;0;1066;1470;0,701
27/11/2022;2022;11;16;0;486;0;1693;0;2179;0;127;0;416;0;0;402;0;1123;1526;0,700
27/11/2022;2022;11;17;0;484;0;1678;0;2162;0;127;0;422;0;0;401;0;1139;1540;0,712
27/11/2022;2022;11;18;0;478;0;1644;0;2122;0;125;0;413;0;0;397;0;1113;1509;0,711
27/11/2022;2022;11;19;0;476;0;1526;0;2002;0;125;0;375;0;0;395;0;1013;1408;0,703
27/11/2022;2022;11;20;0;457;0;1520;0;1977;0;120;0;345;0;0;379;0;931;1310;0,663
27/11/2022;2022;11;21;0;474;0;1469;0;1943;0;123;0;331;0;0;391;0;893;1283;0,660
27/11/2022;2022;11;22;0;455;0;1639;0;2094;0;119;0;371;0;0;378;0;1000;1378;0,658
27/11/2022;2022;11;23;0;482;1;1758;0;2240;0;125;3;395;0;0;398;6;1064;1468;0,655
27/11/2022;2022;11;24;0;467;0;1787;0;2254;0;122;0;397;0;0;387;0;1071;1459;0,647
28/11/2022;2022;11;1;0;464;0;1772;0;2235;0;120;0;388;0;0;382;0;1046;1428;0,639
28/11/2022;2022;11;2;0;454;0;1425;0;1879;0;118;0;318;0;0;374;0;857;1231;0,655
28/11/2022;2022;11;3;0;457;0;1395;0;1852;0;119;0;321;0;0;377;0;865;1242;0,670
28/11/2022;2022;11;4;0;461;0;1498;0;1959;0;120;0;321;0;0;380;0;865;1245;0,635
28/11/2022;2022;11;5;0;463;0;1460;0;1923;0;120;0;310;0;0;381;0;836;1217;0,633
28/11/2022;2022;11;6;0;458;0;1291;0;1749;0;119;0;279;0;0;377;0;754;1130;0,646
28/11/2022;2022;11;7;0;483;0;1318;0;1801;0;125;0;288;0;0;396;0;775;1172;0,650
28/11/2022;2022;11;8;0;464;0;1425;0;1889;0;120;0;308;0;0;382;0;830;1212;0,642
28/11/2022;2022;11;9;0;484;0;1430;0;1914;0;125;0;302;0;0;398;0;816;1213;0,634
28/11/2022;2022;11;10;0;490;0;1538;0;2028;0;127;0;329;0;0;403;0;887;1290;0,636
28/11/2022;2022;11;11;0;476;0;1641;0;2117;0;123;0;366;0;0;392;0;988;1379;0,652
28/11/2022;2022;11;12;0;492;0;2023;0;2515;0;127;0;484;0;0;404;0;1306;1710;0,680
28/11/2022;2022;11;13;0;282;0;2131;0;2413;0;77;1;560;0;0;243;1;1510;1754;0,727
28/11/2022;2022;11;14;0;279;1;2242;0;2521;0;76;2;615;0;0;241;4;1659;1903;0,755
28/11/2022;2022;11;15;0;77;0;2585;0;2661;0;23;0;734;0;0;73;0;1980;2053;0,771
28/11/2022;2022;11;16;0;78;1;2535;0;2614;0;24;3;740;0;0;75;6;1997;2079;0,795
28/11/2022;2022;11;17;4;81;0;2537;0;2622;3;25;0;745;0;8;80;0;2008;2096;0,799
28/11/2022;2022;11;18;6;87;0;2384;0;2476;4;27;0;688;0;9;86;0;1857;1952;0,788
28/11/2022;2022;11;19;5;90;2;2199;0;2295;3;28;4;634;0;7;90;7;1711;1815;0,791
28/11/2022;2022;11;20;5;231;0;2115;0;2351;4;66;0;605;0;8;210;0;1633;1851;0,787
28/11/2022;2022;11;21;15;273;0;1988;0;2275;9;77;0;576;0;22;243;0;1552;1817;0,799
28/11/2022;2022;11;22;10;296;0;2235;0;2541;6;84;0;598;0;14;265;0;1613;1892;0,745
28/11/2022;2022;11;23;9;266;0;2083;0;2358;6;80;0;543;0;14;255;0;1463;1732;0,734
28/11/2022;2022;11;24;9;236;0;2058;0;2303;6;73;0;540;0;14;231;0;1457;1702;0,739
29/11/2022;2022;11;1;9;299;3;1912;0;2223;6;91;6;483;0;14;289;12;1302;1618;0,728
29/11/2022;2022;11;2;9;304;0;1875;0;2188;6;92;0;469;0;14;293;0;1264;1571;0,718
29/11/2022;2022;11;3;9;306;0;1730;0;2045;6;93;0;420;0;14;294;0;1134;1442;0,705
29/11/2022;2022;11;4;9;387;0;1407;0;1803;6;114;0;349;0;14;361;0;941;1315;0,729
29/11/2022;2022;11;5;8;387;0;1352;0;1747;6;114;0;328;0;13;361;0;885;1259;0,721
29/11/2022;2022;11;6;9;387;0;1347;0;1743;6;114;0;326;0;14;361;0;880;1255;0,720
29/11/2022;2022;11;7;9;388;0;1319;0;1716;6;114;0;321;0;14;362;0;867;1242;0,724
29/11/2022;2022;11;8;9;392;0;1394;0;1795;6;115;0;342;0;13;364;0;923;1301;0,725
29/11/2022;2022;11;9;8;375;0;1548;0;1932;5;108;0;374;0;13;342;0;1008;1362;0,705
29/11/2022;2022;11;10;8;298;0;2023;0;2329;5;87;0;478;0;12;275;0;1288;1576;0,677
29/11/2022;2022;11;11;8;303;0;2068;0;2379;5;88;0;490;0;12;279;0;1322;1614;0,678
29/11/2022;2022;11;12;8;323;0;2166;0;2497;5;93;0;519;0;12;294;0;1399;1704;0,683
29/11/2022;2022;11;13;8;319;0;2068;0;2395;5;92;0;542;0;12;291;0;1463;1766;0,738
29/11/2022;2022;11;14;7;316;0;2374;0;2698;5;91;0;645;0;11;289;0;1739;2040;0,756
29/11/2022;2022;11;15;7;315;0;2407;0;2729;5;91;0;680;0;11;288;0;1834;2133;0,782
29/11/2022;2022;11;16;12;290;0;2447;0;2749;7;86;0;693;0;17;271;0;1868;2157;0,785
29/11/2022;2022;11;17;11;309;0;2345;0;2665;7;89;0;667;0;16;284;0;1800;2100;0,788
29/11/2022;2022;11;18;10;318;0;2167;0;2495;6;92;0;563;0;15;292;0;1520;1827;0,732
29/11/2022;2022;11;19;10;321;0;2016;0;2347;6;93;0;507;0;14;295;0;1368;1678;0,715
29/11/2022;2022;11;20;9;323;0;1942;0;2274;6;93;0;487;0;13;296;0;1314;1623;0,714
29/11/2022;2022;11;21;8;314;0;1983;0;2305;5;91;0;495;0;13;290;0;1335;1637;0,710
29/11/2022;2022;11;22;8;312;0;2020;0;2341;5;91;0;499;0;12;288;0;1345;1645;0,703
29/11/2022;2022;11;23;8;307;0;2001;0;2316;6;89;0;490;0;13;283;0;1320;1617;0,698
29/11/2022;2022;11;24;7;308;0;1934;0;2250;5;91;3;473;0;12;289;6;1275;1582;0,703
30/11/2022;2022;11;1;7;272;0;1991;0;2269;5;79;0;459;0;12;252;0;1237;1501;0,661
30/11/2022;2022;11;2;7;207;0;1754;0;1968;5;65;0;404;0;12;205;0;1089;1306;0,664
30/11/2022;2022;11;3;7;204;0;1879;0;2090;5;64;0;412;0;12;203;0;1110;1324;0,634
30/11/2022;2022;11;4;7;207;0;1799;0;2013;5;65;0;389;0;11;205;0;1050;1266;0,629
30/11/2022;2022;11;5;8;215;0;1789;0;2012;5;68;0;388;0;12;215;0;1047;1273;0,633
30/11/2022;2022;11;6;8;221;0;1720;0;1950;5;69;0;375;0;12;220;0;1010;1242;0,637
30/11/2022;2022;11;7;7;221;0;1481;0;1709;5;69;0;321;0;11;219;0;867;1097;0,642
30/11/2022;2022;11;8;7;222;0;1770;0;1999;5;70;0;384;0;12;221;0;1036;1268;0,634
30/11/2022;2022;11;9;7;223;0;1828;0;2058;5;70;0;398;0;12;222;0;1074;1307;0,635
30/11/2022;2022;11;10;7;230;0;1880;0;2117;5;72;0;412;0;12;229;0;1113;1353;0,639
30/11/2022;2022;11;11;8;296;0;1910;0;2214;5;87;0;420;0;13;276;0;1132;1420;0,642
30/11/2022;2022;11;12;7;334;0;1930;0;2272;5;96;0;427;0;12;305;0;1152;1469;0,647
30/11/2022;2022;11;13;7;362;0;2024;0;2393;5;104;0;453;0;12;329;0;1223;1564;0,653
30/11/2022;2022;11;14;7;413;0;2139;0;2558;5;117;0;481;0;11;372;0;1299;1682;0,657
30/11/2022;2022;11;15;7;325;0;2173;0;2504;5;93;0;487;0;11;295;0;1314;1621;0,647
30/11/2022;2022;11;16;7;482;0;1874;0;2363;5;137;0;426;0;11;435;0;1148;1595;0,675
30/11/2022;2022;11;17;7;543;0;1515;0;2066;5;152;0;349;0;12;482;0;942;1436;0,695
30/11/2022;2022;11;18;7;558;0;1582;0;2148;5;157;0;357;0;11;497;0;962;1470;0,685
30/11/2022;2022;11;19;7;655;0;1463;0;2124;5;182;0;336;0;11;578;0;905;1495;0,704
30/11/2022;2022;11;20;7;617;0;1406;0;2031;5;174;0;319;0;11;551;0;859;1422;0,700
30/11/2022;2022;11;21;7;436;0;1845;0;2289;5;130;0;407;0;11;414;0;1097;1522;0,665
30/11/2022;2022;11;22;7;463;0;1545;0;2016;5;138;0;343;0;12;438;0;926;1375;0,682
30/11/2022;2022;11;23;9;408;0;1513;0;1930;6;118;0;335;0;14;376;0;903;1293;0,670
30/11/2022;2022;11;24;9;727;0;1172;0;1908;6;199;0;260;0;14;632;0;700;1346;0,705
01/12/2022;2022;12;1;18;533;0;1136;0;1687;12;161;0;245;0;27;510;0;660;1196;0,709
01/12/2022;2022;12;2;18;544;0;1279;0;1840;12;164;0;273;0;27;521;0;738;1286;0,699
01/12/2022;2022;12;3;17;581;0;1266;0;1864;11;173;0;271;0;27;549;0;730;1306;0,700
01/12/2022;2022;12;4;17;554;0;1180;0;1751;11;167;0;259;0;26;531;0;698;1256;0,717
01/12/2022;2022;12;5;17;553;0;1165;0;1735;11;167;0;258;0;26;531;0;697;1254;0,723
01/12/2022;2022;12;6;17;553;0;1162;0;1732;11;167;0;257;0;26;531;0;693;1251;0,722
01/12/2022;2022;12;7;16;652;0;893;0;1561;11;189;0;202;0;25;598;0;545;1168;0,748
01/12/2022;2022;12;8;19;568;0;1270;0;1857;13;169;0;272;0;30;536;0;733;1299;0,699
01/12/2022;2022;12;9;15;656;0;1099;0;1770;10;192;0;249;0;23;610;0;672;1305;0,737
01/12/2022;2022;12;10;16;668;0;1193;0;1878;10;196;1;274;0;24;621;2;738;1385;0,738
01/12/2022;2022;12;11;14;666;0;1214;0;1895;10;195;0;282;0;23;618;0;760;1401;0,739
01/12/2022;2022;12;12;14;668;0;1132;0;1813;9;196;0;257;0;21;620;0;694;1335;0,736
01/12/2022;2022;12;13;17;664;0;1115;0;1795;11;194;0;253;0;26;616;0;682;1324;0,737
01/12/2022;2022;12;14;13;637;0;1395;0;2045;8;188;0;306;0;20;596;0;825;1441;0,704
01/12/2022;2022;12;15;11;552;0;1420;0;1983;8;161;0;314;0;18;511;0;847;1375;0,693
01/12/2022;2022;12;16;10;468;0;1384;0;1862;7;138;0;307;0;15;438;0;827;1281;0,688
01/12/2022;2022;12;17;9;462;0;1342;0;1813;6;137;0;299;0;15;433;0;807;1255;0,692
01/12/2022;2022;12;18;16;462;0;1354;0;1832;10;136;0;303;0;24;432;0;817;1274;0,695
01/12/2022;2022;12;19;19;463;0;1364;0;1846;13;137;0;305;0;30;433;0;822;1285;0,696
01/12/2022;2022;12;20;19;463;0;1260;0;1743;12;136;0;309;0;29;433;0;834;1295;0,743
01/12/2022;2022;12;21;18;462;0;1603;0;2083;12;136;0;391;0;28;432;0;1054;1513;0,727
01/12/2022;2022;12;22;21;376;0;1613;0;2010;13;108;0;395;0;31;344;0;1065;1440;0,716
01/12/2022;2022;12;23;17;301;0;1560;0;1879;11;89;0;380;0;26;282;0;1025;1333;0,710
01/12/2022;2022;12;24;21;305;0;1358;0;1685;14;90;3;333;0;32;284;6;898;1220;0,724
02/12/2022;2022;12;1;16;223;0;1349;0;1588;10;68;0;300;0;25;216;0;810;1050;0,661
02/12/2022;2022;12;2;61;167;0;1277;0;1504;30;52;0;280;0;71;164;0;756;991;0,659
02/12/2022;2022;12;3;57;139;310;1003;0;1509;28;43;71;223;0;66;137;139;602;943;0,625
02/12/2022;2022;12;4;60;127;310;982;0;1479;30;40;71;219;0;70;126;139;590;926;0,626
02/12/2022;2022;12;5;60;126;312;982;0;1480;30;40;72;219;0;69;127;140;590;926;0,626
02/12/2022;2022;12;6;59;127;308;981;0;1475;29;40;72;218;0;69;128;140;589;925;0,627
02/12/2022;2022;12;7;58;127;230;987;0;1402;29;40;59;219;0;67;127;115;592;901;0,642
02/12/2022;2022;12;8;61;128;377;992;0;1558;30;40;114;221;0;71;127;221;596;1016;0,652
02/12/2022;2022;12;9;61;127;546;1018;0;1752;31;40;163;230;0;71;127;317;620;1135;0,648
02/12/2022;2022;12;10;62;126;599;1056;0;1843;31;40;178;241;0;73;126;347;649;1195;0,648
02/12/2022;2022;12;11;62;133;444;1134;0;1774;31;43;123;269;0;72;136;239;726;1173;0,662
02/12/2022;2022;12;12;62;127;462;1186;0;1837;31;40;127;278;0;72;127;248;749;1196;0,651
02/12/2022;2022;12;13;61;126;607;1188;0;1983;31;40;179;278;0;71;126;350;749;1295;0,653
02/12/2022;2022;12;14;62;126;468;1294;0;1950;31;40;122;309;0;72;126;237;833;1267;0,650
02/12/2022;2022;12;15;62;127;430;1359;0;1978;31;40;104;321;0;73;126;203;867;1270;0,642
02/12/2022;2022;12;16;62;127;431;1579;0;2200;31;40;106;388;0;73;127;206;1047;1452;0,660
02/12/2022;2022;12;17;62;126;140;1669;0;1997;31;40;41;408;0;73;126;79;1100;1378;0,690
02/12/2022;2022;12;18;62;133;26;1745;0;1967;31;43;7;434;0;72;136;13;1171;1392;0,708
02/12/2022;2022;12;19;18;132;0;1723;0;1873;12;43;0;425;0;27;136;0;1145;1308;0,698
02/12/2022;2022;12;20;19;132;0;1693;0;1844;12;43;0;416;0;28;136;0;1122;1285;0,697
02/12/2022;2022;12;21;18;133;0;1731;0;1882;12;43;0;422;0;27;136;0;1137;1301;0,691
02/12/2022;2022;12;22;64;143;1;1726;0;1934;32;46;5;425;0;74;145;10;1147;1377;0,712
02/12/2022;2022;12;23;64;147;125;1541;0;1876;31;47;34;382;0;73;149;65;1031;1318;0,703
02/12/2022;2022;12;24;63;164;424;1300;0;1952;31;57;98;304;0;73;179;191;819;1263;0,647
03/12/2022;2022;12;1;63;161;374;1150;0;1748;31;58;86;261;0;73;184;168;704;1128;0,645
03/12/2022;2022;12;2;63;161;358;996;0;1578;31;57;87;222;0;72;181;170;599;1022;0,648
03/12/2022;2022;12;3;63;162;319;958;0;1502;31;58;72;210;0;72;184;139;566;962;0,641
03/12/2022;2022;12;4;63;163;291;941;0;1458;31;58;62;209;0;73;184;121;565;943;0,647
03/12/2022;2022;12;5;63;163;277;945;0;1448;31;58;54;209;0;72;183;106;564;925;0,639
03/12/2022;2022;12;6;60;162;279;1089;0;1590;29;58;55;241;0;69;183;107;649;1007;0,633
03/12/2022;2022;12;7;63;163;0;1098;0;1324;31;58;0;243;0;72;183;0;656;912;0,689
03/12/2022;2022;12;8;63;163;278;1098;0;1602;31;58;55;243;0;72;183;107;656;1018;0,636
03/12/2022;2022;12;9;62;155;282;1108;0;1607;31;56;55;246;0;72;176;107;664;1019;0,634
03/12/2022;2022;12;10;62;155;277;1132;0;1627;31;55;55;254;0;73;175;107;684;1038;0,638
03/12/2022;2022;12;11;62;154;282;1235;0;1732;31;55;60;279;0;72;174;116;752;1116;0,644
03/12/2022;2022;12;12;62;153;304;1314;0;1833;31;55;72;300;0;72;174;140;809;1195;0,652
03/12/2022;2022;12;13;62;170;325;1448;0;2004;31;59;80;342;0;72;187;156;923;1338;0,668
03/12/2022;2022;12;14;17;149;0;1758;0;1924;11;54;0;427;0;25;170;0;1153;1348;0,701
03/12/2022;2022;12;15;17;144;0;1927;0;2089;11;53;0;473;0;26;168;0;1277;1471;0,704
03/12/2022;2022;12;16;17;145;0;1985;0;2147;11;54;0;512;0;26;170;0;1382;1578;0,735
03/12/2022;2022;12;17;18;143;0;1922;0;2083;11;54;0;494;0;27;170;0;1333;1529;0,734
03/12/2022;2022;12;18;31;142;0;1881;0;2054;20;54;0;486;0;47;170;0;1310;1527;0,744
03/12/2022;2022;12;19;39;142;0;1770;0;1951;25;53;0;443;0;58;169;0;1195;1422;0,729
03/12/2022;2022;12;20;18;141;0;1701;0;1860;12;53;0;416;0;27;169;0;1123;1318;0,709
03/12/2022;2022;12;21;18;141;0;1720;0;1878;11;53;0;420;0;27;168;0;1134;1328;0,707
03/12/2022;2022;12;22;17;144;0;1692;0;1853;11;53;0;419;0;27;169;0;1129;1325;0,715
03/12/2022;2022;12;23;18;144;0;1606;0;1767;11;53;0;396;0;27;169;0;1068;1263;0,715
03/12/2022;2022;12;24;17;145;0;1573;0;1735;11;53;0;385;0;27;169;0;1038;1234;0,711
04/12/2022;2022;12;1;17;146;0;1731;0;1894;11;55;0;411;0;27;175;0;1108;1309;0,691
04/12/2022;2022;12;2;17;146;0;1641;0;1804;11;54;0;384;0;26;172;0;1035;1232;0,683
04/12/2022;2022;12;3;12;144;0;1495;0;1651;8;53;0;344;0;19;169;0;929;1117;0,677
04/12/2022;2022;12;4;17;145;0;1383;0;1545;11;54;0;312;0;26;170;0;841;1036;0,671
04/12/2022;2022;12;5;16;145;0;1317;0;1478;11;54;0;295;0;25;170;0;797;992;0,671
04/12/2022;2022;12;6;16;144;0;1186;0;1346;11;54;0;267;0;25;170;0;721;916;0,680
04/12/2022;2022;12;7;220;144;0;1039;0;1403;118;54;0;241;0;276;171;0;649;1097;0,782
04/12/2022;2022;12;8;222;144;0;1119;0;1485;119;54;0;262;0;279;170;0;705;1155;0,777
04/12/2022;2022;12;9;226;147;0;1135;0;1508;121;55;0;268;0;282;174;0;722;1177;0,781
04/12/2022;2022;12;10;271;147;0;1127;0;1545;142;55;0;266;0;331;173;0;718;1222;0,791
04/12/2022;2022;12;11;269;150;448;1138;0;2005;141;56;93;268;0;328;179;181;723;1411;0,703
04/12/2022;2022;12;12;250;281;0;1258;0;1789;131;83;0;291;0;306;265;0;786;1356;0,758
04/12/2022;2022;12;13;271;348;0;1360;0;1979;142;96;0;322;0;333;304;0;870;1507;0,761
04/12/2022;2022;12;14;16;162;0;1849;0;2027;10;60;0;459;0;24;189;0;1237;1451;0,716
04/12/2022;2022;12;15;15;171;0;1974;0;2160;10;62;0;516;0;24;196;0;1392;1612;0,746
04/12/2022;2022;12;16;16;172;0;1825;0;2013;11;61;0;501;0;25;194;0;1352;1571;0,780
04/12/2022;2022;12;17;15;171;0;1842;0;2028;10;61;1;499;0;23;195;1;1345;1564;0,771
04/12/2022;2022;12;18;7;172;0;2018;0;2197;5;62;0;547;0;12;195;0;1475;1683;0,766
04/12/2022;2022;12;19;8;163;0;1741;0;1912;6;60;0;486;0;13;190;0;1311;1514;0,792
04/12/2022;2022;12;20;8;140;0;1696;0;1844;6;52;0;476;0;13;166;0;1285;1464;0,794
04/12/2022;2022;12;21;8;145;0;1845;0;1998;6;54;0;513;0;13;172;0;1384;1569;0,786
04/12/2022;2022;12;22;9;151;0;1899;0;2059;7;56;0;527;0;15;178;0;1422;1616;0,785
04/12/2022;2022;12;23;18;194;0;1827;0;2039;12;69;0;506;0;28;220;0;1365;1613;0,791
04/12/2022;2022;12;24;19;180;0;1958;0;2157;13;66;0;486;0;30;209;0;1312;1551;0,719
05/12/2022;2022;12;1;15;204;0;1651;0;1870;10;70;0;391;0;23;222;0;1053;1298;0,694
05/12/2022;2022;12;2;15;204;0;1576;0;1795;10;70;0;367;0;22;221;0;989;1232;0,687
05/12/2022;2022;12;3;18;204;0;1656;0;1879;12;70;0;367;0;28;221;0;990;1240;0,660
05/12/2022;2022;12;4;18;204;0;1652;0;1873;11;69;0;364;0;27;219;0;982;1228;0,656
05/12/2022;2022;12;5;17;205;0;1446;0;1668;11;70;0;310;0;26;222;0;836;1084;0,650
05/12/2022;2022;12;6;17;206;0;1451;0;1674;11;70;0;311;0;26;223;0;840;1088;0,650
05/12/2022;2022;12;7;17;205;0;1486;0;1708;11;70;0;324;0;26;222;0;874;1121;0,657
05/12/2022;2022;12;8;17;204;0;1688;0;1908;11;70;0;366;0;25;222;0;986;1233;0,646
05/12/2022;2022;12;9;17;206;2;2008;0;2232;11;70;3;446;0;25;224;7;1204;1459;0,654
05/12/2022;2022;12;10;17;231;0;1843;0;2090;11;77;0;441;0;25;245;0;1191;1461;0,699
05/12/2022;2022;12;11;7;252;0;2058;0;2318;5;82;1;555;0;13;261;2;1496;1772;0,765
05/12/2022;2022;12;12;7;250;3;2383;0;2644;6;82;6;656;0;13;260;13;1769;2054;0,777
05/12/2022;2022;12;13;8;289;0;2434;0;2731;6;93;0;701;0;13;296;0;1890;2199;0,805
05/12/2022;2022;12;14;8;291;2;2320;0;2620;6;94;7;689;0;13;298;14;1857;2182;0,833
05/12/2022;2022;12;15;8;289;0;2690;0;2986;6;94;0;781;0;13;297;0;2107;2416;0,809
05/12/2022;2022;12;16;10;288;0;2403;0;2701;7;94;0;713;0;17;297;0;1924;2237;0,828
05/12/2022;2022;12;17;10;291;0;2548;0;2849;7;94;0;728;0;16;297;0;1964;2278;0,799
05/12/2022;2022;12;18;9;288;0;2491;0;2788;7;92;0;707;0;15;293;0;1906;2214;0,794
05/12/2022;2022;12;19;9;247;0;2154;0;2410;6;81;0;630;0;15;255;0;1700;1971;0,818
05/12/2022;2022;12;20;9;176;0;2127;0;2312;6;59;0;624;0;15;188;0;1683;1886;0,816
05/12/2022;2022;12;21;9;176;0;2191;0;2376;6;60;0;642;0;15;190;0;1732;1936;0,815
05/12/2022;2022;12;22;8;178;0;2235;0;2421;6;61;0;652;0;14;193;0;1758;1965;0,812
05/12/2022;2022;12;23;8;251;0;2143;0;2402;6;81;0;624;0;14;258;0;1683;1956;0,814
05/12/2022;2022;12;24;7;251;0;2331;0;2590;5;82;0;656;0;13;260;0;1769;2042;0,788
06/12/2022;2022;12;1;8;253;0;1962;0;2222;6;85;0;561;0;13;270;0;1514;1797;0,809
06/12/2022;2022;12;2;22;254;3;1801;0;2079;14;84;7;477;0;32;268;13;1286;1598;0,769
06/12/2022;2022;12;3;22;228;0;1765;0;2015;14;78;0;437;0;32;246;0;1177;1456;0,722
06/12/2022;2022;12;4;21;203;0;1664;0;1888;13;71;0;401;0;31;225;0;1081;1338;0,708
06/12/2022;2022;12;5;20;203;0;1795;0;2018;13;71;0;412;0;30;225;0;1111;1366;0,677
06/12/2022;2022;12;6;21;209;0;1720;0;1950;13;72;0;382;0;31;230;0;1029;1290;0,662
06/12/2022;2022;12;7;20;209;0;1651;0;1880;13;73;0;362;0;29;230;0;976;1236;0,658
06/12/2022;2022;12;8;19;208;6;1646;0;1879;12;72;11;359;0;29;229;21;969;1249;0,664
06/12/2022;2022;12;9;20;303;0;2016;0;2339;13;95;2;434;0;30;303;5;1172;1509;0,645
06/12/2022;2022;12;10;20;240;1;2041;0;2302;13;81;3;484;0;30;258;6;1305;1600;0,695
06/12/2022;2022;12;11;21;252;0;2213;0;2487;13;84;1;589;0;31;266;1;1588;1887;0,759
06/12/2022;2022;12;12;8;260;0;2214;0;2482;6;87;0;624;0;13;275;0;1683;1972;0,795
06/12/2022;2022;12;13;8;269;0;2389;0;2666;6;90;0;677;0;13;286;0;1826;2126;0,797
06/12/2022;2022;12;14;8;276;0;2439;0;2723;6;92;0;695;0;13;292;0;1876;2181;0,801
06/12/2022;2022;12;15;9;291;0;2570;0;2870;6;97;6;727;0;15;308;12;1962;2296;0,800
06/12/2022;2022;12;16;8;306;0;2675;0;2989;6;102;0;749;0;14;325;0;2019;2358;0,789
06/12/2022;2022;12;17;7;331;0;2372;0;2711;5;110;0;687;0;11;348;0;1853;2212;0,816
06/12/2022;2022;12;18;4;331;0;2379;0;2714;3;109;0;674;0;7;347;0;1818;2172;0,800
06/12/2022;2022;12;19;0;315;12;2214;0;2541;0;103;7;629;0;0;326;13;1696;2036;0,801
06/12/2022;2022;12;20;0;350;2;2157;0;2509;0;113;9;612;0;0;360;18;1651;2029;0,809
06/12/2022;2022;12;21;0;308;0;2117;0;2426;0;101;0;603;0;0;321;0;1627;1948;0,803
06/12/2022;2022;12;22;0;309;0;2171;0;2480;0;101;0;629;0;0;321;0;1695;2017;0,813
06/12/2022;2022;12;23;0;305;0;2171;0;2476;0;101;0;625;0;0;319;0;1684;2003;0,809
06/12/2022;2022;12;24;4;310;0;2105;0;2419;4;104;0;607;0;10;329;0;1638;1978;0,817
07/12/2022;2022;12;1;8;320;0;2207;0;2534;7;108;0;618;0;15;343;0;1667;2026;0,799
07/12/2022;2022;12;2;10;300;2;1873;0;2185;7;102;7;468;0;15;325;14;1263;1617;0,740
07/12/2022;2022;12;3;20;339;0;1710;0;2069;13;114;0;395;0;31;360;0;1065;1456;0,704
07/12/2022;2022;12;4;23;403;3;1597;0;2025;14;131;6;364;0;32;416;13;982;1443;0,713
07/12/2022;2022;12;5;21;424;0;1528;0;1972;13;140;0;343;0;31;444;0;925;1400;0,710
07/12/2022;2022;12;6;20;423;0;1465;0;1908;13;140;0;329;0;30;444;0;887;1361;0,713
07/12/2022;2022;12;7;21;425;0;1510;0;1955;13;140;0;339;0;30;445;0;914;1389;0,710
07/12/2022;2022;12;8;21;422;0;1529;0;1972;13;140;0;342;0;31;444;0;923;1398;0,709
07/12/2022;2022;12;9;21;471;0;1599;0;2091;13;151;0;368;0;31;479;0;992;1502;0,718
07/12/2022;2022;12;10;21;504;0;1798;0;2324;13;160;0;464;0;31;507;0;1252;1790;0,770
07/12/2022;2022;12;11;21;606;2;1902;0;2530;13;191;7;519;0;30;606;13;1399;2048;0,809
07/12/2022;2022;12;12;10;639;0;1885;0;2534;7;199;0;547;0;16;630;0;1475;2121;0,837
07/12/2022;2022;12;13;10;552;2;2186;0;2750;7;174;8;645;0;16;551;15;1740;2322;0,844
07/12/2022;2022;12;14;10;656;0;2122;0;2788;7;202;0;608;0;16;639;0;1640;2295;0,823
07/12/2022;2022;12;15;10;656;0;2109;0;2776;7;202;0;605;0;16;640;0;1633;2288;0,824
07/12/2022;2022;12;16;10;661;0;2115;0;2786;6;203;1;606;0;14;645;1;1635;2295;0,824
07/12/2022;2022;12;17;10;656;1;2011;0;2679;7;201;3;577;0;15;639;6;1556;2216;0,827
07/12/2022;2022;12;18;0;640;0;1966;0;2606;0;196;0;550;0;0;621;0;1483;2104;0,807
07/12/2022;2022;12;19;18;562;0;1871;0;2451;10;176;0;510;0;24;557;0;1377;1957;0,799
07/12/2022;2022;12;20;12;533;1;1894;0;2439;7;170;2;499;0;16;538;4;1345;1904;0,780
07/12/2022;2022;12;21;12;478;0;2139;0;2629;7;156;5;538;0;16;494;9;1451;1971;0,750
07/12/2022;2022;12;22;12;477;0;2028;0;2517;7;155;0;497;0;16;492;0;1342;1849;0,735
07/12/2022;2022;12;23;11;477;0;1945;0;2433;7;155;0;465;0;15;491;0;1254;1760;0,724
07/12/2022;2022;12;24;11;475;1;2149;0;2636;6;154;3;500;0;15;490;7;1349;1861;0,706
08/12/2022;2022;12;1;11;474;10;1907;0;2403;6;153;3;439;0;15;485;5;1183;1688;0,703
08/12/2022;2022;12;2;11;475;10;1947;0;2443;7;152;3;433;0;15;482;5;1168;1671;0,684
08/12/2022;2022;12;3;11;475;11;1845;0;2342;7;152;6;410;0;15;482;12;1105;1614;0,689
08/12/2022;2022;12;4;12;473;12;1674;0;2170;7;151;10;372;0;16;481;20;1004;1521;0,701
08/12/2022;2022;12;5;12;473;10;1612;0;2107;7;151;3;360;0;16;480;5;971;1472;0,699
08/12/2022;2022;12;6;12;472;10;1488;0;1982;7;151;3;336;0;16;479;5;906;1407;0,710
08/12/2022;2022;12;7;12;468;21;1528;0;2028;7;152;12;334;0;16;481;24;902;1423;0,702
08/12/2022;2022;12;8;12;473;71;1194;0;1750;7;152;25;258;0;16;482;49;696;1243;0,710
08/12/2022;2022;12;9;12;474;10;1454;0;1949;7;152;3;309;0;16;483;5;834;1338;0,686
08/12/2022;2022;12;10;12;474;14;1478;0;1978;7;152;9;318;0;16;483;17;858;1374;0,695
08/12/2022;2022;12;11;12;474;16;1549;0;2050;7;152;9;331;0;16;483;18;892;1409;0,687
08/12/2022;2022;12;12;12;474;24;1640;0;2150;7;152;6;355;0;16;483;12;957;1469;0,683
08/12/2022;2022;12;13;12;474;17;1717;0;2220;7;152;5;377;0;16;483;10;1016;1526;0,687
08/12/2022;2022;12;14;11;503;54;1753;0;2322;7;159;17;386;0;15;503;33;1042;1593;0,686
08/12/2022;2022;12;15;11;668;100;1605;0;2383;7;196;26;366;0;15;622;51;986;1675;0,703
08/12/2022;2022;12;16;11;637;119;1612;0;2379;7;189;39;361;0;15;601;76;974;1667;0,700
08/12/2022;2022;12;17;11;599;134;1878;0;2622;7;182;43;410;0;15;577;85;1107;1784;0,680
08/12/2022;2022;12;18;11;609;134;1559;0;2313;7;185;43;352;0;15;585;84;949;1634;0,706
08/12/2022;2022;12;19;11;614;105;1548;0;2279;7;186;31;353;0;15;589;60;952;1616;0,709
08/12/2022;2022;12;20;13;645;99;1516;0;2272;7;194;26;344;0;17;616;51;927;1611;0,709
08/12/2022;2022;12;21;14;675;99;1534;0;2322;8;201;26;347;0;18;639;51;935;1644;0,708
08/12/2022;2022;12;22;14;754;100;1467;0;2335;8;219;26;331;0;19;695;52;893;1658;0,710
08/12/2022;2022;12;23;14;754;99;1407;0;2274;8;218;26;314;0;19;693;51;847;1610;0,708
08/12/2022;2022;12;24;14;724;61;1652;0;2450;8;211;23;357;0;19;669;44;963;1694;0,692
09/12/2022;2022;12;1;14;559;16;1668;0;2256;8;171;4;360;0;18;542;8;970;1538;0,682
09/12/2022;2022;12;2;64;416;16;1741;0;2238;37;139;5;376;0;87;441;10;1013;1551;0,693
09/12/2022;2022;12;3;118;419;16;1631;0;2184;66;139;4;349;0;154;442;8;941;1546;0,708
09/12/2022;2022;12;4;14;407;16;1589;0;2025;8;134;4;336;0;18;424;8;907;1357;0,670
09/12/2022;2022;12;5;14;405;16;1549;0;1984;8;133;4;327;0;19;422;8;883;1332;0,671
09/12/2022;2022;12;6;14;405;16;1498;0;1934;8;133;4;316;0;19;423;8;852;1302;0,673
09/12/2022;2022;12;7;14;406;37;1366;0;1824;8;134;9;284;0;19;424;18;767;1227;0,673
09/12/2022;2022;12;8;14;407;33;1389;0;1842;8;134;8;289;0;18;424;16;780;1239;0,672
09/12/2022;2022;12;9;13;408;29;1530;0;1980;7;133;11;317;0;17;423;21;856;1318;0,665
09/12/2022;2022;12;10;13;402;30;1610;0;2056;7;132;8;338;0;17;420;15;913;1365;0,664
09/12/2022;2022;12;11;16;486;92;1588;0;2183;9;152;25;334;0;22;483;48;902;1455;0,666
09/12/2022;2022;12;12;12;630;231;1505;0;2378;7;188;81;344;0;17;597;159;928;1701;0,715
09/12/2022;2022;12;13;15;730;389;1528;0;2662;8;215;120;377;0;19;681;233;1017;1949;0,732
09/12/2022;2022;12;14;15;725;380;1675;0;2794;8;215;117;422;0;19;681;229;1137;2065;0,739
09/12/2022;2022;12;15;15;727;355;1524;0;2621;8;216;111;414;0;19;685;216;1117;2038;0,777
09/12/2022;2022;12;16;22;715;364;1676;0;2777;13;212;115;461;0;30;674;223;1242;2170;0,781
09/12/2022;2022;12;17;8;432;362;1729;0;2531;5;141;116;476;0;12;447;226;1284;1968;0,778
09/12/2022;2022;12;18;8;435;345;1706;0;2494;5;142;105;469;0;12;450;205;1264;1930;0,774
09/12/2022;2022;12;19;23;643;270;1594;0;2530;13;195;90;431;0;31;619;176;1161;1987;0,785
09/12/2022;2022;12;20;21;601;303;1265;0;2190;12;184;96;339;0;28;584;187;914;1713;0,782
09/12/2022;2022;12;21;20;491;315;1551;0;2377;12;158;94;361;0;29;500;184;975;1687;0,710
09/12/2022;2022;12;22;19;498;273;1453;0;2242;12;152;73;333;0;27;481;142;899;1548;0,690
09/12/2022;2022;12;23;15;494;244;1422;0;2175;9;150;73;324;0;21;477;141;873;1513;0,696
09/12/2022;2022;12;24;11;424;144;1717;0;2296;7;131;42;378;0;15;415;82;1020;1533;0,668
10/12/2022;2022;12;1;11;319;71;1703;0;2104;7;103;25;375;0;16;327;49;1012;1404;0,667
10/12/2022;2022;12;2;11;319;80;1704;0;2114;7;102;30;375;0;15;325;58;1011;1410;0,667
10/12/2022;2022;12;3;11;318;69;1443;0;1840;7;102;42;316;0;15;324;81;852;1273;0,692
10/12/2022;2022;12;4;11;316;232;1302;0;1862;7;102;58;279;0;16;322;113;753;1205;0,647
10/12/2022;2022;12;5;11;317;234;1303;0;1865;7;102;58;279;0;16;323;113;752;1205;0,646
10/12/2022;2022;12;6;11;314;231;1247;0;1803;6;105;62;265;0;15;332;120;715;1182;0,656
10/12/2022;2022;12;7;11;313;234;1307;0;1864;7;101;58;274;0;16;320;113;740;1189;0,638
10/12/2022;2022;12;8;14;317;128;1223;0;1682;11;104;36;256;0;25;331;70;691;1117;0,664
10/12/2022;2022;12;9;18;330;199;1264;0;1811;11;107;51;264;0;27;340;99;712;1177;0,650
10/12/2022;2022;12;10;17;330;186;1513;0;2046;10;107;43;314;0;24;341;84;847;1296;0,633
10/12/2022;2022;12;11;18;333;193;1546;0;2090;11;108;45;322;0;25;342;87;869;1324;0,633
10/12/2022;2022;12;12;18;312;208;1558;0;2095;11;99;50;325;0;26;315;97;877;1315;0,627
10/12/2022;2022;12;13;18;283;189;1767;0;2257;11;92;52;372;0;26;291;102;1004;1423;0,631
10/12/2022;2022;12;14;18;283;277;1611;0;2189;11;92;80;349;0;26;291;156;941;1414;0,646
10/12/2022;2022;12;15;18;287;317;1629;0;2251;11;92;96;353;0;26;293;187;952;1459;0,648
10/12/2022;2022;12;16;19;286;264;1577;0;2145;11;92;75;341;0;27;293;146;920;1386;0,646
10/12/2022;2022;12;17;19;287;269;1571;0;2146;12;92;74;340;0;27;293;144;916;1381;0,644
10/12/2022;2022;12;18;19;287;285;1571;0;2161;12;92;78;340;0;27;293;152;917;1390;0,643
10/12/2022;2022;12;19;19;285;284;1555;0;2143;12;92;78;335;0;27;293;151;904;1376;0,642
10/12/2022;2022;12;20;19;283;283;1543;0;2129;12;92;78;333;0;27;292;151;897;1368;0,643
10/12/2022;2022;12;21;19;287;286;1551;0;2142;12;93;78;335;0;27;294;153;903;1377;0,643
10/12/2022;2022;12;22;19;286;286;1545;0;2137;12;93;79;334;0;27;294;153;900;1373;0,643
10/12/2022;2022;12;23;19;289;252;1448;0;2009;12;93;70;312;0;27;296;136;842;1300;0,647
10/12/2022;2022;12;24;19;206;280;1530;0;2034;11;72;70;320;0;27;227;136;863;1253;0,616
11/12/2022;2022;12;1;278;206;0;1474;0;1958;144;73;0;306;0;337;232;0;826;1395;0,713
11/12/2022;2022;12;2;272;206;0;1464;0;1942;142;73;0;304;0;331;230;0;820;1382;0,711
11/12/2022;2022;12;3;272;205;0;1452;0;1930;142;73;0;301;0;331;230;0;812;1373;0,711
11/12/2022;2022;12;4;273;205;0;1297;0;1775;142;73;0;268;0;332;230;0;722;1285;0,724
11/12/2022;2022;12;5;271;205;0;1300;0;1777;141;72;0;269;0;330;230;0;725;1285;0,723
11/12/2022;2022;12;6;240;205;0;1284;0;1729;126;72;0;265;0;294;230;0;714;1239;0,716
11/12/2022;2022;12;7;200;205;0;1205;0;1609;108;72;0;245;0;253;229;0;660;1142;0,710
11/12/2022;2022;12;8;198;184;0;1209;0;1591;108;65;0;244;0;251;206;0;659;1116;0,702
11/12/2022;2022;12;9;193;176;0;1305;0;1675;105;62;0;269;0;246;196;0;727;1169;0,698
11/12/2022;2022;12;10;230;177;1;1314;0;1722;123;62;4;271;0;288;197;7;732;1223;0,710
11/12/2022;2022;12;11;270;178;59;1320;0;1826;141;62;18;272;0;329;197;34;734;1294;0,709
11/12/2022;2022;12;12;279;178;54;1425;0;1936;144;62;12;296;0;336;197;24;798;1355;0,700
11/12/2022;2022;12;13;284;178;0;1611;0;2072;148;62;0;345;0;345;197;0;931;1473;0,711
11/12/2022;2022;12;14;286;262;0;1640;0;2188;148;84;0;354;0;346;266;0;955;1567;0,716
11/12/2022;2022;12;15;288;379;0;1674;0;2341;149;109;0;362;0;348;345;0;976;1669;0,713
11/12/2022;2022;12;16;288;380;0;1705;0;2372;149;109;0;369;0;348;346;0;995;1688;0,712
11/12/2022;2022;12;17;22;228;0;2026;0;2275;13;78;0;466;0;29;246;0;1258;1533;0,674
11/12/2022;2022;12;18;20;235;0;2110;0;2366;12;79;0;486;0;28;251;0;1311;1590;0,672
11/12/2022;2022;12;19;21;228;0;2045;0;2295;12;78;0;469;0;29;247;0;1265;1541;0,672
11/12/2022;2022;12;20;22;229;0;1974;0;2225;13;78;0;454;0;30;248;0;1225;1503;0,676
11/12/2022;2022;12;21;21;221;0;1854;0;2095;12;75;0;422;0;29;239;0;1138;1406;0,671
11/12/2022;2022;12;22;279;297;0;1615;0;2191;145;92;0;350;0;338;290;0;943;1572;0,718
11/12/2022;2022;12;23;275;345;0;1604;0;2223;143;101;0;347;0;334;319;0;937;1590;0,715
11/12/2022;2022;12;24;269;220;0;1654;0;2143;140;75;2;360;0;327;237;5;972;1542;0,719
12/12/2022;2022;12;1;272;208;0;1589;0;2069;141;75;0;349;0;328;238;0;941;1507;0,728
12/12/2022;2022;12;2;270;214;0;1555;0;2039;140;75;0;340;0;327;239;0;918;1483;0,727
12/12/2022;2022;12;3;270;213;0;1443;0;1927;139;75;0;312;0;325;238;0;841;1404;0,729
12/12/2022;2022;12;4;182;214;0;1309;0;1705;97;75;0;274;0;227;239;0;740;1206;0,707
12/12/2022;2022;12;5;137;213;0;1302;0;1652;75;75;0;272;0;174;238;0;732;1145;0,693
12/12/2022;2022;12;6;133;213;0;1267;0;1613;73;75;0;263;0;171;238;0;710;1118;0,693
12/12/2022;2022;12;7;128;215;0;1271;0;1614;70;76;0;263;0;165;240;0;709;1113;0,690
12/12/2022;2022;12;8;125;216;141;1315;0;1796;69;76;31;275;0;160;240;60;741;1201;0,669
12/12/2022;2022;12;9;54;215;287;1332;0;1888;32;76;62;280;0;75;240;121;754;1191;0,631
12/12/2022;2022;12;10;11;216;289;1387;0;1902;7;76;62;292;0;16;242;122;787;1166;0,613
12/12/2022;2022;12;11;12;349;2;1608;0;1971;7;103;4;341;0;16;328;7;921;1271;0,645
12/12/2022;2022;12;12;12;305;0;1718;0;2035;7;94;4;376;0;16;297;7;1014;1333;0,655
12/12/2022;2022;12;13;158;347;0;1615;0;2119;88;102;0;352;0;204;323;0;948;1476;0,696
12/12/2022;2022;12;14;196;222;0;1777;0;2196;107;76;0;392;0;249;242;0;1057;1547;0,705
12/12/2022;2022;12;15;237;203;1;1941;0;2382;125;72;3;434;0;292;228;6;1170;1696;0,712
12/12/2022;2022;12;16;266;204;0;1970;0;2440;137;72;0;442;0;320;228;0;1192;1740;0,713
12/12/2022;2022;12;17;277;207;0;1930;0;2413;144;72;0;433;0;337;229;0;1168;1734;0,719
12/12/2022;2022;12;18;282;307;0;1567;0;2156;145;93;0;342;0;339;296;0;923;1557;0,722
12/12/2022;2022;12;19;291;363;0;1367;0;2021;151;106;0;299;0;352;335;0;805;1492;0,738
12/12/2022;2022;12;20;292;353;0;1286;0;1930;151;103;0;279;0;353;325;0;753;1432;0,742
12/12/2022;2022;12;21;292;430;150;1155;0;2028;151;119;35;253;0;353;378;69;683;1484;0,732
12/12/2022;2022;12;22;282;433;342;1074;0;2131;146;120;72;235;0;340;380;141;634;1494;0,701
12/12/2022;2022;12;23;282;318;324;1113;0;2037;146;96;68;244;0;341;305;133;659;1438;0,706
12/12/2022;2022;12;24;284;214;289;1110;0;1898;149;74;62;243;0;347;236;122;656;1361;0,717
13/12/2022;2022;12;1;288;216;310;1065;0;1879;150;75;67;236;0;351;238;130;636;1356;0,722
13/12/2022;2022;12;2;274;204;160;1085;0;1724;142;72;35;237;0;331;227;69;640;1267;0,735
13/12/2022;2022;12;3;250;211;162;1132;0;1756;129;74;35;249;0;302;234;69;672;1277;0,727
13/12/2022;2022;12;4;210;218;159;1096;0;1682;112;76;35;236;0;261;241;68;638;1207;0,718
13/12/2022;2022;12;5;132;251;161;1101;0;1645;74;89;35;235;0;173;281;69;633;1155;0,702
13/12/2022;2022;12;6;118;252;161;1088;0;1619;67;89;35;231;0;158;282;69;623;1132;0,699
13/12/2022;2022;12;7;125;252;159;1089;0;1625;71;89;35;230;0;167;282;68;620;1137;0,700
13/12/2022;2022;12;8;123;251;162;1093;0;1629;70;89;36;232;0;164;281;70;627;1142;0,701
13/12/2022;2022;12;9;118;249;577;1150;0;2095;67;89;124;246;0;157;281;242;664;1344;0,642
13/12/2022;2022;12;10;118;241;574;1160;0;2093;68;86;120;249;0;158;274;234;670;1337;0,638
13/12/2022;2022;12;11;116;239;575;1167;0;2097;67;85;120;251;0;157;271;234;677;1339;0,638
13/12/2022;2022;12;12;118;238;781;1112;0;2249;68;85;160;251;0;158;270;311;677;1416;0,630
13/12/2022;2022;12;13;117;236;1059;847;0;2259;67;85;212;197;0;157;269;413;530;1369;0,606
13/12/2022;2022;12;14;167;239;1048;877;0;2330;93;85;207;201;0;216;269;402;541;1429;0,613
13/12/2022;2022;12;15;261;256;773;932;0;2222;136;91;153;215;0;316;288;298;581;1483;0,667
13/12/2022;2022;12;16;270;260;770;973;0;2272;139;93;152;226;0;325;294;296;609;1525;0,671
13/12/2022;2022;12;17;269;260;769;964;0;2262;139;93;154;224;0;324;295;300;604;1522;0,673
13/12/2022;2022;12;18;264;261;767;928;0;2220;137;93;156;213;0;319;296;303;576;1494;0,673
13/12/2022;2022;12;19;265;261;769;890;0;2184;137;94;152;203;0;319;297;296;547;1460;0,668
13/12/2022;2022;12;20;267;261;772;863;0;2163;138;94;156;196;0;322;297;304;530;1453;0,672
13/12/2022;2022;12;21;269;262;776;865;0;2172;139;94;158;197;0;324;299;308;532;1463;0,673
13/12/2022;2022;12;22;272;263;774;857;0;2166;140;94;153;195;0;327;299;298;526;1450;0,670
13/12/2022;2022;12;23;278;262;783;834;0;2157;143;94;157;189;0;334;298;306;509;1448;0,671
13/12/2022;2022;12;24;279;260;782;877;0;2199;143;93;154;190;0;334;296;300;512;1442;0,656
14/12/2022;2022;12;1;281;257;381;1051;0;1970;144;91;82;223;0;337;289;160;603;1389;0,705
14/12/2022;2022;12;2;280;254;179;1047;0;1760;144;89;40;220;0;336;282;78;594;1291;0,734
14/12/2022;2022;12;3;278;246;167;1023;0;1713;143;87;39;214;0;334;275;77;576;1263;0,737
14/12/2022;2022;12;4;253;246;165;1021;0;1684;131;87;46;213;0;306;275;90;574;1245;0,739
14/12/2022;2022;12;5;131;246;325;1023;0;1726;74;87;71;213;0;173;276;139;576;1164;0,675
14/12/2022;2022;12;6;115;246;323;1013;0;1697;66;87;71;211;0;155;276;139;569;1139;0,671
14/12/2022;2022;12;7;115;246;162;1139;0;1662;67;86;36;244;0;155;274;70;659;1159;0,697
14/12/2022;2022;12;8;115;318;0;1317;0;1750;66;105;0;271;0;155;334;0;732;1222;0,698
14/12/2022;2022;12;9;112;318;162;1321;0;1914;66;106;36;273;0;153;337;70;735;1296;0,677
14/12/2022;2022;12;10;182;312;162;1317;0;1974;100;103;39;272;0;233;328;77;733;1371;0,695
14/12/2022;2022;12;11;210;287;162;1376;0;2035;113;91;36;286;0;263;290;70;772;1395;0,685
14/12/2022;2022;12;12;212;259;326;1400;0;2197;114;78;75;295;0;265;249;147;795;1455;0,662
14/12/2022;2022;12;13;215;331;325;1466;0;2336;115;103;74;317;0;268;327;144;856;1595;0,683
14/12/2022;2022;12;14;214;459;0;1713;0;2386;114;128;0;378;0;267;405;0;1019;1691;0,709
14/12/2022;2022;12;15;242;332;0;2014;0;2589;128;95;0;449;0;299;301;0;1210;1810;0,699
14/12/2022;2022;12;16;19;546;0;2084;0;2648;12;148;0;467;0;27;471;0;1258;1756;0,663
14/12/2022;2022;12;17;19;344;0;2245;0;2607;12;98;0;517;0;27;311;0;1394;1732;0,664
14/12/2022;2022;12;18;19;189;0;2331;0;2538;11;58;0;529;0;27;184;0;1428;1639;0,646
14/12/2022;2022;12;19;18;193;1;2142;0;2354;11;60;1;480;0;26;190;3;1296;1515;0,644
14/12/2022;2022;12;20;19;193;0;2023;0;2235;12;60;0;450;0;27;190;0;1215;1432;0,641
14/12/2022;2022;12;21;18;374;0;1996;0;2388;11;107;0;443;0;27;338;0;1196;1561;0,654
14/12/2022;2022;12;22;18;555;0;1898;0;2471;11;152;0;420;0;26;481;0;1132;1639;0,663
14/12/2022;2022;12;23;18;539;0;1700;0;2257;11;147;2;368;0;27;466;5;992;1490;0,660
14/12/2022;2022;12;24;273;537;0;1589;0;2399;142;146;0;343;0;333;465;0;926;1723;0,718
15/12/2022;2022;12;1;271;536;0;1339;0;2145;140;146;0;294;0;328;464;0;794;1585;0,739
15/12/2022;2022;12;2;277;718;259;709;0;1963;144;181;70;163;0;337;574;137;439;1487;0,758
15/12/2022;2022;12;3;278;540;527;611;0;1955;145;140;118;139;0;338;445;230;376;1389;0,711
15/12/2022;2022;12;4;284;506;508;584;0;1882;148;136;109;131;0;346;431;213;354;1344;0,714
15/12/2022;2022;12;5;281;318;525;626;0;1750;146;100;117;141;0;342;318;228;379;1267;0,724
15/12/2022;2022;12;6;275;321;544;531;0;1671;143;101;122;118;0;335;322;238;317;1211;0,725
15/12/2022;2022;12;7;274;321;499;530;0;1624;143;100;119;118;0;334;318;231;317;1200;0,739
15/12/2022;2022;12;8;273;321;536;527;0;1657;143;100;139;117;0;333;318;271;315;1236;0,746
15/12/2022;2022;12;9;274;331;648;541;0;1794;143;102;185;120;0;334;325;360;325;1343;0,749
15/12/2022;2022;12;10;261;352;683;572;0;1867;137;108;209;129;0;319;342;407;347;1415;0,758
15/12/2022;2022;12;11;257;437;647;592;0;1932;137;127;186;136;0;319;402;363;368;1452;0,752
15/12/2022;2022;12;12;260;754;456;657;0;2127;136;194;118;155;0;318;616;230;417;1582;0,744
15/12/2022;2022;12;13;262;795;538;678;0;2272;137;204;136;158;0;320;646;265;427;1659;0,730
15/12/2022;2022;12;14;263;847;214;820;0;2144;138;216;50;199;0;321;685;97;538;1642;0,766
15/12/2022;2022;12;15;263;866;196;866;0;2191;138;220;40;209;0;322;699;78;564;1663;0,759
15/12/2022;2022;12;16;262;874;201;890;0;2227;137;222;46;216;0;321;705;89;582;1696;0,761
15/12/2022;2022;12;17;264;875;194;893;0;2226;138;222;40;216;0;322;705;77;582;1686;0,758
15/12/2022;2022;12;18;266;869;193;893;0;2222;139;221;39;216;0;325;701;77;583;1685;0,758
15/12/2022;2022;12;19;270;851;0;874;0;1996;141;218;0;212;0;330;690;0;571;1591;0,797
15/12/2022;2022;12;20;276;791;19;831;0;1917;144;205;32;202;0;336;651;63;545;1594;0,831
15/12/2022;2022;12;21;277;831;199;817;0;2124;144;211;44;199;0;336;671;85;536;1628;0,767
15/12/2022;2022;12;22;276;724;200;907;0;2106;144;188;44;225;0;335;596;85;606;1622;0,770
15/12/2022;2022;12;23;277;360;568;801;0;2005;144;109;124;217;0;337;346;242;584;1509;0,752
15/12/2022;2022;12;24;278;327;885;363;0;1852;145;102;244;104;0;338;323;476;281;1417;0,765
16/12/2022;2022;12;1;276;321;846;297;0;1740;143;98;218;85;0;333;311;426;230;1300;0,747
16/12/2022;2022;12;2;276;326;780;296;0;1677;143;99;247;85;0;333;314;481;228;1357;0,809
16/12/2022;2022;12;3;275;327;722;275;0;1599;142;99;225;74;0;332;315;439;199;1286;0,804
16/12/2022;2022;12;4;274;326;868;159;0;1627;142;99;266;48;0;331;315;518;129;1293;0,794
16/12/2022;2022;12;5;269;329;870;61;0;1530;139;100;267;26;0;325;317;520;70;1233;0,806
16/12/2022;2022;12;6;274;328;868;31;0;1502;142;100;266;9;0;331;316;517;25;1189;0,792
16/12/2022;2022;12;7;274;330;828;28;0;1460;142;100;263;8;0;331;316;513;22;1182;0,810
16/12/2022;2022;12;8;275;328;1046;35;0;1684;142;99;340;10;0;332;315;662;27;1337;0,794
16/12/2022;2022;12;9;276;326;1145;40;0;1787;143;99;380;11;0;334;313;740;31;1418;0,794
16/12/2022;2022;12;10;274;405;1017;75;0;1770;141;116;340;22;0;330;367;662;59;1418;0,801
16/12/2022;2022;12;11;271;765;684;96;0;1817;140;193;229;27;0;327;611;447;74;1459;0,803
16/12/2022;2022;12;12;271;855;652;105;0;1883;140;212;223;30;0;327;674;434;81;1515;0,805
16/12/2022;2022;12;13;271;901;703;122;0;1997;140;221;224;43;0;327;703;437;117;1583;0,793
16/12/2022;2022;12;14;271;903;616;216;0;2005;140;222;196;65;0;328;703;381;175;1587;0,791
16/12/2022;2022;12;15;274;914;609;283;0;2080;141;224;188;81;0;330;709;367;218;1624;0,781
16/12/2022;2022;12;16;269;934;587;293;0;2083;139;228;182;84;0;325;722;354;227;1628;0,782
16/12/2022;2022;12;17;268;932;543;283;0;2026;139;228;156;82;0;324;722;304;220;1571;0,775
16/12/2022;2022;12;18;266;944;537;253;0;1999;138;232;156;74;0;322;734;304;200;1560;0,780
16/12/2022;2022;12;19;247;755;527;324;0;1852;129;194;150;90;0;301;614;293;243;1451;0,783
16/12/2022;2022;12;20;236;569;795;190;0;1790;124;167;236;56;0;290;528;461;150;1429;0,798
16/12/2022;2022;12;21;175;440;1113;132;0;1860;97;136;340;40;0;225;432;663;108;1428;0,768
16/12/2022;2022;12;22;80;433;1384;166;0;2063;50;134;427;50;0;117;426;832;135;1510;0,732
16/12/2022;2022;12;23;11;436;1230;164;0;1841;7;135;380;51;0;16;429;740;138;1324;0,719
16/12/2022;2022;12;24;11;436;1160;159;0;1765;7;135;359;50;0;16;429;699;136;1280;0,725
17/12/2022;2022;12;1;13;433;1185;93;0;1723;8;134;363;30;0;19;427;706;82;1234;0,716
17/12/2022;2022;12;2;14;433;1154;54;0;1655;9;134;355;20;0;20;426;692;54;1192;0,720
17/12/2022;2022;12;3;14;434;1095;30;0;1572;9;135;344;12;0;21;427;670;33;1151;0,732
17/12/2022;2022;12;4;14;435;1064;28;0;1541;9;135;335;10;0;21;428;653;28;1131;0,734
17/12/2022;2022;12;5;14;436;1029;28;0;1507;9;135;325;10;0;21;429;633;28;1110;0,737
17/12/2022;2022;12;6;14;442;1020;28;0;1503;9;136;328;10;0;21;433;639;28;1120;0,745
17/12/2022;2022;12;7;14;454;818;28;0;1314;9;139;264;10;0;21;440;515;28;1003;0,763
17/12/2022;2022;12;8;13;449;1013;29;0;1504;8;138;329;10;0;19;437;641;28;1126;0,749
17/12/2022;2022;12;9;12;455;1070;21;0;1558;8;139;350;6;0;19;440;681;17;1157;0,743
17/12/2022;2022;12;10;13;446;1028;23;0;1510;8;136;334;15;0;20;433;651;42;1145;0,759
17/12/2022;2022;12;11;13;438;1168;78;0;1697;8;134;374;24;0;20;425;729;65;1238;0,730
17/12/2022;2022;12;12;13;422;1154;98;0;1687;8;131;368;30;0;20;416;717;81;1234;0,731
17/12/2022;2022;12;13;13;473;1143;75;0;1704;8;141;366;25;0;19;448;712;66;1245;0,731
17/12/2022;2022;12;14;12;475;1169;79;0;1736;8;142;369;26;0;18;450;719;70;1257;0,724
17/12/2022;2022;12;15;13;475;1141;71;0;1699;8;142;363;25;0;19;449;707;69;1243;0,732
17/12/2022;2022;12;16;13;464;1122;61;0;1661;8;139;357;19;0;19;441;695;52;1207;0,727
17/12/2022;2022;12;17;13;459;1196;59;0;1726;8;138;382;18;0;19;437;745;49;1250;0,724
17/12/2022;2022;12;18;12;458;1137;52;0;1660;8;138;363;17;0;18;436;708;45;1208;0,728
17/12/2022;2022;12;19;12;461;1253;49;0;1775;8;139;399;11;0;18;440;777;30;1266;0,713
17/12/2022;2022;12;20;13;466;1256;28;0;1763;8;140;400;8;0;19;444;779;22;1265;0,718
17/12/2022;2022;12;21;13;416;1319;25;0;1773;8;131;425;7;0;19;414;828;20;1281;0,723
17/12/2022;2022;12;22;13;415;1264;22;0;1713;8;131;392;6;0;19;414;763;17;1214;0,708
17/12/2022;2022;12;23;1;261;1328;20;0;1611;0;91;409;6;0;0;287;797;16;1101;0,683
17/12/2022;2022;12;24;0;247;1305;18;0;1570;0;82;395;5;0;0;262;770;15;1046;0,666
18/12/2022;2022;12;1;0;250;1242;18;0;1509;0;81;354;5;0;0;258;691;14;963;0,638
18/12/2022;2022;12;2;0;251;1167;18;0;1436;0;82;340;5;0;0;259;662;14;935;0,651
18/12/2022;2022;12;3;0;253;1168;18;0;1440;0;82;340;5;0;0;261;662;14;937;0,651
18/12/2022;2022;12;4;0;253;1164;18;0;1435;0;82;339;5;0;0;260;660;14;934;0,651
18/12/2022;2022;12;5;0;253;1142;17;0;1412;0;82;334;5;0;0;260;651;14;925;0,655
18/12/2022;2022;12;6;0;254;982;17;0;1253;0;82;280;5;0;0;261;546;14;821;0,655
18/12/2022;2022;12;7;0;249;918;26;0;1194;0;81;262;8;0;0;257;511;21;788;0,660
18/12/2022;2022;12;8;0;254;919;28;0;1201;0;82;261;8;0;0;261;509;22;792;0,659
18/12/2022;2022;12;9;0;254;989;28;0;1271;0;82;273;8;0;0;262;532;21;816;0,642
18/12/2022;2022;12;10;0;259;1206;28;0;1493;0;84;343;8;0;0;265;669;22;956;0,640
18/12/2022;2022;12;11;0;260;1239;20;0;1519;0;84;359;6;0;0;267;700;15;982;0,647
18/12/2022;2022;12;12;0;260;1248;19;0;1527;0;84;351;6;0;0;267;685;15;967;0,633
18/12/2022;2022;12;13;0;261;1246;34;0;1540;0;84;355;10;0;0;267;692;26;985;0,639
18/12/2022;2022;12;14;0;261;1243;34;0;1537;0;84;354;10;0;0;267;689;26;982;0,639
18/12/2022;2022;12;15;0;260;1238;34;0;1532;0;84;354;10;0;0;267;689;26;982;0,641
18/12/2022;2022;12;16;0;261;1241;34;0;1536;0;84;355;10;0;0;267;691;26;984;0,641
18/12/2022;2022;12;17;0;257;1255;30;0;1542;0;83;373;8;0;0;264;726;23;1013;0,657
18/12/2022;2022;12;18;0;256;1271;18;0;1545;0;83;366;5;0;0;263;713;14;991;0,641
18/12/2022;2022;12;19;0;255;1270;24;0;1549;0;83;392;7;0;0;264;764;19;1047;0,676
18/12/2022;2022;12;20;0;253;1490;24;0;1768;0;83;459;7;0;0;262;895;19;1177;0,666
18/12/2022;2022;12;21;0;253;1573;24;0;1851;0;83;478;7;0;0;263;931;19;1213;0,655
18/12/2022;2022;12;22;0;253;1611;21;0;1885;0;83;486;6;0;0;263;946;17;1226;0,650
18/12/2022;2022;12;23;0;254;1613;19;0;1885;0;83;487;6;0;0;263;949;15;1227;0,651
18/12/2022;2022;12;24;0;254;1462;15;0;1731;0;83;441;4;0;0;263;860;12;1135;0,656
19/12/2022;2022;12;1;0;253;1550;13;0;1817;0;80;498;4;0;0;255;970;11;1237;0,681
19/12/2022;2022;12;2;0;253;1238;13;0;1504;0;80;408;4;0;0;255;796;11;1061;0,706
19/12/2022;2022;12;3;0;254;1357;13;0;1624;0;81;454;4;0;0;256;885;10;1151;0,709
19/12/2022;2022;12;4;0;254;1330;13;0;1596;0;81;447;4;0;0;256;870;10;1136;0,712
19/12/2022;2022;12;5;0;254;1344;12;0;1610;0;81;472;4;0;0;256;920;10;1186;0,737
19/12/2022;2022;12;6;0;254;1144;12;0;1411;0;81;409;4;0;0;256;798;10;1064;0,754
19/12/2022;2022;12;7;0;256;1294;12;0;1562;0;82;458;4;0;0;260;892;10;1162;0,744
19/12/2022;2022;12;8;0;256;1276;17;0;1549;0;82;444;5;0;0;259;864;14;1137;0,734
19/12/2022;2022;12;9;0;256;1351;24;0;1631;0;82;462;7;0;0;260;901;19;1179;0,723
19/12/2022;2022;12;10;0;289;1374;176;0;1838;0;88;477;63;0;0;281;930;170;1380;0,751
19/12/2022;2022;12;11;0;531;1383;85;0;1999;0;141;478;22;0;0;447;931;58;1436;0,718
19/12/2022;2022;12;12;35;548;1332;64;0;1979;21;145;442;20;0;50;461;861;54;1426;0,721
19/12/2022;2022;12;13;107;563;1378;157;0;2205;60;148;452;55;0;141;470;880;150;1641;0,744
19/12/2022;2022;12;14;219;587;749;597;0;2152;115;153;259;197;0;268;486;504;530;1788;0,831
19/12/2022;2022;12;15;214;602;302;1075;0;2193;112;157;111;303;0;262;497;215;817;1792;0,817
19/12/2022;2022;12;16;225;600;268;1205;0;2298;118;156;93;326;0;275;495;182;879;1830;0,796
19/12/2022;2022;12;17;243;598;152;1208;0;2202;126;156;54;320;0;293;493;105;864;1756;0,798
19/12/2022;2022;12;18;256;602;62;1248;0;2167;131;157;21;342;0;307;497;41;922;1767;0,815
19/12/2022;2022;12;19;256;499;114;1196;0;2065;131;136;34;355;0;307;432;66;958;1762;0,854
19/12/2022;2022;12;20;253;336;219;1136;0;1944;130;103;71;332;0;303;326;138;895;1662;0,855
19/12/2022;2022;12;21;250;542;686;523;0;2002;131;145;235;133;0;305;461;457;359;1582;0,790
19/12/2022;2022;12;22;252;448;811;557;0;2068;131;126;272;132;0;305;400;529;356;1591;0,769
19/12/2022;2022;12;23;245;261;1166;482;0;2154;126;84;389;113;0;295;266;758;305;1624;0,754
19/12/2022;2022;12;24;241;257;1144;410;0;2052;124;83;380;96;0;290;262;741;259;1552;0,756
20/12/2022;2022;12;1;240;330;910;423;0;1903;124;96;308;101;0;290;304;599;273;1466;0,770
20/12/2022;2022;12;2;225;533;566;429;0;1753;117;137;206;99;0;273;434;401;268;1376;0,785
20/12/2022;2022;12;3;239;601;442;385;0;1668;124;150;163;93;0;290;477;317;250;1334;0,800
20/12/2022;2022;12;4;248;616;460;347;0;1671;127;153;171;80;0;297;486;333;217;1334;0,798
20/12/2022;2022;12;5;248;483;511;308;0;1549;127;126;188;66;0;298;400;366;177;1240;0,800
20/12/2022;2022;12;6;245;285;817;303;0;1650;126;86;291;64;0;295;274;567;173;1309;0,793
20/12/2022;2022;12;7;243;255;646;305;0;1450;126;79;234;65;0;295;252;456;176;1178;0,813
20/12/2022;2022;12;8;243;248;784;306;0;1581;126;78;277;65;0;295;246;539;174;1254;0,793
20/12/2022;2022;12;9;244;246;885;320;0;1694;126;77;312;68;0;295;244;608;184;1331;0,786
20/12/2022;2022;12;10;246;246;1046;321;0;1859;127;77;360;69;0;296;244;701;187;1428;0,768
20/12/2022;2022;12;11;260;251;1097;323;0;1932;134;78;367;70;0;313;248;715;188;1464;0,758
20/12/2022;2022;12;12;259;433;1058;382;0;2132;134;117;364;85;0;313;372;710;228;1622;0,761
20/12/2022;2022;12;13;258;588;879;436;0;2162;132;150;288;100;0;309;477;561;270;1617;0,748
20/12/2022;2022;12;14;259;594;412;930;0;2196;134;152;150;243;0;313;481;291;656;1741;0,793
20/12/2022;2022;12;15;261;595;8;1375;0;2239;134;152;4;368;0;313;482;9;993;1797;0,802
20/12/2022;2022;12;16;262;340;0;1661;0;2263;134;100;0;442;0;313;316;0;1192;1821;0,805
20/12/2022;2022;12;17;262;325;0;1744;0;2331;134;96;0;465;0;313;306;0;1254;1873;0,804
20/12/2022;2022;12;18;265;510;0;1451;0;2226;135;135;0;382;0;316;427;0;1029;1772;0,796
20/12/2022;2022;12;19;259;598;557;718;0;2133;132;153;192;181;0;309;485;374;488;1656;0,777
20/12/2022;2022;12;20;254;592;571;596;0;2013;130;151;195;145;0;304;480;379;391;1554;0,772
20/12/2022;2022;12;21;255;594;540;626;0;2014;131;152;182;153;0;305;482;355;413;1554;0,772
20/12/2022;2022;12;22;253;593;567;686;0;2098;130;152;195;169;0;303;481;381;456;1620;0,772
20/12/2022;2022;12;23;249;588;576;655;0;2067;128;150;203;161;0;299;477;396;434;1606;0,777
20/12/2022;2022;12;24;240;589;513;659;0;2001;123;150;182;163;0;287;477;355;439;1559;0,779
21/12/2022;2022;12;1;237;599;401;693;0;1929;122;155;93;167;0;285;491;181;450;1407;0,729
21/12/2022;2022;12;2;230;598;336;703;0;1867;118;155;67;167;0;275;491;130;451;1347;0,722
21/12/2022;2022;12;3;189;543;469;542;0;1742;100;141;120;127;0;234;447;234;343;1259;0,722
21/12/2022;2022;12;4;186;518;529;426;0;1660;100;135;157;93;0;233;428;307;251;1219;0,734
21/12/2022;2022;12;5;188;258;760;419;0;1624;101;82;231;91;0;236;261;451;245;1193;0,734
21/12/2022;2022;12;6;226;254;682;415;0;1577;117;81;164;90;0;272;258;320;244;1094;0,694
21/12/2022;2022;12;7;251;256;655;417;0;1580;130;82;159;91;0;303;261;310;246;1119;0,708
21/12/2022;2022;12;8;257;377;701;454;0;1790;131;110;159;99;0;305;348;310;268;1231;0,688
21/12/2022;2022;12;9;246;536;713;483;0;1977;126;142;168;106;0;295;452;327;285;1359;0,687
21/12/2022;2022;12;10;258;575;688;497;0;2018;132;151;154;109;0;308;478;299;293;1378;0,683
21/12/2022;2022;12;11;267;620;750;514;0;2152;137;162;187;114;0;320;515;365;306;1507;0,700
21/12/2022;2022;12;12;265;642;762;581;0;2250;136;167;198;139;0;318;530;386;375;1610;0,715
21/12/2022;2022;12;13;266;667;2;1354;0;2290;136;173;3;365;0;318;548;6;984;1856;0,811
21/12/2022;2022;12;14;263;404;1;1963;0;2631;135;119;9;543;0;315;378;17;1464;2175;0,827
21/12/2022;2022;12;15;0;323;3;2393;0;2719;0;98;9;659;0;0;312;18;1778;2108;0,775
21/12/2022;2022;12;16;0;247;0;2311;0;2558;0;77;0;644;0;0;244;0;1737;1981;0,775
21/12/2022;2022;12;17;0;332;0;2131;0;2463;0;101;0;560;0;0;320;0;1509;1830;0,743
21/12/2022;2022;12;18;263;411;1;1739;0;2413;134;121;2;440;0;313;384;4;1187;1888;0,783
21/12/2022;2022;12;19;262;409;0;1578;0;2249;134;121;0;395;0;313;385;0;1065;1763;0,784
21/12/2022;2022;12;20;258;421;0;1435;0;2113;132;123;0;354;0;308;391;0;954;1653;0,782
21/12/2022;2022;12;21;261;674;58;1155;0;2148;134;175;13;280;0;313;556;24;754;1647;0,767
21/12/2022;2022;12;22;247;674;320;1107;0;2347;126;175;62;266;0;295;556;121;717;1688;0,719
21/12/2022;2022;12;23;248;672;335;949;0;2204;126;175;74;233;0;295;554;143;628;1621;0,735
21/12/2022;2022;12;24;248;661;335;869;0;2113;127;172;68;210;0;298;547;133;567;1545;0,731
22/12/2022;2022;12;1;257;661;193;932;0;2043;131;176;46;227;0;305;558;90;611;1564;0,765
22/12/2022;2022;12;2;260;572;0;1108;0;1940;133;157;0;266;0;311;497;0;717;1526;0,786
22/12/2022;2022;12;3;258;448;0;1129;0;1834;133;130;0;267;0;310;413;0;719;1443;0,786
22/12/2022;2022;12;4;258;459;0;1046;0;1764;132;133;0;241;0;309;423;0;649;1381;0,783
22/12/2022;2022;12;5;256;467;0;984;0;1707;132;135;0;228;0;307;428;0;615;1350;0,791
22/12/2022;2022;12;6;223;366;0;1127;0;1716;116;114;0;274;0;271;361;0;739;1371;0,799
22/12/2022;2022;12;7;196;364;0;1188;0;1748;105;113;0;287;0;246;358;1;775;1379;0,789
22/12/2022;2022;12;8;201;370;0;1162;0;1733;106;114;0;277;0;248;362;0;746;1356;0,782
22/12/2022;2022;12;9;186;502;0;1140;0;1828;99;141;0;272;0;232;448;0;734;1414;0,773
22/12/2022;2022;12;10;184;646;161;1031;0;2022;99;171;35;237;0;231;541;69;639;1480;0,732
22/12/2022;2022;12;11;194;661;168;1153;0;2176;103;175;43;262;0;240;554;83;707;1585;0,728
22/12/2022;2022;12;12;210;582;4;1413;0;2209;111;168;5;338;0;258;533;10;911;1712;0,775
22/12/2022;2022;12;13;0;600;0;1855;0;2455;0;172;0;461;0;0;546;0;1244;1790;0,729
22/12/2022;2022;12;14;0;400;2;2206;0;2607;0;122;5;560;0;0;387;11;1509;1907;0,732
22/12/2022;2022;12;15;0;398;0;2391;0;2789;0;122;0;617;0;0;386;0;1664;2049;0,735
22/12/2022;2022;12;16;0;399;0;2241;0;2640;0;122;0;585;0;0;386;0;1578;1964;0,744
22/12/2022;2022;12;17;0;398;2;2254;0;2653;0;122;5;589;0;0;386;9;1589;1984;0,748
22/12/2022;2022;12;18;0;398;0;2012;0;2409;0;121;0;528;0;0;385;0;1424;1809;0,751
22/12/2022;2022;12;19;0;402;0;1850;0;2252;0;123;0;454;0;0;391;0;1225;1616;0,718
22/12/2022;2022;12;20;0;595;0;1693;0;2288;0;172;0;410;0;0;545;0;1105;1650;0,721
22/12/2022;2022;12;21;0;595;0;1632;0;2227;0;172;0;390;0;0;545;0;1053;1598;0,717
22/12/2022;2022;12;22;222;583;0;1607;0;2412;115;169;0;384;0;269;536;0;1035;1840;0,763
22/12/2022;2022;12;23;206;504;1;1511;0;2222;109;150;3;363;0;253;475;5;978;1711;0,770
22/12/2022;2022;12;24;221;480;231;1223;0;2155;115;140;62;288;0;270;446;122;776;1613;0,749
23/12/2022;2022;12;1;224;488;431;1167;0;2310;118;139;103;272;0;275;440;200;733;1648;0,713
23/12/2022;2022;12;2;222;394;347;1057;0;2020;117;120;85;244;0;272;379;165;659;1476;0,731
23/12/2022;2022;12;3;220;393;306;1005;0;1924;115;119;75;234;0;270;378;147;630;1425;0,740
23/12/2022;2022;12;4;211;394;325;968;0;1898;110;119;83;223;0;257;379;162;602;1400;0,738
23/12/2022;2022;12;5;204;396;290;916;0;1806;108;120;72;207;0;252;381;140;559;1331;0,737
23/12/2022;2022;12;6;212;395;269;911;0;1788;112;120;65;205;0;262;380;127;552;1321;0,739
23/12/2022;2022;12;7;214;394;275;897;0;1780;112;119;69;203;0;262;379;134;548;1323;0,743
23/12/2022;2022;12;8;215;390;272;903;0;1780;113;119;68;204;0;265;378;132;550;1326;0,745
23/12/2022;2022;12;9;217;368;353;884;0;1823;113;111;83;202;0;265;353;162;546;1325;0,727
23/12/2022;2022;12;10;219;452;369;898;0;1938;114;128;90;200;0;267;407;175;540;1388;0,716
23/12/2022;2022;12;11;207;620;327;870;0;2024;109;163;78;197;0;255;516;153;531;1455;0,719
23/12/2022;2022;12;12;230;619;347;914;0;2109;121;162;87;209;0;282;515;169;564;1530;0,725
23/12/2022;2022;12;13;246;629;354;985;0;2214;127;164;100;230;0;297;522;194;621;1634;0,738
23/12/2022;2022;12;14;252;512;355;1130;0;2250;131;140;93;269;0;305;445;180;724;1655;0,736
23/12/2022;2022;12;15;251;373;356;1184;0;2164;130;112;91;280;0;302;354;178;755;1589;0,735
23/12/2022;2022;12;16;258;376;389;1096;0;2119;133;112;99;259;0;310;357;193;698;1558;0,735
23/12/2022;2022;12;17;255;377;448;961;0;2041;132;113;122;226;0;307;358;237;609;1511;0,740
23/12/2022;2022;12;18;260;373;397;916;0;1946;133;112;104;217;0;310;355;203;586;1454;0,747
23/12/2022;2022;12;19;267;360;426;835;0;1888;137;109;119;196;0;320;347;232;530;1428;0,756
23/12/2022;2022;12;20;265;359;403;791;0;1819;136;109;106;182;0;318;346;206;491;1361;0,748
23/12/2022;2022;12;21;266;493;459;748;0;1965;136;137;116;172;0;318;433;226;463;1440;0,733
23/12/2022;2022;12;22;267;592;404;701;0;1964;137;157;101;163;0;320;497;196;440;1453;0,740
23/12/2022;2022;12;23;267;589;394;648;0;1897;137;156;102;149;0;320;494;200;403;1416;0,747
23/12/2022;2022;12;24;269;542;416;639;0;1866;138;142;104;144;0;323;451;202;388;1364;0,731
24/12/2022;2022;12;1;266;212;623;685;0;1786;136;77;183;137;0;317;243;356;370;1285;0,720
24/12/2022;2022;12;2;267;85;1102;242;0;1696;137;23;361;69;0;319;74;703;186;1281;0,756
24/12/2022;2022;12;3;268;86;1241;23;0;1618;137;23;376;7;0;319;74;733;18;1144;0,707
24/12/2022;2022;12;4;265;86;1319;22;0;1692;136;24;419;6;0;317;75;815;17;1224;0,723
24/12/2022;2022;12;5;257;85;1129;22;0;1493;131;23;387;6;0;307;74;754;17;1152;0,771
24/12/2022;2022;12;6;258;85;1120;22;0;1485;132;23;368;6;0;309;74;716;17;1116;0,752
24/12/2022;2022;12;7;268;85;1046;17;0;1415;138;23;363;5;0;322;74;708;13;1117;0,789
24/12/2022;2022;12;8;262;86;1049;16;0;1413;135;24;363;5;0;314;75;707;13;1108;0,784
24/12/2022;2022;12;9;263;85;1042;16;0;1407;135;23;361;5;0;314;74;703;13;1104;0,785
24/12/2022;2022;12;10;258;0;1169;16;0;1443;132;0;396;5;0;309;0;772;13;1094;0,758
24/12/2022;2022;12;11;250;0;1232;13;0;1495;128;0;413;4;0;299;0;804;10;1113;0,745
24/12/2022;2022;12;12;221;0;1329;6;0;1555;115;0;409;2;0;269;0;796;5;1069;0,688
24/12/2022;2022;12;13;226;0;1224;16;0;1466;117;0;387;5;0;274;0;753;12;1039;0,709
24/12/2022;2022;12;14;222;0;1384;34;0;1639;115;0;425;9;0;269;0;828;25;1122;0,684
24/12/2022;2022;12;15;223;0;1222;45;0;1490;116;0;385;12;0;271;0;750;33;1055;0,708
24/12/2022;2022;12;16;223;0;1184;48;0;1455;116;0;379;13;0;271;0;738;35;1045;0,718
24/12/2022;2022;12;17;223;0;1187;37;0;1448;116;0;380;10;0;271;0;740;27;1038;0,717
24/12/2022;2022;12;18;212;0;1185;34;0;1432;111;0;379;9;0;259;0;739;25;1023;0,714
24/12/2022;2022;12;19;214;0;1186;35;0;1434;112;0;378;9;0;261;0;737;26;1023;0,714
24/12/2022;2022;12;20;213;0;1214;34;0;1462;112;0;390;9;0;261;0;760;25;1047;0,716
24/12/2022;2022;12;21;215;0;1278;34;0;1527;113;0;409;9;0;264;0;796;25;1085;0,711
24/12/2022;2022;12;22;216;0;1293;30;0;1539;113;0;425;8;0;264;0;828;22;1114;0,724
24/12/2022;2022;12;23;215;0;1139;20;0;1374;113;0;406;6;0;264;0;791;15;1070;0,779
24/12/2022;2022;12;24;218;0;1069;7;0;1293;114;0;344;2;0;266;0;670;6;942;0,728
25/12/2022;2022;12;1;222;0;1040;6;0;1267;116;0;328;3;0;270;0;638;7;915;0,722
25/12/2022;2022;12;2;225;0;1001;5;0;1231;118;0;323;2;0;275;0;629;6;910;0,739
25/12/2022;2022;12;3;226;0;991;4;0;1221;118;0;318;1;0;275;0;619;3;898;0,735
25/12/2022;2022;12;4;224;0;944;4;0;1172;117;0;308;1;0;273;0;601;3;876;0,748
25/12/2022;2022;12;5;220;0;945;4;0;1169;115;0;308;1;0;268;0;601;3;871;0,745
25/12/2022;2022;12;6;215;0;940;4;0;1159;112;0;307;1;0;263;0;598;3;864;0,746
25/12/2022;2022;12;7;214;0;944;4;0;1162;111;0;307;1;0;260;0;598;3;861;0,741
25/12/2022;2022;12;8;213;0;942;4;0;1159;111;0;307;1;0;260;0;597;3;861;0,742
25/12/2022;2022;12;9;218;0;930;4;0;1152;113;0;302;1;0;265;0;588;3;856;0,743
25/12/2022;2022;12;10;222;0;923;4;0;1149;116;0;299;1;0;270;0;582;3;856;0,745
25/12/2022;2022;12;11;223;0;935;4;0;1162;116;0;304;1;0;270;0;593;3;866;0,745
25/12/2022;2022;12;12;227;0;945;4;0;1176;118;0;316;1;0;275;0;616;3;895;0,761
25/12/2022;2022;12;13;226;0;947;4;0;1176;117;0;316;1;0;273;0;616;3;891;0,758
25/12/2022;2022;12;14;226;0;1002;4;0;1232;117;0;324;1;0;273;0;631;3;907;0,737
25/12/2022;2022;12;15;193;0;1035;5;0;1233;103;0;324;2;0;240;0;631;5;875;0,710
25/12/2022;2022;12;16;168;0;1042;13;0;1224;90;0;326;4;0;211;0;634;10;855;0,699
25/12/2022;2022;12;17;168;0;1039;13;0;1220;91;0;325;4;0;212;0;632;10;854;0,700
25/12/2022;2022;12;18;168;0;1085;6;0;1259;91;0;341;2;0;212;0;664;4;880;0,699
25/12/2022;2022;12;19;171;0;1085;5;0;1261;93;0;341;1;0;217;0;664;4;885;0,702
25/12/2022;2022;12;20;175;0;1066;5;0;1247;94;0;337;2;0;218;0;656;4;878;0,705
25/12/2022;2022;12;21;177;0;1233;5;0;1415;95;0;365;1;0;222;0;712;3;937;0,662
25/12/2022;2022;12;22;177;0;1327;5;0;1508;95;0;394;1;0;222;0;767;4;993;0,658
25/12/2022;2022;12;23;178;0;1295;5;0;1478;95;0;381;1;0;221;0;743;4;968;0,655
25/12/2022;2022;12;24;174;0;1211;5;0;1390;94;0;362;1;0;220;0;705;4;929;0,668
26/12/2022;2022;12;1;176;0;1288;5;0;1468;94;0;383;1;0;219;0;746;4;968;0,659
26/12/2022;2022;12;2;174;0;1244;4;0;1422;93;0;380;1;0;217;0;740;3;960;0,675
26/12/2022;2022;12;3;174;0;1156;4;0;1334;93;0;369;1;0;216;0;719;3;939;0,704
26/12/2022;2022;12;4;174;0;1164;4;0;1343;93;0;375;1;0;217;0;730;3;950;0,708
26/12/2022;2022;12;5;172;0;1186;9;0;1367;92;0;397;3;0;214;0;773;7;994;0,727
26/12/2022;2022;12;6;162;0;1117;13;0;1291;89;0;373;4;0;207;0;727;10;944;0,731
26/12/2022;2022;12;7;170;0;1075;19;0;1264;91;0;300;5;0;213;0;584;14;811;0,642
26/12/2022;2022;12;8;180;0;1158;22;0;1360;96;0;267;6;0;224;0;519;16;759;0,558
26/12/2022;2022;12;9;180;0;1259;14;0;1454;96;0;291;4;0;224;0;567;10;801;0,551
26/12/2022;2022;12;10;186;0;1394;6;0;1587;99;0;310;2;0;230;0;604;5;839;0,529
26/12/2022;2022;12;11;176;0;1545;12;0;1732;94;0;352;3;0;220;0;685;9;914;0,527
26/12/2022;2022;12;12;183;0;1555;16;0;1754;98;0;349;4;0;228;0;681;12;920;0,525
26/12/2022;2022;12;13;183;0;1559;27;0;1769;97;0;348;7;0;228;0;678;20;925;0,523
26/12/2022;2022;12;14;183;0;1553;39;0;1775;97;0;343;11;0;228;0;669;29;926;0,522
26/12/2022;2022;12;15;187;0;1551;59;0;1798;99;0;344;16;0;232;0;670;43;945;0,526
26/12/2022;2022;12;16;187;0;1553;68;0;1808;99;0;346;19;0;232;0;674;50;956;0,529
26/12/2022;2022;12;17;185;0;1557;59;0;1802;98;0;349;16;0;230;0;680;44;954;0,529
26/12/2022;2022;12;18;187;0;1559;44;0;1790;99;0;345;12;0;232;0;672;31;935;0,523
26/12/2022;2022;12;19;219;0;1514;43;0;1776;115;0;320;12;0;268;0;623;31;922;0,519
26/12/2022;2022;12;20;243;0;1513;45;0;1802;126;0;319;12;0;294;0;622;33;949;0,527
26/12/2022;2022;12;21;261;13;1527;49;0;1850;134;3;322;13;0;313;10;627;35;985;0,533
26/12/2022;2022;12;22;265;57;1533;60;0;1915;136;14;323;16;0;317;45;630;44;1037;0,541
26/12/2022;2022;12;23;258;0;1510;45;0;1813;132;0;344;12;0;309;0;670;33;1012;0,558
26/12/2022;2022;12;24;258;0;1404;39;0;1701;133;0;308;10;0;310;0;601;28;939;0,552
27/12/2022;2022;12;1;266;0;1328;32;0;1626;136;0;289;9;0;318;0;563;24;905;0,556
27/12/2022;2022;12;2;269;0;1255;5;0;1530;138;0;260;2;0;322;0;506;4;831;0,543
27/12/2022;2022;12;3;268;0;1180;5;0;1453;137;0;252;1;0;320;0;492;4;816;0,562
27/12/2022;2022;12;4;266;0;1181;5;0;1452;136;0;240;1;0;318;0;467;4;789;0,543
27/12/2022;2022;12;5;266;0;1209;4;0;1480;136;0;247;1;0;318;0;482;4;803;0,543
27/12/2022;2022;12;6;261;0;1183;4;0;1448;134;0;237;1;0;312;0;462;4;778;0,537
27/12/2022;2022;12;7;261;0;1139;4;0;1405;134;0;246;1;0;313;0;479;4;795;0,566
27/12/2022;2022;12;8;266;0;1154;4;0;1424;136;0;246;1;0;317;0;479;4;800;0,562
27/12/2022;2022;12;9;264;0;1269;11;0;1544;135;0;279;3;0;315;0;544;8;868;0,562
27/12/2022;2022;12;10;263;0;1398;17;0;1678;135;0;321;5;0;315;0;626;13;954;0,568
27/12/2022;2022;12;11;264;0;1497;26;0;1787;135;0;360;7;0;316;0;701;19;1037;0,580
27/12/2022;2022;12;12;264;0;1514;37;0;1815;135;0;363;10;0;315;0;706;27;1049;0,578
27/12/2022;2022;12;13;265;0;1574;58;0;1897;136;0;380;16;0;317;0;741;43;1101;0,580
27/12/2022;2022;12;14;266;0;1656;65;0;1987;136;0;403;18;0;317;0;786;48;1151;0,579
27/12/2022;2022;12;15;266;0;1637;89;0;1991;136;0;392;24;0;318;0;764;64;1145;0,575
27/12/2022;2022;12;16;263;0;1655;101;0;2018;135;0;399;27;0;314;0;778;72;1164;0,577
27/12/2022;2022;12;17;263;0;1711;92;0;2066;135;0;417;25;0;314;0;813;66;1194;0,578
27/12/2022;2022;12;18;261;0;1695;93;0;2049;134;0;410;25;0;313;0;798;67;1178;0,575
27/12/2022;2022;12;19;259;0;1509;103;0;1872;133;0;357;28;0;310;0;696;74;1081;0,578
27/12/2022;2022;12;20;261;0;1441;117;0;1818;134;0;337;31;0;312;0;657;85;1054;0,580
27/12/2022;2022;12;21;258;0;1512;125;0;1895;132;0;354;35;0;309;0;690;93;1093;0,576
27/12/2022;2022;12;22;256;0;1612;76;0;1944;131;0;386;20;0;307;0;752;55;1114;0,573
27/12/2022;2022;12;23;254;0;1585;53;0;1892;131;0;385;14;0;306;0;750;38;1094;0,578
27/12/2022;2022;12;24;268;0;1491;17;0;1777;137;0;359;5;0;321;0;700;13;1034;0,582
28/12/2022;2022;12;1;267;0;1516;12;0;1794;136;0;387;3;0;319;0;754;9;1081;0,603
28/12/2022;2022;12;2;269;0;1315;12;0;1596;138;0;333;3;0;321;0;648;9;978;0,613
28/12/2022;2022;12;3;264;0;1328;12;0;1604;135;0;370;3;0;316;0;721;9;1046;0,652
28/12/2022;2022;12;4;263;0;1343;12;0;1617;135;0;379;3;0;314;0;737;9;1061;0,656
28/12/2022;2022;12;5;263;0;1268;12;0;1543;135;0;354;3;0;315;0;691;9;1015;0,658
28/12/2022;2022;12;6;265;0;1283;21;0;1568;135;0;358;6;0;316;0;697;15;1028;0,656
28/12/2022;2022;12;7;263;0;1280;35;0;1578;135;0;356;9;0;315;0;693;26;1034;0,655
28/12/2022;2022;12;8;264;0;1289;46;0;1598;135;0;360;12;0;315;0;701;33;1049;0,656
28/12/2022;2022;12;9;262;0;1369;47;0;1678;134;0;391;13;0;314;0;762;34;1109;0,661
28/12/2022;2022;12;10;269;0;1393;45;0;1707;138;0;363;12;0;322;0;707;32;1061;0,621
28/12/2022;2022;12;11;265;0;1494;38;0;1798;136;0;386;10;0;317;0;752;27;1097;0,610
28/12/2022;2022;12;12;271;0;1556;39;0;1866;139;0;389;10;0;324;0;758;28;1109;0,594
28/12/2022;2022;12;13;268;0;1597;51;0;1916;137;0;412;13;0;321;0;802;36;1159;0,605
28/12/2022;2022;12;14;267;0;1674;58;0;1999;137;0;430;15;0;319;0;838;41;1198;0,599
28/12/2022;2022;12;15;266;0;1796;56;0;2118;136;0;466;15;0;318;0;907;40;1265;0,597
28/12/2022;2022;12;16;266;0;1727;72;0;2065;136;0;442;19;0;318;0;861;52;1231;0,596
28/12/2022;2022;12;17;268;0;1729;83;0;2080;137;0;443;22;0;320;0;864;60;1243;0,597
28/12/2022;2022;12;18;259;0;1836;82;0;2177;133;0;473;22;0;310;0;921;58;1290;0,592
28/12/2022;2022;12;19;263;0;1571;77;0;1911;135;0;404;20;0;315;0;787;55;1156;0,605
28/12/2022;2022;12;20;264;0;1495;77;0;1836;135;0;381;20;0;316;0;742;55;1113;0,606
28/12/2022;2022;12;21;262;0;1519;78;0;1859;134;0;371;21;0;313;0;723;56;1092;0,588
28/12/2022;2022;12;22;265;0;1548;104;0;1917;135;0;387;28;0;316;0;753;76;1145;0,598
28/12/2022;2022;12;23;258;0;1512;78;0;1848;132;0;380;22;0;309;0;741;58;1108;0,599
28/12/2022;2022;12;24;249;0;1612;21;0;1882;128;0;424;6;0;299;0;827;16;1142;0,607
29/12/2022;2022;12;1;249;0;1410;20;0;1679;128;0;283;6;0;299;0;551;16;866;0,515
29/12/2022;2022;12;2;251;0;1412;11;0;1673;129;0;286;3;0;301;0;558;9;867;0,518
29/12/2022;2022;12;3;250;0;1379;11;0;1639;129;0;271;3;0;300;0;528;8;837;0,510
29/12/2022;2022;12;4;248;0;1260;9;0;1517;127;0;271;3;0;298;0;529;7;834;0,550
29/12/2022;2022;12;5;248;0;1227;8;0;1484;128;0;284;2;0;298;0;554;6;858;0,579
29/12/2022;2022;12;6;251;0;1266;8;0;1525;129;0;302;2;0;301;0;588;6;895;0,587
29/12/2022;2022;12;7;253;0;1179;8;0;1440;130;0;272;2;0;304;0;530;6;840;0,583
29/12/2022;2022;12;8;256;0;1262;8;0;1526;131;0;301;2;0;306;0;586;6;899;0,589
29/12/2022;2022;12;9;256;0;1369;12;0;1637;131;0;338;3;0;307;0;658;9;974;0,595
29/12/2022;2022;12;10;261;0;1361;30;0;1652;134;0;329;8;0;312;0;641;22;975;0,590
29/12/2022;2022;12;11;266;0;1433;40;0;1740;136;0;350;11;0;317;0;682;30;1029;0,592
29/12/2022;2022;12;12;263;0;1503;55;0;1822;135;0;341;19;0;314;0;664;51;1029;0,565
29/12/2022;2022;12;13;262;0;1591;60;0;1913;134;0;356;16;0;313;0;693;44;1051;0,549
29/12/2022;2022;12;14;257;0;1648;66;0;1971;132;0;376;18;0;308;0;732;48;1087;0,552
29/12/2022;2022;12;15;259;0;1679;118;0;2056;133;0;380;32;0;310;0;740;86;1137;0,553
29/12/2022;2022;12;16;261;0;1680;135;0;2076;134;0;376;37;0;312;0;732;99;1143;0,550
29/12/2022;2022;12;17;258;0;1738;147;0;2143;132;0;385;40;0;309;0;750;107;1166;0,544
29/12/2022;2022;12;18;253;0;1716;141;0;2111;130;0;385;37;0;303;0;750;101;1155;0,547
29/12/2022;2022;12;19;252;0;1633;125;0;2010;129;0;382;33;0;302;0;744;90;1136;0,565
29/12/2022;2022;12;20;254;0;1535;114;0;1903;130;0;376;31;0;304;0;732;82;1119;0,588
29/12/2022;2022;12;21;254;0;1583;105;0;1942;130;0;376;28;0;304;0;732;76;1111;0,572
29/12/2022;2022;12;22;255;0;1650;89;0;1994;131;0;402;24;0;306;0;782;64;1152;0,578
29/12/2022;2022;12;23;251;0;1620;79;0;1950;129;0;393;21;0;301;0;767;57;1125;0,577
29/12/2022;2022;12;24;248;0;1610;42;0;1899;127;0;376;11;0;297;0;732;30;1060;0,558
30/12/2022;2022;12;1;243;0;1539;15;0;1797;125;0;365;4;0;293;0;711;11;1015;0,565
30/12/2022;2022;12;2;246;0;1440;10;0;1696;126;0;340;3;0;295;0;663;8;966;0,570
30/12/2022;2022;12;3;245;0;1359;16;0;1620;126;0;305;5;0;294;0;593;12;899;0,555
30/12/2022;2022;12;4;250;0;1297;16;0;1563;130;0;294;4;0;304;0;573;12;889;0,569
30/12/2022;2022;12;5;250;0;1255;15;0;1520;130;0;282;4;0;304;0;550;12;866;0,570
30/12/2022;2022;12;6;249;0;1218;11;0;1479;130;0;267;3;0;304;0;520;9;832;0,563
30/12/2022;2022;12;7;250;0;1222;8;0;1480;130;0;267;2;0;304;0;520;6;830;0,561
30/12/2022;2022;12;8;256;0;1295;9;0;1560;130;0;293;3;0;304;0;571;7;882;0,565
30/12/2022;2022;12;9;259;0;1360;13;0;1633;131;0;325;4;0;306;0;634;10;950;0,582
30/12/2022;2022;12;10;260;0;1504;32;0;1796;131;0;367;9;0;306;0;715;24;1045;0,582
30/12/2022;2022;12;11;263;0;1550;48;0;1861;135;0;359;13;0;315;0;699;35;1049;0,563
30/12/2022;2022;12;12;267;54;1612;77;0;2009;137;12;381;21;0;319;38;743;56;1156;0,575
30/12/2022;2022;12;13;268;170;1608;131;0;2177;137;34;393;36;0;320;109;766;96;1292;0,593
30/12/2022;2022;12;14;265;168;1585;254;0;2271;136;34;393;73;0;317;108;766;197;1388;0,611
30/12/2022;2022;12;15;265;167;1655;502;0;2589;136;34;381;141;0;317;108;742;381;1549;0,598
30/12/2022;2022;12;16;268;167;1343;613;0;2391;137;34;316;168;0;320;108;615;453;1496;0,626
30/12/2022;2022;12;17;269;163;1192;793;0;2416;138;33;243;217;0;321;105;473;586;1486;0,615
30/12/2022;2022;12;18;253;168;1188;771;0;2381;131;34;242;216;0;306;109;471;582;1468;0,617
30/12/2022;2022;12;19;253;168;1300;500;0;2220;131;34;293;139;0;306;109;571;374;1360;0,613
30/12/2022;2022;12;20;252;168;1257;448;0;2124;131;34;277;124;0;306;108;539;336;1289;0,607
30/12/2022;2022;12;21;252;158;1313;431;0;2155;131;32;297;120;0;306;103;579;322;1310;0,608
30/12/2022;2022;12;22;250;154;1218;581;0;2202;128;31;247;160;0;300;100;482;433;1314;0,597
30/12/2022;2022;12;23;247;154;1367;403;0;2171;127;31;306;113;0;297;99;595;305;1297;0,597
30/12/2022;2022;12;24;247;154;1629;286;0;2316;127;31;354;81;0;297;99;689;220;1305;0,564
31/12/2022;2022;12;1;255;154;1671;76;0;2156;131;31;434;23;0;306;99;845;61;1311;0,608
31/12/2022;2022;12;2;256;154;1697;60;0;2167;131;31;432;17;0;307;99;842;45;1294;0,597
31/12/2022;2022;12;3;254;154;1406;39;0;1854;131;31;327;11;0;305;99;637;30;1071;0,578
31/12/2022;2022;12;4;256;154;1319;24;0;1754;132;31;310;7;0;307;99;603;19;1028;0,586
31/12/2022;2022;12;5;256;154;1268;24;0;1703;131;31;304;7;0;307;99;593;18;1017;0,597
31/12/2022;2022;12;6;259;110;1177;64;0;1610;134;24;286;17;0;314;76;556;45;991;0,615
31/12/2022;2022;12;7;264;0;1149;102;0;1515;134;0;318;26;0;314;0;619;71;1003;0,662
31/12/2022;2022;12;8;263;0;1229;19;0;1510;134;0;339;5;0;314;0;661;15;990;0,655
31/12/2022;2022;12;9;264;0;1286;14;0;1564;134;0;350;4;0;314;0;682;11;1007;0,644
31/12/2022;2022;12;10;263;0;1369;16;0;1648;134;0;349;5;0;314;1;679;12;1006;0,611
31/12/2022;2022;12;11;269;165;1294;36;0;1764;138;35;327;10;0;321;110;637;27;1094;0,620
31/12/2022;2022;12;12;271;195;1303;41;0;1809;139;41;331;11;0;323;129;645;31;1128;0,623
31/12/2022;2022;12;13;267;108;1449;104;0;1928;134;22;377;29;0;314;70;734;77;1195;0,620
31/12/2022;2022;12;14;264;152;1231;400;0;2047;134;31;308;120;0;314;99;601;324;1338;0,654
31/12/2022;2022;12;15;261;153;1037;720;0;2170;134;31;233;206;0;314;100;454;555;1423;0,656
31/12/2022;2022;12;16;255;153;1035;884;0;2326;131;31;234;260;0;306;100;456;702;1563;0,672
31/12/2022;2022;12;17;255;153;683;969;0;2061;131;31;150;282;0;306;100;292;761;1458;0,708
31/12/2022;2022;12;18;252;154;659;898;0;1963;130;31;137;262;0;302;100;267;707;1376;0,701
31/12/2022;2022;12;19;257;153;649;846;0;1906;132;31;131;248;0;308;100;255;670;1332;0,699
31/12/2022;2022;12;20;260;153;1029;561;0;2003;135;31;237;174;0;316;100;462;468;1346;0,672
31/12/2022;2022;12;21;259;154;1049;371;0;1833;134;31;241;107;0;314;100;470;288;1172;0,639
31/12/2022;2022;12;22;259;146;1043;458;0;1906;134;30;232;129;0;314;94;452;348;1209;0,634
31/12/2022;2022;12;23;265;0;1046;369;0;1680;134;0;247;103;0;313;0;481;277;1072;0,638
31/12/2022;2022;12;24;199;0;1331;66;0;1596;136;0;349;24;0;318;0;680;64;1062;0,665
